# Blender 4.2.3 LTS
# www.blender.org
o AM-01_07_NoPattern-Base
v 0.038396 0.025164 -0.006820
v 0.038396 0.040168 -0.003653
v 0.038396 0.040168 -0.005697
v 0.038396 0.003957 -0.001612
v 0.038396 0.011106 -0.001612
v 0.038396 0.005799 -0.002732
v 0.038396 0.012150 -0.011612
v 0.038396 0.002467 -0.011612
v 0.038396 0.020322 -0.007842
v 0.038396 0.041688 -0.011332
v 0.038396 0.041746 -0.011320
v 0.038396 0.046023 -0.011612
v 0.038396 0.041746 -0.010321
v 0.038396 0.047860 -0.011612
v 0.038396 0.025164 -0.008865
v 0.038396 0.030005 -0.007842
v 0.038396 0.038177 -0.011612
v 0.038396 0.040168 -0.009988
v 0.038396 0.039225 -0.011612
v 0.038396 0.040168 -0.011320
v 0.038396 0.040227 -0.011332
v 0.038396 0.040605 -0.011392
v 0.038396 0.040957 -0.011410
v 0.038396 0.041310 -0.011392
v 0.038396 0.003957 -0.004388
v 0.038396 -0.037310 -0.011612
v 0.038396 -0.038254 -0.011320
v 0.038396 -0.038254 -0.009988
v 0.038396 -0.038312 -0.011332
v 0.038396 -0.038254 -0.005697
v 0.038396 -0.038254 -0.003653
v 0.038396 -0.028090 -0.007842
v 0.038396 -0.023249 -0.006820
v 0.038396 -0.023249 -0.008865
v 0.038396 -0.018408 -0.007842
v 0.038396 -0.010235 -0.011612
v 0.038396 -0.000553 -0.011612
v 0.038396 -0.045945 -0.011612
v 0.038396 -0.039832 -0.010321
v 0.038396 -0.044109 -0.011612
v 0.038396 -0.039832 -0.011320
v 0.038396 -0.039773 -0.011332
v 0.038396 -0.039395 -0.011392
v 0.038396 -0.039043 -0.011410
v 0.038396 -0.038690 -0.011392
v 0.038396 -0.009191 -0.001612
v 0.038396 -0.002043 -0.001612
v 0.038396 -0.003884 -0.002732
v 0.038396 -0.002043 -0.004388
v 0.038396 -0.036263 -0.011612
v -0.037604 -0.023249 -0.006820
v -0.037604 -0.038254 -0.003653
v -0.037604 -0.038254 -0.005697
v -0.037604 -0.002043 -0.001612
v -0.037604 -0.009191 -0.001612
v -0.037604 -0.003884 -0.002732
v -0.037604 -0.010235 -0.011612
v -0.037604 -0.000553 -0.011612
v -0.037604 -0.018408 -0.007842
v -0.037604 -0.039773 -0.011332
v -0.037604 -0.039832 -0.011320
v -0.037604 -0.044109 -0.011612
v -0.037604 -0.039832 -0.010321
v -0.037604 -0.045945 -0.011612
v -0.037604 -0.028090 -0.007842
v -0.037604 -0.002043 -0.004388
v -0.037604 -0.023249 -0.008865
v -0.037604 -0.036263 -0.011612
v -0.037604 -0.038254 -0.009988
v -0.037604 -0.037310 -0.011612
v -0.037604 -0.038254 -0.011320
v -0.037604 -0.038312 -0.011332
v -0.037604 -0.038690 -0.011392
v -0.037604 -0.039043 -0.011410
v -0.037604 -0.039395 -0.011392
v -0.037604 0.039225 -0.011612
v -0.037604 0.040168 -0.011320
v -0.037604 0.040168 -0.009988
v -0.037604 0.040227 -0.011332
v -0.037604 0.040168 -0.005697
v -0.037604 0.040168 -0.003653
v -0.037604 0.030005 -0.007842
v -0.037604 0.025164 -0.006820
v -0.037604 0.025164 -0.008865
v -0.037604 0.020322 -0.007842
v -0.037604 0.012150 -0.011612
v -0.037604 0.002467 -0.011612
v -0.037604 0.047860 -0.011612
v -0.037604 0.041746 -0.010321
v -0.037604 0.046023 -0.011612
v -0.037604 0.041746 -0.011320
v -0.037604 0.041688 -0.011332
v -0.037604 0.041310 -0.011392
v -0.037604 0.040957 -0.011410
v -0.037604 0.040605 -0.011392
v -0.037604 0.011106 -0.001612
v -0.037604 0.003957 -0.001612
v -0.037604 0.005799 -0.002732
v -0.037604 0.003957 -0.004388
v -0.037604 0.038177 -0.011612
v -0.037604 -0.039832 -0.005364
v -0.037604 -0.039832 -0.003320
v -0.037604 -0.046845 -0.003883
v -0.037604 -0.046845 -0.001839
v 0.038396 0.041746 -0.005364
v 0.038396 0.041746 -0.003320
v 0.038396 0.048166 -0.004008
v 0.038396 0.048166 -0.001964
v -0.015604 -0.009191 -0.001612
v -0.015604 -0.002043 -0.001612
v -0.019604 -0.002043 -0.001612
v 0.028396 -0.002043 -0.001612
v 0.016396 -0.002043 -0.001612
v 0.028396 -0.009191 -0.001612
v 0.016396 -0.009191 -0.001612
v 0.047831 0.003957 -0.001612
v 0.047708 0.020957 -0.001612
v 0.028396 0.011106 -0.001612
v 0.015618 0.000491 -0.001612
v 0.015618 0.001423 -0.001612
v 0.006396 0.000491 -0.001612
v 0.006396 0.001423 -0.001612
v -0.019604 -0.046715 -0.001612
v -0.002604 -0.046592 -0.001612
v -0.002604 -0.014175 -0.001612
v 0.042440 -0.039787 -0.001612
v 0.048194 -0.046224 -0.001612
v 0.042538 -0.039420 -0.001612
v 0.042571 -0.039043 -0.001612
v 0.042280 -0.040130 -0.001612
v 0.042062 -0.040441 -0.001612
v 0.041794 -0.040709 -0.001612
v 0.042062 -0.037645 -0.001612
v 0.042280 -0.037955 -0.001612
v 0.047874 -0.002043 -0.001612
v 0.042440 -0.038299 -0.001612
v 0.042538 -0.038665 -0.001612
v 0.041484 -0.040926 -0.001612
v 0.041140 -0.041086 -0.001612
v 0.040774 -0.041185 -0.001612
v 0.038513 -0.040130 -0.001612
v 0.038353 -0.039787 -0.001612
v 0.003396 -0.046549 -0.001612
v 0.038254 -0.039420 -0.001612
v 0.038221 -0.039043 -0.001612
v -0.019604 0.003957 -0.001612
v -0.015604 0.003957 -0.001612
v -0.019604 0.020957 -0.001612
v -0.015604 0.011106 -0.001612
v -0.005604 0.011106 -0.001612
v 0.038353 -0.038299 -0.001612
v 0.038513 -0.037955 -0.001612
v 0.038730 -0.037645 -0.001612
v 0.038998 -0.037377 -0.001612
v 0.039309 -0.037159 -0.001612
v 0.039652 -0.036999 -0.001612
v 0.041140 -0.036999 -0.001612
v 0.041484 -0.037159 -0.001612
v 0.041794 -0.037377 -0.001612
v 0.040019 -0.036901 -0.001612
v 0.040396 -0.036868 -0.001612
v 0.002063 0.002355 -0.001612
v 0.002280 0.002045 -0.001612
v 0.002440 0.001701 -0.001612
v 0.002538 0.001335 -0.001612
v 0.002571 0.000957 -0.001612
v 0.003396 -0.014175 -0.001612
v 0.000774 -0.001185 -0.001612
v 0.040396 -0.041218 -0.001612
v 0.040019 -0.041185 -0.001612
v 0.039652 -0.041086 -0.001612
v 0.039309 -0.040926 -0.001612
v 0.038998 -0.040709 -0.001612
v 0.038730 -0.040441 -0.001612
v 0.006396 -0.009191 -0.001612
v 0.038254 -0.038665 -0.001612
v 0.006396 0.011106 -0.001612
v 0.016396 0.011106 -0.001612
v 0.003396 0.020957 -0.001612
v 0.040774 -0.036901 -0.001612
v 0.002063 -0.000441 -0.001612
v 0.001794 -0.000709 -0.001612
v 0.001484 -0.000926 -0.001612
v 0.001140 -0.001086 -0.001612
v 0.000019 0.003099 -0.001612
v 0.000396 0.003132 -0.001612
v 0.003396 0.016090 -0.001612
v 0.000774 0.003099 -0.001612
v 0.001140 0.003001 -0.001612
v 0.000396 -0.001218 -0.001612
v 0.000019 -0.001185 -0.001612
v -0.000348 -0.001086 -0.001612
v 0.002538 0.000580 -0.001612
v 0.002440 0.000213 -0.001612
v 0.002280 -0.000130 -0.001612
v 0.001484 0.002841 -0.001612
v 0.001794 0.002623 -0.001612
v -0.000691 -0.000926 -0.001612
v -0.001002 -0.000709 -0.001612
v -0.005604 0.001423 -0.001612
v -0.001270 -0.000441 -0.001612
v -0.001487 -0.000130 -0.001612
v -0.001647 0.000213 -0.001612
v -0.001746 0.000580 -0.001612
v -0.001779 0.000957 -0.001612
v -0.005604 -0.009191 -0.001612
v -0.005604 0.000491 -0.001612
v -0.014725 0.000491 -0.001612
v -0.014725 0.001423 -0.001612
v -0.001270 0.002355 -0.001612
v -0.001002 0.002623 -0.001612
v -0.000691 0.002841 -0.001612
v -0.000348 0.003001 -0.001612
v -0.001746 0.001335 -0.001612
v -0.001647 0.001701 -0.001612
v -0.001487 0.002045 -0.001612
v -0.027604 -0.002043 -0.001612
v -0.027604 -0.009191 -0.001612
v -0.037462 -0.038665 -0.001612
v -0.037429 -0.039043 -0.001612
v -0.047127 -0.002043 -0.001612
v -0.047471 -0.046917 -0.001612
v -0.037462 -0.039420 -0.001612
v -0.037560 -0.039787 -0.001612
v -0.037720 -0.040130 -0.001612
v -0.041270 -0.037645 -0.001612
v -0.041002 -0.037377 -0.001612
v -0.038516 -0.037159 -0.001612
v -0.038206 -0.037377 -0.001612
v -0.037937 -0.037645 -0.001612
v -0.037720 -0.037955 -0.001612
v -0.037560 -0.038299 -0.001612
v -0.037937 -0.040441 -0.001612
v -0.038206 -0.040709 -0.001612
v -0.038516 -0.040926 -0.001612
v -0.039981 -0.041185 -0.001612
v -0.040348 -0.041086 -0.001612
v -0.040691 -0.040926 -0.001612
v -0.038860 -0.041086 -0.001612
v -0.039226 -0.041185 -0.001612
v -0.039604 -0.041218 -0.001612
v -0.041002 -0.040709 -0.001612
v -0.041270 -0.040441 -0.001612
v -0.041487 -0.040130 -0.001612
v -0.041647 -0.039787 -0.001612
v -0.041746 -0.039420 -0.001612
v -0.041779 -0.039043 -0.001612
v -0.040691 -0.037159 -0.001612
v -0.040348 -0.036999 -0.001612
v -0.039981 -0.036901 -0.001612
v -0.041746 -0.038665 -0.001612
v -0.041647 -0.038299 -0.001612
v -0.041487 -0.037955 -0.001612
v -0.039604 -0.036868 -0.001612
v -0.039226 -0.036901 -0.001612
v -0.038860 -0.036999 -0.001612
v -0.027604 0.003957 -0.001612
v -0.027604 0.011106 -0.001612
v -0.046950 0.020957 -0.001612
v -0.047081 0.003957 -0.001612
v -0.037720 0.039870 -0.001612
v -0.037937 0.039559 -0.001612
v -0.038206 0.039291 -0.001612
v -0.040348 0.043001 -0.001612
v -0.039981 0.043099 -0.001612
v -0.046737 0.048819 -0.001612
v -0.037720 0.042045 -0.001612
v -0.037560 0.041701 -0.001612
v -0.019604 0.048611 -0.001612
v -0.037462 0.041335 -0.001612
v -0.038516 0.042841 -0.001612
v -0.038206 0.042623 -0.001612
v -0.037937 0.042355 -0.001612
v -0.037429 0.040957 -0.001612
v -0.037462 0.040580 -0.001612
v -0.037560 0.040213 -0.001612
v -0.039604 0.038782 -0.001612
v -0.039981 0.038815 -0.001612
v -0.040348 0.038914 -0.001612
v -0.040691 0.039074 -0.001612
v -0.040691 0.042841 -0.001612
v -0.038516 0.039074 -0.001612
v -0.038860 0.038914 -0.001612
v -0.039226 0.038815 -0.001612
v -0.041002 0.039291 -0.001612
v -0.041270 0.039559 -0.001612
v -0.041487 0.039870 -0.001612
v -0.041746 0.041335 -0.001612
v -0.041647 0.041701 -0.001612
v -0.041487 0.042045 -0.001612
v -0.041647 0.040213 -0.001612
v -0.041746 0.040580 -0.001612
v -0.041779 0.040957 -0.001612
v -0.041270 0.042355 -0.001612
v -0.041002 0.042623 -0.001612
v -0.039604 0.043132 -0.001612
v -0.039226 0.043099 -0.001612
v -0.038860 0.043001 -0.001612
v -0.002604 0.048480 -0.001612
v -0.002604 0.020957 -0.001612
v -0.002604 0.016090 -0.001612
v 0.042280 0.042045 -0.001612
v 0.042440 0.041701 -0.001612
v 0.047511 0.048096 -0.001612
v 0.042440 0.040213 -0.001612
v 0.042280 0.039870 -0.001612
v 0.041484 0.042841 -0.001612
v 0.041794 0.042623 -0.001612
v 0.042062 0.042355 -0.001612
v 0.042538 0.041335 -0.001612
v 0.042571 0.040957 -0.001612
v 0.042538 0.040580 -0.001612
v 0.042062 0.039559 -0.001612
v 0.041794 0.039291 -0.001612
v 0.041484 0.039074 -0.001612
v 0.041140 0.038914 -0.001612
v 0.040774 0.038815 -0.001612
v 0.040396 0.038782 -0.001612
v 0.040019 0.038815 -0.001612
v 0.039652 0.038914 -0.001612
v 0.039309 0.039074 -0.001612
v 0.039309 0.042841 -0.001612
v 0.039652 0.043001 -0.001612
v 0.003396 0.048434 -0.001612
v 0.028396 0.003957 -0.001612
v 0.016396 0.003957 -0.001612
v 0.038998 0.039291 -0.001612
v 0.038730 0.039559 -0.001612
v 0.038513 0.039870 -0.001612
v 0.038254 0.041335 -0.001612
v 0.038353 0.041701 -0.001612
v 0.038513 0.042045 -0.001612
v 0.040019 0.043099 -0.001612
v 0.040396 0.043132 -0.001612
v 0.038353 0.040213 -0.001612
v 0.038254 0.040580 -0.001612
v 0.038221 0.040957 -0.001612
v 0.038730 0.042355 -0.001612
v 0.038998 0.042623 -0.001612
v 0.040774 0.043099 -0.001612
v 0.041140 0.043001 -0.001612
v -0.027604 0.025164 -0.006820
v -0.037583 0.040222 -0.003641
v -0.037486 0.040584 -0.003565
v -0.027604 0.048672 -0.001858
v -0.037454 0.040957 -0.003486
v -0.037604 0.041746 -0.003320
v -0.037604 0.048749 -0.001841
v -0.037583 0.041693 -0.003331
v -0.037486 0.041331 -0.003407
v -0.037583 0.040222 -0.005686
v -0.027604 0.030005 -0.007842
v -0.037604 0.048749 -0.003885
v -0.037604 0.041746 -0.005364
v -0.027604 0.048672 -0.003902
v -0.037583 0.041693 -0.005375
v -0.037486 0.041331 -0.005451
v -0.037454 0.040957 -0.005530
v -0.037486 0.040584 -0.005609
v -0.052690 0.054864 -0.002594
v -0.052679 0.056384 -0.002274
v -0.059604 0.054917 -0.002583
v -0.059604 0.056384 -0.002274
v 0.028396 -0.018408 -0.007842
v 0.028396 -0.002043 -0.004388
v 0.015618 0.000957 -0.003754
v 0.006396 0.000957 -0.003754
v 0.015618 -0.002043 -0.004388
v 0.006396 -0.018408 -0.007842
v 0.016396 -0.002043 -0.004388
v 0.016396 -0.018408 -0.007842
v 0.006396 0.000957 -0.001710
v 0.015618 0.000957 -0.001710
v -0.015604 -0.002043 -0.004388
v -0.015604 -0.018408 -0.007842
v -0.014725 -0.002043 -0.004388
v -0.005604 -0.018408 -0.007842
v -0.014725 0.000957 -0.003754
v -0.005604 0.000957 -0.003754
v -0.005604 0.000957 -0.001710
v -0.014725 0.000957 -0.001710
v -0.027604 -0.018408 -0.007842
v -0.027604 -0.002043 -0.004388
v -0.005604 0.025164 -0.006820
v -0.015604 0.025164 -0.006820
v -0.005604 0.048503 -0.001893
v -0.015604 0.048580 -0.001877
v -0.015604 0.030005 -0.007842
v -0.005604 0.030005 -0.007842
v -0.015604 0.048580 -0.003921
v -0.005604 0.048503 -0.003937
v 0.016396 0.025164 -0.006820
v 0.006396 0.025164 -0.006820
v 0.016396 0.048335 -0.001929
v 0.006396 0.048411 -0.001913
v 0.006396 0.030005 -0.007842
v 0.016396 0.030005 -0.007842
v 0.006396 0.048411 -0.003957
v 0.016396 0.048335 -0.003973
v 0.028396 0.048243 -0.001948
v 0.038376 0.041693 -0.003331
v 0.038279 0.041331 -0.003407
v 0.038246 0.040957 -0.003486
v 0.028396 0.025164 -0.006820
v 0.038376 0.040222 -0.003641
v 0.038279 0.040584 -0.003565
v 0.028396 0.030005 -0.007842
v 0.038376 0.040222 -0.005686
v 0.038279 0.040584 -0.005609
v 0.028396 0.048243 -0.003992
v 0.038246 0.040957 -0.005530
v 0.038376 0.041693 -0.005375
v 0.038279 0.041331 -0.005451
v 0.053468 0.054051 -0.002766
v 0.060396 0.053997 -0.002777
v 0.053451 0.056384 -0.002274
v 0.060396 0.056384 -0.002274
v -0.027604 -0.036263 -0.011612
v -0.027604 -0.045945 -0.011612
v -0.027604 -0.028090 -0.007842
v -0.027604 -0.023249 -0.008865
v -0.027604 -0.010235 -0.011612
v -0.027604 -0.000553 -0.011612
v -0.027604 -0.046773 -0.003898
v -0.027604 -0.046773 -0.001854
v -0.027604 -0.023249 -0.006820
v -0.027604 -0.003884 -0.002732
v -0.027604 -0.052773 -0.001612
v -0.027604 -0.052773 -0.002632
v -0.027604 -0.057604 -0.001612
v -0.027604 0.005799 -0.002732
v -0.027604 0.047860 -0.011612
v -0.027604 0.038177 -0.011612
v -0.027604 0.025164 -0.008865
v -0.027604 0.020322 -0.007842
v -0.027604 0.012150 -0.011612
v -0.027604 0.002467 -0.011612
v -0.027604 0.003957 -0.004388
v -0.005604 0.047860 -0.011612
v -0.005604 0.038177 -0.011612
v -0.005604 0.025164 -0.008865
v -0.005604 0.020322 -0.007842
v -0.005604 0.012150 -0.011612
v -0.005604 0.002467 -0.011612
v -0.005604 -0.023249 -0.008865
v -0.005604 -0.010235 -0.011612
v -0.005604 -0.000553 -0.011612
v -0.005604 -0.045945 -0.011612
v -0.005604 -0.028090 -0.007842
v -0.005604 -0.036263 -0.011612
v -0.005604 -0.046614 -0.003932
v -0.005604 -0.046614 -0.001888
v -0.005604 -0.023249 -0.006820
v -0.005604 -0.003884 -0.002732
v -0.005604 0.005799 -0.002732
v -0.005604 -0.052614 -0.001612
v -0.005604 -0.052614 -0.002665
v -0.005604 -0.057604 -0.001612
v -0.015604 -0.023249 -0.006820
v -0.015604 -0.046686 -0.001873
v -0.015604 -0.046686 -0.003917
v -0.015604 -0.003884 -0.002732
v -0.015604 -0.045945 -0.011612
v -0.015604 -0.036263 -0.011612
v -0.015604 -0.028090 -0.007842
v -0.015604 -0.023249 -0.008865
v -0.015604 -0.010235 -0.011612
v -0.015604 -0.000553 -0.011612
v -0.015604 -0.052686 -0.002650
v -0.015604 -0.052686 -0.001612
v -0.015604 -0.057604 -0.001612
v -0.015604 0.038177 -0.011612
v -0.015604 0.047860 -0.011612
v -0.015604 0.025164 -0.008865
v -0.015604 0.020322 -0.007842
v -0.015604 0.012150 -0.011612
v -0.015604 0.002467 -0.011612
v -0.015604 0.005799 -0.002732
v -0.015604 0.003957 -0.004388
v 0.016396 0.005799 -0.002732
v 0.016396 0.047860 -0.011612
v 0.016396 0.038177 -0.011612
v 0.016396 0.025164 -0.008865
v 0.016396 0.020322 -0.007842
v 0.016396 0.012150 -0.011612
v 0.016396 0.002467 -0.011612
v 0.016396 0.003957 -0.004388
v 0.016396 0.054335 -0.001612
v 0.016396 0.056244 -0.001612
v 0.016396 0.054335 -0.002706
v 0.016396 0.056384 -0.002274
v 0.016396 -0.036263 -0.011612
v 0.016396 -0.045945 -0.011612
v 0.016396 -0.028090 -0.007842
v 0.016396 -0.046454 -0.003966
v 0.016396 -0.046454 -0.001921
v 0.016396 -0.023249 -0.006820
v 0.016396 -0.023249 -0.008865
v 0.016396 -0.010235 -0.011612
v 0.016396 -0.000553 -0.011612
v 0.016396 -0.003884 -0.002732
v 0.006396 -0.023249 -0.006820
v 0.006396 -0.046527 -0.001906
v 0.006396 -0.046527 -0.003950
v 0.006396 0.020322 -0.007842
v 0.006396 -0.003884 -0.002732
v 0.006396 -0.045945 -0.011612
v 0.006396 -0.036263 -0.011612
v 0.006396 -0.028090 -0.007842
v 0.006396 -0.023249 -0.008865
v 0.006396 -0.010235 -0.011612
v 0.006396 -0.000553 -0.011612
v 0.006396 0.005799 -0.002732
v 0.006396 0.002467 -0.011612
v 0.006396 0.012150 -0.011612
v 0.006396 0.025164 -0.008865
v 0.006396 0.038177 -0.011612
v 0.006396 0.047860 -0.011612
v 0.006396 0.054411 -0.002690
v 0.006396 0.056384 -0.002274
v 0.006396 0.054411 -0.001612
v 0.006396 0.056244 -0.001612
v 0.038396 -0.039832 -0.003320
v 0.038396 -0.039832 -0.005364
v 0.038396 -0.046295 -0.001955
v 0.038396 -0.046295 -0.003999
v 0.028396 0.038177 -0.011612
v 0.028396 0.047860 -0.011612
v 0.028396 0.025164 -0.008865
v 0.028396 0.020322 -0.007842
v 0.028396 0.012150 -0.011612
v 0.028396 0.002467 -0.011612
v 0.028396 0.005799 -0.002732
v 0.028396 0.003957 -0.004388
v 0.028396 0.054243 -0.002726
v 0.028396 0.056384 -0.002274
v 0.028396 0.054243 -0.001612
v 0.028396 0.056244 -0.001612
v 0.028396 -0.023249 -0.006820
v 0.028396 -0.046368 -0.001940
v 0.028396 -0.046368 -0.003984
v 0.028396 -0.003884 -0.002732
v 0.028396 -0.045945 -0.011612
v 0.028396 -0.036263 -0.011612
v 0.028396 -0.028090 -0.007842
v 0.028396 -0.023249 -0.008865
v 0.028396 -0.010235 -0.011612
v 0.028396 -0.000553 -0.011612
v -0.049604 -0.033919 -0.006612
v -0.049604 -0.024237 -0.006612
v -0.049604 -0.028090 -0.007842
v -0.049604 -0.023249 -0.006820
v -0.049604 -0.018408 -0.007842
v -0.049604 -0.022261 -0.006612
v -0.049604 -0.012578 -0.006612
v -0.049604 -0.000553 -0.011612
v -0.049604 -0.010235 -0.011612
v -0.049604 -0.023249 -0.008865
v -0.049604 -0.036263 -0.011612
v -0.049604 -0.045945 -0.011612
v -0.059604 -0.023249 -0.006820
v -0.059604 -0.047005 -0.001805
v -0.059604 -0.047005 -0.003849
v -0.059604 -0.002043 -0.001612
v -0.059604 -0.009191 -0.001612
v -0.059604 -0.003884 -0.002732
v -0.059604 -0.045945 -0.011612
v -0.059604 -0.036263 -0.011612
v -0.059604 -0.028090 -0.007842
v -0.059604 -0.023249 -0.008865
v -0.059604 -0.018408 -0.007842
v -0.059604 -0.010235 -0.011612
v -0.059604 -0.000553 -0.011612
v -0.059604 -0.002043 -0.004388
v -0.059604 0.038177 -0.011612
v -0.059604 0.047860 -0.011612
v -0.059604 0.030005 -0.007842
v -0.059604 0.025164 -0.008865
v -0.059604 0.020322 -0.007842
v -0.059604 0.012150 -0.011612
v -0.059604 0.002467 -0.011612
v -0.059604 0.048917 -0.003850
v -0.059604 0.048917 -0.001806
v -0.059604 0.025164 -0.006820
v -0.059604 0.011106 -0.001612
v -0.059604 0.003957 -0.001612
v -0.059604 0.005799 -0.002732
v -0.059604 0.003957 -0.004388
v -0.059604 0.054917 -0.001612
v -0.059604 0.056244 -0.001612
v 0.060396 0.053997 -0.001612
v 0.060396 0.056244 -0.001612
v 0.060396 0.025164 -0.006820
v 0.060396 0.047997 -0.002000
v 0.060396 0.047997 -0.004044
v 0.060396 0.003957 -0.001612
v 0.060396 0.011106 -0.001612
v 0.060396 0.005799 -0.002732
v 0.060396 0.047860 -0.011612
v 0.060396 0.038177 -0.011612
v 0.060396 0.030005 -0.007842
v 0.060396 0.025164 -0.008865
v 0.060396 0.020322 -0.007842
v 0.060396 0.012150 -0.011612
v 0.060396 0.002467 -0.011612
v 0.060396 0.003957 -0.004388
v 0.060396 -0.036263 -0.011612
v 0.060396 -0.045945 -0.011612
v 0.060396 -0.028090 -0.007842
v 0.060396 -0.046136 -0.004033
v 0.060396 -0.046136 -0.001989
v 0.060396 -0.023249 -0.006820
v 0.060396 -0.023249 -0.008865
v 0.060396 -0.018408 -0.007842
v 0.060396 -0.010235 -0.011612
v 0.060396 -0.000553 -0.011612
v 0.060396 -0.009191 -0.001612
v 0.060396 -0.002043 -0.001612
v 0.060396 -0.003884 -0.002732
v 0.060396 -0.002043 -0.004388
v 0.050396 0.035834 -0.006612
v 0.050396 0.026152 -0.006612
v 0.050396 0.030005 -0.007842
v 0.050396 0.025164 -0.006820
v 0.050396 0.020322 -0.007842
v 0.050396 0.024176 -0.006612
v 0.050396 0.014493 -0.006612
v 0.050396 0.002467 -0.011612
v 0.050396 0.012150 -0.011612
v 0.050396 0.025164 -0.008865
v 0.050396 0.038177 -0.011612
v 0.050396 0.047860 -0.011612
v -0.053517 -0.052961 -0.002592
v -0.059604 -0.053005 -0.002583
v -0.053553 -0.057604 -0.001612
v -0.059604 -0.057604 -0.001612
v 0.015618 0.003957 -0.004388
v -0.014725 0.003957 -0.004388
v -0.037583 -0.038307 -0.005686
v -0.037486 -0.038669 -0.005609
v -0.037454 -0.039043 -0.005530
v -0.037583 -0.039778 -0.005375
v -0.037486 -0.039416 -0.005451
v -0.037583 -0.038307 -0.003641
v -0.037583 -0.039778 -0.003331
v -0.037486 -0.039416 -0.003407
v -0.037454 -0.039043 -0.003486
v -0.037486 -0.038669 -0.003565
v 0.038376 -0.039778 -0.005375
v 0.038279 -0.039416 -0.005451
v 0.038246 -0.039043 -0.005530
v 0.038376 -0.038307 -0.005686
v 0.038279 -0.038669 -0.005609
v 0.038376 -0.038307 -0.003641
v 0.038279 -0.038669 -0.003565
v 0.038246 -0.039043 -0.003486
v 0.038376 -0.039778 -0.003331
v 0.038279 -0.039416 -0.003407
v 0.054237 -0.052181 -0.002757
v 0.054277 -0.057604 -0.001612
v 0.060396 -0.052136 -0.002766
v 0.060396 -0.057604 -0.001612
v -0.037604 -0.052846 -0.002616
v -0.037604 -0.052846 -0.001612
v -0.037604 -0.057604 -0.001612
v 0.038396 0.054166 -0.001612
v 0.038396 0.056244 -0.001612
v 0.038396 0.054166 -0.002742
v 0.038396 0.056384 -0.002274
v 0.079124 0.038957 -0.020375
v 0.080041 0.043457 -0.016034
v 0.079537 0.038957 -0.018418
v 0.079537 0.028957 -0.018418
v 0.081396 0.043457 -0.009612
v 0.081396 0.022957 -0.009612
v 0.079124 0.028957 -0.020375
v 0.078298 0.022957 -0.024288
v 0.078298 0.044957 -0.024288
v 0.080041 0.044957 -0.016034
v 0.081396 0.081957 -0.009612
v 0.081396 0.058457 -0.009612
v 0.080041 0.058457 -0.016034
v 0.078298 0.078859 -0.024288
v 0.080467 0.081028 -0.014015
v 0.079124 0.060957 -0.020375
v 0.079537 0.060957 -0.018418
v 0.079537 0.050957 -0.018418
v 0.079124 0.050957 -0.020375
v 0.076232 0.044957 -0.034073
v 0.077059 0.050957 -0.030159
v 0.077472 0.050957 -0.028202
v 0.077472 0.060957 -0.028202
v 0.077059 0.060957 -0.030159
v 0.076232 0.076793 -0.034073
v 0.074167 0.044957 -0.043857
v 0.074993 0.050957 -0.039943
v 0.075406 0.050957 -0.037986
v 0.075406 0.060957 -0.037986
v 0.074993 0.060957 -0.039943
v 0.074167 0.074728 -0.043857
v 0.073341 0.050957 -0.047771
v 0.073341 0.060957 -0.047771
v 0.072927 0.050957 -0.049728
v 0.072101 0.044957 -0.053641
v 0.072927 0.060957 -0.049728
v 0.072101 0.072662 -0.053641
v 0.071275 0.060957 -0.057555
v 0.071275 0.050957 -0.057555
v 0.070862 0.050957 -0.059512
v 0.070036 0.044957 -0.063426
v 0.070862 0.060957 -0.059512
v 0.070036 0.070597 -0.063426
v 0.068796 0.060957 -0.069296
v 0.068796 0.050957 -0.069296
v 0.065596 0.044957 -0.084454
v 0.069209 0.050957 -0.067339
v 0.069209 0.060957 -0.067339
v 0.065596 0.066157 -0.084454
v 0.062396 0.044957 -0.099612
v 0.062396 0.062957 -0.099612
v 0.065596 -0.043043 -0.084454
v 0.065596 -0.064243 -0.084454
v 0.062396 -0.061043 -0.099612
v 0.069209 -0.049043 -0.067339
v 0.070036 -0.043043 -0.063426
v 0.069209 -0.059043 -0.067339
v 0.070036 -0.068682 -0.063426
v 0.068796 -0.059043 -0.069296
v 0.068796 -0.049043 -0.069296
v 0.072101 -0.069543 -0.053641
v 0.071275 -0.059043 -0.057555
v 0.072101 -0.043043 -0.053641
v 0.071275 -0.049043 -0.057555
v 0.070862 -0.049043 -0.059512
v 0.070862 -0.059043 -0.059512
v 0.070896 -0.069543 -0.059349
v 0.072101 -0.070748 -0.053641
v 0.074167 -0.069543 -0.043857
v 0.074167 -0.072813 -0.043857
v 0.076232 -0.069543 -0.034073
v 0.076232 -0.074879 -0.034073
v 0.078298 -0.069543 -0.024288
v 0.078298 -0.076944 -0.024288
v 0.081396 -0.069543 -0.009612
v 0.081396 -0.080043 -0.009612
v 0.080041 -0.043043 -0.016034
v 0.080041 -0.056543 -0.016034
v 0.079537 -0.059043 -0.018418
v 0.081396 -0.056543 -0.009612
v 0.079124 -0.059043 -0.020375
v 0.079124 -0.049043 -0.020375
v 0.078298 -0.043043 -0.024288
v 0.079537 -0.049043 -0.018418
v 0.079124 -0.037043 -0.020375
v 0.079537 -0.037043 -0.018418
v 0.080041 -0.041543 -0.016034
v 0.079124 -0.027043 -0.020375
v 0.078298 -0.021043 -0.024288
v 0.079537 -0.027043 -0.018418
v 0.081396 -0.021043 -0.009612
v 0.081396 -0.041543 -0.009612
v 0.080041 -0.006543 -0.016034
v 0.079537 -0.015043 -0.018418
v 0.079537 -0.005043 -0.018418
v 0.081396 -0.006543 -0.009612
v 0.079124 -0.015043 -0.020375
v 0.079124 -0.005043 -0.020375
v 0.078298 0.000957 -0.024288
v 0.080041 0.000957 -0.016034
v 0.081396 0.008457 -0.009612
v 0.079537 0.016957 -0.018418
v 0.080041 0.008457 -0.016034
v 0.079537 0.006957 -0.018418
v 0.079124 0.006957 -0.020375
v 0.079124 0.016957 -0.020375
v 0.077472 -0.049043 -0.028202
v 0.077472 -0.059043 -0.028202
v 0.077059 -0.059043 -0.030159
v 0.077059 -0.049043 -0.030159
v 0.076232 -0.043043 -0.034073
v 0.075406 -0.049043 -0.037986
v 0.075406 -0.059043 -0.037986
v 0.074993 -0.059043 -0.039943
v 0.074993 -0.049043 -0.039943
v 0.074167 -0.043043 -0.043857
v 0.073341 -0.049043 -0.047771
v 0.073341 -0.059043 -0.047771
v 0.072927 -0.059043 -0.049728
v 0.072927 -0.049043 -0.049728
v 0.077472 -0.027043 -0.028202
v 0.077472 -0.037043 -0.028202
v 0.077059 -0.037043 -0.030159
v 0.077059 -0.027043 -0.030159
v 0.076232 -0.021043 -0.034073
v 0.075406 -0.027043 -0.037986
v 0.075406 -0.037043 -0.037986
v 0.074993 -0.037043 -0.039943
v 0.074993 -0.027043 -0.039943
v 0.074167 -0.021043 -0.043857
v 0.073341 -0.027043 -0.047771
v 0.073341 -0.037043 -0.047771
v 0.072927 -0.037043 -0.049728
v 0.072927 -0.027043 -0.049728
v 0.072101 -0.021043 -0.053641
v 0.071275 -0.027043 -0.057555
v 0.071275 -0.037043 -0.057555
v 0.070862 -0.037043 -0.059512
v 0.070862 -0.027043 -0.059512
v 0.070036 -0.021043 -0.063426
v 0.069209 -0.027043 -0.067339
v 0.069209 -0.037043 -0.067339
v 0.068796 -0.037043 -0.069296
v 0.068796 -0.027043 -0.069296
v 0.065596 -0.021043 -0.084454
v 0.077472 -0.005043 -0.028202
v 0.077472 -0.015043 -0.028202
v 0.077059 -0.015043 -0.030159
v 0.077059 -0.005043 -0.030159
v 0.076232 0.000957 -0.034073
v 0.075406 -0.005043 -0.037986
v 0.075406 -0.015043 -0.037986
v 0.074993 -0.015043 -0.039943
v 0.074993 -0.005043 -0.039943
v 0.074167 0.000957 -0.043857
v 0.073341 -0.005043 -0.047771
v 0.073341 -0.015043 -0.047771
v 0.072927 -0.015043 -0.049728
v 0.072927 -0.005043 -0.049728
v 0.072101 0.000957 -0.053641
v 0.071275 -0.005043 -0.057555
v 0.071275 -0.015043 -0.057555
v 0.070862 -0.015043 -0.059512
v 0.070862 -0.005043 -0.059512
v 0.070036 0.000957 -0.063426
v 0.069209 -0.005043 -0.067339
v 0.069209 -0.015043 -0.067339
v 0.068796 -0.015043 -0.069296
v 0.068796 -0.005043 -0.069296
v 0.065596 0.000957 -0.084454
v 0.077472 0.016957 -0.028202
v 0.077472 0.006957 -0.028202
v 0.077059 0.006957 -0.030159
v 0.077059 0.016957 -0.030159
v 0.076232 0.022957 -0.034073
v 0.075406 0.016957 -0.037986
v 0.075406 0.006957 -0.037986
v 0.074993 0.006957 -0.039943
v 0.074993 0.016957 -0.039943
v 0.074167 0.022957 -0.043857
v 0.073341 0.016957 -0.047771
v 0.073341 0.006957 -0.047771
v 0.072927 0.006957 -0.049728
v 0.072927 0.016957 -0.049728
v 0.072101 0.022957 -0.053641
v 0.071275 0.016957 -0.057555
v 0.071275 0.006957 -0.057555
v 0.070862 0.006957 -0.059512
v 0.070862 0.016957 -0.059512
v 0.070036 0.022957 -0.063426
v 0.069209 0.016957 -0.067339
v 0.069209 0.006957 -0.067339
v 0.068796 0.006957 -0.069296
v 0.068796 0.016957 -0.069296
v 0.065596 0.022957 -0.084454
v 0.077472 0.038957 -0.028202
v 0.077472 0.028957 -0.028202
v 0.077059 0.028957 -0.030159
v 0.077059 0.038957 -0.030159
v 0.075406 0.038957 -0.037986
v 0.075406 0.028957 -0.037986
v 0.074993 0.028957 -0.039943
v 0.074993 0.038957 -0.039943
v 0.073341 0.038957 -0.047771
v 0.073341 0.028957 -0.047771
v 0.072927 0.028957 -0.049728
v 0.072927 0.038957 -0.049728
v 0.071275 0.038957 -0.057555
v 0.071275 0.028957 -0.057555
v 0.070862 0.028957 -0.059512
v 0.070862 0.038957 -0.059512
v 0.069209 0.038957 -0.067339
v 0.069209 0.028957 -0.067339
v 0.068796 0.028957 -0.069296
v 0.068796 0.038957 -0.069296
v 0.062396 0.022957 -0.099612
v 0.062396 0.000957 -0.099612
v 0.062396 -0.021043 -0.099612
v 0.062396 -0.043043 -0.099612
v -0.003436 -0.047455 -0.011612
v -0.003436 -0.035986 -0.011612
v 0.004229 -0.035986 -0.011612
v -0.074825 0.008457 -0.011612
v -0.078137 0.008457 -0.011612
v -0.078137 0.022957 -0.011612
v -0.074825 0.059457 -0.011612
v -0.078137 0.059457 -0.011612
v -0.078137 0.068923 -0.011612
v 0.058896 -0.074264 -0.011612
v 0.050396 -0.058648 -0.011612
v 0.060396 -0.058648 -0.011612
v 0.060396 -0.048965 -0.011612
v 0.075618 -0.047455 -0.011612
v 0.075618 -0.056543 -0.011612
v 0.058896 -0.077576 -0.011612
v 0.078930 -0.077576 -0.011612
v 0.078930 -0.068310 -0.011612
v 0.078930 -0.056543 -0.011612
v 0.048730 -0.074264 -0.011612
v 0.048730 -0.047455 -0.011612
v 0.050396 -0.048965 -0.011612
v 0.078930 -0.035986 -0.011612
v 0.048730 -0.035986 -0.011612
v 0.050396 -0.036263 -0.011612
v 0.050396 -0.045945 -0.011612
v 0.078930 -0.041543 -0.011612
v 0.075618 -0.041543 -0.011612
v 0.075618 0.000957 -0.011612
v 0.075618 -0.006543 -0.011612
v 0.078930 -0.006543 -0.011612
v 0.078930 -0.021043 -0.011612
v 0.050396 -0.000553 -0.011612
v 0.048730 0.000957 -0.011612
v 0.050396 -0.010235 -0.011612
v 0.075618 0.008457 -0.011612
v 0.048730 0.024887 -0.011612
v 0.078930 0.043457 -0.011612
v 0.078930 0.037901 -0.011612
v 0.075618 0.043457 -0.011612
v 0.075618 0.049370 -0.011612
v 0.048730 0.049370 -0.011612
v 0.048730 0.037901 -0.011612
v 0.060396 0.058355 -0.011612
v 0.075618 0.058457 -0.011612
v 0.060396 0.050880 -0.011612
v 0.078930 0.058457 -0.011612
v 0.078930 0.068923 -0.011612
v 0.048730 0.068923 -0.011612
v 0.050396 0.058355 -0.011612
v 0.050396 0.050880 -0.011612
v 0.057896 0.079491 -0.011612
v 0.078930 0.079491 -0.011612
v 0.057896 0.076179 -0.011612
v 0.048730 0.076179 -0.011612
v 0.042896 0.076179 -0.011612
v 0.022396 0.068923 -0.011612
v 0.042896 0.079491 -0.011612
v 0.022396 0.079491 -0.011612
v 0.007896 0.079491 -0.011612
v 0.007896 0.076179 -0.011612
v 0.004229 0.076179 -0.011612
v 0.004229 0.068923 -0.011612
v -0.003436 0.068923 -0.011612
v -0.021604 0.079491 -0.011612
v -0.007104 0.079491 -0.011612
v -0.021604 0.068923 -0.011612
v -0.007104 0.076179 -0.011612
v -0.003436 0.076179 -0.011612
v -0.042104 0.079491 -0.011612
v -0.042104 0.076179 -0.011612
v -0.047937 0.076179 -0.011612
v -0.047937 0.068923 -0.011612
v -0.057104 0.076179 -0.011612
v -0.068870 0.068923 -0.011612
v -0.057104 0.079491 -0.011612
v -0.068870 0.079491 -0.011612
v -0.068870 0.049370 -0.011612
v -0.074825 0.049370 -0.011612
v -0.074825 0.044457 -0.011612
v -0.068870 0.037901 -0.011612
v -0.078137 0.044457 -0.011612
v -0.074825 0.000957 -0.011612
v -0.068870 0.000957 -0.011612
v -0.074825 -0.006543 -0.011612
v -0.068870 -0.035986 -0.011612
v -0.078137 -0.006543 -0.011612
v -0.078137 -0.021043 -0.011612
v -0.078137 -0.042543 -0.011612
v -0.074825 -0.042543 -0.011612
v -0.074825 -0.047455 -0.011612
v -0.068870 -0.047455 -0.011612
v -0.074825 -0.057543 -0.011612
v -0.078137 -0.057543 -0.011612
v -0.078137 -0.068310 -0.011612
v -0.068870 -0.077576 -0.011612
v -0.078137 -0.077576 -0.011612
v -0.059604 -0.058648 -0.011612
v -0.049604 -0.058648 -0.011612
v -0.047937 -0.074264 -0.011612
v -0.047937 -0.047455 -0.011612
v -0.058104 -0.074264 -0.011612
v -0.058104 -0.077576 -0.011612
v -0.049604 -0.048965 -0.011612
v -0.059604 -0.048965 -0.011612
v -0.021604 -0.077576 -0.011612
v -0.027604 -0.058648 -0.011612
v -0.021604 -0.047455 -0.011612
v -0.027604 -0.048965 -0.011612
v -0.037604 -0.048965 -0.011612
v -0.043104 -0.077576 -0.011612
v -0.043104 -0.074264 -0.011612
v -0.037604 -0.058648 -0.011612
v -0.015604 -0.058648 -0.011612
v -0.007104 -0.074264 -0.011612
v -0.007104 -0.077576 -0.011612
v -0.003436 -0.074264 -0.011612
v -0.005604 -0.058648 -0.011612
v -0.005604 -0.048965 -0.011612
v -0.015604 -0.048965 -0.011612
v 0.004229 -0.047455 -0.011612
v 0.004229 -0.074264 -0.011612
v 0.022396 -0.077576 -0.011612
v 0.007896 -0.077576 -0.011612
v 0.016396 -0.058648 -0.011612
v 0.007896 -0.074264 -0.011612
v 0.006396 -0.058648 -0.011612
v 0.022396 -0.047455 -0.011612
v 0.016396 -0.048965 -0.011612
v 0.006396 -0.048965 -0.011612
v 0.043896 -0.074264 -0.011612
v 0.028396 -0.058648 -0.011612
v 0.038396 -0.058648 -0.011612
v 0.038396 -0.048965 -0.011612
v 0.028396 -0.048965 -0.011612
v 0.043896 -0.077576 -0.011612
v -0.039560 0.037926 -0.011612
v -0.038770 0.038294 -0.011612
v -0.038056 0.038794 -0.011612
v -0.021604 0.049370 -0.011612
v -0.021604 0.037901 -0.011612
v -0.047937 0.049370 -0.011612
v -0.038056 0.046454 -0.011612
v -0.038770 0.046954 -0.011612
v -0.039560 0.047322 -0.011612
v -0.043770 0.046954 -0.011612
v -0.044484 0.046454 -0.011612
v -0.042980 0.047322 -0.011612
v -0.045969 0.040914 -0.011612
v -0.045600 0.040124 -0.011612
v -0.047937 0.037901 -0.011612
v -0.045101 0.039410 -0.011612
v -0.044484 0.038794 -0.011612
v -0.040402 0.047548 -0.011612
v -0.041270 0.047624 -0.011612
v -0.042139 0.047548 -0.011612
v -0.045101 0.045838 -0.011612
v -0.045600 0.045124 -0.011612
v -0.045969 0.044334 -0.011612
v -0.046194 0.043492 -0.011612
v -0.046270 0.042624 -0.011612
v -0.046194 0.041756 -0.011612
v -0.041270 0.037624 -0.011612
v -0.040402 0.037700 -0.011612
v -0.047937 0.024887 -0.011612
v -0.021604 0.024887 -0.011612
v -0.043770 0.038294 -0.011612
v -0.042980 0.037926 -0.011612
v -0.042139 0.037700 -0.011612
v 0.040353 0.037926 -0.011612
v 0.022396 0.049370 -0.011612
v 0.038849 0.038794 -0.011612
v 0.039563 0.038294 -0.011612
v 0.046761 0.044334 -0.011612
v 0.046393 0.045124 -0.011612
v 0.045893 0.045838 -0.011612
v 0.045277 0.046454 -0.011612
v 0.044563 0.046954 -0.011612
v 0.043773 0.047322 -0.011612
v 0.045277 0.038794 -0.011612
v 0.045893 0.039410 -0.011612
v 0.046393 0.040124 -0.011612
v 0.046761 0.040914 -0.011612
v 0.046987 0.041756 -0.011612
v 0.047063 0.042624 -0.011612
v 0.046987 0.043492 -0.011612
v 0.042931 0.047548 -0.011612
v 0.042063 0.047624 -0.011612
v 0.041195 0.047548 -0.011612
v 0.040353 0.047322 -0.011612
v 0.039563 0.046954 -0.011612
v 0.038849 0.046454 -0.011612
v 0.042063 0.037624 -0.011612
v 0.042931 0.037700 -0.011612
v 0.043773 0.037926 -0.011612
v 0.044563 0.038294 -0.011612
v 0.022396 0.024887 -0.011612
v 0.022396 0.037901 -0.011612
v 0.041195 0.037700 -0.011612
v 0.038849 -0.036879 -0.011612
v 0.044563 -0.045039 -0.011612
v 0.045277 -0.044540 -0.011612
v 0.038849 -0.044540 -0.011612
v 0.039563 -0.045039 -0.011612
v 0.040353 -0.045408 -0.011612
v 0.043773 -0.045408 -0.011612
v 0.041195 -0.045633 -0.011612
v 0.042063 -0.045709 -0.011612
v 0.042931 -0.045633 -0.011612
v 0.046761 -0.038999 -0.011612
v 0.046393 -0.038209 -0.011612
v 0.045893 -0.037495 -0.011612
v 0.045277 -0.036879 -0.011612
v 0.045893 -0.043923 -0.011612
v 0.046393 -0.043209 -0.011612
v 0.046761 -0.042419 -0.011612
v 0.046987 -0.041578 -0.011612
v 0.047063 -0.040709 -0.011612
v 0.046987 -0.039841 -0.011612
v 0.022396 0.000957 -0.011612
v 0.044563 -0.036379 -0.011612
v 0.043773 -0.036011 -0.011612
v 0.042931 -0.035785 -0.011612
v 0.042063 -0.035709 -0.011612
v -0.044484 -0.036879 -0.011612
v -0.047937 -0.035986 -0.011612
v -0.043770 -0.036379 -0.011612
v -0.042980 -0.036011 -0.011612
v -0.045969 -0.042419 -0.011612
v -0.045600 -0.043209 -0.011612
v -0.045101 -0.043923 -0.011612
v -0.044484 -0.044540 -0.011612
v -0.041270 -0.045709 -0.011612
v -0.040402 -0.045633 -0.011612
v -0.039560 -0.045408 -0.011612
v -0.038770 -0.045039 -0.011612
v -0.038056 -0.044540 -0.011612
v -0.043770 -0.045039 -0.011612
v -0.042980 -0.045408 -0.011612
v -0.042139 -0.045633 -0.011612
v -0.021604 -0.035986 -0.011612
v -0.039560 -0.036011 -0.011612
v -0.038056 -0.036879 -0.011612
v -0.038770 -0.036379 -0.011612
v -0.045101 -0.037495 -0.011612
v -0.045600 -0.038209 -0.011612
v -0.045969 -0.038999 -0.011612
v -0.046194 -0.039841 -0.011612
v -0.046270 -0.040709 -0.011612
v -0.046194 -0.041578 -0.011612
v -0.021604 0.000957 -0.011612
v -0.041270 -0.035709 -0.011612
v -0.042139 -0.035785 -0.011612
v -0.040402 -0.035785 -0.011612
v -0.047937 0.000957 -0.011612
v 0.000966 -0.000607 -0.011612
v 0.001229 -0.000484 -0.011612
v -0.001243 0.000668 -0.011612
v -0.001168 0.000388 -0.011612
v -0.003436 0.000957 -0.011612
v 0.000396 -0.000707 -0.011612
v 0.000685 -0.000682 -0.011612
v -0.001045 0.000125 -0.011612
v -0.000879 -0.000112 -0.011612
v -0.000673 -0.000318 -0.011612
v -0.000436 -0.000484 -0.011612
v -0.000173 -0.000607 -0.011612
v 0.000107 -0.000682 -0.011612
v 0.001466 -0.000318 -0.011612
v 0.001671 -0.000112 -0.011612
v 0.004229 0.000957 -0.011612
v 0.001838 0.000125 -0.011612
v 0.001960 0.000388 -0.011612
v 0.002035 0.000668 -0.011612
v 0.002061 0.000957 -0.011612
v 0.001838 0.001789 -0.011612
v 0.001671 0.002027 -0.011612
v 0.004229 0.024887 -0.011612
v 0.002035 0.001246 -0.011612
v 0.001960 0.001527 -0.011612
v -0.000173 0.002521 -0.011612
v -0.000436 0.002399 -0.011612
v -0.003436 0.024887 -0.011612
v -0.000673 0.002232 -0.011612
v -0.000879 0.002027 -0.011612
v -0.001045 0.001789 -0.011612
v -0.001168 0.001527 -0.011612
v -0.001243 0.001246 -0.011612
v -0.001268 0.000957 -0.011612
v 0.001466 0.002232 -0.011612
v 0.001229 0.002399 -0.011612
v 0.000966 0.002521 -0.011612
v 0.000685 0.002596 -0.011612
v 0.000396 0.002622 -0.011612
v 0.000107 0.002596 -0.011612
v -0.068870 0.024887 -0.011612
v -0.078137 0.037901 -0.011612
v -0.078137 0.079491 -0.011612
v -0.049604 0.012150 -0.011612
v -0.049604 0.002467 -0.011612
v -0.049604 0.047860 -0.011612
v -0.049604 0.050880 -0.011612
v -0.049604 0.058355 -0.011612
v -0.059604 0.050880 -0.011612
v -0.059604 0.058355 -0.011612
v -0.049604 0.038177 -0.011612
v -0.037604 0.050880 -0.011612
v -0.037604 0.058355 -0.011612
v -0.027604 0.058355 -0.011612
v -0.027604 0.050880 -0.011612
v -0.003436 0.049370 -0.011612
v -0.003436 0.037901 -0.011612
v -0.005604 0.050880 -0.011612
v -0.005604 0.058355 -0.011612
v 0.004229 0.037901 -0.011612
v -0.015604 0.050880 -0.011612
v -0.015604 0.058355 -0.011612
v 0.004229 0.049370 -0.011612
v 0.022396 -0.035986 -0.011612
v 0.040353 -0.036011 -0.011612
v 0.039563 -0.036379 -0.011612
v 0.041195 -0.035785 -0.011612
v 0.016396 0.050880 -0.011612
v 0.016396 0.058355 -0.011612
v 0.006396 0.058355 -0.011612
v 0.006396 0.050880 -0.011612
v 0.038396 0.050880 -0.011612
v 0.038396 0.058355 -0.011612
v 0.028396 0.058355 -0.011612
v 0.028396 0.050880 -0.011612
v 0.078930 0.024887 -0.011612
v 0.078930 0.022957 -0.011612
v 0.078930 0.008457 -0.011612
v 0.078353 0.008457 -0.014346
v 0.077580 0.016957 -0.018005
v 0.078353 0.000957 -0.014346
v 0.077580 0.006957 -0.018005
v 0.076341 0.000957 -0.023875
v 0.077167 0.006957 -0.019962
v 0.076341 0.022957 -0.023875
v 0.077167 0.016957 -0.019962
v 0.077580 -0.015043 -0.018005
v 0.078353 -0.006543 -0.014346
v 0.077580 -0.005043 -0.018005
v 0.077167 -0.005043 -0.019962
v 0.077167 -0.015043 -0.019962
v 0.076341 -0.021043 -0.023875
v 0.078353 -0.041543 -0.014346
v 0.077580 -0.037043 -0.018005
v 0.077167 -0.037043 -0.019962
v 0.078353 -0.043043 -0.014346
v 0.076341 -0.043043 -0.023875
v 0.077167 -0.027043 -0.019962
v 0.077580 -0.027043 -0.018005
v 0.077580 -0.059043 -0.018005
v 0.078353 -0.056543 -0.014346
v 0.077580 -0.049043 -0.018005
v 0.077167 -0.049043 -0.019962
v 0.077167 -0.059043 -0.019962
v 0.076341 -0.068310 -0.023875
v 0.069663 -0.068310 -0.055507
v 0.070144 -0.068791 -0.053228
v 0.070144 -0.068310 -0.053228
v 0.072210 -0.070856 -0.043444
v 0.072210 -0.068310 -0.043444
v 0.074276 -0.072922 -0.033660
v 0.074276 -0.068310 -0.033660
v 0.076341 -0.074987 -0.023875
v 0.068079 -0.043043 -0.063013
v 0.068079 -0.066725 -0.063013
v 0.068905 -0.059043 -0.059099
v 0.069318 -0.059043 -0.057142
v 0.069318 -0.049043 -0.057142
v 0.070144 -0.043043 -0.053228
v 0.068905 -0.049043 -0.059099
v 0.067253 -0.059043 -0.066926
v 0.066840 -0.059043 -0.068883
v 0.067253 -0.049043 -0.066926
v 0.066840 -0.049043 -0.068883
v 0.063596 -0.043043 -0.084248
v 0.063596 -0.062242 -0.084248
v 0.066840 0.060957 -0.068883
v 0.063596 0.064157 -0.084248
v 0.066840 0.050957 -0.068883
v 0.063596 0.044957 -0.084248
v 0.067253 0.050957 -0.066926
v 0.068079 0.044957 -0.063013
v 0.067253 0.060957 -0.066926
v 0.068079 0.068640 -0.063013
v 0.068905 0.060957 -0.059099
v 0.068905 0.050957 -0.059099
v 0.069318 0.050957 -0.057142
v 0.070144 0.044957 -0.053228
v 0.069318 0.060957 -0.057142
v 0.070144 0.070705 -0.053228
v 0.070971 0.060957 -0.049315
v 0.070971 0.050957 -0.049315
v 0.071384 0.050957 -0.047358
v 0.072210 0.044957 -0.043444
v 0.071384 0.060957 -0.047358
v 0.072210 0.072771 -0.043444
v 0.073449 0.060957 -0.037573
v 0.074276 0.074837 -0.033660
v 0.073036 0.060957 -0.039530
v 0.073036 0.050957 -0.039530
v 0.073449 0.050957 -0.037573
v 0.074276 0.044957 -0.033660
v 0.075102 0.050957 -0.029746
v 0.075102 0.060957 -0.029746
v 0.075515 0.050957 -0.027789
v 0.076341 0.044957 -0.023875
v 0.075515 0.060957 -0.027789
v 0.076341 0.076902 -0.023875
v 0.078353 0.058457 -0.014346
v 0.077580 0.060957 -0.018005
v 0.078353 0.044957 -0.014346
v 0.077580 0.050957 -0.018005
v 0.077167 0.050957 -0.019962
v 0.077167 0.060957 -0.019962
v 0.078255 0.078816 -0.014808
v 0.078353 0.043457 -0.014346
v 0.077580 0.028957 -0.018005
v 0.077580 0.038957 -0.018005
v 0.077167 0.028957 -0.019962
v 0.077167 0.038957 -0.019962
v 0.075515 0.038957 -0.027789
v 0.075102 0.038957 -0.029746
v 0.075102 0.028957 -0.029746
v 0.074276 0.022957 -0.033660
v 0.075515 0.028957 -0.027789
v 0.073036 0.028957 -0.039530
v 0.072210 0.022957 -0.043444
v 0.073449 0.028957 -0.037573
v 0.073449 0.038957 -0.037573
v 0.073036 0.038957 -0.039530
v 0.070971 0.038957 -0.049315
v 0.070971 0.028957 -0.049315
v 0.070144 0.022957 -0.053228
v 0.071384 0.028957 -0.047358
v 0.071384 0.038957 -0.047358
v 0.068905 0.038957 -0.059099
v 0.068905 0.028957 -0.059099
v 0.068079 0.022957 -0.063013
v 0.069318 0.028957 -0.057142
v 0.069318 0.038957 -0.057142
v 0.066840 0.038957 -0.068883
v 0.066840 0.028957 -0.068883
v 0.063596 0.022957 -0.084248
v 0.067253 0.028957 -0.066926
v 0.067253 0.038957 -0.066926
v 0.075515 0.016957 -0.027789
v 0.075102 0.016957 -0.029746
v 0.075102 0.006957 -0.029746
v 0.074276 0.000957 -0.033660
v 0.075515 0.006957 -0.027789
v 0.073036 0.016957 -0.039530
v 0.073036 0.006957 -0.039530
v 0.072210 0.000957 -0.043444
v 0.073449 0.006957 -0.037573
v 0.073449 0.016957 -0.037573
v 0.070971 0.016957 -0.049315
v 0.070971 0.006957 -0.049315
v 0.070144 0.000957 -0.053228
v 0.071384 0.006957 -0.047358
v 0.071384 0.016957 -0.047358
v 0.068905 0.016957 -0.059099
v 0.068905 0.006957 -0.059099
v 0.068079 0.000957 -0.063013
v 0.069318 0.006957 -0.057142
v 0.069318 0.016957 -0.057142
v 0.066840 0.016957 -0.068883
v 0.066840 0.006957 -0.068883
v 0.063596 0.000957 -0.084248
v 0.067253 0.006957 -0.066926
v 0.067253 0.016957 -0.066926
v 0.075515 -0.005043 -0.027789
v 0.075102 -0.005043 -0.029746
v 0.075102 -0.015043 -0.029746
v 0.074276 -0.021043 -0.033660
v 0.075515 -0.015043 -0.027789
v 0.073036 -0.005043 -0.039530
v 0.073036 -0.015043 -0.039530
v 0.072210 -0.021043 -0.043444
v 0.073449 -0.015043 -0.037573
v 0.073449 -0.005043 -0.037573
v 0.070971 -0.005043 -0.049315
v 0.070971 -0.015043 -0.049315
v 0.070144 -0.021043 -0.053228
v 0.071384 -0.015043 -0.047358
v 0.071384 -0.005043 -0.047358
v 0.068905 -0.005043 -0.059099
v 0.068905 -0.015043 -0.059099
v 0.068079 -0.021043 -0.063013
v 0.069318 -0.015043 -0.057142
v 0.069318 -0.005043 -0.057142
v 0.066840 -0.005043 -0.068883
v 0.066840 -0.015043 -0.068883
v 0.063596 -0.021043 -0.084248
v 0.067253 -0.015043 -0.066926
v 0.067253 -0.005043 -0.066926
v 0.075515 -0.027043 -0.027789
v 0.075102 -0.027043 -0.029746
v 0.075102 -0.037043 -0.029746
v 0.074276 -0.043043 -0.033660
v 0.075515 -0.037043 -0.027789
v 0.073449 -0.027043 -0.037573
v 0.073036 -0.027043 -0.039530
v 0.073036 -0.037043 -0.039530
v 0.072210 -0.043043 -0.043444
v 0.073449 -0.037043 -0.037573
v 0.071384 -0.027043 -0.047358
v 0.070971 -0.027043 -0.049315
v 0.070971 -0.037043 -0.049315
v 0.071384 -0.037043 -0.047358
v 0.068905 -0.027043 -0.059099
v 0.068905 -0.037043 -0.059099
v 0.069318 -0.037043 -0.057142
v 0.069318 -0.027043 -0.057142
v 0.066840 -0.027043 -0.068883
v 0.066840 -0.037043 -0.068883
v 0.067253 -0.037043 -0.066926
v 0.067253 -0.027043 -0.066926
v 0.060352 0.060913 -0.099612
v 0.060352 0.044957 -0.099612
v 0.060352 0.022957 -0.099612
v 0.060352 0.000957 -0.099612
v 0.060352 -0.021043 -0.099612
v 0.060352 -0.043043 -0.099612
v 0.060352 -0.058999 -0.099612
v 0.075515 -0.049043 -0.027789
v 0.075102 -0.049043 -0.029746
v 0.075102 -0.059043 -0.029746
v 0.075515 -0.059043 -0.027789
v 0.073449 -0.049043 -0.037573
v 0.073036 -0.049043 -0.039530
v 0.073036 -0.059043 -0.039530
v 0.073449 -0.059043 -0.037573
v 0.070971 -0.049043 -0.049315
v 0.070971 -0.059043 -0.049315
v 0.071384 -0.059043 -0.047358
v 0.071384 -0.049043 -0.047358
v 0.081396 -0.006543 -0.007491
v 0.081396 -0.080043 -0.001612
v 0.081396 0.058457 -0.007491
v 0.081396 0.081957 -0.001612
v 0.081396 0.043457 -0.007491
v 0.081396 -0.041543 -0.007491
v 0.081396 -0.056543 -0.007491
v 0.081396 0.008457 -0.007491
v 0.048397 -0.074241 -0.001612
v -0.080604 -0.080043 -0.001612
v 0.075564 0.053881 -0.001612
v 0.075518 0.047881 -0.001612
v 0.075518 0.043457 -0.001612
v 0.065618 0.047957 -0.001612
v 0.053512 0.048050 -0.001612
v 0.065618 0.043457 -0.001612
v 0.053779 0.011106 -0.001612
v -0.027604 0.054672 -0.001612
v -0.015604 0.054580 -0.001612
v -0.027604 0.056244 -0.001612
v -0.015604 0.056244 -0.001612
v 0.006396 -0.052527 -0.001612
v 0.003396 -0.052549 -0.001612
v 0.006396 -0.057604 -0.001612
v 0.003396 -0.064264 -0.001612
v 0.016396 -0.057604 -0.001612
v 0.007896 -0.064264 -0.001612
v -0.047517 -0.052917 -0.001612
v -0.047604 -0.064264 -0.001612
v -0.043104 -0.064264 -0.001612
v 0.007896 -0.074164 -0.001612
v 0.028396 -0.057604 -0.001612
v 0.016396 -0.052455 -0.001612
v 0.028396 -0.052368 -0.001612
v 0.065618 0.003957 -0.001612
v 0.065618 0.008457 -0.001612
v 0.048396 -0.074164 -0.001612
v 0.043896 -0.074164 -0.001612
v -0.052736 0.048865 -0.001612
v -0.064825 0.048957 -0.001612
v -0.053026 0.011106 -0.001612
v -0.064825 0.044457 -0.001612
v 0.075518 0.008457 -0.001612
v 0.075518 0.003957 -0.001612
v 0.075618 0.003957 -0.001612
v 0.065618 -0.002043 -0.001612
v 0.065618 -0.006543 -0.001612
v 0.065618 -0.052098 -0.001612
v 0.060396 -0.052136 -0.001612
v 0.065618 -0.056543 -0.001612
v -0.043104 -0.074164 -0.001612
v 0.054194 -0.046181 -0.001612
v 0.065618 -0.046098 -0.001612
v 0.053926 -0.009191 -0.001612
v 0.065618 -0.041543 -0.001612
v 0.043896 -0.064264 -0.001612
v 0.038396 -0.057604 -0.001612
v 0.075618 -0.002043 -0.001612
v 0.075518 -0.002043 -0.001612
v 0.075518 -0.006543 -0.001612
v 0.058896 -0.064264 -0.001612
v 0.058896 -0.074164 -0.001612
v 0.048325 -0.064264 -0.001612
v 0.048237 -0.052224 -0.001612
v 0.038396 -0.052295 -0.001612
v -0.064825 -0.006543 -0.001612
v -0.074725 -0.006543 -0.001612
v -0.074725 -0.042543 -0.001612
v 0.003396 0.054434 -0.001612
v 0.075518 -0.041543 -0.001612
v 0.075518 -0.052027 -0.001612
v 0.054397 -0.074198 -0.001612
v 0.054396 -0.074164 -0.001612
v 0.054325 -0.064264 -0.001612
v 0.075518 -0.056543 -0.001612
v 0.003396 -0.074164 -0.001612
v 0.003396 -0.074175 -0.001612
v 0.007896 0.076079 -0.001612
v 0.007896 0.066179 -0.001612
v 0.057896 0.076079 -0.001612
v 0.057896 0.066179 -0.001612
v 0.065618 0.053957 -0.001612
v 0.065618 0.058457 -0.001612
v -0.064825 -0.050043 -0.001612
v -0.064825 -0.057543 -0.001612
v -0.064804 -0.053043 -0.001612
v -0.059604 -0.053005 -0.001612
v -0.053604 -0.064264 -0.001612
v -0.058104 -0.064264 -0.001612
v -0.074725 -0.057543 -0.001612
v -0.064825 0.003957 -0.001612
v -0.064825 0.008457 -0.001612
v 0.003396 0.066179 -0.001612
v 0.075518 0.053882 -0.001612
v 0.075518 0.058457 -0.001612
v 0.053380 0.066179 -0.001612
v 0.053452 0.056244 -0.001612
v -0.002604 -0.052592 -0.001612
v -0.002604 -0.064264 -0.001612
v -0.007104 -0.064264 -0.001612
v -0.007104 -0.074164 -0.001612
v -0.058104 -0.074164 -0.001612
v -0.064825 -0.002043 -0.001612
v -0.046691 0.054818 -0.001612
v -0.037604 0.054749 -0.001612
v -0.046604 0.066179 -0.001612
v -0.037604 0.056244 -0.001612
v -0.042104 0.066179 -0.001612
v -0.042104 0.076079 -0.001612
v -0.002604 -0.074164 -0.001612
v -0.002604 -0.074175 -0.001612
v -0.053182 -0.009191 -0.001612
v -0.064825 -0.042543 -0.001612
v -0.053471 -0.046960 -0.001612
v -0.064825 -0.047043 -0.001612
v -0.064825 0.054957 -0.001612
v -0.064825 0.059457 -0.001612
v 0.047468 0.054097 -0.001612
v 0.047380 0.066179 -0.001612
v 0.042896 0.066179 -0.001612
v 0.042896 0.076079 -0.001612
v -0.074725 0.044457 -0.001612
v -0.074725 0.049033 -0.001612
v -0.074758 0.049033 -0.001612
v -0.080604 0.081957 -0.001612
v -0.074725 0.059457 -0.001612
v -0.007104 0.076079 -0.001612
v 0.053309 0.076079 -0.001612
v -0.005604 0.054503 -0.001612
v -0.002604 0.054480 -0.001612
v -0.005604 0.056244 -0.001612
v -0.002604 0.066179 -0.001612
v -0.007104 0.066179 -0.001612
v -0.057104 0.076079 -0.001612
v -0.057104 0.066179 -0.001612
v -0.052604 0.066179 -0.001612
v -0.052680 0.056244 -0.001612
v -0.074725 0.008457 -0.001612
v -0.074725 0.053366 -0.001612
v -0.040270 0.037624 -0.095695
v -0.040770 0.037624 -0.095695
v -0.040270 0.037624 -0.095895
v -0.040770 0.037624 -0.097695
v -0.040670 0.037624 -0.097695
v -0.040770 0.039124 -0.097695
v -0.040670 0.039124 -0.097695
v -0.040770 0.037649 -0.097695
v -0.040270 0.039124 -0.095895
v -0.040770 0.039124 -0.095695
v -0.040270 0.039124 -0.095695
v -0.040270 0.046124 -0.095612
v -0.040770 0.046124 -0.095612
v -0.040270 0.046124 -0.095812
v -0.040770 0.046124 -0.097612
v -0.040670 0.046124 -0.097612
v -0.040670 0.047624 -0.097612
v -0.040770 0.047599 -0.097612
v -0.040770 0.047624 -0.097612
v -0.040270 0.047624 -0.095812
v -0.040770 0.047624 -0.095612
v -0.040270 0.047624 -0.095612
v -0.040770 0.037649 -0.098612
v -0.040770 0.039717 -0.098612
v -0.040770 0.039717 -0.094612
v -0.040770 0.037649 -0.095695
v -0.040770 0.037649 -0.094612
v -0.040770 0.047599 -0.095612
v -0.040770 0.047599 -0.094612
v -0.040770 0.045531 -0.094612
v -0.040770 0.045531 -0.098612
v -0.040770 0.047599 -0.098612
v -0.040770 -0.035734 -0.095695
v -0.040770 -0.035734 -0.094612
v -0.040770 -0.037209 -0.095695
v -0.040770 -0.037802 -0.094612
v -0.040770 -0.037209 -0.097695
v -0.040770 -0.037802 -0.098612
v -0.040770 -0.035734 -0.097695
v -0.040770 -0.035734 -0.098612
v -0.040770 -0.045684 -0.097612
v -0.040770 -0.045684 -0.098612
v -0.040770 -0.044209 -0.097612
v -0.040770 -0.043617 -0.098612
v -0.040770 -0.044209 -0.095612
v -0.040770 -0.043617 -0.094612
v -0.040770 -0.045684 -0.095612
v -0.040770 -0.045684 -0.094612
v 0.041563 -0.037234 -0.097612
v 0.041513 -0.037234 -0.097612
v 0.041563 -0.035734 -0.097612
v 0.041513 -0.035734 -0.097612
v 0.041063 -0.037234 -0.095812
v 0.041563 -0.037234 -0.095612
v 0.041063 -0.037234 -0.095612
v 0.041063 -0.035734 -0.095612
v 0.041563 -0.035734 -0.095612
v 0.041063 -0.035734 -0.095812
v 0.041513 -0.045684 -0.097612
v 0.041563 -0.045684 -0.097612
v 0.041063 -0.045684 -0.095812
v 0.041563 -0.045684 -0.095612
v 0.041063 -0.045684 -0.095612
v 0.041063 -0.044184 -0.095612
v 0.041563 -0.044184 -0.095612
v 0.041063 -0.044184 -0.095812
v 0.041563 -0.044184 -0.097612
v 0.041513 -0.044184 -0.097612
v 0.041563 0.047599 -0.097612
v 0.041563 0.047599 -0.098612
v 0.041563 0.046099 -0.097612
v 0.041563 0.045531 -0.098612
v 0.041563 0.046099 -0.095612
v 0.041563 0.045531 -0.094612
v 0.041563 0.047599 -0.095612
v 0.041563 0.047599 -0.094612
v 0.041563 0.037649 -0.095612
v 0.041563 0.037649 -0.094612
v 0.041563 0.039149 -0.095612
v 0.041563 0.039717 -0.094612
v 0.041563 0.039149 -0.097612
v 0.041563 0.039717 -0.098612
v 0.041563 0.037649 -0.097612
v 0.041563 0.037649 -0.098612
v 0.041563 -0.035734 -0.098612
v 0.041563 -0.037802 -0.098612
v 0.041563 -0.037802 -0.094612
v 0.041563 -0.035734 -0.094612
v 0.041563 -0.045685 -0.094612
v 0.041563 -0.043617 -0.094612
v 0.041563 -0.043617 -0.098612
v 0.041563 -0.045684 -0.098612
v -0.041770 -0.035734 -0.094612
v -0.041770 -0.037802 -0.094612
v -0.042139 -0.035785 -0.094612
v -0.042240 -0.037923 -0.094612
v -0.042980 -0.036011 -0.094612
v -0.043770 -0.036379 -0.094612
v -0.042684 -0.038120 -0.094612
v -0.044484 -0.036879 -0.094612
v -0.043090 -0.038387 -0.094612
v -0.045101 -0.037495 -0.094612
v -0.043446 -0.038717 -0.094612
v -0.045600 -0.038209 -0.094612
v -0.043743 -0.039101 -0.094612
v -0.045969 -0.038999 -0.094612
v -0.043974 -0.039528 -0.094612
v -0.046194 -0.039841 -0.094612
v -0.044131 -0.039988 -0.094612
v -0.046270 -0.040709 -0.094612
v -0.044210 -0.040467 -0.094612
v -0.044210 -0.040952 -0.094612
v -0.046194 -0.041578 -0.094612
v -0.044131 -0.041431 -0.094612
v -0.045969 -0.042419 -0.094612
v -0.043974 -0.041890 -0.094612
v -0.045600 -0.043209 -0.094612
v -0.043743 -0.042318 -0.094612
v -0.045101 -0.043923 -0.094612
v -0.043446 -0.042702 -0.094612
v -0.044484 -0.044540 -0.094612
v -0.043090 -0.043031 -0.094612
v -0.043770 -0.045039 -0.094612
v -0.042684 -0.043298 -0.094612
v -0.042980 -0.045408 -0.094612
v -0.042240 -0.043495 -0.094612
v -0.042139 -0.045633 -0.094612
v -0.041770 -0.043617 -0.094612
v -0.041770 -0.045684 -0.094612
v 0.041195 -0.035785 -0.094612
v 0.041093 -0.037923 -0.094612
v 0.040353 -0.036011 -0.094612
v 0.039563 -0.036379 -0.094612
v 0.040649 -0.038120 -0.094612
v 0.038849 -0.036879 -0.094612
v 0.040243 -0.038387 -0.094612
v 0.038233 -0.037495 -0.094612
v 0.039887 -0.038717 -0.094612
v 0.037733 -0.038209 -0.094612
v 0.039590 -0.039101 -0.094612
v 0.037365 -0.038999 -0.094612
v 0.039359 -0.039528 -0.094612
v 0.037139 -0.039841 -0.094612
v 0.039202 -0.039988 -0.094612
v 0.037063 -0.040709 -0.094612
v 0.039123 -0.040467 -0.094612
v 0.039123 -0.040952 -0.094612
v 0.037139 -0.041578 -0.094612
v 0.039202 -0.041431 -0.094612
v 0.037365 -0.042419 -0.094612
v 0.039359 -0.041890 -0.094612
v 0.037733 -0.043209 -0.094612
v 0.039590 -0.042318 -0.094612
v 0.038233 -0.043923 -0.094612
v 0.039887 -0.042702 -0.094612
v 0.038849 -0.044540 -0.094612
v 0.040243 -0.043031 -0.094612
v 0.039563 -0.045039 -0.094612
v 0.040649 -0.043298 -0.094612
v 0.040353 -0.045408 -0.094612
v 0.041093 -0.043495 -0.094612
v 0.041195 -0.045633 -0.094612
v 0.041195 0.047548 -0.094612
v 0.041093 0.045410 -0.094612
v 0.040353 0.047322 -0.094612
v 0.039563 0.046954 -0.094612
v 0.040649 0.045213 -0.094612
v 0.038849 0.046454 -0.094612
v 0.040243 0.044946 -0.094612
v 0.038233 0.045838 -0.094612
v 0.039887 0.044616 -0.094612
v 0.037733 0.045124 -0.094612
v 0.039590 0.044232 -0.094612
v 0.037365 0.044334 -0.094612
v 0.039359 0.043805 -0.094612
v 0.037139 0.043492 -0.094612
v 0.039202 0.043346 -0.094612
v 0.037063 0.042624 -0.094612
v 0.039123 0.042867 -0.094612
v 0.039123 0.042381 -0.094612
v 0.037139 0.041756 -0.094612
v 0.039202 0.041902 -0.094612
v 0.037365 0.040914 -0.094612
v 0.039359 0.041443 -0.094612
v 0.037733 0.040124 -0.094612
v 0.039590 0.041016 -0.094612
v 0.038233 0.039410 -0.094612
v 0.039887 0.040632 -0.094612
v 0.038849 0.038794 -0.094612
v 0.040243 0.040302 -0.094612
v 0.039563 0.038294 -0.094612
v 0.040649 0.040035 -0.094612
v 0.040353 0.037926 -0.094612
v 0.041093 0.039838 -0.094612
v 0.041195 0.037700 -0.094612
v -0.041770 0.047599 -0.094612
v -0.041770 0.045531 -0.094612
v -0.042139 0.047548 -0.094612
v -0.042240 0.045410 -0.094612
v -0.042980 0.047322 -0.094612
v -0.043770 0.046954 -0.094612
v -0.042684 0.045213 -0.094612
v -0.044484 0.046454 -0.094612
v -0.043090 0.044946 -0.094612
v -0.045101 0.045838 -0.094612
v -0.043446 0.044616 -0.094612
v -0.045600 0.045124 -0.094612
v -0.043743 0.044232 -0.094612
v -0.045969 0.044334 -0.094612
v -0.043974 0.043805 -0.094612
v -0.046194 0.043492 -0.094612
v -0.044131 0.043346 -0.094612
v -0.046270 0.042624 -0.094612
v -0.044210 0.042867 -0.094612
v -0.044210 0.042381 -0.094612
v -0.046194 0.041756 -0.094612
v -0.044131 0.041902 -0.094612
v -0.045969 0.040914 -0.094612
v -0.043974 0.041443 -0.094612
v -0.045600 0.040124 -0.094612
v -0.043743 0.041016 -0.094612
v -0.045101 0.039410 -0.094612
v -0.043446 0.040632 -0.094612
v -0.044484 0.038794 -0.094612
v -0.043090 0.040302 -0.094612
v -0.043770 0.038294 -0.094612
v -0.042684 0.040035 -0.094612
v -0.042980 0.037926 -0.094612
v -0.042240 0.039838 -0.094612
v -0.042139 0.037700 -0.094612
v -0.041770 0.039717 -0.094612
v -0.041770 0.037649 -0.094612
v 0.053817 0.005799 -0.002732
v 0.050396 -0.012578 -0.006612
v 0.050396 -0.018408 -0.007842
v 0.053951 -0.012578 -0.006612
v 0.053874 -0.002043 -0.004388
v 0.050396 -0.023249 -0.006820
v 0.050396 -0.022261 -0.006612
v 0.054021 -0.022261 -0.006612
v 0.053888 -0.003884 -0.002732
v -0.027604 0.054672 -0.002635
v -0.027604 0.056384 -0.002274
v -0.037604 0.054749 -0.002619
v -0.037604 0.056384 -0.002274
v -0.049604 0.026152 -0.006612
v -0.049604 0.025164 -0.006820
v -0.052911 0.026152 -0.006612
v -0.052736 0.048865 -0.001817
v -0.052736 0.048865 -0.003861
v -0.052836 0.035834 -0.006612
v -0.049604 0.035834 -0.006612
v -0.049604 0.030005 -0.007842
v -0.005604 0.054503 -0.002671
v -0.005604 0.056384 -0.002274
v -0.015604 0.054580 -0.002654
v -0.015604 0.056384 -0.002274
v -0.053127 -0.002043 -0.004388
v -0.053207 -0.012578 -0.006612
v -0.053067 0.005799 -0.002732
v -0.053282 -0.022261 -0.006612
v -0.053141 -0.003884 -0.002732
v 0.053670 0.026152 -0.006612
v 0.053512 0.048050 -0.001989
v 0.053600 0.035834 -0.006612
v 0.053512 0.048050 -0.004033
v 0.044396 -0.058999 -0.099612
v 0.044396 -0.061043 -0.099612
v 0.022396 -0.058999 -0.099612
v 0.022396 -0.061043 -0.099612
v 0.000396 -0.058999 -0.099612
v 0.000396 -0.061043 -0.099612
v -0.021604 -0.058999 -0.099612
v -0.021604 -0.061043 -0.099612
v -0.043604 -0.058999 -0.099612
v -0.043604 -0.061043 -0.099612
v -0.059560 -0.058999 -0.099612
v -0.061604 -0.061043 -0.099612
v -0.059560 -0.043043 -0.099612
v -0.061604 -0.043043 -0.099612
v -0.059560 -0.021043 -0.099612
v -0.061604 -0.021043 -0.099612
v -0.059560 0.000957 -0.099612
v -0.061604 0.000957 -0.099612
v -0.059560 0.022957 -0.099612
v -0.061604 0.022957 -0.099612
v -0.059560 0.044957 -0.099612
v -0.061604 0.044957 -0.099612
v -0.059560 0.060913 -0.099612
v -0.061604 0.062957 -0.099612
v -0.043604 0.060913 -0.099612
v -0.043604 0.062957 -0.099612
v -0.021604 0.060913 -0.099612
v -0.021604 0.062957 -0.099612
v 0.000396 0.060913 -0.099612
v 0.000396 0.062957 -0.099612
v 0.022396 0.060913 -0.099612
v 0.022396 0.062957 -0.099612
v 0.044396 0.060913 -0.099612
v 0.044396 0.062957 -0.099612
v -0.058104 -0.078687 -0.016034
v -0.058104 -0.080043 -0.009612
v -0.070104 -0.080043 -0.009612
v 0.060396 -0.078184 -0.018418
v 0.060396 -0.077771 -0.020375
v 0.058896 -0.080043 -0.009612
v 0.058896 -0.078687 -0.016034
v 0.050396 -0.078184 -0.018418
v 0.044396 -0.078687 -0.016034
v 0.050396 -0.077771 -0.020375
v 0.044396 -0.076944 -0.024288
v 0.044396 -0.074879 -0.034073
v 0.050396 -0.075705 -0.030159
v 0.050396 -0.076118 -0.028202
v 0.060396 -0.076118 -0.028202
v 0.060396 -0.075705 -0.030159
v 0.044396 -0.072813 -0.043857
v 0.050396 -0.073639 -0.039943
v 0.050396 -0.074052 -0.037986
v 0.060396 -0.074052 -0.037986
v 0.060396 -0.073639 -0.039943
v 0.050396 -0.071987 -0.047771
v 0.060396 -0.071987 -0.047771
v 0.050396 -0.071574 -0.049728
v 0.044396 -0.070748 -0.053641
v 0.060396 -0.071574 -0.049728
v 0.044396 -0.068682 -0.063426
v 0.060396 -0.069508 -0.059512
v 0.060396 -0.069921 -0.057555
v 0.050396 -0.069921 -0.057555
v 0.050396 -0.069508 -0.059512
v 0.060396 -0.067443 -0.069296
v 0.050396 -0.067443 -0.069296
v 0.044396 -0.064243 -0.084454
v 0.050396 -0.067856 -0.067339
v 0.060396 -0.067856 -0.067339
v -0.043604 -0.064243 -0.084454
v -0.064804 -0.064243 -0.084454
v -0.049604 -0.067856 -0.067339
v -0.043604 -0.068682 -0.063426
v -0.059604 -0.067856 -0.067339
v -0.069243 -0.068682 -0.063426
v -0.059604 -0.067443 -0.069296
v -0.049604 -0.067443 -0.069296
v -0.070104 -0.070748 -0.053641
v -0.059604 -0.069921 -0.057555
v -0.043604 -0.070748 -0.053641
v -0.049604 -0.069921 -0.057555
v -0.049604 -0.069508 -0.059512
v -0.059604 -0.069508 -0.059512
v -0.070104 -0.069543 -0.059349
v -0.079674 -0.079113 -0.014015
v -0.077505 -0.076944 -0.024288
v -0.070104 -0.076944 -0.024288
v -0.075440 -0.074879 -0.034073
v -0.070104 -0.074879 -0.034073
v -0.073374 -0.072813 -0.043857
v -0.070104 -0.072813 -0.043857
v -0.071308 -0.070748 -0.053641
v -0.080604 -0.080043 -0.009612
v -0.059604 -0.078184 -0.018418
v -0.043604 -0.078687 -0.016034
v -0.049604 -0.078184 -0.018418
v -0.043604 -0.076944 -0.024288
v -0.049604 -0.077771 -0.020375
v -0.059604 -0.077771 -0.020375
v -0.043104 -0.078687 -0.016034
v -0.037604 -0.077771 -0.020375
v -0.027604 -0.077771 -0.020375
v -0.021604 -0.076944 -0.024288
v -0.027604 -0.078184 -0.018418
v -0.021604 -0.080043 -0.009612
v -0.037604 -0.078184 -0.018418
v -0.043104 -0.080043 -0.009612
v -0.007104 -0.078687 -0.016034
v -0.015604 -0.078184 -0.018418
v -0.005604 -0.078184 -0.018418
v -0.007104 -0.080043 -0.009612
v -0.015604 -0.077771 -0.020375
v -0.005604 -0.077771 -0.020375
v 0.000396 -0.076944 -0.024288
v 0.000396 -0.078687 -0.016034
v 0.022396 -0.080043 -0.009612
v 0.007896 -0.080043 -0.009612
v 0.016396 -0.078184 -0.018418
v 0.007896 -0.078687 -0.016034
v 0.006396 -0.078184 -0.018418
v 0.006396 -0.077771 -0.020375
v 0.016396 -0.077771 -0.020375
v 0.022396 -0.076944 -0.024288
v 0.038396 -0.077771 -0.020375
v 0.043896 -0.078687 -0.016034
v 0.038396 -0.078184 -0.018418
v 0.028396 -0.078184 -0.018418
v 0.043896 -0.080043 -0.009612
v 0.028396 -0.077771 -0.020375
v -0.049604 -0.076118 -0.028202
v -0.059604 -0.076118 -0.028202
v -0.059604 -0.075705 -0.030159
v -0.049604 -0.075705 -0.030159
v -0.043604 -0.074879 -0.034073
v -0.049604 -0.074052 -0.037986
v -0.059604 -0.074052 -0.037986
v -0.059604 -0.073639 -0.039943
v -0.049604 -0.073639 -0.039943
v -0.043604 -0.072813 -0.043857
v -0.049604 -0.071987 -0.047771
v -0.059604 -0.071987 -0.047771
v -0.059604 -0.071574 -0.049728
v -0.049604 -0.071574 -0.049728
v -0.027604 -0.076118 -0.028202
v -0.037604 -0.076118 -0.028202
v -0.037604 -0.075705 -0.030159
v -0.027604 -0.075705 -0.030159
v -0.021604 -0.074879 -0.034073
v -0.027604 -0.074052 -0.037986
v -0.037604 -0.074052 -0.037986
v -0.037604 -0.073639 -0.039943
v -0.027604 -0.073639 -0.039943
v -0.021604 -0.072813 -0.043857
v -0.027604 -0.071987 -0.047771
v -0.037604 -0.071987 -0.047771
v -0.037604 -0.071574 -0.049728
v -0.027604 -0.071574 -0.049728
v -0.021604 -0.070748 -0.053641
v -0.027604 -0.069921 -0.057555
v -0.037604 -0.069921 -0.057555
v -0.037604 -0.069508 -0.059512
v -0.027604 -0.069508 -0.059512
v -0.021604 -0.068682 -0.063426
v -0.027604 -0.067856 -0.067339
v -0.037604 -0.067856 -0.067339
v -0.037604 -0.067443 -0.069296
v -0.027604 -0.067443 -0.069296
v -0.021604 -0.064243 -0.084454
v -0.005604 -0.076118 -0.028202
v -0.015604 -0.076118 -0.028202
v -0.015604 -0.075705 -0.030159
v -0.005604 -0.075705 -0.030159
v 0.000396 -0.074879 -0.034073
v -0.005604 -0.074052 -0.037986
v -0.015604 -0.074052 -0.037986
v -0.015604 -0.073639 -0.039943
v -0.005604 -0.073639 -0.039943
v 0.000396 -0.072813 -0.043857
v -0.005604 -0.071987 -0.047771
v -0.015604 -0.071987 -0.047771
v -0.015604 -0.071574 -0.049728
v -0.005604 -0.071574 -0.049728
v 0.000396 -0.070748 -0.053641
v -0.005604 -0.069921 -0.057555
v -0.015604 -0.069921 -0.057555
v -0.015604 -0.069508 -0.059512
v -0.005604 -0.069508 -0.059512
v 0.000396 -0.068682 -0.063426
v -0.005604 -0.067856 -0.067339
v -0.015604 -0.067856 -0.067339
v -0.015604 -0.067443 -0.069296
v -0.005604 -0.067443 -0.069296
v 0.000396 -0.064243 -0.084454
v 0.016396 -0.076118 -0.028202
v 0.006396 -0.076118 -0.028202
v 0.006396 -0.075705 -0.030159
v 0.016396 -0.075705 -0.030159
v 0.022396 -0.074879 -0.034073
v 0.016396 -0.074052 -0.037986
v 0.006396 -0.074052 -0.037986
v 0.006396 -0.073639 -0.039943
v 0.016396 -0.073639 -0.039943
v 0.022396 -0.072813 -0.043857
v 0.016396 -0.071987 -0.047771
v 0.006396 -0.071987 -0.047771
v 0.006396 -0.071574 -0.049728
v 0.016396 -0.071574 -0.049728
v 0.022396 -0.070748 -0.053641
v 0.016396 -0.069921 -0.057555
v 0.006396 -0.069921 -0.057555
v 0.006396 -0.069508 -0.059512
v 0.016396 -0.069508 -0.059512
v 0.022396 -0.068682 -0.063426
v 0.016396 -0.067856 -0.067339
v 0.006396 -0.067856 -0.067339
v 0.006396 -0.067443 -0.069296
v 0.016396 -0.067443 -0.069296
v 0.022396 -0.064243 -0.084454
v 0.038396 -0.076118 -0.028202
v 0.028396 -0.076118 -0.028202
v 0.028396 -0.075705 -0.030159
v 0.038396 -0.075705 -0.030159
v 0.038396 -0.074052 -0.037986
v 0.028396 -0.074052 -0.037986
v 0.028396 -0.073639 -0.039943
v 0.038396 -0.073639 -0.039943
v 0.038396 -0.071987 -0.047771
v 0.028396 -0.071987 -0.047771
v 0.028396 -0.071574 -0.049728
v 0.038396 -0.071574 -0.049728
v 0.038396 -0.069921 -0.057555
v 0.028396 -0.069921 -0.057555
v 0.028396 -0.069508 -0.059512
v 0.038396 -0.069508 -0.059512
v 0.038396 -0.067856 -0.067339
v 0.028396 -0.067856 -0.067339
v 0.028396 -0.067443 -0.069296
v 0.038396 -0.067443 -0.069296
v -0.078331 -0.049043 -0.020375
v -0.078745 -0.049043 -0.018418
v -0.079248 -0.043043 -0.016034
v -0.078745 -0.059043 -0.018418
v -0.078331 -0.059043 -0.020375
v -0.077505 -0.069543 -0.024288
v -0.077505 -0.043043 -0.024288
v -0.079248 -0.057543 -0.016034
v -0.080604 -0.069543 -0.009612
v -0.080604 -0.057543 -0.009612
v -0.079674 -0.069543 -0.014015
v -0.079674 -0.057543 -0.014015
v -0.071308 -0.069543 -0.053641
v -0.073374 -0.069543 -0.043857
v -0.075440 -0.069543 -0.034073
v -0.069243 -0.043043 -0.063426
v -0.070069 -0.059043 -0.059512
v -0.070482 -0.059043 -0.057555
v -0.070482 -0.049043 -0.057555
v -0.071308 -0.043043 -0.053641
v -0.070069 -0.049043 -0.059512
v -0.068004 -0.059043 -0.069296
v -0.068417 -0.059043 -0.067339
v -0.068417 -0.049043 -0.067339
v -0.068004 -0.049043 -0.069296
v -0.069243 0.044957 -0.063426
v -0.068417 0.050957 -0.067339
v -0.068004 0.050957 -0.069296
v -0.068417 0.060957 -0.067339
v -0.069243 0.070597 -0.063426
v -0.068004 0.060957 -0.069296
v -0.071308 0.044957 -0.053641
v -0.071308 0.072662 -0.053641
v -0.070482 0.060957 -0.057555
v -0.070104 0.071457 -0.059349
v -0.070069 0.060957 -0.059512
v -0.070069 0.050957 -0.059512
v -0.070482 0.050957 -0.057555
v -0.072548 0.060957 -0.047771
v -0.073374 0.074728 -0.043857
v -0.072135 0.060957 -0.049728
v -0.072135 0.050957 -0.049728
v -0.072548 0.050957 -0.047771
v -0.073374 0.044957 -0.043857
v -0.075440 0.044957 -0.034073
v -0.074613 0.050957 -0.037986
v -0.074200 0.050957 -0.039943
v -0.074200 0.060957 -0.039943
v -0.074613 0.060957 -0.037986
v -0.075440 0.076793 -0.034073
v -0.077505 0.044957 -0.024288
v -0.076679 0.050957 -0.028202
v -0.076266 0.050957 -0.030159
v -0.076266 0.060957 -0.030159
v -0.076679 0.060957 -0.028202
v -0.077505 0.078859 -0.024288
v -0.078745 0.060957 -0.018418
v -0.078745 0.050957 -0.018418
v -0.079248 0.044957 -0.016034
v -0.078331 0.050957 -0.020375
v -0.078331 0.060957 -0.020375
v -0.079248 0.059457 -0.016034
v -0.079674 0.081028 -0.014015
v -0.079674 0.059457 -0.014015
v -0.080604 0.059457 -0.009612
v -0.080604 0.081957 -0.009612
v -0.079674 0.044457 -0.014015
v -0.079248 0.044457 -0.016034
v -0.078331 0.038957 -0.020375
v -0.078331 0.028957 -0.020375
v -0.077505 0.022957 -0.024288
v -0.078745 0.028957 -0.018418
v -0.079674 0.022957 -0.014015
v -0.078745 0.038957 -0.018418
v -0.080604 0.022957 -0.009612
v -0.080604 0.044457 -0.009612
v -0.080604 0.008457 -0.009612
v -0.079674 0.008457 -0.014015
v -0.079248 0.008457 -0.016034
v -0.078745 0.006957 -0.018418
v -0.078745 0.016957 -0.018418
v -0.078331 0.016957 -0.020375
v -0.078331 0.006957 -0.020375
v -0.077505 0.000957 -0.024288
v -0.079248 0.000957 -0.016034
v -0.080604 -0.006543 -0.009612
v -0.079674 -0.006543 -0.014015
v -0.079674 -0.021043 -0.014015
v -0.079248 -0.006543 -0.016034
v -0.078745 -0.005043 -0.018418
v -0.078331 -0.005043 -0.020375
v -0.078331 -0.015043 -0.020375
v -0.077505 -0.021043 -0.024288
v -0.078745 -0.015043 -0.018418
v -0.080604 -0.021043 -0.009612
v -0.079674 -0.042543 -0.014015
v -0.080604 -0.042543 -0.009612
v -0.078331 -0.037043 -0.020375
v -0.079248 -0.042543 -0.016034
v -0.078745 -0.037043 -0.018418
v -0.078745 -0.027043 -0.018418
v -0.078331 -0.027043 -0.020375
v -0.072135 -0.049043 -0.049728
v -0.072135 -0.059043 -0.049728
v -0.072548 -0.059043 -0.047771
v -0.072548 -0.049043 -0.047771
v -0.073374 -0.043043 -0.043857
v -0.074200 -0.059043 -0.039943
v -0.074613 -0.059043 -0.037986
v -0.074613 -0.049043 -0.037986
v -0.075440 -0.043043 -0.034073
v -0.074200 -0.049043 -0.039943
v -0.076266 -0.049043 -0.030159
v -0.076266 -0.059043 -0.030159
v -0.076679 -0.059043 -0.028202
v -0.076679 -0.049043 -0.028202
v -0.069243 -0.021043 -0.063426
v -0.068417 -0.027043 -0.067339
v -0.068417 -0.037043 -0.067339
v -0.068004 -0.037043 -0.069296
v -0.068004 -0.027043 -0.069296
v -0.070069 -0.027043 -0.059512
v -0.070069 -0.037043 -0.059512
v -0.070482 -0.037043 -0.057555
v -0.070482 -0.027043 -0.057555
v -0.071308 -0.021043 -0.053641
v -0.072135 -0.027043 -0.049728
v -0.072135 -0.037043 -0.049728
v -0.072548 -0.037043 -0.047771
v -0.072548 -0.027043 -0.047771
v -0.073374 -0.021043 -0.043857
v -0.074200 -0.037043 -0.039943
v -0.074613 -0.037043 -0.037986
v -0.074613 -0.027043 -0.037986
v -0.075440 -0.021043 -0.034073
v -0.074200 -0.027043 -0.039943
v -0.076266 -0.027043 -0.030159
v -0.076266 -0.037043 -0.030159
v -0.076679 -0.037043 -0.028202
v -0.076679 -0.027043 -0.028202
v -0.069243 0.000957 -0.063426
v -0.068417 -0.005043 -0.067339
v -0.068417 -0.015043 -0.067339
v -0.068004 -0.015043 -0.069296
v -0.068004 -0.005043 -0.069296
v -0.070069 -0.005043 -0.059512
v -0.070069 -0.015043 -0.059512
v -0.070482 -0.015043 -0.057555
v -0.070482 -0.005043 -0.057555
v -0.071308 0.000957 -0.053641
v -0.072135 -0.005043 -0.049728
v -0.072135 -0.015043 -0.049728
v -0.072548 -0.015043 -0.047771
v -0.072548 -0.005043 -0.047771
v -0.073374 0.000957 -0.043857
v -0.074200 -0.015043 -0.039943
v -0.074613 -0.015043 -0.037986
v -0.074613 -0.005043 -0.037986
v -0.075440 0.000957 -0.034073
v -0.074200 -0.005043 -0.039943
v -0.076266 -0.005043 -0.030159
v -0.076266 -0.015043 -0.030159
v -0.076679 -0.015043 -0.028202
v -0.076679 -0.005043 -0.028202
v -0.069243 0.022957 -0.063426
v -0.068417 0.016957 -0.067339
v -0.068417 0.006957 -0.067339
v -0.068004 0.006957 -0.069296
v -0.068004 0.016957 -0.069296
v -0.070069 0.006957 -0.059512
v -0.070482 0.006957 -0.057555
v -0.070482 0.016957 -0.057555
v -0.071308 0.022957 -0.053641
v -0.070069 0.016957 -0.059512
v -0.072135 0.016957 -0.049728
v -0.072135 0.006957 -0.049728
v -0.072548 0.006957 -0.047771
v -0.072548 0.016957 -0.047771
v -0.073374 0.022957 -0.043857
v -0.074200 0.006957 -0.039943
v -0.074613 0.006957 -0.037986
v -0.074613 0.016957 -0.037986
v -0.075440 0.022957 -0.034073
v -0.074200 0.016957 -0.039943
v -0.076266 0.016957 -0.030159
v -0.076266 0.006957 -0.030159
v -0.076679 0.006957 -0.028202
v -0.076679 0.016957 -0.028202
v -0.068417 0.028957 -0.067339
v -0.068004 0.028957 -0.069296
v -0.068417 0.038957 -0.067339
v -0.068004 0.038957 -0.069296
v -0.070069 0.038957 -0.059512
v -0.070069 0.028957 -0.059512
v -0.070482 0.028957 -0.057555
v -0.070482 0.038957 -0.057555
v -0.072135 0.038957 -0.049728
v -0.072135 0.028957 -0.049728
v -0.072548 0.028957 -0.047771
v -0.072548 0.038957 -0.047771
v -0.074200 0.038957 -0.039943
v -0.074200 0.028957 -0.039943
v -0.074613 0.028957 -0.037986
v -0.074613 0.038957 -0.037986
v -0.076266 0.038957 -0.030159
v -0.076266 0.028957 -0.030159
v -0.076679 0.028957 -0.028202
v -0.076679 0.038957 -0.028202
v 0.042896 0.080602 -0.016034
v 0.044396 0.080602 -0.016034
v 0.044396 0.078859 -0.024288
v -0.070104 0.081028 -0.014015
v -0.059604 0.080098 -0.018418
v -0.070104 0.078859 -0.024288
v -0.059604 0.079685 -0.020375
v -0.043604 0.078859 -0.024288
v -0.070104 0.081957 -0.009612
v -0.057104 0.081957 -0.009612
v -0.057104 0.081028 -0.014015
v -0.057104 0.080602 -0.016034
v -0.049604 0.080098 -0.018418
v -0.043604 0.080602 -0.016034
v -0.049604 0.079685 -0.020375
v -0.070104 0.072662 -0.053641
v -0.070104 0.074728 -0.043857
v -0.070104 0.076793 -0.034073
v -0.059604 0.071423 -0.059512
v -0.049604 0.071423 -0.059512
v -0.043604 0.070597 -0.063426
v -0.059604 0.069357 -0.069296
v -0.049604 0.069357 -0.069296
v -0.043604 0.072662 -0.053641
v -0.049604 0.071836 -0.057555
v -0.059604 0.071836 -0.057555
v -0.049604 0.069770 -0.067339
v -0.059604 0.069770 -0.067339
v 0.044396 0.070597 -0.063426
v 0.050396 0.069770 -0.067339
v 0.050396 0.069357 -0.069296
v 0.060396 0.069770 -0.067339
v 0.060396 0.069357 -0.069296
v 0.060396 0.071423 -0.059512
v 0.050396 0.071423 -0.059512
v 0.050396 0.071836 -0.057555
v 0.044396 0.072662 -0.053641
v 0.060396 0.071836 -0.057555
v 0.060396 0.073488 -0.049728
v 0.050396 0.073488 -0.049728
v 0.050396 0.073902 -0.047771
v 0.044396 0.074728 -0.043857
v 0.060396 0.073902 -0.047771
v 0.060396 0.075967 -0.037986
v 0.060396 0.075554 -0.039943
v 0.044396 0.076793 -0.034073
v 0.050396 0.075967 -0.037986
v 0.050396 0.075554 -0.039943
v 0.050396 0.078033 -0.028202
v 0.050396 0.077620 -0.030159
v 0.060396 0.077620 -0.030159
v 0.060396 0.078033 -0.028202
v 0.060396 0.080098 -0.018418
v 0.050396 0.080098 -0.018418
v 0.050396 0.079685 -0.020375
v 0.060396 0.079685 -0.020375
v 0.057896 0.080602 -0.016034
v 0.057896 0.081028 -0.014015
v 0.057896 0.081957 -0.009612
v 0.042896 0.081028 -0.014015
v 0.038396 0.079685 -0.020375
v 0.028396 0.079685 -0.020375
v 0.022396 0.078859 -0.024288
v 0.028396 0.080098 -0.018418
v 0.022396 0.081028 -0.014015
v 0.038396 0.080098 -0.018418
v 0.022396 0.081957 -0.009612
v 0.042896 0.081957 -0.009612
v 0.007896 0.081957 -0.009612
v 0.007896 0.081028 -0.014015
v 0.007896 0.080602 -0.016034
v 0.000396 0.078859 -0.024288
v 0.000396 0.080602 -0.016034
v 0.006396 0.080098 -0.018418
v 0.016396 0.080098 -0.018418
v 0.016396 0.079685 -0.020375
v 0.006396 0.079685 -0.020375
v -0.021604 0.081028 -0.014015
v -0.015604 0.080098 -0.018418
v -0.021604 0.078859 -0.024288
v -0.015604 0.079685 -0.020375
v -0.005604 0.079685 -0.020375
v -0.005604 0.080098 -0.018418
v -0.007104 0.080602 -0.016034
v -0.007104 0.081028 -0.014015
v -0.007104 0.081957 -0.009612
v -0.021604 0.081957 -0.009612
v -0.042104 0.081028 -0.014015
v -0.042104 0.081957 -0.009612
v -0.037604 0.079685 -0.020375
v -0.042104 0.080602 -0.016034
v -0.037604 0.080098 -0.018418
v -0.027604 0.080098 -0.018418
v -0.027604 0.079685 -0.020375
v -0.059604 0.073488 -0.049728
v -0.059604 0.073902 -0.047771
v -0.049604 0.073902 -0.047771
v -0.043604 0.074728 -0.043857
v -0.049604 0.073488 -0.049728
v -0.049604 0.075554 -0.039943
v -0.059604 0.075554 -0.039943
v -0.059604 0.075967 -0.037986
v -0.049604 0.075967 -0.037986
v -0.043604 0.076793 -0.034073
v -0.049604 0.077620 -0.030159
v -0.059604 0.077620 -0.030159
v -0.059604 0.078033 -0.028202
v -0.049604 0.078033 -0.028202
v -0.021604 0.070597 -0.063426
v -0.027604 0.069770 -0.067339
v -0.037604 0.069770 -0.067339
v -0.037604 0.069357 -0.069296
v -0.027604 0.069357 -0.069296
v -0.027604 0.071423 -0.059512
v -0.037604 0.071423 -0.059512
v -0.037604 0.071836 -0.057555
v -0.027604 0.071836 -0.057555
v -0.021604 0.072662 -0.053641
v -0.037604 0.073488 -0.049728
v -0.037604 0.073902 -0.047771
v -0.027604 0.073902 -0.047771
v -0.021604 0.074728 -0.043857
v -0.027604 0.073488 -0.049728
v -0.037604 0.075554 -0.039943
v -0.037604 0.075967 -0.037986
v -0.027604 0.075967 -0.037986
v -0.021604 0.076793 -0.034073
v -0.027604 0.075554 -0.039943
v -0.027604 0.077620 -0.030159
v -0.037604 0.077620 -0.030159
v -0.037604 0.078033 -0.028202
v -0.027604 0.078033 -0.028202
v 0.000396 0.070597 -0.063426
v -0.005604 0.069770 -0.067339
v -0.015604 0.069770 -0.067339
v -0.015604 0.069357 -0.069296
v -0.005604 0.069357 -0.069296
v -0.015604 0.071423 -0.059512
v -0.015604 0.071836 -0.057555
v -0.005604 0.071836 -0.057555
v 0.000396 0.072662 -0.053641
v -0.005604 0.071423 -0.059512
v -0.015604 0.073488 -0.049728
v -0.015604 0.073902 -0.047771
v -0.005604 0.073902 -0.047771
v 0.000396 0.074728 -0.043857
v -0.005604 0.073488 -0.049728
v -0.015604 0.075554 -0.039943
v -0.015604 0.075967 -0.037986
v -0.005604 0.075967 -0.037986
v 0.000396 0.076793 -0.034073
v -0.005604 0.075554 -0.039943
v -0.005604 0.077620 -0.030159
v -0.015604 0.077620 -0.030159
v -0.015604 0.078033 -0.028202
v -0.005604 0.078033 -0.028202
v 0.022396 0.070597 -0.063426
v 0.016396 0.069770 -0.067339
v 0.006396 0.069770 -0.067339
v 0.006396 0.069357 -0.069296
v 0.016396 0.069357 -0.069296
v 0.016396 0.071423 -0.059512
v 0.006396 0.071423 -0.059512
v 0.006396 0.071836 -0.057555
v 0.016396 0.071836 -0.057555
v 0.022396 0.072662 -0.053641
v 0.006396 0.073488 -0.049728
v 0.006396 0.073902 -0.047771
v 0.016396 0.073902 -0.047771
v 0.022396 0.074728 -0.043857
v 0.016396 0.073488 -0.049728
v 0.006396 0.075554 -0.039943
v 0.006396 0.075967 -0.037986
v 0.016396 0.075967 -0.037986
v 0.022396 0.076793 -0.034073
v 0.016396 0.075554 -0.039943
v 0.016396 0.077620 -0.030159
v 0.006396 0.077620 -0.030159
v 0.006396 0.078033 -0.028202
v 0.016396 0.078033 -0.028202
v 0.028396 0.069770 -0.067339
v 0.028396 0.069357 -0.069296
v 0.038396 0.069770 -0.067339
v 0.038396 0.069357 -0.069296
v 0.038396 0.071423 -0.059512
v 0.028396 0.071423 -0.059512
v 0.028396 0.071836 -0.057555
v 0.038396 0.071836 -0.057555
v 0.028396 0.073488 -0.049728
v 0.028396 0.073902 -0.047771
v 0.038396 0.073902 -0.047771
v 0.038396 0.073488 -0.049728
v 0.028396 0.075554 -0.039943
v 0.028396 0.075967 -0.037986
v 0.038396 0.075967 -0.037986
v 0.038396 0.075554 -0.039943
v 0.038396 0.077620 -0.030159
v 0.028396 0.077620 -0.030159
v 0.028396 0.078033 -0.028202
v 0.038396 0.078033 -0.028202
v 0.058896 -0.076999 -0.014346
v 0.060396 -0.074161 -0.027789
v 0.050396 -0.074161 -0.027789
v 0.044396 -0.074987 -0.023875
v 0.007896 -0.076999 -0.014346
v 0.016396 -0.076227 -0.018005
v 0.016396 -0.075814 -0.019962
v 0.022396 -0.074987 -0.023875
v 0.006396 -0.075814 -0.019962
v 0.000396 -0.074987 -0.023875
v 0.006396 -0.076227 -0.018005
v 0.000396 -0.076999 -0.014346
v -0.015604 -0.076227 -0.018005
v -0.007104 -0.076999 -0.014346
v -0.005604 -0.076227 -0.018005
v -0.005604 -0.075814 -0.019962
v -0.015604 -0.075814 -0.019962
v -0.021604 -0.074987 -0.023875
v -0.043604 -0.074987 -0.023875
v -0.043604 -0.076999 -0.014346
v -0.043104 -0.076999 -0.014346
v -0.037604 -0.075814 -0.019962
v -0.037604 -0.076227 -0.018005
v -0.027604 -0.076227 -0.018005
v -0.027604 -0.075814 -0.019962
v -0.059604 -0.076227 -0.018005
v -0.058104 -0.076999 -0.014346
v -0.049604 -0.076227 -0.018005
v -0.049604 -0.075814 -0.019962
v -0.059604 -0.075814 -0.019962
v -0.068870 -0.074987 -0.023875
v -0.068870 -0.068310 -0.055507
v -0.069352 -0.068791 -0.053228
v -0.068870 -0.068791 -0.053228
v -0.071417 -0.070856 -0.043444
v -0.068870 -0.070856 -0.043444
v -0.073483 -0.072922 -0.033660
v -0.068870 -0.072922 -0.033660
v -0.075548 -0.074987 -0.023875
v -0.077463 -0.076902 -0.014808
v -0.049604 -0.065899 -0.066926
v -0.059604 -0.065899 -0.066926
v -0.067286 -0.066725 -0.063013
v -0.059604 -0.065486 -0.068883
v -0.062803 -0.062242 -0.084248
v -0.043604 -0.062242 -0.084248
v -0.049604 -0.065486 -0.068883
v -0.043604 -0.066725 -0.063013
v -0.059604 -0.067551 -0.059099
v -0.059604 -0.067964 -0.057142
v -0.049604 -0.067964 -0.057142
v -0.043604 -0.068791 -0.053228
v -0.049604 -0.067551 -0.059099
v 0.060396 -0.065899 -0.066926
v 0.060396 -0.065486 -0.068883
v 0.050396 -0.065486 -0.068883
v 0.044396 -0.062242 -0.084248
v 0.050396 -0.065899 -0.066926
v 0.044396 -0.066725 -0.063013
v 0.044396 -0.068791 -0.053228
v 0.060396 -0.067964 -0.057142
v 0.060396 -0.067551 -0.059099
v 0.050396 -0.067551 -0.059099
v 0.050396 -0.067964 -0.057142
v 0.060396 -0.069617 -0.049315
v 0.050396 -0.069617 -0.049315
v 0.050396 -0.070030 -0.047358
v 0.044396 -0.070856 -0.043444
v 0.060396 -0.070030 -0.047358
v 0.044396 -0.072922 -0.033660
v 0.050396 -0.072096 -0.037573
v 0.050396 -0.071682 -0.039530
v 0.060396 -0.071682 -0.039530
v 0.060396 -0.072096 -0.037573
v 0.050396 -0.073748 -0.029746
v 0.060396 -0.073748 -0.029746
v 0.060396 -0.075814 -0.019962
v 0.060396 -0.076227 -0.018005
v 0.044396 -0.076999 -0.014346
v 0.050396 -0.076227 -0.018005
v 0.050396 -0.075814 -0.019962
v 0.043896 -0.076999 -0.014346
v 0.038396 -0.075814 -0.019962
v 0.028396 -0.075814 -0.019962
v 0.028396 -0.076227 -0.018005
v 0.038396 -0.076227 -0.018005
v 0.038396 -0.073748 -0.029746
v 0.028396 -0.073748 -0.029746
v 0.022396 -0.072922 -0.033660
v 0.028396 -0.074161 -0.027789
v 0.038396 -0.074161 -0.027789
v 0.038396 -0.072096 -0.037573
v 0.038396 -0.071682 -0.039530
v 0.028396 -0.071682 -0.039530
v 0.022396 -0.070856 -0.043444
v 0.028396 -0.072096 -0.037573
v 0.038396 -0.069617 -0.049315
v 0.028396 -0.069617 -0.049315
v 0.022396 -0.068791 -0.053228
v 0.028396 -0.070030 -0.047358
v 0.038396 -0.070030 -0.047358
v 0.028396 -0.067551 -0.059099
v 0.022396 -0.066725 -0.063013
v 0.028396 -0.067964 -0.057142
v 0.038396 -0.067964 -0.057142
v 0.038396 -0.067551 -0.059099
v 0.038396 -0.065899 -0.066926
v 0.038396 -0.065486 -0.068883
v 0.028396 -0.065486 -0.068883
v 0.022396 -0.062242 -0.084248
v 0.028396 -0.065899 -0.066926
v 0.016396 -0.073748 -0.029746
v 0.006396 -0.073748 -0.029746
v 0.000396 -0.072922 -0.033660
v 0.006396 -0.074161 -0.027789
v 0.016396 -0.074161 -0.027789
v 0.016396 -0.072096 -0.037573
v 0.016396 -0.071682 -0.039530
v 0.006396 -0.071682 -0.039530
v 0.000396 -0.070856 -0.043444
v 0.006396 -0.072096 -0.037573
v 0.016396 -0.069617 -0.049315
v 0.006396 -0.069617 -0.049315
v 0.000396 -0.068791 -0.053228
v 0.006396 -0.070030 -0.047358
v 0.016396 -0.070030 -0.047358
v 0.006396 -0.067551 -0.059099
v 0.000396 -0.066725 -0.063013
v 0.006396 -0.067964 -0.057142
v 0.016396 -0.067964 -0.057142
v 0.016396 -0.067551 -0.059099
v 0.016396 -0.065899 -0.066926
v 0.016396 -0.065486 -0.068883
v 0.006396 -0.065486 -0.068883
v 0.000396 -0.062242 -0.084248
v 0.006396 -0.065899 -0.066926
v -0.005604 -0.073748 -0.029746
v -0.015604 -0.073748 -0.029746
v -0.021604 -0.072922 -0.033660
v -0.015604 -0.074161 -0.027789
v -0.005604 -0.074161 -0.027789
v -0.005604 -0.072096 -0.037573
v -0.005604 -0.071682 -0.039530
v -0.015604 -0.071682 -0.039530
v -0.021604 -0.070856 -0.043444
v -0.015604 -0.072096 -0.037573
v -0.005604 -0.069617 -0.049315
v -0.015604 -0.069617 -0.049315
v -0.021604 -0.068791 -0.053228
v -0.015604 -0.070030 -0.047358
v -0.005604 -0.070030 -0.047358
v -0.015604 -0.067551 -0.059099
v -0.021604 -0.066725 -0.063013
v -0.015604 -0.067964 -0.057142
v -0.005604 -0.067964 -0.057142
v -0.005604 -0.067551 -0.059099
v -0.005604 -0.065899 -0.066926
v -0.005604 -0.065486 -0.068883
v -0.015604 -0.065486 -0.068883
v -0.021604 -0.062242 -0.084248
v -0.015604 -0.065899 -0.066926
v -0.027604 -0.073748 -0.029746
v -0.037604 -0.073748 -0.029746
v -0.043604 -0.072922 -0.033660
v -0.037604 -0.074161 -0.027789
v -0.027604 -0.074161 -0.027789
v -0.027604 -0.072096 -0.037573
v -0.027604 -0.071682 -0.039530
v -0.037604 -0.071682 -0.039530
v -0.043604 -0.070856 -0.043444
v -0.037604 -0.072096 -0.037573
v -0.027604 -0.069617 -0.049315
v -0.037604 -0.069617 -0.049315
v -0.037604 -0.070030 -0.047358
v -0.027604 -0.070030 -0.047358
v -0.037604 -0.067551 -0.059099
v -0.037604 -0.067964 -0.057142
v -0.027604 -0.067964 -0.057142
v -0.027604 -0.067551 -0.059099
v -0.027604 -0.065899 -0.066926
v -0.027604 -0.065486 -0.068883
v -0.037604 -0.065486 -0.068883
v -0.037604 -0.065899 -0.066926
v -0.049604 -0.073748 -0.029746
v -0.059604 -0.073748 -0.029746
v -0.059604 -0.074161 -0.027789
v -0.049604 -0.074161 -0.027789
v -0.049604 -0.072096 -0.037573
v -0.049604 -0.071682 -0.039530
v -0.059604 -0.071682 -0.039530
v -0.059604 -0.072096 -0.037573
v -0.049604 -0.069617 -0.049315
v -0.059604 -0.069617 -0.049315
v -0.059604 -0.070030 -0.047358
v -0.049604 -0.070030 -0.047358
v -0.066047 -0.049043 -0.068883
v -0.067286 -0.043043 -0.063013
v -0.077560 -0.006543 -0.014346
v -0.077463 -0.021043 -0.014808
v -0.077463 0.000957 -0.014808
v -0.077463 0.022957 -0.014808
v -0.077560 0.008457 -0.014346
v -0.077560 0.000957 -0.014346
v -0.077463 0.044957 -0.014808
v -0.077560 0.044457 -0.014346
v -0.077560 0.044957 -0.014346
v -0.077560 0.059457 -0.014346
v -0.077463 0.078816 -0.014808
v -0.075548 0.044957 -0.023875
v -0.076375 0.050957 -0.019962
v -0.076788 0.050957 -0.018005
v -0.076788 0.060957 -0.018005
v -0.076375 0.060957 -0.019962
v -0.075548 0.076902 -0.023875
v -0.074309 0.060957 -0.029746
v -0.074309 0.050957 -0.029746
v -0.073483 0.044957 -0.033660
v -0.074722 0.050957 -0.027789
v -0.074722 0.060957 -0.027789
v -0.073483 0.074837 -0.033660
v -0.072657 0.060957 -0.037573
v -0.071417 0.072771 -0.043444
v -0.072243 0.060957 -0.039530
v -0.071417 0.044957 -0.043444
v -0.072243 0.050957 -0.039530
v -0.072657 0.050957 -0.037573
v -0.070591 0.050957 -0.047358
v -0.070178 0.050957 -0.049315
v -0.069352 0.044957 -0.053228
v -0.070178 0.060957 -0.049315
v -0.069352 0.070705 -0.053228
v -0.070591 0.060957 -0.047358
v -0.066460 0.050957 -0.066926
v -0.066460 0.060957 -0.066926
v -0.067286 0.068640 -0.063013
v -0.066047 0.060957 -0.068883
v -0.066047 0.050957 -0.068883
v -0.067286 0.044957 -0.063013
v -0.068112 0.060957 -0.059099
v -0.068870 0.070224 -0.055507
v -0.068525 0.060957 -0.057142
v -0.068525 0.050957 -0.057142
v -0.068112 0.050957 -0.059099
v -0.066047 -0.059043 -0.068883
v -0.066460 -0.059043 -0.066926
v -0.066460 -0.049043 -0.066926
v -0.069352 -0.068310 -0.053228
v -0.068525 -0.059043 -0.057142
v -0.069352 -0.043043 -0.053228
v -0.068525 -0.049043 -0.057142
v -0.068112 -0.049043 -0.059099
v -0.068112 -0.059043 -0.059099
v -0.071417 -0.068310 -0.043444
v -0.073483 -0.068310 -0.033660
v -0.075548 -0.068310 -0.023875
v -0.077463 -0.068310 -0.014808
v -0.077560 -0.057543 -0.014346
v -0.077463 -0.043043 -0.014808
v -0.077560 -0.042543 -0.014346
v -0.077560 -0.043043 -0.014346
v -0.066047 0.038957 -0.068883
v -0.066460 0.038957 -0.066926
v -0.066460 0.028957 -0.066926
v -0.067286 0.022957 -0.063013
v -0.066047 0.028957 -0.068883
v -0.068525 0.038957 -0.057142
v -0.068525 0.028957 -0.057142
v -0.069352 0.022957 -0.053228
v -0.068112 0.028957 -0.059099
v -0.068112 0.038957 -0.059099
v -0.070591 0.028957 -0.047358
v -0.071417 0.022957 -0.043444
v -0.070178 0.028957 -0.049315
v -0.070178 0.038957 -0.049315
v -0.070591 0.038957 -0.047358
v -0.072657 0.038957 -0.037573
v -0.072657 0.028957 -0.037573
v -0.073483 0.022957 -0.033660
v -0.072243 0.028957 -0.039530
v -0.072243 0.038957 -0.039530
v -0.074722 0.038957 -0.027789
v -0.074722 0.028957 -0.027789
v -0.075548 0.022957 -0.023875
v -0.074309 0.028957 -0.029746
v -0.074309 0.038957 -0.029746
v -0.076788 0.038957 -0.018005
v -0.076788 0.028957 -0.018005
v -0.076375 0.028957 -0.019962
v -0.076375 0.038957 -0.019962
v -0.066047 0.016957 -0.068883
v -0.066460 0.016957 -0.066926
v -0.066460 0.006957 -0.066926
v -0.067286 0.000957 -0.063013
v -0.066047 0.006957 -0.068883
v -0.068525 0.016957 -0.057142
v -0.068525 0.006957 -0.057142
v -0.069352 0.000957 -0.053228
v -0.068112 0.006957 -0.059099
v -0.068112 0.016957 -0.059099
v -0.070591 0.006957 -0.047358
v -0.071417 0.000957 -0.043444
v -0.070178 0.006957 -0.049315
v -0.070178 0.016957 -0.049315
v -0.070591 0.016957 -0.047358
v -0.072657 0.016957 -0.037573
v -0.072657 0.006957 -0.037573
v -0.073483 0.000957 -0.033660
v -0.072243 0.006957 -0.039530
v -0.072243 0.016957 -0.039530
v -0.074722 0.016957 -0.027789
v -0.074722 0.006957 -0.027789
v -0.075548 0.000957 -0.023875
v -0.074309 0.006957 -0.029746
v -0.074309 0.016957 -0.029746
v -0.076788 0.016957 -0.018005
v -0.076788 0.006957 -0.018005
v -0.076375 0.006957 -0.019962
v -0.076375 0.016957 -0.019962
v -0.066047 -0.005043 -0.068883
v -0.066047 -0.015043 -0.068883
v -0.066460 -0.005043 -0.066926
v -0.066460 -0.015043 -0.066926
v -0.067286 -0.021043 -0.063013
v -0.068525 -0.005043 -0.057142
v -0.068525 -0.015043 -0.057142
v -0.069352 -0.021043 -0.053228
v -0.068112 -0.015043 -0.059099
v -0.068112 -0.005043 -0.059099
v -0.070591 -0.015043 -0.047358
v -0.071417 -0.021043 -0.043444
v -0.070178 -0.015043 -0.049315
v -0.070178 -0.005043 -0.049315
v -0.070591 -0.005043 -0.047358
v -0.072657 -0.005043 -0.037573
v -0.072657 -0.015043 -0.037573
v -0.073483 -0.021043 -0.033660
v -0.072243 -0.015043 -0.039530
v -0.072243 -0.005043 -0.039530
v -0.074722 -0.005043 -0.027789
v -0.074722 -0.015043 -0.027789
v -0.075548 -0.021043 -0.023875
v -0.074309 -0.015043 -0.029746
v -0.074309 -0.005043 -0.029746
v -0.076788 -0.005043 -0.018005
v -0.076788 -0.015043 -0.018005
v -0.076375 -0.015043 -0.019962
v -0.076375 -0.005043 -0.019962
v -0.066047 -0.027043 -0.068883
v -0.066047 -0.037043 -0.068883
v -0.066460 -0.037043 -0.066926
v -0.066460 -0.027043 -0.066926
v -0.068525 -0.027043 -0.057142
v -0.068525 -0.037043 -0.057142
v -0.068112 -0.037043 -0.059099
v -0.068112 -0.027043 -0.059099
v -0.070591 -0.037043 -0.047358
v -0.071417 -0.043043 -0.043444
v -0.070178 -0.037043 -0.049315
v -0.070178 -0.027043 -0.049315
v -0.070591 -0.027043 -0.047358
v -0.072657 -0.027043 -0.037573
v -0.072657 -0.037043 -0.037573
v -0.073483 -0.043043 -0.033660
v -0.072243 -0.037043 -0.039530
v -0.072243 -0.027043 -0.039530
v -0.074722 -0.037043 -0.027789
v -0.075548 -0.043043 -0.023875
v -0.074309 -0.037043 -0.029746
v -0.074309 -0.027043 -0.029746
v -0.074722 -0.027043 -0.027789
v -0.076788 -0.027043 -0.018005
v -0.076788 -0.037043 -0.018005
v -0.076375 -0.037043 -0.019962
v -0.076375 -0.027043 -0.019962
v -0.070591 -0.049043 -0.047358
v -0.070591 -0.059043 -0.047358
v -0.070178 -0.059043 -0.049315
v -0.070178 -0.049043 -0.049315
v -0.072657 -0.049043 -0.037573
v -0.072657 -0.059043 -0.037573
v -0.072243 -0.059043 -0.039530
v -0.072243 -0.049043 -0.039530
v -0.074722 -0.059043 -0.027789
v -0.074309 -0.059043 -0.029746
v -0.074309 -0.049043 -0.029746
v -0.074722 -0.049043 -0.027789
v -0.076788 -0.049043 -0.018005
v -0.076788 -0.059043 -0.018005
v -0.076375 -0.059043 -0.019962
v -0.076375 -0.049043 -0.019962
v -0.049604 0.067400 -0.068883
v -0.043604 0.068640 -0.063013
v 0.000396 0.078816 -0.014808
v 0.000396 0.078914 -0.014346
v -0.007104 0.078914 -0.014346
v -0.021604 0.078816 -0.014808
v 0.007896 0.078914 -0.014346
v 0.022396 0.078816 -0.014808
v 0.044396 0.078816 -0.014808
v 0.042896 0.078914 -0.014346
v 0.044396 0.078914 -0.014346
v 0.057896 0.078914 -0.014346
v 0.044396 0.076902 -0.023875
v 0.050396 0.077728 -0.019962
v 0.050396 0.078141 -0.018005
v 0.060396 0.078141 -0.018005
v 0.060396 0.077728 -0.019962
v 0.044396 0.074837 -0.033660
v 0.050396 0.075663 -0.029746
v 0.050396 0.076076 -0.027789
v 0.060396 0.076076 -0.027789
v 0.060396 0.075663 -0.029746
v 0.050396 0.074010 -0.037573
v 0.060396 0.074010 -0.037573
v 0.050396 0.073597 -0.039530
v 0.044396 0.072771 -0.043444
v 0.060396 0.073597 -0.039530
v 0.060396 0.071945 -0.047358
v 0.050396 0.071945 -0.047358
v 0.050396 0.071532 -0.049315
v 0.044396 0.070705 -0.053228
v 0.060396 0.071532 -0.049315
v 0.060396 0.069466 -0.059099
v 0.050396 0.069466 -0.059099
v 0.044396 0.068640 -0.063013
v 0.050396 0.069879 -0.057142
v 0.060396 0.069879 -0.057142
v 0.050396 0.067400 -0.068883
v 0.050396 0.067814 -0.066926
v -0.059604 0.067400 -0.068883
v -0.059604 0.067814 -0.066926
v -0.049604 0.067814 -0.066926
v -0.068870 0.070705 -0.053228
v -0.059604 0.069879 -0.057142
v -0.043604 0.070705 -0.053228
v -0.049604 0.069879 -0.057142
v -0.049604 0.069466 -0.059099
v -0.059604 0.069466 -0.059099
v -0.068870 0.072771 -0.043444
v -0.068870 0.074837 -0.033660
v -0.068870 0.076902 -0.023875
v -0.068870 0.078816 -0.014808
v -0.057104 0.078914 -0.014346
v -0.043604 0.078816 -0.014808
v -0.042104 0.078914 -0.014346
v -0.043604 0.078914 -0.014346
v 0.038396 0.067400 -0.068883
v 0.038396 0.067814 -0.066926
v 0.028396 0.067814 -0.066926
v 0.022396 0.068640 -0.063013
v 0.028396 0.067400 -0.068883
v 0.060396 0.067814 -0.066926
v 0.060396 0.067400 -0.068883
v 0.038396 0.069879 -0.057142
v 0.028396 0.069879 -0.057142
v 0.022396 0.070705 -0.053228
v 0.028396 0.069466 -0.059099
v 0.038396 0.069466 -0.059099
v 0.038396 0.071945 -0.047358
v 0.028396 0.071945 -0.047358
v 0.022396 0.072771 -0.043444
v 0.028396 0.071532 -0.049315
v 0.038396 0.071532 -0.049315
v 0.038396 0.074010 -0.037573
v 0.028396 0.074010 -0.037573
v 0.022396 0.074837 -0.033660
v 0.028396 0.073597 -0.039530
v 0.038396 0.073597 -0.039530
v 0.038396 0.076076 -0.027789
v 0.028396 0.076076 -0.027789
v 0.022396 0.076902 -0.023875
v 0.028396 0.075663 -0.029746
v 0.038396 0.075663 -0.029746
v 0.038396 0.078141 -0.018005
v 0.028396 0.078141 -0.018005
v 0.028396 0.077728 -0.019962
v 0.038396 0.077728 -0.019962
v 0.016396 0.067400 -0.068883
v 0.016396 0.067814 -0.066926
v 0.006396 0.067814 -0.066926
v 0.000396 0.068640 -0.063013
v 0.006396 0.067400 -0.068883
v 0.016396 0.069879 -0.057142
v 0.006396 0.069879 -0.057142
v 0.000396 0.070705 -0.053228
v 0.006396 0.069466 -0.059099
v 0.016396 0.069466 -0.059099
v 0.016396 0.071945 -0.047358
v 0.006396 0.071945 -0.047358
v 0.000396 0.072771 -0.043444
v 0.006396 0.071532 -0.049315
v 0.016396 0.071532 -0.049315
v 0.016396 0.074010 -0.037573
v 0.006396 0.074010 -0.037573
v 0.000396 0.074837 -0.033660
v 0.006396 0.073597 -0.039530
v 0.016396 0.073597 -0.039530
v 0.016396 0.076076 -0.027789
v 0.006396 0.076076 -0.027789
v 0.000396 0.076902 -0.023875
v 0.006396 0.075663 -0.029746
v 0.016396 0.075663 -0.029746
v 0.016396 0.078141 -0.018005
v 0.006396 0.078141 -0.018005
v 0.006396 0.077728 -0.019962
v 0.016396 0.077728 -0.019962
v -0.005604 0.067400 -0.068883
v -0.015604 0.067400 -0.068883
v -0.005604 0.067814 -0.066926
v -0.015604 0.067814 -0.066926
v -0.021604 0.068640 -0.063013
v -0.005604 0.069879 -0.057142
v -0.015604 0.069879 -0.057142
v -0.021604 0.070705 -0.053228
v -0.015604 0.069466 -0.059099
v -0.005604 0.069466 -0.059099
v -0.005604 0.071945 -0.047358
v -0.015604 0.071945 -0.047358
v -0.021604 0.072771 -0.043444
v -0.015604 0.071532 -0.049315
v -0.005604 0.071532 -0.049315
v -0.005604 0.074010 -0.037573
v -0.015604 0.074010 -0.037573
v -0.021604 0.074837 -0.033660
v -0.015604 0.073597 -0.039530
v -0.005604 0.073597 -0.039530
v -0.005604 0.076076 -0.027789
v -0.015604 0.076076 -0.027789
v -0.021604 0.076902 -0.023875
v -0.015604 0.075663 -0.029746
v -0.005604 0.075663 -0.029746
v -0.005604 0.078141 -0.018005
v -0.015604 0.078141 -0.018005
v -0.015604 0.077728 -0.019962
v -0.005604 0.077728 -0.019962
v -0.027604 0.067400 -0.068883
v -0.037604 0.067400 -0.068883
v -0.037604 0.067814 -0.066926
v -0.027604 0.067814 -0.066926
v -0.027604 0.069879 -0.057142
v -0.037604 0.069879 -0.057142
v -0.037604 0.069466 -0.059099
v -0.027604 0.069466 -0.059099
v -0.027604 0.071945 -0.047358
v -0.037604 0.071945 -0.047358
v -0.043604 0.072771 -0.043444
v -0.037604 0.071532 -0.049315
v -0.027604 0.071532 -0.049315
v -0.027604 0.074010 -0.037573
v -0.037604 0.074010 -0.037573
v -0.043604 0.074837 -0.033660
v -0.037604 0.073597 -0.039530
v -0.027604 0.073597 -0.039530
v -0.027604 0.076076 -0.027789
v -0.037604 0.076076 -0.027789
v -0.043604 0.076902 -0.023875
v -0.037604 0.075663 -0.029746
v -0.027604 0.075663 -0.029746
v -0.027604 0.078141 -0.018005
v -0.037604 0.078141 -0.018005
v -0.037604 0.077728 -0.019962
v -0.027604 0.077728 -0.019962
v -0.049604 0.071945 -0.047358
v -0.059604 0.071945 -0.047358
v -0.059604 0.071532 -0.049315
v -0.049604 0.071532 -0.049315
v -0.049604 0.074010 -0.037573
v -0.059604 0.074010 -0.037573
v -0.059604 0.073597 -0.039530
v -0.049604 0.073597 -0.039530
v -0.049604 0.076076 -0.027789
v -0.059604 0.076076 -0.027789
v -0.059604 0.075663 -0.029746
v -0.049604 0.075663 -0.029746
v -0.049604 0.078141 -0.018005
v -0.059604 0.078141 -0.018005
v -0.059604 0.077728 -0.019962
v -0.049604 0.077728 -0.019962
v -0.043104 -0.080043 -0.007491
v 0.058896 -0.080043 -0.007491
v 0.043896 -0.080043 -0.007491
v -0.007104 -0.080043 -0.007491
v -0.058104 -0.080043 -0.007491
v 0.007896 -0.080043 -0.007491
v 0.007896 0.081957 -0.007491
v 0.057896 0.081957 -0.007491
v 0.042896 0.081957 -0.007491
v -0.042104 0.081957 -0.007491
v -0.057104 0.081957 -0.007491
v -0.007104 0.081957 -0.007491
v -0.080604 0.008457 -0.007491
v -0.080604 -0.057543 -0.007491
v -0.080604 -0.042543 -0.007491
v -0.080604 0.059457 -0.007491
v -0.080604 0.044457 -0.007491
v -0.080604 -0.006543 -0.007491
v 0.050396 -0.023249 -0.008865
v 0.050396 -0.028090 -0.007842
v -0.049604 0.020322 -0.007842
v -0.049604 0.025164 -0.008865
v 0.038376 -0.039778 -0.010310
v 0.038279 -0.039416 -0.010233
v 0.038376 -0.038307 -0.009999
v 0.038279 -0.038669 -0.010076
v 0.038246 -0.039043 -0.010155
v -0.037583 -0.039778 -0.010310
v -0.037486 -0.039416 -0.010233
v -0.037454 -0.039043 -0.010155
v -0.037583 -0.038307 -0.009999
v -0.037486 -0.038669 -0.010076
v 0.016396 -0.052455 -0.002699
v 0.006396 -0.052527 -0.002684
v 0.038396 -0.052295 -0.002732
v 0.028396 -0.052368 -0.002717
v -0.049604 0.014493 -0.006612
v -0.049604 0.024176 -0.006612
v 0.050396 -0.024237 -0.006612
v 0.050396 -0.033919 -0.006612
v 0.038396 0.058036 -0.010101
v 0.028396 0.058036 -0.010101
v 0.016396 0.058036 -0.010101
v 0.006396 0.058036 -0.010101
v -0.049604 0.058036 -0.010101
v -0.059604 0.058036 -0.010101
v -0.027604 0.058036 -0.010101
v -0.037604 0.058036 -0.010101
v -0.005604 0.058036 -0.010101
v -0.015604 0.058036 -0.010101
v 0.060396 0.058036 -0.010101
v 0.050396 0.058036 -0.010101
v 0.053831 0.003957 -0.004388
v 0.053755 0.014493 -0.006612
v 0.053684 0.024176 -0.006612
v -0.053371 -0.033919 -0.006612
v -0.053471 -0.046960 -0.003859
v -0.053297 -0.024237 -0.006612
v -0.053471 -0.046960 -0.001815
v -0.053000 0.014493 -0.006612
v -0.053081 0.003957 -0.004388
v -0.052926 0.024176 -0.006612
v 0.038376 0.041693 -0.010310
v 0.038279 0.041331 -0.010233
v 0.038246 0.040957 -0.010155
v 0.038376 0.040222 -0.009999
v 0.038279 0.040584 -0.010076
v -0.037583 0.041693 -0.010310
v -0.037486 0.041331 -0.010233
v -0.037583 0.040222 -0.009999
v -0.037486 0.040584 -0.010076
v -0.037454 0.040957 -0.010155
v 0.054194 -0.046181 -0.004023
v 0.054105 -0.033919 -0.006612
v 0.054035 -0.024237 -0.006612
v 0.054194 -0.046181 -0.001979
v -0.027604 -0.064362 -0.010405
v -0.027604 -0.063949 -0.008449
v -0.037604 -0.063949 -0.008449
v -0.037604 -0.064362 -0.010405
v -0.005604 -0.064362 -0.010405
v -0.005604 -0.063949 -0.008449
v -0.015604 -0.063949 -0.008449
v -0.015604 -0.064362 -0.010405
v 0.060396 -0.064362 -0.010405
v 0.060396 -0.063949 -0.008449
v 0.050396 -0.063949 -0.008449
v 0.050396 -0.064362 -0.010405
v 0.038396 -0.064362 -0.010405
v 0.038396 -0.063949 -0.008449
v 0.028396 -0.063949 -0.008449
v 0.028396 -0.064362 -0.010405
v 0.016396 -0.064362 -0.010405
v 0.016396 -0.063949 -0.008449
v 0.006396 -0.063949 -0.008449
v 0.006396 -0.064362 -0.010405
v -0.049604 -0.064362 -0.010405
v -0.049604 -0.063949 -0.008449
v -0.059604 -0.063949 -0.008449
v -0.059604 -0.064362 -0.010405
v -0.037440 -0.037495 -0.011612
v -0.037440 -0.043923 -0.011612
v -0.036940 -0.038209 -0.011612
v -0.036572 -0.042419 -0.011612
v -0.036346 -0.041578 -0.011612
v -0.036572 -0.038999 -0.011612
v -0.036270 -0.040709 -0.011612
v -0.036346 -0.039841 -0.011612
v -0.036940 -0.043209 -0.011612
v -0.041270 -0.035709 -0.098612
v -0.041270 -0.045709 -0.098612
v -0.041770 -0.045684 -0.098612
v -0.041770 -0.035734 -0.098612
v -0.040402 -0.035785 -0.094612
v -0.039560 -0.036011 -0.094612
v -0.038770 -0.036379 -0.094612
v -0.038056 -0.036879 -0.094612
v -0.037440 -0.037495 -0.094612
v -0.036940 -0.043209 -0.094612
v -0.036572 -0.042419 -0.094612
v -0.036346 -0.041578 -0.094612
v -0.036270 -0.040709 -0.094612
v -0.036346 -0.039841 -0.094612
v -0.036572 -0.038999 -0.094612
v -0.036940 -0.038209 -0.094612
v -0.038056 -0.044540 -0.094612
v -0.037440 -0.043923 -0.094612
v -0.040402 -0.045633 -0.094612
v -0.039560 -0.045408 -0.094612
v -0.038770 -0.045039 -0.094612
v -0.040300 -0.043495 -0.094612
v -0.038410 -0.041431 -0.094612
v -0.038567 -0.041890 -0.094612
v -0.038797 -0.042318 -0.094612
v -0.039095 -0.042702 -0.094612
v -0.039451 -0.043031 -0.094612
v -0.039856 -0.043298 -0.094612
v -0.038330 -0.040952 -0.094612
v -0.038330 -0.040467 -0.094612
v -0.038410 -0.039988 -0.094612
v -0.038567 -0.039528 -0.094612
v -0.038797 -0.039101 -0.094612
v -0.039095 -0.038717 -0.094612
v -0.039451 -0.038387 -0.094612
v -0.039856 -0.038120 -0.094612
v -0.040300 -0.037923 -0.094612
v 0.038233 -0.043923 -0.011612
v 0.038233 -0.037495 -0.011612
v 0.037733 -0.043209 -0.011612
v 0.037365 -0.038999 -0.011612
v 0.037139 -0.039841 -0.011612
v 0.037365 -0.042419 -0.011612
v 0.037063 -0.040709 -0.011612
v 0.037139 -0.041578 -0.011612
v 0.037733 -0.038209 -0.011612
v 0.042931 -0.035785 -0.094612
v 0.042563 -0.035734 -0.094612
v 0.042063 -0.035709 -0.094612
v 0.043773 -0.045408 -0.094612
v 0.044563 -0.045039 -0.094612
v 0.045277 -0.044540 -0.094612
v 0.045893 -0.043923 -0.094612
v 0.046393 -0.043209 -0.094612
v 0.046761 -0.042419 -0.094612
v 0.046987 -0.041578 -0.094612
v 0.047063 -0.040709 -0.094612
v 0.046987 -0.039841 -0.094612
v 0.046761 -0.038999 -0.094612
v 0.046393 -0.038209 -0.094612
v 0.045893 -0.037495 -0.094612
v 0.045277 -0.036879 -0.094612
v 0.044563 -0.036379 -0.094612
v 0.043773 -0.036011 -0.094612
v 0.042063 -0.045709 -0.094612
v 0.042563 -0.045685 -0.094612
v 0.042931 -0.045633 -0.094612
v 0.042563 -0.043617 -0.094612
v 0.043033 -0.043495 -0.094612
v 0.044923 -0.041431 -0.094612
v 0.044766 -0.041890 -0.094612
v 0.044536 -0.042318 -0.094612
v 0.044238 -0.042702 -0.094612
v 0.043882 -0.043031 -0.094612
v 0.043477 -0.043298 -0.094612
v 0.045003 -0.040952 -0.094612
v 0.045003 -0.040467 -0.094612
v 0.044923 -0.039988 -0.094612
v 0.044766 -0.039528 -0.094612
v 0.044536 -0.039101 -0.094612
v 0.044238 -0.038717 -0.094612
v 0.043882 -0.038387 -0.094612
v 0.043477 -0.038120 -0.094612
v 0.043033 -0.037923 -0.094612
v 0.042563 -0.037802 -0.094612
v 0.038233 0.039410 -0.011612
v 0.038233 0.045838 -0.011612
v 0.037733 0.040124 -0.011612
v 0.037365 0.044334 -0.011612
v 0.037139 0.043492 -0.011612
v 0.037365 0.040914 -0.011612
v 0.037063 0.042624 -0.011612
v 0.037139 0.041756 -0.011612
v 0.037733 0.045124 -0.011612
v 0.042931 0.047548 -0.094612
v 0.042563 0.047599 -0.094612
v 0.042063 0.047624 -0.094612
v 0.043773 0.037926 -0.094612
v 0.044563 0.038294 -0.094612
v 0.045277 0.038794 -0.094612
v 0.045893 0.039410 -0.094612
v 0.046393 0.040124 -0.094612
v 0.046761 0.040914 -0.094612
v 0.046987 0.041756 -0.094612
v 0.047063 0.042624 -0.094612
v 0.046987 0.043492 -0.094612
v 0.046761 0.044334 -0.094612
v 0.046393 0.045124 -0.094612
v 0.045893 0.045838 -0.094612
v 0.045277 0.046454 -0.094612
v 0.044563 0.046954 -0.094612
v 0.043773 0.047322 -0.094612
v 0.042063 0.037624 -0.094612
v 0.042563 0.037649 -0.094612
v 0.042931 0.037700 -0.094612
v 0.042563 0.039717 -0.094612
v 0.043033 0.039838 -0.094612
v 0.044923 0.041902 -0.094612
v 0.044766 0.041443 -0.094612
v 0.044536 0.041016 -0.094612
v 0.044238 0.040632 -0.094612
v 0.043882 0.040302 -0.094612
v 0.043477 0.040035 -0.094612
v 0.045003 0.042381 -0.094612
v 0.045003 0.042867 -0.094612
v 0.044923 0.043346 -0.094612
v 0.044766 0.043805 -0.094612
v 0.044536 0.044232 -0.094612
v 0.044238 0.044616 -0.094612
v 0.043882 0.044946 -0.094612
v 0.043477 0.045213 -0.094612
v 0.043033 0.045410 -0.094612
v 0.042563 0.045531 -0.094612
v -0.036940 0.045124 -0.011612
v -0.037440 0.045838 -0.011612
v -0.037440 0.039410 -0.011612
v -0.036572 0.040914 -0.011612
v -0.036346 0.041756 -0.011612
v -0.036572 0.044334 -0.011612
v -0.036270 0.042624 -0.011612
v -0.036346 0.043492 -0.011612
v -0.036940 0.040124 -0.011612
v -0.041270 0.047624 -0.098612
v -0.041270 0.037624 -0.098612
v -0.041770 0.037649 -0.098612
v -0.041770 0.047599 -0.098612
v -0.040402 0.047548 -0.094612
v -0.039560 0.047322 -0.094612
v -0.038770 0.046954 -0.094612
v -0.038056 0.046454 -0.094612
v -0.037440 0.045838 -0.094612
v -0.036940 0.040124 -0.094612
v -0.036572 0.040914 -0.094612
v -0.036346 0.041756 -0.094612
v -0.036270 0.042624 -0.094612
v -0.036346 0.043492 -0.094612
v -0.036572 0.044334 -0.094612
v -0.036940 0.045124 -0.094612
v -0.038056 0.038794 -0.094612
v -0.037440 0.039410 -0.094612
v -0.040402 0.037700 -0.094612
v -0.039560 0.037926 -0.094612
v -0.038770 0.038294 -0.094612
v -0.040300 0.039838 -0.094612
v -0.038410 0.041902 -0.094612
v -0.038567 0.041443 -0.094612
v -0.038797 0.041016 -0.094612
v -0.039095 0.040632 -0.094612
v -0.039451 0.040302 -0.094612
v -0.039856 0.040035 -0.094612
v -0.038330 0.042381 -0.094612
v -0.038330 0.042867 -0.094612
v -0.038410 0.043346 -0.094612
v -0.038567 0.043805 -0.094612
v -0.038797 0.044232 -0.094612
v -0.039095 0.044616 -0.094612
v -0.039451 0.044946 -0.094612
v -0.039856 0.045213 -0.094612
v -0.040300 0.045410 -0.094612
v -0.040300 0.045410 -0.098612
v -0.039856 0.045213 -0.098612
v -0.039451 0.044946 -0.098612
v -0.039095 0.044616 -0.098612
v -0.038797 0.044232 -0.098612
v -0.038567 0.043805 -0.098612
v -0.038410 0.043346 -0.098612
v -0.038330 0.042867 -0.098612
v -0.038330 0.042381 -0.098612
v -0.038410 0.041902 -0.098612
v -0.038567 0.041443 -0.098612
v -0.038797 0.041016 -0.098612
v -0.039095 0.040632 -0.098612
v -0.039451 0.040302 -0.098612
v -0.039856 0.040035 -0.098612
v -0.040300 0.039838 -0.098612
v -0.041770 0.039717 -0.098612
v -0.042240 0.039838 -0.098612
v -0.042684 0.040035 -0.098612
v -0.043090 0.040302 -0.098612
v -0.043446 0.040632 -0.098612
v -0.043743 0.041016 -0.098612
v -0.043974 0.041443 -0.098612
v -0.044131 0.041902 -0.098612
v -0.044210 0.042381 -0.098612
v -0.044210 0.042867 -0.098612
v -0.044131 0.043346 -0.098612
v -0.043974 0.043805 -0.098612
v -0.043743 0.044232 -0.098612
v -0.043446 0.044616 -0.098612
v -0.043090 0.044946 -0.098612
v -0.042684 0.045213 -0.098612
v -0.042240 0.045410 -0.098612
v -0.041770 0.045531 -0.098612
v 0.042563 0.045531 -0.098612
v 0.043033 0.045410 -0.098612
v 0.043477 0.045213 -0.098612
v 0.043882 0.044946 -0.098612
v 0.044238 0.044616 -0.098612
v 0.044536 0.044232 -0.098612
v 0.044766 0.043805 -0.098612
v 0.044923 0.043346 -0.098612
v 0.045003 0.042867 -0.098612
v 0.045003 0.042381 -0.098612
v 0.044923 0.041902 -0.098612
v 0.044766 0.041443 -0.098612
v 0.044536 0.041016 -0.098612
v 0.044238 0.040632 -0.098612
v 0.043882 0.040302 -0.098612
v 0.043477 0.040035 -0.098612
v 0.043033 0.039838 -0.098612
v 0.042563 0.039717 -0.098612
v 0.042563 0.037649 -0.098612
v 0.042063 0.037624 -0.098612
v 0.041093 0.039838 -0.098612
v 0.040649 0.040035 -0.098612
v 0.040243 0.040302 -0.098612
v 0.039887 0.040632 -0.098612
v 0.039590 0.041016 -0.098612
v 0.039359 0.041443 -0.098612
v 0.039202 0.041902 -0.098612
v 0.039123 0.042381 -0.098612
v 0.039123 0.042867 -0.098612
v 0.039202 0.043346 -0.098612
v 0.039359 0.043805 -0.098612
v 0.039590 0.044232 -0.098612
v 0.039887 0.044616 -0.098612
v 0.040243 0.044946 -0.098612
v 0.040649 0.045213 -0.098612
v 0.041093 0.045410 -0.098612
v 0.042063 0.047624 -0.098612
v 0.042563 0.047599 -0.098612
v 0.042563 -0.037802 -0.098612
v 0.043033 -0.037923 -0.098612
v 0.043477 -0.038120 -0.098612
v 0.043882 -0.038387 -0.098612
v 0.044238 -0.038717 -0.098612
v 0.044536 -0.039101 -0.098612
v 0.044766 -0.039528 -0.098612
v 0.044923 -0.039988 -0.098612
v 0.045003 -0.040467 -0.098612
v 0.045003 -0.040952 -0.098612
v 0.044923 -0.041431 -0.098612
v 0.044766 -0.041890 -0.098612
v 0.044536 -0.042318 -0.098612
v 0.044238 -0.042702 -0.098612
v 0.043882 -0.043031 -0.098612
v 0.043477 -0.043298 -0.098612
v 0.043033 -0.043495 -0.098612
v 0.042563 -0.043617 -0.098612
v 0.042563 -0.045684 -0.098612
v 0.042063 -0.045709 -0.098612
v 0.041093 -0.043495 -0.098612
v 0.040649 -0.043298 -0.098612
v 0.040243 -0.043031 -0.098612
v 0.039887 -0.042702 -0.098612
v 0.039590 -0.042318 -0.098612
v 0.039359 -0.041890 -0.098612
v 0.039202 -0.041431 -0.098612
v 0.039123 -0.040952 -0.098612
v 0.039123 -0.040467 -0.098612
v 0.039202 -0.039988 -0.098612
v 0.039359 -0.039528 -0.098612
v 0.039590 -0.039101 -0.098612
v 0.039887 -0.038717 -0.098612
v 0.040243 -0.038387 -0.098612
v 0.040649 -0.038120 -0.098612
v 0.041093 -0.037923 -0.098612
v 0.042063 -0.035709 -0.098612
v 0.042563 -0.035734 -0.098612
v -0.040300 -0.037923 -0.098612
v -0.039856 -0.038120 -0.098612
v -0.039451 -0.038387 -0.098612
v -0.039095 -0.038717 -0.098612
v -0.038797 -0.039101 -0.098612
v -0.038567 -0.039528 -0.098612
v -0.038410 -0.039988 -0.098612
v -0.038330 -0.040467 -0.098612
v -0.038330 -0.040952 -0.098612
v -0.038410 -0.041431 -0.098612
v -0.038567 -0.041890 -0.098612
v -0.038797 -0.042318 -0.098612
v -0.039095 -0.042702 -0.098612
v -0.039451 -0.043031 -0.098612
v -0.039856 -0.043298 -0.098612
v -0.040300 -0.043495 -0.098612
v -0.041770 -0.043617 -0.098612
v -0.042240 -0.043495 -0.098612
v -0.042684 -0.043298 -0.098612
v -0.043090 -0.043031 -0.098612
v -0.043446 -0.042702 -0.098612
v -0.043743 -0.042318 -0.098612
v -0.043974 -0.041890 -0.098612
v -0.044131 -0.041431 -0.098612
v -0.044210 -0.040952 -0.098612
v -0.044210 -0.040467 -0.098612
v -0.044131 -0.039988 -0.098612
v -0.043974 -0.039528 -0.098612
v -0.043743 -0.039101 -0.098612
v -0.043446 -0.038717 -0.098612
v -0.043090 -0.038387 -0.098612
v -0.042684 -0.038120 -0.098612
v -0.042240 -0.037923 -0.098612
v -0.041770 -0.037802 -0.098612
v 0.041513 0.037649 -0.097612
v 0.041063 0.037649 -0.095812
v 0.041063 0.037649 -0.095612
v 0.041063 0.039149 -0.095612
v 0.041063 0.039149 -0.095812
v 0.041513 0.039149 -0.097612
v 0.041513 0.046099 -0.097612
v 0.041513 0.047599 -0.097612
v 0.041063 0.046099 -0.095812
v 0.041063 0.046099 -0.095612
v 0.041063 0.047599 -0.095612
v 0.041063 0.047599 -0.095812
v -0.040770 -0.045709 -0.097612
v -0.040770 -0.045709 -0.095612
v -0.040270 -0.045709 -0.095612
v -0.040270 -0.045709 -0.095812
v -0.040670 -0.045709 -0.097612
v -0.040670 -0.044209 -0.097612
v -0.040270 -0.044209 -0.095812
v -0.040270 -0.044209 -0.095612
v -0.040770 -0.035709 -0.095695
v -0.040770 -0.035709 -0.097695
v -0.040270 -0.037209 -0.095695
v -0.040270 -0.037209 -0.095895
v -0.040670 -0.037209 -0.097695
v -0.040670 -0.035709 -0.097695
v -0.040270 -0.035709 -0.095895
v -0.040270 -0.035709 -0.095695
v 0.070618 -0.002043 -0.006612
v 0.070618 0.003957 -0.006612
v 0.075618 0.003957 -0.001712
v 0.075618 -0.002043 -0.001712
v 0.070618 -0.046062 -0.006612
v 0.070618 -0.052062 -0.006612
v 0.070618 0.047919 -0.006612
v 0.070618 0.053919 -0.006612
v 0.075564 0.053881 -0.001658
v 0.003396 0.071179 -0.006612
v -0.002604 0.071179 -0.006612
v 0.047344 0.071179 -0.006612
v 0.053344 0.071179 -0.006612
v -0.046565 0.071179 -0.006612
v -0.052565 0.071179 -0.006612
v -0.069825 0.048996 -0.006612
v -0.069825 0.054996 -0.006612
v -0.074758 0.049033 -0.001645
v -0.069825 -0.002043 -0.006612
v -0.069825 0.003957 -0.006612
v -0.064847 -0.047043 -0.001634
v -0.047642 -0.069264 -0.006612
v -0.053642 -0.069264 -0.006612
v -0.002604 -0.069264 -0.006612
v 0.003396 -0.069264 -0.006612
v 0.003396 -0.074175 -0.001622
v -0.002604 -0.074175 -0.001622
v 0.048361 -0.069264 -0.006612
v 0.054361 -0.069264 -0.006612
v 0.054397 -0.074198 -0.001646
v 0.048397 -0.074241 -0.001689
v 0.038534 0.042032 -0.001637
v 0.038534 0.042032 -0.011320
v 0.038376 0.041693 -0.001637
v 0.038279 0.041331 -0.001637
v 0.038246 0.040957 -0.001637
v 0.038279 0.040584 -0.001637
v 0.038376 0.040222 -0.001637
v 0.038534 0.039882 -0.011320
v 0.038534 0.039882 -0.001637
v 0.038749 0.042339 -0.001637
v 0.038749 0.042339 -0.011320
v 0.039014 0.042604 -0.001637
v 0.039014 0.042604 -0.011320
v 0.039321 0.042819 -0.001637
v 0.039321 0.042819 -0.011320
v 0.039661 0.042978 -0.001637
v 0.039661 0.042978 -0.011320
v 0.040023 0.043075 -0.001637
v 0.040023 0.043075 -0.011320
v 0.040396 0.043107 -0.001637
v 0.040396 0.043107 -0.011320
v 0.040770 0.043075 -0.001637
v 0.040770 0.043075 -0.011320
v 0.041132 0.042978 -0.001637
v 0.041132 0.042978 -0.011320
v 0.041471 0.042819 -0.001637
v 0.041471 0.042819 -0.011320
v 0.041778 0.042604 -0.001637
v 0.041778 0.042604 -0.011320
v 0.042043 0.042339 -0.001637
v 0.042043 0.042339 -0.011320
v 0.042258 0.042032 -0.001637
v 0.042258 0.042032 -0.011320
v 0.042417 0.041693 -0.001637
v 0.042417 0.041693 -0.011320
v 0.042514 0.041331 -0.001637
v 0.042514 0.041331 -0.011320
v 0.042546 0.040957 -0.001637
v 0.042546 0.040957 -0.011320
v 0.042514 0.040584 -0.001637
v 0.042514 0.040584 -0.011320
v 0.042417 0.040222 -0.001637
v 0.042417 0.040222 -0.011320
v 0.042258 0.039882 -0.001637
v 0.042258 0.039882 -0.011320
v 0.042043 0.039575 -0.001637
v 0.042043 0.039575 -0.011320
v 0.041778 0.039310 -0.001637
v 0.041778 0.039310 -0.011320
v 0.041471 0.039095 -0.001637
v 0.041471 0.039095 -0.011320
v 0.041132 0.038937 -0.001637
v 0.041132 0.038937 -0.011320
v 0.040770 0.038840 -0.001637
v 0.040770 0.038840 -0.011320
v 0.040396 0.038807 -0.001637
v 0.040396 0.038807 -0.011320
v 0.040023 0.038840 -0.001637
v 0.040023 0.038840 -0.011320
v 0.039661 0.038937 -0.001637
v 0.039661 0.038937 -0.011320
v 0.039321 0.039095 -0.001637
v 0.039321 0.039095 -0.011320
v 0.039014 0.039310 -0.001637
v 0.039014 0.039310 -0.011320
v 0.038749 0.039575 -0.001637
v 0.038749 0.039575 -0.011320
v 0.040396 0.040957 -0.012612
v -0.037742 -0.040118 -0.001637
v -0.037742 -0.040118 -0.011320
v -0.037742 -0.037968 -0.011320
v -0.037742 -0.037968 -0.001637
v -0.037583 -0.038307 -0.001637
v -0.037486 -0.038669 -0.001637
v -0.037454 -0.039043 -0.001637
v -0.037486 -0.039416 -0.001637
v -0.037583 -0.039778 -0.001637
v -0.037957 -0.040425 -0.001637
v -0.037957 -0.040425 -0.011320
v -0.038222 -0.040690 -0.001637
v -0.038222 -0.040690 -0.011320
v -0.038529 -0.040905 -0.001637
v -0.038529 -0.040905 -0.011320
v -0.038868 -0.041063 -0.001637
v -0.038868 -0.041063 -0.011320
v -0.039230 -0.041160 -0.001637
v -0.039230 -0.041160 -0.011320
v -0.039604 -0.041193 -0.001637
v -0.039604 -0.041193 -0.011320
v -0.039977 -0.041160 -0.001637
v -0.039977 -0.041160 -0.011320
v -0.040339 -0.041063 -0.001637
v -0.040339 -0.041063 -0.011320
v -0.040679 -0.040905 -0.001637
v -0.040679 -0.040905 -0.011320
v -0.040986 -0.040690 -0.001637
v -0.040986 -0.040690 -0.011320
v -0.041251 -0.040425 -0.001637
v -0.041251 -0.040425 -0.011320
v -0.041466 -0.040118 -0.001637
v -0.041466 -0.040118 -0.011320
v -0.041624 -0.039778 -0.001637
v -0.041624 -0.039778 -0.011320
v -0.041721 -0.039416 -0.001637
v -0.041721 -0.039416 -0.011320
v -0.041754 -0.039043 -0.001637
v -0.041754 -0.039043 -0.011320
v -0.041721 -0.038669 -0.001637
v -0.041721 -0.038669 -0.011320
v -0.041624 -0.038307 -0.001637
v -0.041624 -0.038307 -0.011320
v -0.041466 -0.037968 -0.001637
v -0.041466 -0.037968 -0.011320
v -0.041251 -0.037661 -0.001637
v -0.041251 -0.037661 -0.011320
v -0.040986 -0.037396 -0.001637
v -0.040986 -0.037396 -0.011320
v -0.040679 -0.037181 -0.001637
v -0.040679 -0.037181 -0.011320
v -0.040339 -0.037022 -0.001637
v -0.040339 -0.037022 -0.011320
v -0.039977 -0.036925 -0.001637
v -0.039977 -0.036925 -0.011320
v -0.039604 -0.036893 -0.001637
v -0.039604 -0.036893 -0.011320
v -0.039230 -0.036925 -0.001637
v -0.039230 -0.036925 -0.011320
v -0.038868 -0.037022 -0.001637
v -0.038868 -0.037022 -0.011320
v -0.038529 -0.037181 -0.001637
v -0.038529 -0.037181 -0.011320
v -0.038222 -0.037396 -0.001637
v -0.038222 -0.037396 -0.011320
v -0.037957 -0.037661 -0.001637
v -0.037957 -0.037661 -0.011320
v -0.039604 -0.039043 -0.012612
v -0.037742 0.039882 -0.001637
v -0.037742 0.039882 -0.011320
v -0.037583 0.040222 -0.001637
v -0.037486 0.040584 -0.001637
v -0.037454 0.040957 -0.001637
v -0.037486 0.041331 -0.001637
v -0.037583 0.041693 -0.001637
v -0.037742 0.042032 -0.001637
v -0.037742 0.042032 -0.011320
v -0.037957 0.042339 -0.011320
v -0.037957 0.042339 -0.001637
v -0.038222 0.042604 -0.011320
v -0.038222 0.042604 -0.001637
v -0.038529 0.042819 -0.011320
v -0.038529 0.042819 -0.001637
v -0.038868 0.042978 -0.011320
v -0.038868 0.042978 -0.001637
v -0.039230 0.043075 -0.011320
v -0.039230 0.043075 -0.001637
v -0.039604 0.043107 -0.011320
v -0.039604 0.043107 -0.001637
v -0.039977 0.043075 -0.011320
v -0.039977 0.043075 -0.001637
v -0.040339 0.042978 -0.011320
v -0.040339 0.042978 -0.001637
v -0.040679 0.042819 -0.011320
v -0.040679 0.042819 -0.001637
v -0.040986 0.042604 -0.011320
v -0.040986 0.042604 -0.001637
v -0.041251 0.042339 -0.011320
v -0.041251 0.042339 -0.001637
v -0.041466 0.042032 -0.011320
v -0.041466 0.042032 -0.001637
v -0.041624 0.041693 -0.011320
v -0.041624 0.041693 -0.001637
v -0.041721 0.041331 -0.011320
v -0.041721 0.041331 -0.001637
v -0.041754 0.040957 -0.011320
v -0.041754 0.040957 -0.001637
v -0.041721 0.040584 -0.011320
v -0.041721 0.040584 -0.001637
v -0.041624 0.040222 -0.011320
v -0.041624 0.040222 -0.001637
v -0.041466 0.039882 -0.011320
v -0.041466 0.039882 -0.001637
v -0.041251 0.039575 -0.011320
v -0.041251 0.039575 -0.001637
v -0.040986 0.039310 -0.011320
v -0.040986 0.039310 -0.001637
v -0.040679 0.039095 -0.011320
v -0.040679 0.039095 -0.001637
v -0.040339 0.038937 -0.011320
v -0.040339 0.038937 -0.001637
v -0.039977 0.038840 -0.011320
v -0.039977 0.038840 -0.001637
v -0.039604 0.038807 -0.011320
v -0.039604 0.038807 -0.001637
v -0.039230 0.038840 -0.011320
v -0.039230 0.038840 -0.001637
v -0.038868 0.038937 -0.011320
v -0.038868 0.038937 -0.001637
v -0.038529 0.039095 -0.011320
v -0.038529 0.039095 -0.001637
v -0.038222 0.039310 -0.011320
v -0.038222 0.039310 -0.001637
v -0.037957 0.039575 -0.011320
v -0.037957 0.039575 -0.001637
v -0.039604 0.040957 -0.012612
v 0.038534 -0.037968 -0.011320
v 0.038534 -0.037968 -0.001637
v 0.038376 -0.038307 -0.001637
v 0.038279 -0.038669 -0.001637
v 0.038246 -0.039043 -0.001637
v 0.038279 -0.039416 -0.001637
v 0.038376 -0.039778 -0.001637
v 0.038534 -0.040118 -0.001637
v 0.038534 -0.040118 -0.011320
v 0.038749 -0.040425 -0.011320
v 0.038749 -0.040425 -0.001637
v 0.039014 -0.040690 -0.011320
v 0.039014 -0.040690 -0.001637
v 0.039321 -0.040905 -0.011320
v 0.039321 -0.040905 -0.001637
v 0.039661 -0.041063 -0.011320
v 0.039661 -0.041063 -0.001637
v 0.040023 -0.041160 -0.011320
v 0.040023 -0.041160 -0.001637
v 0.040396 -0.041193 -0.011320
v 0.040396 -0.041193 -0.001637
v 0.040770 -0.041160 -0.011320
v 0.040770 -0.041160 -0.001637
v 0.041132 -0.041063 -0.011320
v 0.041132 -0.041063 -0.001637
v 0.041471 -0.040905 -0.011320
v 0.041471 -0.040905 -0.001637
v 0.041778 -0.040690 -0.011320
v 0.041778 -0.040690 -0.001637
v 0.042043 -0.040425 -0.011320
v 0.042043 -0.040425 -0.001637
v 0.042258 -0.040118 -0.011320
v 0.042258 -0.040118 -0.001637
v 0.042417 -0.039778 -0.011320
v 0.042417 -0.039778 -0.001637
v 0.042514 -0.039416 -0.011320
v 0.042514 -0.039416 -0.001637
v 0.042546 -0.039043 -0.011320
v 0.042546 -0.039043 -0.001637
v 0.042514 -0.038669 -0.011320
v 0.042514 -0.038669 -0.001637
v 0.042417 -0.038307 -0.011320
v 0.042417 -0.038307 -0.001637
v 0.042258 -0.037968 -0.011320
v 0.042258 -0.037968 -0.001637
v 0.042043 -0.037661 -0.011320
v 0.042043 -0.037661 -0.001637
v 0.041778 -0.037396 -0.011320
v 0.041778 -0.037396 -0.001637
v 0.041471 -0.037181 -0.011320
v 0.041471 -0.037181 -0.001637
v 0.041132 -0.037022 -0.011320
v 0.041132 -0.037022 -0.001637
v 0.040770 -0.036925 -0.011320
v 0.040770 -0.036925 -0.001637
v 0.040396 -0.036893 -0.011320
v 0.040396 -0.036893 -0.001637
v 0.040023 -0.036925 -0.011320
v 0.040023 -0.036925 -0.001637
v 0.039661 -0.037022 -0.011320
v 0.039661 -0.037022 -0.001637
v 0.039321 -0.037181 -0.011320
v 0.039321 -0.037181 -0.001637
v 0.039014 -0.037396 -0.011320
v 0.039014 -0.037396 -0.001637
v 0.038749 -0.037661 -0.011320
v 0.038749 -0.037661 -0.001637
v 0.040396 -0.039043 -0.012612
v 0.000770 -0.001160 -0.011320
v 0.001132 -0.001063 -0.011320
v 0.001471 -0.000905 -0.011320
v 0.001778 -0.000690 -0.011320
v 0.002043 -0.000425 -0.011320
v 0.002258 -0.000118 -0.011320
v 0.002417 0.000222 -0.011320
v 0.002514 0.000584 -0.011320
v 0.002546 0.000957 -0.011320
v 0.002514 0.001331 -0.011320
v 0.002417 0.001693 -0.011320
v 0.002258 0.002032 -0.011320
v 0.002043 0.002339 -0.011320
v 0.001778 0.002604 -0.011320
v 0.001471 0.002819 -0.011320
v 0.001132 0.002978 -0.011320
v 0.000770 0.003075 -0.011320
v 0.000396 0.003107 -0.011320
v 0.000023 0.003075 -0.011320
v -0.000339 0.002978 -0.011320
v -0.000679 0.002819 -0.011320
v -0.000986 0.002604 -0.011320
v -0.001251 0.002339 -0.011320
v -0.001466 0.002032 -0.011320
v -0.001624 0.001693 -0.011320
v -0.001721 0.001331 -0.011320
v -0.001754 0.000957 -0.011320
v -0.001721 0.000584 -0.011320
v -0.001624 0.000222 -0.011320
v -0.001466 -0.000118 -0.011320
v -0.001251 -0.000425 -0.011320
v -0.000986 -0.000690 -0.011320
v -0.000679 -0.000905 -0.011320
v -0.000339 -0.001063 -0.011320
v 0.000023 -0.001160 -0.011320
v 0.000396 -0.001193 -0.011320
v 0.000396 -0.001193 -0.001637
v 0.000770 -0.001160 -0.001637
v 0.001132 -0.001063 -0.001637
v 0.001471 -0.000905 -0.001637
v 0.001778 -0.000690 -0.001637
v 0.002043 -0.000425 -0.001637
v 0.002258 -0.000118 -0.001637
v 0.002417 0.000222 -0.001637
v 0.002514 0.000584 -0.001637
v 0.002546 0.000957 -0.001637
v 0.002514 0.001331 -0.001637
v 0.002417 0.001693 -0.001637
v 0.002258 0.002032 -0.001637
v 0.002043 0.002339 -0.001637
v 0.001778 0.002604 -0.001637
v 0.001471 0.002819 -0.001637
v 0.001132 0.002978 -0.001637
v 0.000770 0.003075 -0.001637
v 0.000396 0.003107 -0.001637
v 0.000023 0.003075 -0.001637
v -0.000339 0.002978 -0.001637
v -0.000679 0.002819 -0.001637
v -0.000986 0.002604 -0.001637
v -0.001251 0.002339 -0.001637
v -0.001466 0.002032 -0.001637
v -0.001624 0.001693 -0.001637
v -0.001721 0.001331 -0.001637
v -0.001754 0.000957 -0.001637
v -0.001721 0.000584 -0.001637
v -0.001624 0.000222 -0.001637
v -0.001466 -0.000118 -0.001637
v -0.001251 -0.000425 -0.001637
v -0.000986 -0.000690 -0.001637
v -0.000679 -0.000905 -0.001637
v -0.000339 -0.001063 -0.001637
v 0.000023 -0.001160 -0.001637
v 0.053512 0.048050 -0.006612
v 0.053468 0.054051 -0.006612
v 0.003396 -0.014175 -0.006612
v -0.002604 -0.014175 -0.006612
v 0.003396 -0.046549 -0.006612
v -0.002604 -0.046592 -0.006612
v 0.047874 -0.002043 -0.006612
v 0.048194 -0.046224 -0.006612
v -0.053517 -0.052961 -0.006612
v -0.047517 -0.052917 -0.006612
v -0.053081 0.003957 -0.006612
v -0.047081 0.003957 -0.006612
v -0.047127 -0.002043 -0.006612
v -0.053127 -0.002043 -0.006612
v -0.014725 -0.002043 -0.006612
v -0.014725 0.003957 -0.006612
v 0.048237 -0.052224 -0.006612
v 0.054237 -0.052181 -0.006612
v 0.053874 -0.002043 -0.006612
v 0.053831 0.003957 -0.006612
v 0.047511 0.048096 -0.006612
v 0.047831 0.003957 -0.006612
v -0.046691 0.054818 -0.006612
v -0.052690 0.054864 -0.006612
v -0.047471 -0.046917 -0.006612
v -0.053471 -0.046960 -0.006612
v -0.002604 -0.052592 -0.006612
v 0.003396 -0.052549 -0.006612
v -0.046737 0.048819 -0.006612
v 0.054194 -0.046181 -0.006612
v 0.015618 0.003957 -0.006612
v 0.015618 -0.002043 -0.006612
v 0.003396 0.054434 -0.006612
v -0.002604 0.054480 -0.006612
v -0.052736 0.048865 -0.006612
v -0.002604 0.016090 -0.006612
v 0.003396 0.016090 -0.006612
v -0.002604 0.048480 -0.006612
v 0.003396 0.048434 -0.006612
v -0.064804 -0.053043 -0.006612
v -0.064847 -0.047043 -0.006612
v 0.047468 0.054097 -0.006612
vn -1.0000 -0.0000 -0.0000
vn -1.0000 -0.0000 0.0001
vn -1.0000 -0.0000 -0.0001
vn 1.0000 -0.0000 -0.0000
vn 1.0000 -0.0000 0.0002
vn 1.0000 -0.0000 -0.0001
vn 1.0000 -0.0000 0.0001
vn -0.0000 -0.0000 1.0000
vn -0.0000 0.2066 -0.9784
vn -0.0002 0.2064 -0.9785
vn 0.0007 0.2065 -0.9784
vn 0.0006 -0.2066 0.9784
vn -0.0000 -0.2066 0.9784
vn -0.0001 -0.2063 0.9785
vn -0.0001 0.2063 -0.9785
vn 0.0006 0.2065 -0.9784
vn -0.0002 -0.2063 0.9785
vn -0.0000 0.2066 0.9784
vn -0.0000 0.2065 0.9784
vn -0.0001 0.2066 0.9784
vn -0.0000 -0.2066 -0.9784
vn 0.0001 0.2065 0.9784
vn -0.0001 -0.2066 -0.9784
vn 0.9784 -0.0000 -0.2065
vn 0.9784 -0.0000 -0.2066
vn 0.9784 -0.0001 -0.2066
vn -0.0000 -0.0000 -1.0000
vn -0.9784 -0.0000 0.2066
vn -0.9784 -0.0000 0.2065
vn -0.0000 -0.0001 1.0000
vn -0.0000 -1.0000 -0.0000
vn -0.0000 1.0000 -0.0000
vn 0.0001 1.0000 -0.0000
vn 0.0014 1.0000 0.0003
vn -0.0000 -0.2065 0.9784
vn -0.0000 -0.9784 -0.2066
vn -0.9784 -0.0000 -0.2066
vn -0.9784 -0.0000 -0.2065
vn -0.0000 0.9784 -0.2066
vn -0.0000 0.9784 -0.2065
vn -0.0000 0.9784 0.2066
vn 0.9784 -0.0000 0.2066
vn -0.0000 -0.9784 0.2066
vn -0.0000 -0.9784 0.2065
vn -0.0000 -0.9784 -0.2065
vn -0.0000 0.2065 -0.9784
vn -0.2066 -0.0000 -0.9784
vn 0.2066 -0.0000 0.9784
vn 0.0001 -0.2064 -0.9785
vn -0.0007 -0.2065 -0.9784
vn -0.0006 -0.2066 -0.9784
vn 0.0002 -0.2064 -0.9785
vn 0.2066 -0.0000 -0.9784
vn -0.2066 -0.0000 0.9784
vn 0.0501 0.9987 -0.0000
vn 0.0500 -0.9987 -0.0000
vn 0.0501 -0.9987 -0.0000
vn 0.0872 -0.9962 0.0002
vn -0.1369 -0.9906 0.0005
vn -0.0501 -0.9987 -0.0000
vn -0.0500 -0.9987 -0.0000
vn -0.0872 -0.9962 -0.0000
vn -0.2588 -0.9659 -0.0000
vn -0.4226 -0.9063 -0.0000
vn -0.5736 -0.8191 -0.0000
vn -0.5736 -0.8192 -0.0000
vn -0.7071 -0.7071 -0.0000
vn -0.8192 -0.5736 -0.0000
vn -0.8191 -0.5736 -0.0000
vn -0.9063 -0.4226 -0.0000
vn -0.9659 -0.2588 -0.0000
vn -0.9962 -0.0872 -0.0000
vn -0.9962 0.0872 -0.0000
vn -0.9659 0.2588 -0.0000
vn -0.9063 0.4226 -0.0000
vn -0.8191 0.5736 -0.0000
vn -0.8192 0.5736 -0.0000
vn -0.7071 0.7071 -0.0000
vn -0.5736 0.8192 -0.0000
vn -0.4226 0.9063 -0.0000
vn -0.2588 0.9659 -0.0000
vn -0.0501 0.9987 -0.0000
vn 0.1369 0.9906 0.0005
vn -0.1369 0.9906 -0.0000
vn -0.0871 0.9962 0.0002
vn 0.0872 0.9962 -0.0000
vn 0.2588 0.9659 -0.0000
vn 0.4226 0.9063 -0.0000
vn 0.5736 0.8192 -0.0000
vn 0.6894 0.7244 -0.0000
vn 0.7071 0.7071 -0.0002
vn 0.8191 -0.5736 -0.0000
vn 0.9063 -0.4226 -0.0000
vn 0.9659 -0.2588 -0.0000
vn 0.9962 -0.0872 -0.0000
vn 0.9962 0.0872 -0.0000
vn 0.9659 0.2588 -0.0000
vn 0.9063 0.4226 -0.0000
vn 0.8191 0.5736 -0.0000
vn 0.8192 0.5736 -0.0000
vn 0.7499 0.6615 -0.0000
vn 0.7499 -0.6615 -0.0007
vn 0.7071 -0.7071 -0.0000
vn 0.8192 -0.5736 -0.0000
vn 0.1369 -0.9906 -0.0000
vn 0.2588 -0.9659 -0.0000
vn 0.4226 -0.9063 -0.0000
vn 0.5736 -0.8191 -0.0000
vn 0.5736 -0.8192 -0.0000
vn 0.6894 -0.7244 -0.0000
vn -0.1377 -0.9905 0.0005
vn -0.0871 -0.9962 -0.0000
vn -0.5735 -0.8192 -0.0000
vn -0.6894 -0.7244 -0.0000
vn -0.7071 -0.7071 -0.0002
vn -0.9962 0.0871 -0.0000
vn -0.9962 -0.0871 -0.0000
vn -0.7498 -0.6616 -0.0000
vn -0.7498 0.6616 -0.0007
vn -0.5735 0.8192 -0.0000
vn -0.6894 0.7244 -0.0000
vn -0.0872 0.9962 0.0002
vn -0.1377 0.9905 -0.0000
vn 0.1376 0.9905 0.0005
vn 0.0495 0.9988 -0.0000
vn -0.0495 0.9988 -0.0000
vn 0.7071 0.7071 -0.0000
vn 0.5736 0.8191 -0.0000
vn -0.0495 -0.9988 -0.0000
vn 0.0495 -0.9988 -0.0000
vn 0.1375 -0.9905 -0.0000
vn -0.1376 -0.9905 0.0005
vn -0.2589 -0.9659 -0.0000
vn -0.6895 -0.7243 -0.0000
vn -0.9659 -0.2589 -0.0000
vn -0.8192 -0.5735 -0.0000
vn -0.7498 -0.6617 -0.0000
vn -0.2589 0.9659 -0.0000
vn -0.6895 0.7243 -0.0000
vn -0.1376 0.9905 -0.0000
vn 0.0496 0.9988 -0.0000
vn -0.0497 0.9988 -0.0000
vn 0.8192 -0.5735 -0.0000
vn 0.9659 -0.2589 -0.0000
vn 0.0494 -0.9988 -0.0000
vn 0.0871 -0.9962 0.0002
vn 0.1376 -0.9905 -0.0000
vn 0.0499 -0.9988 -0.0000
vn -0.0499 -0.9988 -0.0000
vn 0.0502 0.9987 -0.0000
vn 0.2500 0.9682 -0.0000
vn 0.4054 0.9142 -0.0000
vn 0.5499 0.8352 -0.0000
vn 0.6795 0.7337 -0.0000
vn 0.7905 0.6124 -0.0000
vn 0.8803 0.4744 -0.0000
vn 0.9462 0.3236 -0.0000
vn 0.9865 0.1640 -0.0000
vn 0.9865 -0.1640 -0.0000
vn 0.9462 -0.3236 -0.0000
vn 0.8803 -0.4744 -0.0000
vn 0.7905 -0.6124 -0.0000
vn 0.6795 -0.7337 -0.0000
vn 0.5498 -0.8353 -0.0000
vn 0.4055 -0.9141 -0.0000
vn 0.2500 -0.9682 -0.0000
vn -0.2500 -0.9682 -0.0000
vn -0.4055 -0.9141 -0.0000
vn -0.5498 -0.8353 -0.0000
vn -0.6795 -0.7337 -0.0000
vn -0.7906 -0.6124 -0.0000
vn -0.8803 -0.4744 -0.0000
vn -0.9462 -0.3236 -0.0000
vn -0.9865 -0.1640 -0.0000
vn -0.9865 0.1640 -0.0000
vn -0.9462 0.3236 -0.0000
vn -0.8803 0.4744 -0.0000
vn -0.7906 0.6124 -0.0000
vn -0.6795 0.7337 -0.0000
vn -0.5499 0.8352 -0.0000
vn -0.4054 0.9142 -0.0000
vn -0.2500 0.9682 -0.0000
vn -0.0000 -0.0001 -1.0000
vn 0.6794 0.7338 -0.0000
vn 0.7906 0.6124 -0.0000
vn 0.7906 -0.6124 -0.0000
vn 0.6794 -0.7338 -0.0000
vn 0.0499 -0.9988 -0.0001
vn -0.0495 -0.9988 -0.0002
vn -0.8803 -0.4743 -0.0000
vn -0.9864 -0.1642 -0.0000
vn -0.9864 0.1642 -0.0000
vn -0.8803 0.4743 -0.0000
vn -0.4054 0.9141 -0.0000
vn -0.0497 0.9988 -0.0002
vn 0.0496 0.9988 -0.0001
vn 0.4054 0.9141 -0.0000
vn 0.9865 0.1639 -0.0000
vn 0.5499 -0.8352 -0.0000
vn 0.4054 -0.9141 -0.0000
vn -0.0500 -0.9987 -0.0001
vn 0.0501 -0.9987 -0.0001
vn -0.4054 -0.9141 -0.0000
vn -0.5499 -0.8352 -0.0000
vn -0.9864 0.1641 -0.0000
vn -0.0496 0.9988 -0.0002
vn -0.0500 0.9987 -0.0000
vn 0.0495 0.9988 -0.0001
vn 0.6794 0.7337 -0.0000
vn 0.6794 -0.7337 -0.0000
vn -0.6794 -0.7337 -0.0000
vn -0.6794 0.7337 -0.0000
vn 0.0002 1.0000 -0.0000
vn 0.0019 1.0000 0.0005
vn -0.9701 -0.0000 -0.2425
vn 0.9762 -0.0000 -0.2169
vn 0.7071 -0.0000 0.7071
vn -0.7071 -0.0000 -0.7071
vn -0.7070 -0.0000 -0.7072
vn -0.0000 0.7071 0.7071
vn -0.0000 -0.7071 -0.7071
vn -0.7071 -0.0000 0.7071
vn 0.7069 -0.0000 -0.7073
vn 0.7071 -0.0000 -0.7071
vn -0.7072 -0.0000 0.7070
vn -0.0000 -0.7071 0.7071
vn -0.0000 0.7071 -0.7071
vn -0.0000 0.7068 -0.7074
vn 0.0009 0.7070 -0.7072
vn -0.0001 0.7071 -0.7071
vn 0.9365 -0.3503 -0.0172
vn 0.9006 -0.4346 -0.0000
vn 0.9354 -0.3536 -0.0000
vn 0.9064 -0.4224 -0.0000
vn 0.9962 -0.0873 -0.0000
vn 0.9962 0.0873 -0.0000
vn 0.9006 0.4346 -0.0000
vn 0.9354 0.3536 -0.0000
vn 0.9064 0.4224 -0.0021
vn 0.4224 -0.9064 -0.0000
vn 0.0873 -0.9962 -0.0000
vn 0.0872 -0.9962 -0.0000
vn -0.0873 -0.9962 -0.0000
vn -0.4224 -0.9064 -0.0000
vn -0.9064 -0.4224 -0.0000
vn -0.9962 -0.0873 -0.0000
vn -0.9962 0.0873 -0.0000
vn -0.9064 0.4224 -0.0000
vn -0.5736 0.8191 -0.0000
vn -0.4224 0.9064 -0.0000
vn -0.0873 0.9962 -0.0000
vn -0.0872 0.9962 -0.0000
vn 0.0873 0.9962 -0.0000
vn 0.4224 0.9064 -0.0000
vn -0.0451 0.5145 0.8563
vn -0.2963 0.4230 0.8563
vn -0.2182 0.4681 0.8563
vn -0.1337 0.4989 0.8563
vn -0.4681 0.2182 0.8563
vn -0.4231 0.2963 0.8563
vn -0.3652 0.3652 0.8563
vn -0.5145 -0.0451 0.8563
vn -0.5145 0.0451 0.8563
vn -0.4989 0.1337 0.8563
vn -0.4230 -0.2963 0.8563
vn -0.4681 -0.2182 0.8563
vn -0.4989 -0.1337 0.8563
vn -0.2182 -0.4682 0.8563
vn -0.2963 -0.4230 0.8563
vn -0.3652 -0.3652 0.8563
vn 0.0451 -0.5145 0.8563
vn -0.0451 -0.5145 0.8563
vn -0.1337 -0.4989 0.8563
vn 0.2963 -0.4231 0.8563
vn 0.2182 -0.4681 0.8563
vn 0.1337 -0.4989 0.8563
vn 0.4230 -0.2963 0.8563
vn 0.3652 0.3652 0.8563
vn 0.4230 0.2963 0.8563
vn 0.1337 0.4989 0.8563
vn 0.2182 0.4681 0.8563
vn 0.2963 0.4230 0.8563
vn 0.0451 0.5145 0.8563
vn 0.5145 0.0450 0.8563
vn 0.4988 0.1340 0.8563
vn 0.5145 -0.0450 0.8563
vn 0.4648 0.2243 0.8565
vn 0.4816 0.1827 0.8571
vn 0.3967 -0.1914 0.8978
vn 0.4680 -0.2185 0.8563
vn 0.4988 -0.1340 0.8563
vn 0.3652 -0.3652 0.8563
vn -0.1830 0.6830 0.7071
vn -0.1834 0.6840 0.7061
vn -0.2991 0.6416 0.7063
vn -0.2996 0.6427 0.7051
vn -0.4068 0.5807 0.7052
vn -0.4057 0.5798 0.7065
vn -0.5004 0.5004 0.7066
vn -0.5011 0.5010 0.7056
vn -0.5806 0.4065 0.7054
vn -0.5807 0.4067 0.7053
vn -0.6428 0.2994 0.7051
vn -0.6417 0.2993 0.7061
vn -0.6840 0.1833 0.7060
vn -0.6830 0.1832 0.7070
vn -0.7046 0.0617 0.7069
vn -0.7057 0.0617 0.7058
vn -0.7057 -0.0618 0.7058
vn -0.7046 -0.0616 0.7069
vn -0.6831 -0.1830 0.7071
vn -0.6839 -0.1834 0.7061
vn -0.6418 -0.2990 0.7062
vn -0.6427 -0.2997 0.7051
vn -0.5808 -0.4067 0.7052
vn -0.5806 -0.4066 0.7054
vn -0.5011 -0.5011 0.7055
vn -0.5011 -0.5012 0.7055
vn -0.4066 -0.5806 0.7054
vn -0.4067 -0.5809 0.7051
vn -0.2996 -0.6427 0.7051
vn -0.2991 -0.6417 0.7062
vn -0.1833 -0.6840 0.7061
vn -0.1831 -0.6831 0.7070
vn -0.0617 -0.7045 0.7070
vn -0.0617 -0.7058 0.7058
vn 0.0618 -0.7057 0.7058
vn 0.0616 -0.7047 0.7069
vn 0.1830 -0.6830 0.7071
vn 0.1834 -0.6840 0.7060
vn 0.2991 -0.6417 0.7062
vn 0.2996 -0.6427 0.7051
vn 0.4068 -0.5807 0.7052
vn 0.4065 -0.5807 0.7054
vn 0.5011 -0.5009 0.7057
vn 0.5002 -0.5006 0.7065
vn 0.5796 -0.4058 0.7067
vn 0.5809 -0.4066 0.7052
vn 0.6428 -0.2994 0.7051
vn 0.6417 -0.2992 0.7062
vn 0.6840 -0.1832 0.7061
vn 0.6830 -0.1832 0.7070
vn 0.7045 -0.0617 0.7070
vn 0.7058 -0.0617 0.7057
vn 0.7058 0.0618 0.7057
vn 0.7046 0.0616 0.7070
vn 0.6831 0.1830 0.7071
vn 0.6840 0.1834 0.7060
vn 0.6418 0.2990 0.7062
vn 0.6427 0.2996 0.7051
vn 0.5807 0.4067 0.7052
vn 0.5796 0.4057 0.7068
vn 0.5003 0.5003 0.7066
vn 0.5002 0.5003 0.7067
vn 0.4059 0.5795 0.7067
vn 0.4065 0.5808 0.7052
vn 0.2995 0.6426 0.7052
vn 0.2992 0.6418 0.7061
vn 0.1833 0.6840 0.7061
vn 0.1831 0.6831 0.7070
vn 0.0617 0.7045 0.7070
vn 0.0617 0.7059 0.7056
vn -0.0618 0.7058 0.7057
vn -0.0616 0.7046 0.7069
vn -0.9361 0.3512 -0.0171
vn -0.9006 0.4347 -0.0000
vn -0.9351 0.3544 -0.0000
vn -0.9006 -0.4347 -0.0000
vn -0.9063 -0.4226 -0.0021
vn -0.9351 -0.3544 -0.0000
vn -0.0871 0.9962 -0.0000
vn 0.0871 0.9962 -0.0000
vn 0.9962 0.0871 -0.0000
vn 0.9962 -0.0871 -0.0000
vn -0.9351 -0.3545 -0.0000
vn -0.0450 0.5145 0.8563
vn -0.2962 0.4231 0.8563
vn -0.2183 0.4681 0.8563
vn -0.4231 0.2962 0.8563
vn -0.4231 -0.2962 0.8563
vn -0.2183 -0.4681 0.8563
vn -0.2963 -0.4231 0.8563
vn 0.0450 -0.5145 0.8563
vn -0.0450 -0.5145 0.8563
vn 0.2962 -0.4231 0.8563
vn 0.2183 -0.4681 0.8563
vn 0.4989 -0.1337 0.8563
vn 0.4681 -0.2183 0.8563
vn 0.4231 -0.2962 0.8563
vn 0.4989 0.1337 0.8563
vn 0.4231 0.2962 0.8563
vn 0.4681 0.2183 0.8563
vn 0.2183 0.4681 0.8563
vn 0.2962 0.4231 0.8563
vn 0.0450 0.5145 0.8563
vn -0.5145 -0.0450 0.8563
vn -0.4988 -0.1340 0.8563
vn -0.5145 0.0450 0.8563
vn -0.4648 -0.2243 0.8565
vn -0.4815 -0.1829 0.8571
vn -0.3969 0.1916 0.8977
vn -0.4679 0.2185 0.8563
vn -0.4988 0.1340 0.8563
vn -0.1834 0.6843 0.7058
vn -0.1834 0.6843 0.7057
vn -0.2994 0.6420 0.7058
vn -0.2994 0.6421 0.7057
vn -0.4063 0.5802 0.7059
vn -0.4064 0.5803 0.7058
vn -0.5010 0.5010 0.7057
vn -0.5009 0.5010 0.7058
vn -0.5803 0.4063 0.7058
vn -0.5803 0.4064 0.7057
vn -0.6421 0.2994 0.7058
vn -0.6419 0.2994 0.7060
vn -0.6842 0.1833 0.7058
vn -0.6843 0.1834 0.7058
vn -0.7058 0.0617 0.7057
vn -0.7058 -0.0617 0.7058
vn -0.7056 -0.0617 0.7059
vn -0.6843 -0.1833 0.7058
vn -0.6842 -0.1834 0.7059
vn -0.6420 -0.2993 0.7058
vn -0.6420 -0.2994 0.7058
vn -0.5803 -0.4063 0.7058
vn -0.5802 -0.4063 0.7059
vn -0.5009 -0.5009 0.7058
vn -0.4063 -0.5802 0.7059
vn -0.4063 -0.5803 0.7058
vn -0.2994 -0.6420 0.7059
vn -0.2994 -0.6421 0.7058
vn -0.1833 -0.6842 0.7059
vn -0.1833 -0.6843 0.7057
vn -0.0618 -0.7056 0.7059
vn -0.0617 -0.7058 0.7057
vn 0.0617 -0.7058 0.7057
vn 0.1834 -0.6842 0.7059
vn 0.1833 -0.6843 0.7058
vn 0.2994 -0.6418 0.7060
vn 0.2994 -0.6421 0.7058
vn 0.4063 -0.5802 0.7059
vn 0.4063 -0.5803 0.7058
vn 0.5009 -0.5009 0.7058
vn 0.5009 -0.5010 0.7057
vn 0.5803 -0.4063 0.7058
vn 0.5802 -0.4064 0.7058
vn 0.6420 -0.2993 0.7058
vn 0.6419 -0.2994 0.7059
vn 0.6843 -0.1833 0.7058
vn 0.6843 -0.1834 0.7058
vn 0.7057 -0.0617 0.7058
vn 0.7056 0.0617 0.7060
vn 0.7058 0.0617 0.7057
vn 0.6843 0.1833 0.7058
vn 0.6842 0.1834 0.7058
vn 0.6420 0.2993 0.7059
vn 0.6421 0.2994 0.7058
vn 0.5803 0.4063 0.7058
vn 0.5803 0.4064 0.7057
vn 0.5010 0.5008 0.7058
vn 0.5009 0.5011 0.7057
vn 0.4064 0.5803 0.7058
vn 0.4063 0.5803 0.7058
vn 0.2994 0.6419 0.7059
vn 0.2993 0.6421 0.7058
vn 0.1834 0.6842 0.7058
vn 0.1833 0.6843 0.7058
vn 0.0617 0.7057 0.7058
vn -0.0617 0.7056 0.7059
vn -0.0617 0.7058 0.7057
vn -0.9342 0.3565 -0.0134
vn -0.9352 0.3541 -0.0000
vn -0.9352 -0.3540 -0.0000
vn -0.9063 -0.4226 -0.0025
vn -0.9352 -0.3541 -0.0000
vn -0.5737 0.8191 -0.0000
vn -0.2182 -0.4681 0.8563
vn 0.2963 -0.4230 0.8563
vn 0.4681 -0.2182 0.8563
vn 0.4681 0.2182 0.8563
vn -0.4816 -0.1827 0.8571
vn -0.3966 0.1915 0.8978
vn -0.4680 0.2185 0.8563
vn -0.1831 0.6832 0.7069
vn -0.1835 0.6842 0.7058
vn -0.2992 0.6420 0.7059
vn -0.2996 0.6428 0.7050
vn -0.4067 0.5807 0.7053
vn -0.4060 0.5799 0.7063
vn -0.5006 0.5005 0.7063
vn -0.5006 0.5007 0.7062
vn -0.5800 0.4061 0.7062
vn -0.6420 0.2993 0.7059
vn -0.6840 0.1832 0.7061
vn -0.6840 0.1833 0.7061
vn -0.7059 -0.0617 0.7056
vn -0.7056 -0.0617 0.7060
vn -0.6840 -0.1833 0.7060
vn -0.6840 -0.1833 0.7061
vn -0.6417 -0.2991 0.7062
vn -0.6420 -0.2995 0.7058
vn -0.5804 -0.4063 0.7058
vn -0.5801 -0.4062 0.7061
vn -0.5007 -0.5007 0.7061
vn -0.5012 -0.5014 0.7052
vn -0.4068 -0.5808 0.7051
vn -0.4067 -0.5808 0.7052
vn -0.2996 -0.6427 0.7052
vn -0.2993 -0.6421 0.7058
vn -0.1832 -0.6833 0.7068
vn -0.0617 -0.7046 0.7069
vn 0.0618 -0.7056 0.7059
vn 0.0616 -0.7047 0.7068
vn 0.1831 -0.6832 0.7069
vn 0.1834 -0.6842 0.7058
vn 0.2993 -0.6418 0.7060
vn 0.2996 -0.6428 0.7050
vn 0.4067 -0.5809 0.7051
vn 0.5013 -0.5013 0.7053
vn 0.5007 -0.5009 0.7060
vn 0.5802 -0.4062 0.7060
vn 0.5804 -0.4064 0.7057
vn 0.6421 -0.2993 0.7058
vn 0.6841 -0.1833 0.7060
vn 0.7055 -0.0617 0.7060
vn 0.7056 0.0617 0.7059
vn 0.6841 0.1833 0.7060
vn 0.6417 0.2992 0.7062
vn 0.6419 0.2994 0.7059
vn 0.5801 0.4062 0.7060
vn 0.5007 0.5006 0.7062
vn 0.5005 0.5007 0.7062
vn 0.4061 0.5797 0.7064
vn 0.4066 0.5810 0.7051
vn 0.2996 0.6426 0.7052
vn 0.2993 0.6420 0.7059
vn 0.1833 0.6841 0.7059
vn 0.1832 0.6833 0.7068
vn 0.0617 0.7046 0.7069
vn 0.0617 0.7058 0.7057
vn -0.0618 0.7057 0.7058
vn -0.0616 0.7047 0.7068
vn 0.9342 -0.3564 -0.0134
vn 0.9006 -0.4345 -0.0000
vn 0.9353 0.3539 -0.0000
vn 0.9064 0.4224 -0.0025
vn -0.4225 0.9063 -0.0000
vn 0.8191 -0.5737 -0.0000
vn 0.9353 -0.3540 -0.0000
vn -0.4231 -0.2963 0.8563
vn -0.2962 -0.4231 0.8563
vn 0.4231 0.2963 0.8563
vn 0.4815 0.1829 0.8572
vn 0.3970 -0.1915 0.8976
vn -0.1833 0.6840 0.7060
vn -0.1833 0.6841 0.7059
vn -0.2992 0.6416 0.7062
vn -0.4062 0.5803 0.7059
vn -0.5008 0.5007 0.7060
vn -0.5014 0.5013 0.7052
vn -0.5808 0.4067 0.7052
vn -0.5808 0.4068 0.7051
vn -0.6428 0.2995 0.7051
vn -0.6419 0.2994 0.7059
vn -0.6842 0.1833 0.7059
vn -0.6833 0.1832 0.7068
vn -0.7047 0.0617 0.7068
vn -0.6833 -0.1831 0.7068
vn -0.6842 -0.1835 0.7059
vn -0.6421 -0.2992 0.7059
vn -0.6427 -0.2996 0.7051
vn -0.5014 -0.5014 0.7052
vn -0.5008 -0.5007 0.7061
vn -0.4062 -0.5800 0.7061
vn -0.4062 -0.5804 0.7057
vn -0.2992 -0.6417 0.7062
vn -0.1833 -0.6841 0.7060
vn 0.0617 -0.7057 0.7058
vn 0.1833 -0.6840 0.7060
vn 0.1833 -0.6841 0.7060
vn 0.2992 -0.6416 0.7062
vn 0.4063 -0.5801 0.7060
vn 0.4061 -0.5802 0.7060
vn 0.5006 -0.5005 0.7063
vn 0.5005 -0.5008 0.7062
vn 0.5798 -0.4060 0.7064
vn 0.5809 -0.4067 0.7051
vn 0.6427 -0.2994 0.7052
vn 0.6420 -0.2994 0.7058
vn 0.6842 -0.1833 0.7059
vn 0.6832 -0.1832 0.7069
vn 0.7047 -0.0617 0.7068
vn 0.7047 0.0616 0.7068
vn 0.6833 0.1830 0.7069
vn 0.6841 0.1834 0.7060
vn 0.6420 0.2992 0.7059
vn 0.6427 0.2997 0.7051
vn 0.5808 0.4067 0.7052
vn 0.5799 0.4060 0.7063
vn 0.5005 0.5005 0.7063
vn 0.5007 0.5008 0.7061
vn 0.4062 0.5801 0.7061
vn 0.4062 0.5803 0.7059
vn 0.2993 0.6419 0.7060
vn 0.1833 0.6841 0.7060
vn 0.0618 0.7056 0.7059
vn 0.0617 0.7058 0.7058
vn -0.0617 0.7057 0.7058
vn -0.2963 0.4231 0.8563
vn -0.4681 0.2183 0.8563
vn -0.4681 -0.2183 0.8563
vn 0.4231 -0.2963 0.8563
vn -0.1833 0.6844 0.7057
vn -0.2994 0.6422 0.7057
vn -0.4064 0.5803 0.7057
vn -0.5009 0.5007 0.7060
vn -0.6421 0.2994 0.7057
vn -0.6843 0.1833 0.7058
vn -0.7057 -0.0617 0.7058
vn -0.6843 -0.1834 0.7057
vn -0.6421 -0.2994 0.7058
vn -0.6421 -0.2994 0.7057
vn -0.5804 -0.4064 0.7057
vn -0.5803 -0.4064 0.7058
vn -0.5009 -0.5008 0.7059
vn -0.5009 -0.5010 0.7058
vn -0.4064 -0.5801 0.7059
vn -0.4063 -0.5805 0.7056
vn -0.2995 -0.6420 0.7058
vn -0.2994 -0.6421 0.7057
vn -0.1834 -0.6843 0.7058
vn -0.1833 -0.6844 0.7057
vn -0.0618 -0.7057 0.7059
vn 0.0618 -0.7058 0.7057
vn 0.1834 -0.6843 0.7058
vn 0.1833 -0.6844 0.7057
vn 0.2995 -0.6420 0.7058
vn 0.2994 -0.6421 0.7057
vn 0.4064 -0.5802 0.7058
vn 0.5009 -0.5008 0.7059
vn 0.5008 -0.5010 0.7058
vn 0.5802 -0.4062 0.7059
vn 0.6421 -0.2994 0.7057
vn 0.7057 0.0617 0.7058
vn 0.6843 0.1834 0.7057
vn 0.6421 0.2994 0.7057
vn 0.5802 0.4063 0.7059
vn 0.5008 0.5008 0.7059
vn 0.5008 0.5009 0.7059
vn 0.4063 0.5802 0.7059
vn 0.2994 0.6421 0.7058
vn 0.1834 0.6843 0.7058
vn 0.1833 0.6844 0.7057
vn 0.0617 0.7057 0.7059
vn 1.0000 0.0077 -0.0000
vn -0.0072 1.0000 -0.0000
vn -1.0000 -0.0059 -0.0000
vn 1.0000 0.0072 -0.0000
vn -1.0000 -0.0072 -0.0000
vn 1.0000 -0.0077 -0.0000
vn -1.0000 0.0077 -0.0000
vn 0.0072 -1.0000 -0.0000
vn 0.0072 -1.0000 -0.0002
vn -0.0077 -1.0000 -0.0000
vn 0.0077 1.0000 -0.0000
vn 0.0077 1.0000 0.0002
vn -1.0000 -0.0072 0.0001
vn 0.0077 1.0000 -0.0001
vn -1.0000 -0.0073 0.0002
vn 0.0077 1.0000 0.0001
vn 0.0077 1.0000 0.0005
vn 0.0093 1.0000 -0.0000
vn -0.0086 -1.0000 -0.0000
s 0
f 1//1 2//1 3//1
f 4//1 5//1 6//1
f 7//1 8//1 9//1
f 10//1 11//1 12//1
f 12//1 11//1 13//1
f 12//1 13//1 14//1
f 7//1 9//1 15//1
f 15//1 9//1 16//1
f 15//1 16//1 17//1
f 17//1 16//1 18//1
f 17//1 18//1 19//1
f 19//1 18//1 20//1
f 19//2 20//2 21//2
f 21//1 22//1 19//1
f 19//3 22//3 23//3
f 19//1 23//1 12//1
f 12//2 23//2 24//2
f 12//1 24//1 10//1
f 3//1 16//1 1//1
f 1//1 16//1 9//1
f 1//1 9//1 6//1
f 6//1 9//1 25//1
f 6//1 25//1 4//1
f 26//1 27//1 28//1
f 27//1 26//1 29//1
f 30//1 31//1 32//1
f 32//1 31//1 33//1
f 34//1 35//1 36//1
f 36//1 35//1 37//1
f 38//1 39//1 40//1
f 40//1 39//1 41//1
f 40//1 41//1 42//1
f 42//1 43//1 40//1
f 40//1 43//1 44//1
f 40//1 44//1 26//1
f 26//1 44//1 45//1
f 26//1 45//1 29//1
f 46//1 47//1 48//1
f 48//1 47//1 49//1
f 48//1 49//1 33//1
f 33//1 49//1 35//1
f 33//1 35//1 32//1
f 32//1 35//1 34//1
f 32//1 34//1 28//1
f 28//1 34//1 50//1
f 28//1 50//1 26//1
f 51//4 52//4 53//4
f 54//4 55//4 56//4
f 57//4 58//4 59//4
f 60//4 61//4 62//4
f 62//4 61//4 63//4
f 62//4 63//4 64//4
f 53//4 65//4 51//4
f 51//4 65//4 59//4
f 51//4 59//4 56//4
f 56//4 59//4 66//4
f 56//4 66//4 54//4
f 57//4 59//4 67//4
f 67//4 59//4 65//4
f 67//4 65//4 68//4
f 68//4 65//4 69//4
f 68//4 69//4 70//4
f 70//4 69//4 71//4
f 70//4 71//4 72//4
f 72//4 73//4 70//4
f 70//4 73//4 74//4
f 70//4 74//4 62//4
f 62//4 74//4 75//4
f 62//4 75//4 60//4
f 76//4 77//4 78//4
f 77//4 76//4 79//4
f 80//4 81//4 82//4
f 82//4 81//4 83//4
f 84//4 85//4 86//4
f 86//4 85//4 87//4
f 88//4 89//4 90//4
f 90//4 89//4 91//4
f 90//5 91//5 92//5
f 92//4 93//4 90//4
f 90//6 93//6 94//6
f 90//4 94//4 76//4
f 76//7 94//7 95//7
f 76//4 95//4 79//4
f 96//4 97//4 98//4
f 98//4 97//4 99//4
f 98//4 99//4 83//4
f 83//4 99//4 85//4
f 83//4 85//4 82//4
f 82//4 85//4 84//4
f 82//4 84//4 78//4
f 78//4 84//4 100//4
f 78//4 100//4 76//4
f 101//4 102//4 103//4
f 103//4 102//4 104//4
f 105//1 106//1 107//1
f 107//1 106//1 108//1
f 109//8 110//8 111//8
f 112//8 113//8 114//8
f 114//8 113//8 115//8
f 4//8 116//8 5//8
f 5//8 116//8 117//8
f 5//8 117//8 118//8
f 119//8 120//8 121//8
f 121//8 120//8 122//8
f 123//8 124//8 125//8
f 126//8 127//8 128//8
f 128//8 127//8 129//8
f 126//8 130//8 127//8
f 127//8 130//8 131//8
f 127//8 131//8 132//8
f 133//8 134//8 135//8
f 135//8 134//8 136//8
f 135//8 136//8 127//8
f 127//8 136//8 137//8
f 127//8 137//8 129//8
f 132//8 138//8 127//8
f 127//8 138//8 139//8
f 127//8 139//8 140//8
f 141//8 142//8 143//8
f 143//8 142//8 144//8
f 143//8 144//8 145//8
f 146//8 147//8 148//8
f 148//8 147//8 149//8
f 148//8 149//8 150//8
f 151//8 152//8 46//8
f 46//8 152//8 153//8
f 153//8 154//8 46//8
f 46//8 154//8 155//8
f 46//8 155//8 156//8
f 157//8 158//8 135//8
f 135//8 158//8 159//8
f 135//8 159//8 133//8
f 156//8 160//8 46//8
f 46//8 160//8 161//8
f 46//8 161//8 47//8
f 121//8 162//8 163//8
f 163//8 164//8 121//8
f 121//8 164//8 165//8
f 121//8 165//8 166//8
f 125//8 167//8 168//8
f 140//8 169//8 127//8
f 127//8 169//8 170//8
f 127//8 170//8 143//8
f 143//8 170//8 171//8
f 143//8 171//8 172//8
f 172//8 173//8 143//8
f 143//8 173//8 174//8
f 143//8 174//8 141//8
f 175//8 167//8 115//8
f 115//8 167//8 143//8
f 115//8 143//8 114//8
f 114//8 143//8 145//8
f 114//8 145//8 46//8
f 46//8 145//8 176//8
f 46//8 176//8 151//8
f 177//8 178//8 179//8
f 47//8 161//8 135//8
f 135//8 161//8 180//8
f 135//8 180//8 157//8
f 181//8 182//8 175//8
f 175//8 182//8 183//8
f 175//8 183//8 167//8
f 167//8 183//8 184//8
f 167//8 184//8 168//8
f 185//8 186//8 187//8
f 187//8 186//8 188//8
f 187//8 188//8 189//8
f 168//8 190//8 125//8
f 125//8 190//8 191//8
f 125//8 191//8 192//8
f 166//8 193//8 121//8
f 121//8 193//8 194//8
f 121//8 194//8 175//8
f 175//8 194//8 195//8
f 175//8 195//8 181//8
f 179//8 187//8 177//8
f 177//8 187//8 189//8
f 177//8 189//8 122//8
f 122//8 189//8 196//8
f 122//8 196//8 121//8
f 121//8 196//8 197//8
f 121//8 197//8 162//8
f 198//8 199//8 200//8
f 200//8 199//8 201//8
f 200//8 201//8 202//8
f 202//8 203//8 200//8
f 200//8 203//8 204//8
f 200//8 204//8 205//8
f 206//8 198//8 207//8
f 207//8 198//8 200//8
f 207//8 200//8 208//8
f 208//8 200//8 209//8
f 210//8 211//8 150//8
f 150//8 211//8 212//8
f 150//8 212//8 213//8
f 205//8 214//8 200//8
f 200//8 214//8 215//8
f 200//8 215//8 150//8
f 150//8 215//8 216//8
f 150//8 216//8 210//8
f 217//8 218//8 111//8
f 111//8 218//8 123//8
f 111//8 123//8 109//8
f 109//8 123//8 125//8
f 109//8 125//8 206//8
f 206//8 125//8 192//8
f 206//8 192//8 198//8
f 219//8 220//8 123//8
f 54//8 221//8 55//8
f 55//8 221//8 222//8
f 220//8 223//8 123//8
f 123//8 223//8 224//8
f 123//8 224//8 225//8
f 226//8 227//8 55//8
f 228//8 229//8 218//8
f 229//8 230//8 218//8
f 218//8 230//8 231//8
f 218//8 231//8 123//8
f 123//8 231//8 232//8
f 123//8 232//8 219//8
f 225//8 233//8 123//8
f 123//8 233//8 234//8
f 123//8 234//8 235//8
f 236//8 237//8 222//8
f 222//8 237//8 238//8
f 235//8 239//8 123//8
f 123//8 239//8 240//8
f 123//8 240//8 222//8
f 222//8 240//8 241//8
f 222//8 241//8 236//8
f 238//8 242//8 222//8
f 222//8 242//8 243//8
f 222//8 243//8 244//8
f 244//8 245//8 222//8
f 222//8 245//8 246//8
f 222//8 246//8 247//8
f 227//8 248//8 55//8
f 55//8 248//8 249//8
f 55//8 249//8 250//8
f 247//8 251//8 222//8
f 222//8 251//8 252//8
f 222//8 252//8 55//8
f 55//8 252//8 253//8
f 55//8 253//8 226//8
f 250//8 254//8 55//8
f 55//8 254//8 255//8
f 55//8 255//8 218//8
f 218//8 255//8 256//8
f 218//8 256//8 228//8
f 257//8 146//8 258//8
f 258//8 146//8 148//8
f 258//8 148//8 96//8
f 96//8 148//8 259//8
f 96//8 259//8 97//8
f 97//8 259//8 260//8
f 261//8 262//8 148//8
f 148//8 262//8 263//8
f 264//8 265//8 266//8
f 267//8 268//8 269//8
f 269//8 268//8 270//8
f 271//8 272//8 269//8
f 269//8 272//8 273//8
f 269//8 273//8 267//8
f 270//8 274//8 269//8
f 269//8 274//8 275//8
f 269//8 275//8 148//8
f 148//8 275//8 276//8
f 148//8 276//8 261//8
f 277//8 278//8 259//8
f 259//8 278//8 279//8
f 259//8 279//8 280//8
f 264//8 266//8 281//8
f 263//8 282//8 148//8
f 148//8 282//8 283//8
f 148//8 283//8 259//8
f 259//8 283//8 284//8
f 259//8 284//8 277//8
f 280//8 285//8 259//8
f 259//8 285//8 286//8
f 259//8 286//8 287//8
f 288//8 289//8 266//8
f 266//8 289//8 290//8
f 287//8 291//8 259//8
f 259//8 291//8 292//8
f 259//8 292//8 266//8
f 266//8 292//8 293//8
f 266//8 293//8 288//8
f 290//8 294//8 266//8
f 266//8 294//8 295//8
f 266//8 295//8 281//8
f 265//8 296//8 266//8
f 266//8 296//8 297//8
f 266//8 297//8 269//8
f 269//8 297//8 298//8
f 269//8 298//8 271//8
f 299//8 269//8 300//8
f 300//8 269//8 148//8
f 300//8 148//8 301//8
f 301//8 148//8 150//8
f 301//8 150//8 187//8
f 187//8 150//8 213//8
f 187//8 213//8 185//8
f 302//8 303//8 304//8
f 117//8 305//8 306//8
f 307//8 308//8 304//8
f 304//8 308//8 309//8
f 304//8 309//8 302//8
f 303//8 310//8 304//8
f 304//8 310//8 311//8
f 304//8 311//8 117//8
f 117//8 311//8 312//8
f 117//8 312//8 305//8
f 306//8 313//8 117//8
f 117//8 313//8 314//8
f 117//8 314//8 315//8
f 315//8 316//8 117//8
f 117//8 316//8 317//8
f 117//8 317//8 318//8
f 319//8 320//8 179//8
f 179//8 320//8 321//8
f 322//8 323//8 324//8
f 318//8 319//8 117//8
f 117//8 319//8 179//8
f 117//8 179//8 118//8
f 118//8 179//8 178//8
f 118//8 178//8 325//8
f 325//8 178//8 326//8
f 321//8 327//8 179//8
f 179//8 327//8 328//8
f 179//8 328//8 329//8
f 330//8 331//8 324//8
f 324//8 331//8 332//8
f 324//8 323//8 304//8
f 304//8 323//8 333//8
f 304//8 333//8 334//8
f 329//8 335//8 179//8
f 179//8 335//8 336//8
f 179//8 336//8 324//8
f 324//8 336//8 337//8
f 324//8 337//8 330//8
f 332//8 338//8 324//8
f 324//8 338//8 339//8
f 324//8 339//8 322//8
f 334//8 340//8 304//8
f 304//8 340//8 341//8
f 304//8 341//8 307//8
f 342//9 83//9 81//9
f 81//10 343//10 342//10
f 342//9 343//9 344//9
f 342//9 344//9 345//9
f 345//9 344//9 346//9
f 347//11 348//11 349//11
f 349//9 348//9 345//9
f 349//9 345//9 350//9
f 350//9 345//9 346//9
f 80//12 82//12 351//12
f 351//13 82//13 352//13
f 353//13 354//13 355//13
f 355//14 354//14 356//14
f 356//13 357//13 355//13
f 355//13 357//13 358//13
f 355//13 358//13 352//13
f 352//13 358//13 359//13
f 352//13 359//13 351//13
f 360//13 361//13 362//13
f 362//13 361//13 363//13
f 364//13 35//13 365//13
f 365//13 35//13 49//13
f 366//13 367//13 368//13
f 368//13 367//13 369//13
f 368//13 369//13 370//13
f 370//13 369//13 371//13
f 372//9 122//9 373//9
f 373//9 122//9 120//9
f 374//13 375//13 376//13
f 376//13 375//13 377//13
f 376//13 377//13 378//13
f 378//13 377//13 379//13
f 200//9 380//9 209//9
f 209//9 380//9 381//9
f 59//13 382//13 66//13
f 66//13 382//13 383//13
f 384//9 385//9 386//9
f 386//9 385//9 387//9
f 388//13 389//13 390//13
f 390//13 389//13 391//13
f 392//9 393//9 394//9
f 394//9 393//9 395//9
f 396//13 397//13 398//13
f 398//13 397//13 399//13
f 108//9 106//9 400//9
f 400//15 106//15 401//15
f 401//9 402//9 400//9
f 400//9 402//9 403//9
f 400//9 403//9 404//9
f 2//16 1//16 405//16
f 405//9 1//9 404//9
f 405//9 404//9 406//9
f 406//9 404//9 403//9
f 407//13 16//13 3//13
f 3//17 408//17 407//17
f 407//13 408//13 409//13
f 407//13 409//13 410//13
f 410//13 409//13 411//13
f 105//12 107//12 412//12
f 412//13 107//13 410//13
f 412//13 410//13 413//13
f 413//13 410//13 411//13
f 414//13 415//13 416//13
f 416//13 415//13 417//13
f 418//1 419//1 420//1
f 421//1 382//1 422//1
f 422//1 382//1 423//1
f 424//1 425//1 420//1
f 420//1 425//1 426//1
f 218//1 217//1 427//1
f 427//1 217//1 383//1
f 427//1 383//1 426//1
f 426//1 383//1 382//1
f 426//1 382//1 420//1
f 420//1 382//1 421//1
f 420//1 421//1 418//1
f 428//1 429//1 430//1
f 342//1 345//1 355//1
f 257//1 258//1 431//1
f 432//1 433//1 352//1
f 352//1 433//1 434//1
f 352//1 434//1 435//1
f 435//1 434//1 436//1
f 435//1 436//1 437//1
f 355//1 352//1 342//1
f 342//1 352//1 435//1
f 342//1 435//1 431//1
f 431//1 435//1 438//1
f 431//1 438//1 257//1
f 347//4 354//4 348//4
f 348//4 354//4 353//4
f 384//1 386//1 391//1
f 439//1 440//1 389//1
f 389//1 440//1 441//1
f 389//1 441//1 442//1
f 442//1 441//1 443//1
f 442//1 443//1 444//1
f 445//1 377//1 446//1
f 446//1 377//1 447//1
f 448//1 449//1 450//1
f 450//1 449//1 445//1
f 451//1 452//1 449//1
f 449//1 452//1 453//1
f 206//1 207//1 454//1
f 454//1 207//1 380//1
f 454//1 380//1 455//1
f 455//1 380//1 200//1
f 455//1 200//1 150//1
f 445//1 449//1 377//1
f 377//1 449//1 453//1
f 377//1 453//1 379//1
f 391//1 389//1 384//1
f 384//1 389//1 442//1
f 384//1 442//1 455//1
f 455//1 442//1 379//1
f 455//1 379//1 454//1
f 454//1 379//1 453//1
f 456//1 457//1 458//1
f 459//4 460//4 461//4
f 110//4 109//4 462//4
f 463//4 464//4 465//4
f 465//4 464//4 466//4
f 465//4 466//4 375//4
f 375//4 466//4 467//4
f 375//4 467//4 468//4
f 461//4 465//4 459//4
f 459//4 465//4 375//4
f 459//4 375//4 462//4
f 462//4 375//4 374//4
f 462//4 374//4 110//4
f 469//4 470//4 471//4
f 472//4 473//4 388//4
f 474//4 475//4 476//4
f 476//4 475//4 477//4
f 390//4 387//4 388//4
f 388//4 387//4 385//4
f 149//4 147//4 478//4
f 478//4 147//4 479//4
f 478//4 479//4 385//4
f 385//4 479//4 475//4
f 385//4 475//4 388//4
f 388//4 475//4 474//4
f 388//4 474//4 472//4
f 392//1 394//1 399//1
f 326//1 178//1 480//1
f 481//1 482//1 397//1
f 397//1 482//1 483//1
f 397//1 483//1 484//1
f 484//1 483//1 485//1
f 484//1 485//1 486//1
f 399//1 397//1 392//1
f 392//1 397//1 484//1
f 392//1 484//1 480//1
f 480//1 484//1 487//1
f 480//1 487//1 326//1
f 488//1 489//1 490//1
f 490//1 489//1 491//1
f 492//1 493//1 494//1
f 495//1 496//1 494//1
f 494//1 496//1 497//1
f 498//1 371//1 499//1
f 499//1 371//1 500//1
f 115//1 113//1 501//1
f 501//1 113//1 370//1
f 501//1 370//1 497//1
f 497//1 370//1 371//1
f 497//1 371//1 494//1
f 494//1 371//1 498//1
f 494//1 498//1 492//1
f 502//4 503//4 504//4
f 396//4 367//4 505//4
f 121//4 175//4 506//4
f 507//4 508//4 509//4
f 509//4 508//4 510//4
f 509//4 510//4 369//4
f 369//4 510//4 511//4
f 369//4 511//4 512//4
f 372//4 513//4 122//4
f 122//4 513//4 177//4
f 514//4 515//4 505//4
f 505//4 515//4 516//4
f 505//4 516//4 396//4
f 396//4 516//4 517//4
f 396//4 517//4 518//4
f 367//4 506//4 369//4
f 369//4 506//4 502//4
f 369//4 502//4 509//4
f 509//4 502//4 504//4
f 398//4 395//4 396//4
f 396//4 395//4 393//4
f 396//4 393//4 367//4
f 367//4 393//4 513//4
f 367//4 513//4 506//4
f 506//4 513//4 372//4
f 506//4 372//4 121//4
f 519//4 520//4 521//4
f 521//4 520//4 522//4
f 523//1 524//1 525//1
f 525//1 524//1 526//1
f 527//4 528//4 407//4
f 529//4 530//4 531//4
f 531//4 530//4 532//4
f 410//4 400//4 407//4
f 407//4 400//4 404//4
f 118//4 325//4 533//4
f 533//4 325//4 534//4
f 533//4 534//4 404//4
f 404//4 534//4 530//4
f 404//4 530//4 407//4
f 407//4 530//4 529//4
f 407//4 529//4 527//4
f 535//4 536//4 537//4
f 537//4 536//4 538//4
f 539//4 540//4 541//4
f 112//4 114//4 542//4
f 543//4 544//4 545//4
f 545//4 544//4 546//4
f 545//4 546//4 364//4
f 364//4 546//4 547//4
f 364//4 547//4 548//4
f 541//4 545//4 539//4
f 539//4 545//4 364//4
f 539//4 364//4 542//4
f 542//4 364//4 365//4
f 542//4 365//4 112//4
f 549//1 550//1 551//1
f 551//1 550//1 552//1
f 551//1 552//1 553//1
f 553//1 552//1 554//1
f 553//1 554//1 555//1
f 556//1 557//1 553//1
f 553//1 557//1 558//1
f 553//1 558//1 551//1
f 551//1 558//1 559//1
f 551//1 559//1 560//1
f 561//4 562//4 563//4
f 564//4 565//4 566//4
f 567//4 568//4 569//4
f 569//4 568//4 570//4
f 569//4 570//4 571//4
f 571//4 570//4 572//4
f 571//4 572//4 573//4
f 563//4 569//4 561//4
f 561//4 569//4 571//4
f 561//4 571//4 566//4
f 566//4 571//4 574//4
f 566//4 574//4 564//4
f 575//4 576//4 577//4
f 578//4 579//4 580//4
f 580//4 579//4 581//4
f 582//4 583//4 577//4
f 577//4 583//4 584//4
f 585//4 586//4 587//4
f 587//4 586//4 588//4
f 587//4 588//4 584//4
f 584//4 588//4 579//4
f 584//4 579//4 577//4
f 577//4 579//4 578//4
f 577//4 578//4 575//4
f 362//4 363//4 589//4
f 589//4 363//4 590//4
f 591//1 592//1 415//1
f 415//1 592//1 417//1
f 593//1 594//1 595//1
f 596//1 597//1 598//1
f 599//1 600//1 601//1
f 601//1 600//1 602//1
f 601//1 602//1 603//1
f 603//1 602//1 604//1
f 603//1 604//1 605//1
f 595//1 601//1 593//1
f 593//1 601//1 603//1
f 593//1 603//1 598//1
f 598//1 603//1 606//1
f 598//1 606//1 596//1
f 607//1 608//1 609//1
f 610//1 611//1 609//1
f 609//1 611//1 612//1
f 613//1 614//1 615//1
f 615//1 614//1 616//1
f 617//1 618//1 619//1
f 619//1 618//1 620//1
f 619//1 620//1 612//1
f 612//1 620//1 614//1
f 612//1 614//1 609//1
f 609//1 614//1 613//1
f 609//1 613//1 607//1
f 621//4 622//4 623//4
f 623//4 622//4 624//4
f 623//4 624//4 625//4
f 625//4 624//4 626//4
f 625//4 626//4 627//4
f 628//4 629//4 625//4
f 625//4 629//4 630//4
f 625//4 630//4 623//4
f 623//4 630//4 631//4
f 623//4 631//4 632//4
f 633//18 634//18 635//18
f 635//18 634//18 636//18
f 9//18 530//18 25//18
f 25//18 530//18 534//18
f 487//18 484//18 637//18
f 637//18 484//18 505//18
f 637//18 505//18 366//18
f 366//18 505//18 367//18
f 378//18 379//18 638//18
f 638//18 379//18 442//18
f 638//18 442//18 479//18
f 479//18 442//18 475//18
f 420//18 65//18 53//18
f 53//18 639//18 420//18
f 420//18 639//18 640//18
f 420//18 640//18 424//18
f 424//19 640//19 641//19
f 101//20 103//20 642//20
f 642//18 103//18 424//18
f 642//19 424//19 643//19
f 643//18 424//18 641//18
f 52//21 51//21 644//21
f 644//21 51//21 426//21
f 104//21 102//21 425//21
f 425//21 102//21 645//21
f 645//21 646//21 425//21
f 425//21 646//21 647//21
f 425//21 647//21 426//21
f 426//21 647//21 648//21
f 426//21 648//21 644//21
f 435//18 85//18 438//18
f 438//18 85//18 99//18
f 380//21 207//21 381//21
f 381//21 207//21 208//21
f 449//18 465//18 451//18
f 451//18 465//18 461//18
f 459//21 453//21 460//21
f 460//21 453//21 452//21
f 121//21 372//21 119//21
f 119//21 372//21 373//21
f 494//18 509//18 495//18
f 495//18 509//18 504//18
f 502//21 497//21 503//21
f 503//21 497//21 496//21
f 526//18 524//18 541//18
f 541//18 524//18 649//18
f 649//19 650//19 541//19
f 541//18 650//18 651//18
f 541//18 651//18 545//18
f 30//22 32//22 652//22
f 652//18 32//18 545//18
f 652//18 545//18 653//18
f 653//19 545//19 651//19
f 539//21 33//21 31//21
f 31//21 654//21 539//21
f 539//21 654//21 655//21
f 539//21 655//21 540//21
f 540//21 655//21 656//21
f 523//23 525//23 657//23
f 657//21 525//21 540//21
f 657//21 540//21 658//21
f 658//21 540//21 656//21
f 659//18 660//18 661//18
f 661//18 660//18 662//18
f 663//4 664//4 665//4
f 666//1 667//1 668//1
f 668//1 667//1 669//1
f 670//24 671//24 672//24
f 672//25 671//25 673//25
f 671//25 674//25 673//25
f 673//25 674//25 675//25
f 673//24 675//24 676//24
f 676//25 675//25 677//25
f 676//25 677//25 670//25
f 670//25 677//25 678//25
f 670//25 678//25 671//25
f 671//25 678//25 679//25
f 680//25 681//25 682//25
f 683//25 684//25 685//25
f 685//24 684//24 686//24
f 684//25 680//25 686//25
f 686//25 680//25 682//25
f 686//25 682//25 687//25
f 687//25 682//25 679//25
f 687//25 679//25 688//25
f 688//25 679//25 678//25
f 689//25 690//25 678//25
f 678//24 690//24 691//24
f 678//25 691//25 692//25
f 693//25 694//25 692//25
f 692//25 694//25 683//25
f 692//25 683//25 678//25
f 678//25 683//25 685//25
f 678//25 685//25 688//25
f 695//25 696//25 689//25
f 689//25 696//25 697//25
f 689//25 697//25 698//25
f 699//25 700//25 698//25
f 698//25 700//25 694//25
f 698//24 694//24 689//24
f 689//25 694//25 693//25
f 689//25 693//25 690//25
f 695//25 701//25 702//25
f 701//24 695//24 703//24
f 703//25 695//25 704//25
f 703//24 704//24 705//24
f 705//25 704//25 706//25
f 705//25 706//25 702//25
f 702//25 706//25 700//25
f 702//25 700//25 695//25
f 695//24 700//24 699//24
f 695//24 699//24 696//24
f 707//25 706//25 708//25
f 708//25 706//25 704//25
f 708//24 704//24 709//24
f 709//25 704//25 710//25
f 709//25 710//25 711//25
f 711//24 710//24 712//24
f 711//24 712//24 707//24
f 707//25 712//25 706//25
f 713//25 714//25 715//25
f 715//25 714//25 710//25
f 710//25 714//25 716//25
f 710//25 716//25 712//25
f 712//24 716//24 717//24
f 712//25 717//25 718//25
f 719//25 720//25 718//25
f 721//25 722//25 723//25
f 724//24 725//24 726//24
f 726//24 725//24 727//24
f 726//25 727//25 728//25
f 728//25 727//25 722//25
f 728//25 722//25 729//25
f 729//25 722//25 721//25
f 729//26 721//26 724//26
f 724//25 721//25 725//25
f 730//25 731//25 732//25
f 732//25 731//25 733//25
f 732//25 733//25 725//25
f 725//24 733//24 734//24
f 725//25 734//25 727//25
f 727//24 734//24 735//24
f 727//25 735//25 736//25
f 735//24 731//24 736//24
f 736//25 731//25 730//25
f 736//25 730//25 737//25
f 737//25 730//25 738//25
f 737//25 738//25 739//25
f 739//25 738//25 740//25
f 739//25 740//25 741//25
f 741//25 740//25 742//25
f 741//25 742//25 743//25
f 743//25 742//25 744//25
f 743//25 744//25 745//25
f 746//25 747//25 748//25
f 747//25 749//25 748//25
f 748//25 749//25 744//25
f 748//24 744//24 750//24
f 750//25 744//25 742//25
f 750//25 742//25 751//25
f 751//25 742//25 752//25
f 751//25 752//25 753//25
f 752//25 754//25 755//25
f 748//25 753//25 746//25
f 746//25 753//25 752//25
f 746//25 752//25 756//25
f 756//25 752//25 755//25
f 754//25 752//25 757//25
f 757//25 752//25 758//25
f 757//25 758//25 759//25
f 759//25 758//25 760//25
f 759//25 760//25 755//25
f 755//25 760//25 761//25
f 755//25 761//25 756//25
f 762//25 763//25 764//25
f 762//25 765//25 763//25
f 763//25 765//25 760//25
f 763//24 760//24 766//24
f 766//25 760//25 758//25
f 766//25 758//25 767//25
f 767//25 758//25 768//25
f 767//25 768//25 764//25
f 764//25 768//25 769//25
f 764//25 769//25 762//25
f 675//25 770//25 771//25
f 771//25 770//25 772//25
f 771//25 772//25 773//25
f 773//25 772//25 769//25
f 773//25 769//25 774//25
f 774//25 769//25 768//25
f 774//25 768//25 775//25
f 775//25 768//25 677//25
f 775//25 677//25 771//25
f 771//25 677//25 675//25
f 776//25 752//25 777//25
f 777//25 752//25 742//25
f 777//24 742//24 778//24
f 778//25 742//25 740//25
f 778//25 740//25 779//25
f 779//25 740//25 780//25
f 779//24 780//24 776//24
f 776//25 780//25 752//25
f 781//25 780//25 782//25
f 782//25 780//25 740//25
f 782//25 740//25 783//25
f 783//25 740//25 738//25
f 783//24 738//24 784//24
f 784//24 738//24 785//24
f 784//24 785//24 781//24
f 781//25 785//25 780//25
f 786//25 785//25 787//25
f 787//25 785//25 738//25
f 787//24 738//24 788//24
f 788//25 738//25 730//25
f 788//24 730//24 789//24
f 789//25 730//25 732//25
f 789//25 732//25 786//25
f 786//25 732//25 785//25
f 790//24 758//24 791//24
f 791//24 758//24 752//24
f 791//24 752//24 792//24
f 792//25 752//25 780//25
f 792//25 780//25 793//25
f 793//25 780//25 794//25
f 793//24 794//24 790//24
f 790//25 794//25 758//25
f 795//25 794//25 796//25
f 796//24 794//24 780//24
f 796//25 780//25 797//25
f 797//25 780//25 785//25
f 797//24 785//24 798//24
f 798//25 785//25 799//25
f 798//24 799//24 795//24
f 795//25 799//25 794//25
f 800//25 799//25 801//25
f 801//25 799//25 785//25
f 801//25 785//25 802//25
f 802//25 785//25 732//25
f 802//24 732//24 803//24
f 803//25 732//25 804//25
f 803//25 804//25 800//25
f 800//25 804//25 799//25
f 805//25 804//25 806//25
f 806//25 804//25 732//25
f 806//24 732//24 807//24
f 807//25 732//25 725//25
f 807//24 725//24 808//24
f 808//25 725//25 809//25
f 808//24 809//24 805//24
f 805//25 809//25 804//25
f 810//24 809//24 811//24
f 811//25 809//25 725//25
f 811//25 725//25 812//25
f 812//25 725//25 721//25
f 812//25 721//25 813//25
f 813//25 721//25 814//25
f 813//26 814//26 810//26
f 810//25 814//25 809//25
f 815//24 768//24 816//24
f 816//24 768//24 758//24
f 816//24 758//24 817//24
f 817//25 758//25 794//25
f 817//25 794//25 818//25
f 818//25 794//25 819//25
f 818//24 819//24 815//24
f 815//25 819//25 768//25
f 820//25 819//25 821//25
f 821//24 819//24 794//24
f 821//25 794//25 822//25
f 822//25 794//25 799//25
f 822//24 799//24 823//24
f 823//25 799//25 824//25
f 823//24 824//24 820//24
f 820//25 824//25 819//25
f 825//25 824//25 826//25
f 826//25 824//25 799//25
f 826//25 799//25 827//25
f 827//25 799//25 804//25
f 827//24 804//24 828//24
f 828//25 804//25 829//25
f 828//25 829//25 825//25
f 825//25 829//25 824//25
f 830//25 829//25 831//25
f 831//25 829//25 804//25
f 831//24 804//24 832//24
f 832//25 804//25 809//25
f 832//24 809//24 833//24
f 833//25 809//25 834//25
f 833//24 834//24 830//24
f 830//25 834//25 829//25
f 835//24 834//24 836//24
f 836//25 834//25 809//25
f 836//25 809//25 837//25
f 837//25 809//25 814//25
f 837//25 814//25 838//25
f 838//25 814//25 839//25
f 838//26 839//26 835//26
f 835//25 839//25 834//25
f 840//24 677//24 841//24
f 841//24 677//24 768//24
f 841//24 768//24 842//24
f 842//25 768//25 819//25
f 842//25 819//25 843//25
f 843//25 819//25 844//25
f 843//24 844//24 840//24
f 840//25 844//25 677//25
f 845//25 844//25 846//25
f 846//24 844//24 819//24
f 846//25 819//25 847//25
f 847//25 819//25 824//25
f 847//24 824//24 848//24
f 848//25 824//25 849//25
f 848//24 849//24 845//24
f 845//25 849//25 844//25
f 850//25 849//25 851//25
f 851//25 849//25 824//25
f 851//25 824//25 852//25
f 852//25 824//25 829//25
f 852//24 829//24 853//24
f 853//25 829//25 854//25
f 853//25 854//25 850//25
f 850//25 854//25 849//25
f 855//25 854//25 856//25
f 856//25 854//25 829//25
f 856//24 829//24 857//24
f 857//25 829//25 834//25
f 857//24 834//24 858//24
f 858//25 834//25 859//25
f 858//24 859//24 855//24
f 855//25 859//25 854//25
f 860//24 859//24 861//24
f 861//25 859//25 834//25
f 861//25 834//25 862//25
f 862//25 834//25 839//25
f 862//25 839//25 863//25
f 863//25 839//25 864//25
f 863//26 864//26 860//26
f 860//25 864//25 859//25
f 865//25 678//25 866//25
f 866//24 678//24 677//24
f 866//24 677//24 867//24
f 867//25 677//25 844//25
f 867//25 844//25 868//25
f 868//25 844//25 689//25
f 868//24 689//24 865//24
f 865//25 689//25 678//25
f 869//25 689//25 870//25
f 870//24 689//24 844//24
f 870//25 844//25 871//25
f 871//25 844//25 849//25
f 871//24 849//24 872//24
f 872//25 849//25 695//25
f 872//24 695//24 869//24
f 869//25 695//25 689//25
f 873//25 695//25 874//25
f 874//25 695//25 849//25
f 874//25 849//25 875//25
f 875//25 849//25 854//25
f 875//24 854//24 876//24
f 876//25 854//25 704//25
f 876//25 704//25 873//25
f 873//25 704//25 695//25
f 877//25 704//25 878//25
f 878//25 704//25 854//25
f 878//24 854//24 879//24
f 879//25 854//25 859//25
f 879//24 859//24 880//24
f 880//25 859//25 710//25
f 880//24 710//24 877//24
f 877//25 710//25 704//25
f 881//24 710//24 882//24
f 882//25 710//25 859//25
f 882//25 859//25 883//25
f 883//25 859//25 864//25
f 883//25 864//25 884//25
f 884//25 864//25 715//25
f 884//26 715//26 881//26
f 881//25 715//25 710//25
f 717//26 713//26 718//26
f 718//25 713//25 715//25
f 718//25 715//25 719//25
f 719//25 715//25 864//25
f 719//25 864//25 885//25
f 885//25 864//25 839//25
f 885//25 839//25 886//25
f 886//25 839//25 814//25
f 886//25 814//25 887//25
f 887//25 814//25 721//25
f 887//25 721//25 888//25
f 888//25 721//25 723//25
f 889//27 890//27 891//27
f 892//27 893//27 894//27
f 895//27 896//27 897//27
f 898//27 899//27 900//27
f 901//27 902//27 900//27
f 900//27 902//27 903//27
f 904//27 898//27 905//27
f 905//27 898//27 900//27
f 905//27 900//27 906//27
f 906//27 900//27 903//27
f 906//27 903//27 907//27
f 898//27 908//27 899//27
f 899//27 908//27 909//27
f 899//27 909//27 910//27
f 911//27 607//27 912//27
f 912//27 607//27 913//27
f 912//27 913//27 909//27
f 909//27 913//27 914//27
f 909//27 914//27 608//27
f 911//27 915//27 607//27
f 607//27 915//27 916//27
f 607//27 916//27 608//27
f 608//27 916//27 902//27
f 608//27 902//27 909//27
f 909//27 902//27 901//27
f 909//27 901//27 910//27
f 917//27 918//27 615//27
f 918//27 919//27 920//27
f 616//27 921//27 922//27
f 922//27 921//27 923//27
f 917//27 605//27 924//27
f 924//27 605//27 604//27
f 628//27 922//27 629//27
f 629//27 922//27 925//27
f 629//27 925//27 604//27
f 615//27 616//27 917//27
f 917//27 616//27 922//27
f 917//27 922//27 605//27
f 605//27 922//27 628//27
f 926//27 927//27 928//27
f 928//27 927//27 600//27
f 928//27 600//27 929//27
f 929//27 600//27 599//27
f 930//27 632//27 931//27
f 931//27 632//27 631//27
f 932//27 933//27 934//27
f 934//27 933//27 929//27
f 934//27 929//27 930//27
f 930//27 929//27 599//27
f 930//27 599//27 632//27
f 935//27 933//27 936//27
f 936//27 933//27 932//27
f 936//27 932//27 937//27
f 937//27 932//27 938//27
f 937//27 938//27 930//27
f 930//27 938//27 939//27
f 930//27 939//27 934//27
f 940//27 941//27 942//27
f 942//27 941//27 936//27
f 942//27 936//27 943//27
f 943//27 936//27 937//27
f 943//27 937//27 944//27
f 944//27 937//27 945//27
f 944//27 945//27 946//27
f 946//27 945//27 947//27
f 948//27 947//27 949//27
f 949//27 947//27 945//27
f 949//27 945//27 950//27
f 950//27 945//27 951//27
f 950//27 951//27 952//27
f 953//27 954//27 955//27
f 955//27 954//27 956//27
f 955//27 956//27 952//27
f 952//27 956//27 957//27
f 952//27 957//27 950//27
f 958//27 953//27 959//27
f 959//27 953//27 955//27
f 959//27 955//27 960//27
f 960//27 955//27 961//27
f 960//27 961//27 962//27
f 962//27 961//27 963//27
f 962//27 963//27 964//27
f 964//27 963//27 965//27
f 963//27 966//27 967//27
f 967//27 966//27 968//27
f 968//27 966//27 969//27
f 968//27 969//27 970//27
f 971//27 972//27 973//27
f 973//27 972//27 974//27
f 973//27 974//27 975//27
f 975//27 974//27 976//27
f 977//27 976//27 978//27
f 978//27 976//27 974//27
f 978//27 974//27 979//27
f 979//27 974//27 980//27
f 979//27 980//27 981//27
f 982//27 981//27 983//27
f 983//27 981//27 984//27
f 983//27 984//27 985//27
f 986//27 987//27 988//27
f 988//27 987//27 989//27
f 981//27 980//27 984//27
f 984//27 980//27 990//27
f 984//27 990//27 991//27
f 987//27 992//27 989//27
f 989//27 992//27 993//27
f 989//27 993//27 980//27
f 980//27 993//27 986//27
f 980//27 986//27 990//27
f 990//27 986//27 988//27
f 994//27 995//27 996//27
f 996//27 995//27 997//27
f 996//27 997//27 998//27
f 994//27 999//27 995//27
f 995//27 999//27 1000//27
f 995//27 1000//27 1001//27
f 1001//27 1000//27 988//27
f 1001//27 988//27 998//27
f 998//27 988//27 989//27
f 998//27 989//27 996//27
f 1002//27 1003//27 1004//27
f 1003//27 1002//27 1005//27
f 1006//27 1007//27 889//27
f 889//27 1007//27 1008//27
f 889//27 1008//27 996//27
f 996//27 1008//27 1002//27
f 996//27 1002//27 994//27
f 994//27 1002//27 1004//27
f 1009//27 1010//27 1005//27
f 1011//27 1012//27 1013//27
f 1013//27 1012//27 1014//27
f 1013//27 1014//27 1015//27
f 1009//27 1016//27 1017//27
f 1017//27 1018//27 1009//27
f 1009//27 1018//27 1015//27
f 1009//27 1015//27 1010//27
f 1010//27 1015//27 1014//27
f 1019//27 1020//27 908//27
f 908//27 1020//27 1021//27
f 908//27 1021//27 909//27
f 1022//27 1023//27 1016//27
f 1016//27 1023//27 1020//27
f 1019//27 1024//27 1020//27
f 1020//27 1024//27 1011//27
f 1020//27 1011//27 1016//27
f 1016//27 1011//27 1013//27
f 1016//27 1013//27 1017//27
f 1025//27 1026//27 100//27
f 100//27 1026//27 1027//27
f 100//27 1027//27 76//27
f 1028//27 1029//27 433//27
f 433//27 432//27 1028//27
f 1028//27 432//27 88//27
f 1028//27 88//27 1030//27
f 90//27 1031//27 88//27
f 88//27 1031//27 1032//27
f 88//27 1032//27 1033//27
f 1034//27 1035//27 1030//27
f 1034//27 1030//27 1036//27
f 1037//27 1038//27 1039//27
f 1039//27 1038//27 1040//27
f 1039//27 1040//27 1041//27
f 1033//27 1042//27 88//27
f 88//27 1042//27 1043//27
f 88//27 1043//27 1030//27
f 1030//27 1043//27 1044//27
f 1030//27 1044//27 1036//27
f 1035//27 1045//27 1030//27
f 1030//27 1045//27 1046//27
f 1030//27 1046//27 1047//27
f 1047//27 1048//27 1030//27
f 1030//27 1048//27 1049//27
f 1030//27 1049//27 1039//27
f 1039//27 1049//27 1050//27
f 1039//27 1050//27 1037//27
f 1051//27 1052//27 1053//27
f 1053//27 1052//27 1025//27
f 1053//27 1025//27 1054//27
f 1041//27 1055//27 1039//27
f 1039//27 1055//27 1056//27
f 1039//27 1056//27 1053//27
f 1053//27 1056//27 1057//27
f 1053//27 1057//27 1051//27
f 527//27 17//27 1058//27
f 14//27 528//27 1059//27
f 19//27 1060//27 17//27
f 17//27 1060//27 1061//27
f 17//27 1061//27 1058//27
f 1062//27 1063//27 930//27
f 930//27 1063//27 1064//27
f 1064//27 1065//27 930//27
f 930//27 1065//27 1066//27
f 930//27 1066//27 1067//27
f 1068//27 1069//27 931//27
f 931//27 1069//27 1070//27
f 931//27 1070//27 1071//27
f 1071//27 1072//27 931//27
f 931//27 1072//27 1073//27
f 931//27 1073//27 930//27
f 930//27 1073//27 1074//27
f 930//27 1074//27 1062//27
f 1067//27 1075//27 930//27
f 930//27 1075//27 1076//27
f 930//27 1076//27 14//27
f 14//27 1076//27 1077//27
f 14//27 1077//27 1078//27
f 1078//27 1079//27 14//27
f 14//27 1079//27 1080//27
f 14//27 1080//27 12//27
f 1081//27 1082//27 925//27
f 925//27 1082//27 1083//27
f 925//27 1083//27 931//27
f 931//27 1083//27 1084//27
f 931//27 1084//27 1068//27
f 925//27 1085//27 1086//27
f 528//27 527//27 1086//27
f 1086//27 527//27 1058//27
f 1086//27 1058//27 925//27
f 925//27 1058//27 1087//27
f 925//27 1087//27 1081//27
f 1088//27 26//27 50//27
f 544//27 543//27 1016//27
f 1021//27 1022//27 909//27
f 909//27 1022//27 1016//27
f 909//27 1016//27 38//27
f 38//27 1016//27 543//27
f 1089//27 1090//27 909//27
f 40//27 1091//27 38//27
f 38//27 1091//27 1092//27
f 38//27 1092//27 1093//27
f 1089//27 909//27 1094//27
f 1093//27 1095//27 38//27
f 38//27 1095//27 1096//27
f 38//27 1096//27 909//27
f 909//27 1096//27 1097//27
f 909//27 1097//27 1094//27
f 1098//27 1099//27 912//27
f 912//27 1099//27 1100//27
f 912//27 1100//27 1101//27
f 1090//27 1102//27 909//27
f 909//27 1102//27 1103//27
f 909//27 1103//27 1104//27
f 1104//27 1105//27 909//27
f 909//27 1105//27 1106//27
f 909//27 1106//27 912//27
f 912//27 1106//27 1107//27
f 912//27 1107//27 1098//27
f 918//27 920//27 615//27
f 615//27 920//27 911//27
f 615//27 911//27 923//27
f 923//27 911//27 912//27
f 923//27 912//27 922//27
f 922//27 912//27 36//27
f 922//27 36//27 37//27
f 37//27 548//27 1108//27
f 1108//27 548//27 547//27
f 1101//27 1109//27 912//27
f 912//27 1109//27 1110//27
f 912//27 1110//27 36//27
f 36//27 1110//27 1111//27
f 36//27 1111//27 1112//27
f 1113//27 1114//27 1115//27
f 1115//27 1114//27 1116//27
f 1117//27 1118//27 989//27
f 989//27 1118//27 1119//27
f 989//27 1119//27 1120//27
f 1121//27 1122//27 64//27
f 64//27 1122//27 1123//27
f 1123//27 1124//27 64//27
f 64//27 1124//27 1125//27
f 64//27 1125//27 62//27
f 1120//27 1126//27 989//27
f 989//27 1126//27 1127//27
f 989//27 1127//27 1128//27
f 1128//27 1121//27 989//27
f 989//27 1121//27 64//27
f 989//27 64//27 996//27
f 996//27 64//27 419//27
f 996//27 419//27 1129//27
f 1129//27 419//27 418//27
f 1129//27 418//27 1130//27
f 1130//27 418//27 68//27
f 70//27 1131//27 68//27
f 68//27 1131//27 1132//27
f 68//27 1132//27 1130//27
f 1113//27 1133//27 1114//27
f 1114//27 1133//27 1134//27
f 1114//27 1134//27 1135//27
f 1135//27 1136//27 1114//27
f 1114//27 1136//27 1137//27
f 1114//27 1137//27 989//27
f 989//27 1137//27 1138//27
f 989//27 1138//27 1117//27
f 422//27 423//27 1139//27
f 1139//27 423//27 58//27
f 1140//27 1141//27 57//27
f 1139//27 1129//27 422//27
f 422//27 1129//27 1130//27
f 422//27 1130//27 57//27
f 57//27 1130//27 1142//27
f 57//27 1142//27 1140//27
f 1141//27 1116//27 57//27
f 57//27 1116//27 1114//27
f 57//27 1114//27 58//27
f 58//27 1114//27 1143//27
f 58//27 1143//27 1139//27
f 891//27 1144//27 1145//27
f 1146//27 1147//27 1148//27
f 890//27 1149//27 891//27
f 891//27 1149//27 1150//27
f 891//27 1150//27 1144//27
f 1151//27 1152//27 890//27
f 890//27 1152//27 1153//27
f 890//27 1153//27 1154//27
f 1154//27 1155//27 890//27
f 890//27 1155//27 1156//27
f 890//27 1156//27 1149//27
f 1145//27 1157//27 891//27
f 891//27 1157//27 1158//27
f 891//27 1158//27 1159//27
f 1159//27 1158//27 1160//27
f 1160//27 1161//27 1159//27
f 1159//27 1161//27 1162//27
f 1159//27 1162//27 1163//27
f 1164//27 1165//27 1166//27
f 1163//27 1167//27 1159//27
f 1159//27 1167//27 1168//27
f 1159//27 1168//27 1164//27
f 1169//27 1170//27 1171//27
f 1171//27 1170//27 1172//27
f 1171//27 1172//27 1173//27
f 1174//27 1175//27 1148//27
f 1175//27 1176//27 1148//27
f 1148//27 1176//27 1177//27
f 1148//27 1177//27 1146//27
f 1165//27 1178//27 1166//27
f 1166//27 1178//27 1179//27
f 1166//27 1179//27 1180//27
f 1180//27 1181//27 1166//27
f 1166//27 1181//27 1182//27
f 1166//27 1182//27 1171//27
f 1171//27 1182//27 1183//27
f 1171//27 1183//27 1169//27
f 971//27 892//27 1184//27
f 1184//27 892//27 894//27
f 1184//27 894//27 969//27
f 969//27 894//27 1185//27
f 969//27 1185//27 970//27
f 1186//27 965//27 897//27
f 897//27 965//27 963//27
f 897//27 963//27 895//27
f 895//27 963//27 967//27
f 1114//27 559//27 568//27
f 559//27 1114//27 560//27
f 560//27 1114//27 989//27
f 560//27 989//27 567//27
f 567//27 989//27 980//27
f 567//27 980//27 568//27
f 568//27 980//27 974//27
f 568//27 974//27 1114//27
f 1187//27 580//27 1184//27
f 971//27 1184//27 972//27
f 972//27 1184//27 580//27
f 972//27 580//27 581//27
f 581//27 1143//27 972//27
f 972//27 1143//27 573//27
f 972//27 573//27 974//27
f 974//27 573//27 572//27
f 974//27 572//27 1114//27
f 1114//27 572//27 557//27
f 1114//27 557//27 1143//27
f 1143//27 557//27 556//27
f 1143//27 556//27 573//27
f 969//27 1039//27 1184//27
f 1184//27 1039//27 1053//27
f 1184//27 1053//27 1187//27
f 1187//27 1053//27 1143//27
f 1187//27 1143//27 1188//27
f 1188//27 1143//27 581//27
f 1030//27 1189//27 576//27
f 1030//27 1190//27 1191//27
f 1192//27 966//27 1193//27
f 1193//27 966//27 963//27
f 1193//27 963//27 1191//27
f 1191//27 963//27 961//27
f 1191//27 961//27 1030//27
f 1189//27 1030//27 1194//27
f 1194//27 1030//27 1039//27
f 1194//27 1039//27 575//27
f 575//27 1039//27 969//27
f 575//27 969//27 576//27
f 576//27 969//27 966//27
f 576//27 966//27 1030//27
f 1030//27 966//27 1192//27
f 1030//27 1192//27 1190//27
f 87//27 1143//27 86//27
f 86//27 1143//27 1053//27
f 86//27 1053//27 436//27
f 436//27 1053//27 1054//27
f 436//27 1054//27 437//27
f 437//27 1054//27 1139//27
f 437//27 1139//27 87//27
f 87//27 1139//27 1143//27
f 1195//27 1030//27 1196//27
f 1196//27 1030//27 961//27
f 1196//27 961//27 1197//27
f 1197//27 961//27 955//27
f 1197//27 955//27 1198//27
f 1198//27 955//27 1028//27
f 1198//27 1028//27 1195//27
f 1195//27 1028//27 1030//27
f 450//27 890//27 448//27
f 448//27 890//27 889//27
f 448//27 889//27 463//27
f 463//27 889//27 996//27
f 463//27 996//27 464//27
f 464//27 996//27 1129//27
f 467//27 446//27 890//27
f 890//27 446//27 1148//27
f 890//27 1148//27 1151//27
f 1151//27 1148//27 1147//27
f 446//27 447//27 1148//27
f 1148//27 447//27 468//27
f 1148//27 468//27 1139//27
f 1139//27 468//27 467//27
f 1139//27 467//27 1129//27
f 1129//27 467//27 890//27
f 1129//27 890//27 464//27
f 464//27 890//27 450//27
f 1148//27 444//27 443//27
f 444//27 1148//27 477//27
f 477//27 1148//27 1139//27
f 477//27 1139//27 476//27
f 476//27 1139//27 1054//27
f 476//27 1054//27 443//27
f 443//27 1054//27 1171//27
f 443//27 1171//27 1148//27
f 1148//27 1171//27 1173//27
f 1148//27 1173//27 1174//27
f 440//27 439//27 1199//27
f 1199//27 439//27 473//27
f 440//27 1200//27 472//27
f 472//27 1200//27 1029//27
f 472//27 1029//27 473//27
f 473//27 1029//27 1028//27
f 473//27 1028//27 1199//27
f 1199//27 1201//27 1202//27
f 100//27 433//27 1025//27
f 1025//27 433//27 1029//27
f 1025//27 1029//27 1054//27
f 1054//27 1029//27 1200//27
f 1054//27 1200//27 1171//27
f 1171//27 1200//27 1203//27
f 1171//27 1203//27 1166//27
f 1201//27 1199//27 1204//27
f 1204//27 1199//27 1028//27
f 1204//27 1028//27 1205//27
f 1205//27 1028//27 955//27
f 1205//27 955//27 1202//27
f 1202//27 955//27 952//27
f 1202//27 952//27 1199//27
f 1199//27 952//27 951//27
f 1199//27 951//27 1206//27
f 492//27 508//27 891//27
f 891//27 508//27 1009//27
f 891//27 1009//27 889//27
f 889//27 1009//27 1005//27
f 889//27 1005//27 1006//27
f 1006//27 1005//27 1002//27
f 508//27 507//27 1009//27
f 1009//27 507//27 493//27
f 1009//27 493//27 1016//27
f 1016//27 493//27 1207//27
f 1016//27 1207//27 544//27
f 544//27 1207//27 1208//27
f 544//27 1208//27 50//27
f 50//27 1208//27 1209//27
f 50//27 1209//27 1088//27
f 511//27 499//27 1207//27
f 1112//27 1210//27 36//27
f 36//27 1210//27 1208//27
f 36//27 1208//27 547//27
f 547//27 1208//27 1207//27
f 547//27 1207//27 1108//27
f 1108//27 1207//27 499//27
f 500//27 512//27 1159//27
f 1159//27 512//27 511//27
f 1159//27 511//27 891//27
f 891//27 511//27 1207//27
f 891//27 1207//27 492//27
f 492//27 1207//27 493//27
f 1085//27 1108//27 486//27
f 485//27 515//27 1166//27
f 1164//27 1166//27 1159//27
f 1159//27 1166//27 515//27
f 1159//27 515//27 514//27
f 499//27 500//27 1108//27
f 1108//27 500//27 1159//27
f 1108//27 1159//27 486//27
f 486//27 1159//27 514//27
f 481//27 518//27 1206//27
f 528//27 1086//27 1059//27
f 1059//27 1086//27 482//27
f 1059//27 482//27 481//27
f 440//27 1199//27 1200//27
f 1200//27 1199//27 1206//27
f 1200//27 1206//27 1203//27
f 1203//27 1206//27 518//27
f 1203//27 518//27 517//27
f 486//27 485//27 1085//27
f 1085//27 485//27 1166//27
f 1085//27 1166//27 1086//27
f 1086//27 1166//27 1203//27
f 1086//27 1203//27 482//27
f 482//27 1203//27 517//27
f 481//27 1206//27 1059//27
f 1059//27 1206//27 1211//27
f 1059//27 1211//27 945//27
f 945//27 1211//27 1212//27
f 945//27 1212//27 951//27
f 951//27 1212//27 1213//27
f 951//27 1213//27 1206//27
f 1206//27 1213//27 1214//27
f 1206//27 1214//27 1211//27
f 37//27 1108//27 922//27
f 922//27 1108//27 8//27
f 922//27 8//27 925//27
f 925//27 8//27 7//27
f 925//27 7//27 1085//27
f 1085//27 7//27 531//27
f 1085//27 531//27 1108//27
f 1108//27 531//27 532//27
f 1108//27 532//27 8//27
f 14//27 1059//27 930//27
f 930//27 1059//27 1215//27
f 930//27 1215//27 937//27
f 937//27 1215//27 1216//27
f 937//27 1216//27 945//27
f 945//27 1216//27 1217//27
f 945//27 1217//27 1059//27
f 1059//27 1217//27 1218//27
f 1059//27 1218//27 1215//27
f 631//27 600//27 931//27
f 931//27 600//27 927//27
f 931//27 927//27 925//27
f 925//27 927//27 1219//27
f 925//27 1219//27 604//27
f 604//27 1219//27 1220//27
f 604//27 1220//27 924//27
f 924//27 1220//27 1221//27
f 1221//28 1220//28 1222//28
f 1222//28 1220//28 1223//28
f 1222//28 1223//28 1224//28
f 1224//28 1223//28 1225//28
f 1224//28 1225//28 1226//28
f 1226//28 1225//28 1227//28
f 1226//29 1227//29 1228//29
f 1228//28 1227//28 1229//28
f 1228//28 1229//28 1220//28
f 1220//29 1229//29 1223//29
f 920//28 919//28 1230//28
f 1230//28 919//28 1231//28
f 1230//28 1231//28 1232//28
f 1232//28 1231//28 1224//28
f 1232//28 1224//28 1233//28
f 1233//28 1224//28 1226//28
f 1233//28 1226//28 1234//28
f 1234//29 1226//29 1235//29
f 1234//28 1235//28 1230//28
f 1230//28 1235//28 920//28
f 1236//28 1237//28 1238//28
f 1239//28 1236//28 1240//28
f 1240//28 1236//28 1238//28
f 1240//29 1238//29 1235//29
f 1235//28 1238//28 1241//28
f 1235//28 1241//28 920//28
f 920//29 1241//29 1242//29
f 920//28 1242//28 911//28
f 911//28 1242//28 1237//28
f 911//28 1237//28 915//28
f 915//28 1237//28 1236//28
f 906//28 907//28 1243//28
f 1243//28 907//28 1244//28
f 1243//28 1244//28 1245//28
f 1245//28 1244//28 1239//28
f 1245//28 1239//28 1246//28
f 1246//28 1239//28 1240//28
f 1246//28 1240//28 1247//28
f 1247//28 1240//28 1248//28
f 1247//28 1248//28 1243//28
f 1243//28 1248//28 906//28
f 1249//28 1250//28 1251//28
f 1251//28 1250//28 1252//28
f 1251//28 1252//28 1253//28
f 1253//28 1252//28 1254//28
f 1253//28 1254//28 1255//28
f 1255//28 1254//28 1256//28
f 1255//28 1256//28 1248//28
f 1248//28 1256//28 905//28
f 1248//28 905//28 906//28
f 1257//28 1258//28 1259//28
f 1259//28 1258//28 1249//28
f 1259//28 1249//28 1260//28
f 1260//28 1249//28 1251//28
f 1260//29 1251//29 1261//29
f 1261//29 1251//29 1262//29
f 1261//28 1262//28 1263//28
f 1263//28 1262//28 1257//28
f 1263//28 1257//28 1259//28
f 1258//29 1264//29 1265//29
f 1264//29 1258//29 1266//29
f 1266//28 1258//28 1257//28
f 1266//29 1257//29 1267//29
f 1267//28 1257//28 1268//28
f 1267//28 1268//28 1265//28
f 1265//28 1268//28 1269//28
f 1265//28 1269//28 1258//28
f 1270//28 1271//28 1272//28
f 1272//28 1271//28 1273//28
f 1272//29 1273//29 1274//29
f 1274//28 1273//28 1275//28
f 1274//29 1275//29 1276//29
f 1276//28 1275//28 1277//28
f 1276//29 1277//29 1270//29
f 1270//28 1277//28 1271//28
f 1278//28 1277//28 1279//28
f 1279//28 1277//28 1275//28
f 1279//29 1275//29 1280//29
f 1280//28 1275//28 1281//28
f 1280//29 1281//29 1282//29
f 1282//29 1281//29 1283//29
f 1282//28 1283//28 1278//28
f 1278//28 1283//28 1277//28
f 1284//29 1283//29 1285//29
f 1285//29 1283//29 1281//29
f 1285//28 1281//28 1286//28
f 1286//28 1281//28 1287//28
f 1286//29 1287//29 1288//29
f 1288//28 1287//28 1289//28
f 1288//28 1289//28 1284//28
f 1284//28 1289//28 1283//28
f 1290//28 1291//28 1292//28
f 1292//28 1291//28 1289//28
f 1292//29 1289//29 1293//29
f 1293//29 1289//29 1287//29
f 1293//29 1287//29 1294//29
f 1294//28 1287//28 1295//28
f 1295//29 1296//29 1297//29
f 1296//29 1295//29 1298//29
f 1298//28 1295//28 1299//28
f 1298//28 1299//28 1300//28
f 1300//28 1299//28 1301//28
f 1300//28 1301//28 1297//28
f 1297//28 1301//28 1291//28
f 1297//28 1291//28 1295//28
f 1295//28 1291//28 1290//28
f 1295//28 1290//28 1294//28
f 935//28 936//28 1302//28
f 1302//28 936//28 1303//28
f 1302//28 1303//28 1304//28
f 1305//28 1306//28 1299//28
f 1299//29 1306//29 1307//29
f 1299//28 1307//28 1301//28
f 1301//28 1307//28 1303//28
f 1301//28 1303//28 1308//28
f 1308//28 1303//28 936//28
f 1308//28 936//28 941//28
f 927//28 926//28 1309//28
f 1310//28 1220//28 1219//28
f 1310//28 1219//28 1311//28
f 1220//28 1310//28 1228//28
f 1228//28 1310//28 1312//28
f 1228//29 1312//29 1299//29
f 1299//28 1312//28 1313//28
f 1299//28 1313//28 1311//28
f 1303//28 1305//28 1304//28
f 1304//28 1305//28 1299//28
f 1304//28 1299//28 1309//28
f 1309//28 1299//28 1311//28
f 1309//28 1311//28 927//28
f 927//28 1311//28 1219//28
f 1314//29 1299//29 1315//29
f 1315//28 1299//28 1295//28
f 1315//29 1295//29 1316//29
f 1316//29 1295//29 1317//29
f 1316//29 1317//29 1318//29
f 1318//28 1317//28 1228//28
f 1318//28 1228//28 1314//28
f 1314//28 1228//28 1299//28
f 1319//28 1320//28 1321//28
f 1321//28 1320//28 1317//28
f 1321//28 1317//28 1322//28
f 1322//28 1317//28 1295//28
f 1322//29 1295//29 1323//29
f 1323//28 1295//28 1287//28
f 1323//29 1287//29 1319//29
f 1319//29 1287//29 1320//29
f 1324//29 1281//29 1325//29
f 1325//28 1281//28 1326//28
f 1325//28 1326//28 1327//28
f 1327//28 1326//28 1320//28
f 1327//28 1320//28 1328//28
f 1328//28 1320//28 1287//28
f 1328//28 1287//28 1324//28
f 1324//28 1287//28 1281//28
f 1329//28 1275//28 1330//28
f 1330//28 1275//28 1331//28
f 1330//29 1331//29 1332//29
f 1332//28 1331//28 1326//28
f 1332//29 1326//29 1333//29
f 1333//29 1326//29 1281//29
f 1333//28 1281//28 1329//28
f 1329//28 1281//28 1275//28
f 1334//28 1273//28 1335//28
f 1335//28 1273//28 1336//28
f 1335//29 1336//29 1337//29
f 1337//28 1336//28 1331//28
f 1337//29 1331//29 1338//29
f 1338//28 1331//28 1275//28
f 1338//29 1275//29 1334//29
f 1334//28 1275//28 1273//28
f 1339//29 1228//29 1340//29
f 1340//28 1228//28 1317//28
f 1340//29 1317//29 1341//29
f 1341//29 1317//29 1342//29
f 1341//29 1342//29 1343//29
f 1343//28 1342//28 1226//28
f 1343//28 1226//28 1339//28
f 1339//28 1226//28 1228//28
f 1344//29 1320//29 1345//29
f 1345//29 1320//29 1346//29
f 1345//28 1346//28 1347//28
f 1347//28 1346//28 1342//28
f 1347//28 1342//28 1348//28
f 1348//28 1342//28 1317//28
f 1348//29 1317//29 1344//29
f 1344//28 1317//28 1320//28
f 1349//29 1326//29 1350//29
f 1350//28 1326//28 1351//28
f 1350//28 1351//28 1352//28
f 1352//28 1351//28 1346//28
f 1352//28 1346//28 1353//28
f 1353//28 1346//28 1320//28
f 1353//28 1320//28 1349//28
f 1349//28 1320//28 1326//28
f 1354//28 1331//28 1355//28
f 1355//28 1331//28 1356//28
f 1355//29 1356//29 1357//29
f 1357//28 1356//28 1351//28
f 1357//29 1351//29 1358//29
f 1358//29 1351//29 1326//29
f 1358//28 1326//28 1354//28
f 1354//28 1326//28 1331//28
f 1359//28 1336//28 1360//28
f 1360//28 1336//28 1361//28
f 1360//29 1361//29 1362//29
f 1362//28 1361//28 1356//28
f 1362//29 1356//29 1363//29
f 1363//28 1356//28 1331//28
f 1363//29 1331//29 1359//29
f 1359//28 1331//28 1336//28
f 1364//29 1226//29 1365//29
f 1365//28 1226//28 1342//28
f 1365//29 1342//29 1366//29
f 1366//29 1342//29 1367//29
f 1366//29 1367//29 1368//29
f 1368//28 1367//28 1235//28
f 1368//28 1235//28 1364//28
f 1364//28 1235//28 1226//28
f 1369//29 1346//29 1370//29
f 1370//29 1346//29 1371//29
f 1370//28 1371//28 1372//28
f 1372//28 1371//28 1367//28
f 1372//28 1367//28 1373//28
f 1373//28 1367//28 1342//28
f 1373//29 1342//29 1369//29
f 1369//28 1342//28 1346//28
f 1374//29 1351//29 1375//29
f 1375//28 1351//28 1376//28
f 1375//28 1376//28 1377//28
f 1377//28 1376//28 1371//28
f 1377//28 1371//28 1378//28
f 1378//28 1371//28 1346//28
f 1378//28 1346//28 1374//28
f 1374//28 1346//28 1351//28
f 1379//28 1356//28 1380//28
f 1380//28 1356//28 1381//28
f 1380//29 1381//29 1382//29
f 1382//28 1381//28 1376//28
f 1382//28 1376//28 1383//28
f 1383//29 1376//29 1351//29
f 1383//28 1351//28 1379//28
f 1379//28 1351//28 1356//28
f 1384//28 1361//28 1385//28
f 1385//28 1361//28 1386//28
f 1385//29 1386//29 1387//29
f 1387//28 1386//28 1381//28
f 1387//29 1381//29 1388//29
f 1388//28 1381//28 1356//28
f 1388//29 1356//29 1384//29
f 1384//28 1356//28 1361//28
f 1389//29 1235//29 1390//29
f 1390//28 1235//28 1367//28
f 1390//29 1367//29 1391//29
f 1391//29 1367//29 1392//29
f 1391//29 1392//29 1393//29
f 1393//28 1392//28 1240//28
f 1393//28 1240//28 1389//28
f 1389//28 1240//28 1235//28
f 1394//29 1367//29 1395//29
f 1395//28 1367//28 1371//28
f 1395//29 1371//29 1396//29
f 1396//29 1371//29 1397//29
f 1396//28 1397//28 1398//28
f 1398//28 1397//28 1392//28
f 1398//28 1392//28 1394//28
f 1394//28 1392//28 1367//28
f 1399//28 1371//28 1400//28
f 1400//28 1371//28 1376//28
f 1400//29 1376//29 1401//29
f 1401//28 1376//28 1262//28
f 1401//28 1262//28 1402//28
f 1402//28 1262//28 1397//28
f 1402//28 1397//28 1399//28
f 1399//28 1397//28 1371//28
f 1403//28 1381//28 1404//28
f 1404//28 1381//28 1257//28
f 1404//29 1257//29 1405//29
f 1405//28 1257//28 1262//28
f 1405//29 1262//29 1406//29
f 1406//29 1262//29 1376//29
f 1406//28 1376//28 1403//28
f 1403//28 1376//28 1381//28
f 1407//28 1386//28 1408//28
f 1408//28 1386//28 1268//28
f 1408//29 1268//29 1409//29
f 1409//28 1268//28 1257//28
f 1409//29 1257//29 1410//29
f 1410//28 1257//28 1381//28
f 1410//29 1381//29 1407//29
f 1407//28 1381//28 1386//28
f 1271//28 1411//28 1273//28
f 1273//28 1411//28 1412//28
f 1273//28 1412//28 1336//28
f 1336//28 1412//28 1413//28
f 1336//28 1413//28 1361//28
f 1361//28 1413//28 1414//28
f 1361//28 1414//28 1386//28
f 1386//28 1414//28 1415//28
f 1386//28 1415//28 1268//28
f 1268//28 1415//28 1416//28
f 1268//28 1416//28 1269//28
f 1269//28 1416//28 1417//28
f 1418//29 1240//29 1419//29
f 1419//28 1240//28 1392//28
f 1419//29 1392//29 1420//29
f 1420//28 1392//28 1255//28
f 1420//29 1255//29 1421//29
f 1421//28 1255//28 1248//28
f 1421//28 1248//28 1418//28
f 1418//28 1248//28 1240//28
f 1422//29 1392//29 1423//29
f 1423//28 1392//28 1397//28
f 1423//29 1397//29 1424//29
f 1424//29 1397//29 1253//29
f 1424//29 1253//29 1425//29
f 1425//28 1253//28 1255//28
f 1425//28 1255//28 1422//28
f 1422//28 1255//28 1392//28
f 1426//29 1262//29 1427//29
f 1427//28 1262//28 1251//28
f 1427//28 1251//28 1428//28
f 1428//28 1251//28 1253//28
f 1428//28 1253//28 1429//28
f 1429//28 1253//28 1397//28
f 1429//28 1397//28 1426//28
f 1426//28 1397//28 1262//28
f 760//4 765//4 1430//4
f 1431//4 745//4 744//4
f 681//4 680//4 1432//4
f 1432//4 680//4 1433//4
f 1432//4 1433//4 1434//4
f 1434//4 1433//4 1431//4
f 1435//4 1431//4 1436//4
f 1436//4 1431//4 744//4
f 1436//4 744//4 749//4
f 1437//4 770//4 675//4
f 761//4 760//4 1435//4
f 1435//4 760//4 1430//4
f 1435//4 1430//4 1431//4
f 1431//4 1430//4 1437//4
f 1431//4 1437//4 1434//4
f 1434//4 1437//4 675//4
f 1434//4 675//4 674//4
f 1438//8 1439//8 1431//8
f 1440//8 1441//8 1433//8
f 1433//8 1441//8 1442//8
f 1433//8 1442//8 1431//8
f 1443//8 1444//8 1445//8
f 1445//8 1444//8 1446//8
f 1447//8 1448//8 1449//8
f 1449//8 1448//8 1450//8
f 1451//8 1452//8 1453//8
f 1453//8 1452//8 1454//8
f 1453//8 1454//8 1455//8
f 1455//8 1454//8 1456//8
f 1457//8 1458//8 1459//8
f 1456//8 1460//8 1455//8
f 1455//8 1460//8 1461//8
f 1455//8 1461//8 1462//8
f 1462//8 1461//8 1463//8
f 596//8 1464//8 597//8
f 597//8 1464//8 1465//8
f 1438//30 1466//30 1467//30
f 1468//8 1469//8 1470//8
f 1470//8 1469//8 1471//8
f 470//8 428//8 471//8
f 471//8 428//8 430//8
f 1472//8 1473//8 1474//8
f 1475//8 618//8 1476//8
f 1476//8 618//8 617//8
f 1477//8 1478//8 1479//8
f 1479//8 1478//8 662//8
f 664//8 1457//8 665//8
f 665//8 1457//8 1459//8
f 665//8 1459//8 430//8
f 430//8 1459//8 1480//8
f 430//8 1480//8 471//8
f 1481//8 1482//8 1483//8
f 1483//8 1482//8 1484//8
f 1467//8 1485//8 1486//8
f 1487//8 1488//8 1489//8
f 1490//8 1491//8 1431//8
f 1485//8 1492//8 1486//8
f 1486//8 1492//8 1493//8
f 1486//8 1493//8 1494//8
f 1495//8 1496//8 1497//8
f 1498//8 521//8 522//8
f 489//8 488//8 537//8
f 1474//8 1431//8 1472//8
f 1472//8 1431//8 1442//8
f 1472//8 1442//8 1465//8
f 1465//8 1442//8 1445//8
f 1465//8 1445//8 597//8
f 597//8 1445//8 1446//8
f 1499//8 1500//8 1431//8
f 1438//8 1431//8 1501//8
f 1501//8 1431//8 1491//8
f 1501//8 1491//8 1502//8
f 660//8 1503//8 662//8
f 662//8 1503//8 1490//8
f 662//8 1490//8 1479//8
f 1479//8 1490//8 1431//8
f 1479//8 1431//8 1504//8
f 1504//8 1431//8 1500//8
f 1460//8 1505//8 1506//8
f 538//8 1507//8 1508//8
f 1433//8 1509//8 1510//8
f 591//8 1511//8 592//8
f 592//8 1511//8 1512//8
f 1474//8 1487//8 1431//8
f 1431//8 1487//8 1489//8
f 1431//8 1489//8 1499//8
f 1499//8 1489//8 1476//8
f 1499//8 1476//8 1484//8
f 1484//8 1476//8 617//8
f 1484//8 617//8 1483//8
f 1513//8 1514//8 1515//8
f 1515//8 1514//8 636//8
f 1515//8 636//8 1516//8
f 1517//8 635//8 1518//8
f 1518//8 635//8 636//8
f 1518//8 636//8 1439//8
f 1439//8 636//8 1514//8
f 1439//8 1514//8 1519//8
f 1520//8 586//8 1521//8
f 1521//8 586//8 585//8
f 537//8 538//8 489//8
f 489//8 538//8 1508//8
f 489//8 1508//8 522//8
f 522//8 1508//8 1522//8
f 522//8 1522//8 1498//8
f 1523//8 1440//8 1524//8
f 1524//8 1440//8 1433//8
f 1524//8 1433//8 1512//8
f 1512//8 1433//8 1510//8
f 1512//8 1510//8 592//8
f 592//8 1510//8 1525//8
f 592//8 1525//8 1526//8
f 1527//8 456//8 1528//8
f 1528//8 456//8 458//8
f 1528//8 458//8 1529//8
f 1529//8 458//8 471//8
f 1529//8 471//8 1530//8
f 1530//8 471//8 1480//8
f 1530//8 1480//8 1439//8
f 1439//8 1480//8 1531//8
f 1439//8 1531//8 1518//8
f 565//8 564//8 1532//8
f 1533//8 1534//8 1535//8
f 1535//8 1534//8 1536//8
f 1535//8 1536//8 1537//8
f 1537//8 1536//8 1449//8
f 1537//8 1449//8 1538//8
f 1539//8 1530//8 1540//8
f 1540//8 1530//8 1439//8
f 1540//8 1439//8 1506//8
f 1506//8 1439//8 1438//8
f 1506//8 1438//8 1460//8
f 1460//8 1438//8 1467//8
f 1460//8 1467//8 1461//8
f 1461//8 1467//8 1486//8
f 1532//8 1495//8 565//8
f 565//8 1495//8 1497//8
f 565//8 1497//8 1541//8
f 1541//8 1497//8 1542//8
f 1541//8 1542//8 1543//8
f 1543//8 1542//8 1544//8
f 1545//8 589//8 1546//8
f 1546//8 589//8 590//8
f 666//8 1547//8 667//8
f 667//8 1547//8 1548//8
f 667//8 1548//8 538//8
f 538//8 1548//8 1549//8
f 538//8 1549//8 1507//8
f 1507//8 1549//8 1550//8
f 1551//8 1552//8 1553//8
f 1554//8 1555//8 1546//8
f 1556//8 1507//8 1554//8
f 1554//8 1507//8 1550//8
f 1554//8 1550//8 1433//8
f 1433//8 1550//8 1557//8
f 1433//8 1557//8 1509//8
f 1558//8 1559//8 1560//8
f 1560//8 1559//8 1561//8
f 1560//8 1561//8 1450//8
f 1450//8 1561//8 1562//8
f 1450//8 1562//8 1449//8
f 1449//8 1562//8 1556//8
f 1449//8 1556//8 1538//8
f 1538//8 1556//8 1554//8
f 1538//8 1554//8 1563//8
f 1563//8 1554//8 1546//8
f 1563//8 1546//8 1564//8
f 1564//8 1546//8 590//8
f 1564//8 590//8 1565//8
f 1565//8 590//8 1566//8
f 1519//8 1497//8 1439//8
f 1439//8 1497//8 1496//8
f 1439//8 1496//8 1554//8
f 1554//8 1496//8 1567//8
f 1554//8 1567//8 1551//8
f 1551//8 1567//8 1521//8
f 1551//8 1521//8 1471//8
f 1471//8 1521//8 585//8
f 1471//8 585//8 1470//8
f 1551//8 1553//8 1554//8
f 1554//8 1553//8 1568//8
f 1554//8 1568//8 1555//8
f 1569//31 1570//31 1571//31
f 1571//31 1570//31 1572//31
f 1571//31 1572//31 1573//31
f 1574//27 1575//27 1576//27
f 1576//27 1575//27 1573//27
f 1576//27 1573//27 1572//27
f 1575//32 1574//32 1577//32
f 1577//32 1574//32 1578//32
f 1577//32 1578//32 1579//32
f 1579//4 1569//4 1577//4
f 1577//4 1569//4 1571//4
f 1580//31 1581//31 1582//31
f 1582//31 1581//31 1583//31
f 1582//31 1583//31 1584//31
f 1584//27 1583//27 1585//27
f 1585//27 1583//27 1586//27
f 1585//27 1586//27 1587//27
f 1585//32 1587//32 1588//32
f 1588//32 1587//32 1589//32
f 1588//32 1589//32 1590//32
f 1590//4 1580//4 1588//4
f 1588//4 1580//4 1582//4
f 1576//4 1591//4 1574//4
f 1574//4 1591//4 1592//4
f 1574//4 1592//4 1578//4
f 1578//4 1592//4 1593//4
f 1578//4 1593//4 1594//4
f 1594//4 1593//4 1595//4
f 1596//4 1597//4 1581//4
f 1581//4 1597//4 1598//4
f 1581//4 1598//4 1583//4
f 1583//4 1598//4 1599//4
f 1583//4 1599//4 1586//4
f 1586//4 1599//4 1600//4
f 1601//4 1602//4 1603//4
f 1603//4 1602//4 1604//4
f 1603//4 1604//4 1605//4
f 1605//4 1604//4 1606//4
f 1605//4 1606//4 1607//4
f 1607//4 1606//4 1608//4
f 1609//4 1610//4 1611//4
f 1611//4 1610//4 1612//4
f 1611//4 1612//4 1613//4
f 1613//4 1612//4 1614//4
f 1613//4 1614//4 1615//4
f 1615//4 1614//4 1616//4
f 1617//27 1618//27 1619//27
f 1619//27 1618//27 1620//27
f 1618//31 1617//31 1621//31
f 1621//31 1617//31 1622//31
f 1621//31 1622//31 1623//31
f 1624//33 1625//33 1626//33
f 1626//33 1625//33 1619//33
f 1626//34 1619//34 1620//34
f 1623//1 1624//1 1621//1
f 1621//1 1624//1 1626//1
f 1627//31 1628//31 1629//31
f 1629//31 1628//31 1630//31
f 1629//31 1630//31 1631//31
f 1632//32 1633//32 1634//32
f 1634//32 1633//32 1635//32
f 1634//32 1635//32 1636//32
f 1628//27 1627//27 1636//27
f 1628//27 1636//27 1635//27
f 1629//1 1631//1 1634//1
f 1634//1 1631//1 1632//1
f 1637//1 1638//1 1639//1
f 1639//1 1638//1 1640//1
f 1639//1 1640//1 1641//1
f 1641//1 1640//1 1642//1
f 1641//1 1642//1 1643//1
f 1643//1 1642//1 1644//1
f 1645//1 1646//1 1647//1
f 1647//1 1646//1 1648//1
f 1647//1 1648//1 1649//1
f 1649//1 1648//1 1650//1
f 1649//1 1650//1 1651//1
f 1651//1 1650//1 1652//1
f 1619//1 1653//1 1617//1
f 1617//1 1653//1 1654//1
f 1617//1 1654//1 1622//1
f 1622//1 1654//1 1655//1
f 1622//1 1655//1 1625//1
f 1625//1 1655//1 1656//1
f 1630//1 1657//1 1633//1
f 1633//1 1657//1 1658//1
f 1633//1 1658//1 1635//1
f 1635//1 1658//1 1659//1
f 1635//1 1659//1 1628//1
f 1628//1 1659//1 1660//1
f 1661//27 1662//27 1663//27
f 1663//27 1662//27 1664//27
f 1663//27 1664//27 1665//27
f 1665//27 1664//27 1666//27
f 1666//27 1664//27 1667//27
f 1666//27 1667//27 1668//27
f 1668//27 1667//27 1669//27
f 1668//27 1669//27 1670//27
f 1670//27 1669//27 1671//27
f 1670//27 1671//27 1672//27
f 1672//27 1671//27 1673//27
f 1672//27 1673//27 1674//27
f 1674//27 1673//27 1675//27
f 1674//27 1675//27 1676//27
f 1676//27 1675//27 1677//27
f 1676//27 1677//27 1678//27
f 1677//27 1679//27 1678//27
f 1678//27 1679//27 1680//27
f 1678//27 1680//27 1681//27
f 1681//27 1680//27 1682//27
f 1681//27 1682//27 1683//27
f 1683//27 1682//27 1684//27
f 1683//27 1684//27 1685//27
f 1685//27 1684//27 1686//27
f 1685//27 1686//27 1687//27
f 1687//27 1686//27 1688//27
f 1687//27 1688//27 1689//27
f 1689//27 1688//27 1690//27
f 1689//27 1690//27 1691//27
f 1691//27 1690//27 1692//27
f 1691//27 1692//27 1693//27
f 1693//27 1692//27 1694//27
f 1693//27 1694//27 1695//27
f 1695//27 1694//27 1696//27
f 1695//27 1696//27 1697//27
f 1656//27 1655//27 1698//27
f 1698//27 1655//27 1699//27
f 1698//27 1699//27 1700//27
f 1700//27 1699//27 1701//27
f 1701//27 1699//27 1702//27
f 1701//27 1702//27 1703//27
f 1703//27 1702//27 1704//27
f 1703//27 1704//27 1705//27
f 1705//27 1704//27 1706//27
f 1705//27 1706//27 1707//27
f 1707//27 1706//27 1708//27
f 1707//27 1708//27 1709//27
f 1709//27 1708//27 1710//27
f 1709//27 1710//27 1711//27
f 1711//27 1710//27 1712//27
f 1711//27 1712//27 1713//27
f 1712//27 1714//27 1713//27
f 1713//27 1714//27 1715//27
f 1713//27 1715//27 1716//27
f 1716//27 1715//27 1717//27
f 1716//27 1717//27 1718//27
f 1718//27 1717//27 1719//27
f 1718//27 1719//27 1720//27
f 1720//27 1719//27 1721//27
f 1720//27 1721//27 1722//27
f 1722//27 1721//27 1723//27
f 1722//27 1723//27 1724//27
f 1724//27 1723//27 1725//27
f 1724//27 1725//27 1726//27
f 1726//27 1725//27 1727//27
f 1726//27 1727//27 1728//27
f 1728//27 1727//27 1729//27
f 1728//27 1729//27 1730//27
f 1730//27 1729//27 1658//27
f 1730//27 1658//27 1657//27
f 1644//27 1642//27 1731//27
f 1731//27 1642//27 1732//27
f 1731//27 1732//27 1733//27
f 1733//27 1732//27 1734//27
f 1734//27 1732//27 1735//27
f 1734//27 1735//27 1736//27
f 1736//27 1735//27 1737//27
f 1736//27 1737//27 1738//27
f 1738//27 1737//27 1739//27
f 1738//27 1739//27 1740//27
f 1740//27 1739//27 1741//27
f 1740//27 1741//27 1742//27
f 1742//27 1741//27 1743//27
f 1742//27 1743//27 1744//27
f 1744//27 1743//27 1745//27
f 1744//27 1745//27 1746//27
f 1745//27 1747//27 1746//27
f 1746//27 1747//27 1748//27
f 1746//27 1748//27 1749//27
f 1749//27 1748//27 1750//27
f 1749//27 1750//27 1751//27
f 1751//27 1750//27 1752//27
f 1751//27 1752//27 1753//27
f 1753//27 1752//27 1754//27
f 1753//27 1754//27 1755//27
f 1755//27 1754//27 1756//27
f 1755//27 1756//27 1757//27
f 1757//27 1756//27 1758//27
f 1757//27 1758//27 1759//27
f 1759//27 1758//27 1760//27
f 1759//27 1760//27 1761//27
f 1761//27 1760//27 1762//27
f 1761//27 1762//27 1763//27
f 1763//27 1762//27 1648//27
f 1763//27 1648//27 1646//27
f 1764//27 1765//27 1766//27
f 1766//27 1765//27 1767//27
f 1766//27 1767//27 1768//27
f 1768//27 1767//27 1769//27
f 1769//27 1767//27 1770//27
f 1769//27 1770//27 1771//27
f 1771//27 1770//27 1772//27
f 1771//27 1772//27 1773//27
f 1773//27 1772//27 1774//27
f 1773//27 1774//27 1775//27
f 1775//27 1774//27 1776//27
f 1775//27 1776//27 1777//27
f 1777//27 1776//27 1778//27
f 1777//27 1778//27 1779//27
f 1779//27 1778//27 1780//27
f 1779//27 1780//27 1781//27
f 1780//27 1782//27 1781//27
f 1781//27 1782//27 1783//27
f 1781//27 1783//27 1784//27
f 1784//27 1783//27 1785//27
f 1784//27 1785//27 1786//27
f 1786//27 1785//27 1787//27
f 1786//27 1787//27 1788//27
f 1788//27 1787//27 1789//27
f 1788//27 1789//27 1790//27
f 1790//27 1789//27 1791//27
f 1790//27 1791//27 1792//27
f 1792//27 1791//27 1793//27
f 1792//27 1793//27 1794//27
f 1794//27 1793//27 1795//27
f 1794//27 1795//27 1796//27
f 1796//27 1795//27 1797//27
f 1796//27 1797//27 1798//27
f 1798//27 1797//27 1799//27
f 1798//27 1799//27 1800//27
f 1801//13 598//13 1446//13
f 1446//13 598//13 597//13
f 1802//13 1803//13 1804//13
f 1804//13 1803//13 614//13
f 1804//13 614//13 1805//13
f 1805//13 614//13 620//13
f 1806//9 1807//9 1808//9
f 1809//9 619//9 1808//9
f 1808//9 619//9 612//9
f 1808//9 612//9 1806//9
f 1810//13 1811//13 1812//13
f 1812//13 1811//13 1813//13
f 1814//9 1815//9 1816//9
f 1816//9 1815//9 584//9
f 1816//9 584//9 1817//9
f 1817//9 584//9 583//9
f 1818//13 582//13 1819//13
f 1819//13 582//13 577//13
f 1819//13 577//13 1820//13
f 1820//13 577//13 1821//13
f 6//13 5//13 533//13
f 533//13 5//13 118//13
f 48//9 33//9 542//9
f 542//9 33//9 539//9
f 480//13 178//13 513//13
f 513//13 178//13 177//13
f 502//9 506//9 497//9
f 497//9 506//9 501//9
f 455//13 150//13 478//13
f 478//13 150//13 149//13
f 459//9 462//9 453//9
f 453//9 462//9 454//9
f 431//13 258//13 98//13
f 98//13 258//13 96//13
f 51//9 56//9 426//9
f 426//9 56//9 427//9
f 1822//13 1823//13 1824//13
f 1824//35 1823//35 1825//35
f 490//13 491//13 519//13
f 519//13 491//13 520//13
f 668//13 669//13 535//13
f 535//13 669//13 536//13
f 1826//13 574//13 1827//13
f 1827//13 574//13 571//13
f 1827//13 571//13 555//13
f 555//13 571//13 553//13
f 1470//13 585//13 1828//13
f 1828//13 585//13 587//13
f 554//9 552//9 1829//9
f 1829//9 552//9 561//9
f 1829//9 561//9 1830//9
f 1830//9 561//9 566//9
f 624//9 622//9 1831//9
f 1832//9 594//9 1831//9
f 1831//9 594//9 593//9
f 1831//9 593//9 624//9
f 621//13 623//13 1833//13
f 1833//13 623//13 601//13
f 1833//13 601//13 1834//13
f 1834//13 601//13 595//13
f 1412//27 719//27 1413//27
f 1413//27 719//27 885//27
f 1413//27 885//27 1414//27
f 1414//27 885//27 886//27
f 1414//27 886//27 1415//27
f 1415//27 886//27 887//27
f 1415//27 887//27 1416//27
f 1416//27 887//27 888//27
f 1416//27 888//27 1417//27
f 1417//27 888//27 723//27
f 1417//27 723//27 1835//27
f 1835//27 723//27 1836//27
f 1835//27 1836//27 1837//27
f 1837//27 1836//27 1838//27
f 1837//27 1838//27 1839//27
f 1839//27 1838//27 1840//27
f 1839//27 1840//27 1841//27
f 1841//27 1840//27 1842//27
f 1841//27 1842//27 1843//27
f 1843//27 1842//27 1844//27
f 1843//27 1844//27 1845//27
f 1845//27 1844//27 1846//27
f 1845//27 1846//27 1847//27
f 1847//27 1846//27 1848//27
f 1847//27 1848//27 1849//27
f 1849//27 1848//27 1850//27
f 1849//27 1850//27 1851//27
f 1851//27 1850//27 1852//27
f 1851//27 1852//27 1853//27
f 1853//27 1852//27 1854//27
f 1853//27 1854//27 1855//27
f 1855//27 1854//27 1856//27
f 1855//27 1856//27 1857//27
f 1857//27 1856//27 1858//27
f 1857//27 1858//27 1859//27
f 1859//27 1858//27 1860//27
f 1859//27 1860//27 1861//27
f 1861//27 1860//27 1862//27
f 1861//27 1862//27 1863//27
f 1863//27 1862//27 1864//27
f 1863//27 1864//27 1865//27
f 1865//27 1864//27 1866//27
f 1865//27 1866//27 1867//27
f 1867//27 1866//27 1868//27
f 1867//27 1868//27 1411//27
f 1411//27 1868//27 720//27
f 1411//27 720//27 1412//27
f 1412//27 720//27 719//27
f 1869//36 1870//36 1871//36
f 1872//36 1873//36 743//36
f 745//36 1874//36 1875//36
f 743//36 745//36 1872//36
f 1872//36 745//36 1875//36
f 1872//36 1875//36 1876//36
f 1876//36 1875//36 1877//36
f 1876//36 1877//36 1878//36
f 1878//36 1877//36 1879//36
f 1880//36 1881//36 1879//36
f 1879//36 1881//36 1882//36
f 1879//36 1882//36 1883//36
f 1884//36 741//36 1883//36
f 1883//36 741//36 743//36
f 1883//36 743//36 1879//36
f 1879//36 743//36 1873//36
f 1879//36 1873//36 1878//36
f 1885//36 1886//36 1880//36
f 1880//36 1886//36 1887//36
f 1880//36 1887//36 1888//36
f 1889//36 739//36 1888//36
f 1888//36 739//36 741//36
f 1888//36 741//36 1880//36
f 1880//36 741//36 1884//36
f 1880//36 1884//36 1881//36
f 1885//36 1890//36 1891//36
f 1890//36 1885//36 1892//36
f 1892//36 1885//36 1893//36
f 1892//36 1893//36 1894//36
f 1894//36 1893//36 737//36
f 1894//36 737//36 1891//36
f 1891//36 737//36 739//36
f 1891//36 739//36 1885//36
f 1885//36 739//36 1889//36
f 1885//36 1889//36 1886//36
f 1895//36 727//36 1896//36
f 1896//36 727//36 736//36
f 1896//36 736//36 1897//36
f 1897//36 736//36 737//36
f 1897//36 737//36 1898//36
f 1898//36 737//36 1893//36
f 1898//36 1893//36 1899//36
f 1899//36 1893//36 1895//36
f 1899//36 1895//36 1896//36
f 1900//36 1901//36 1902//36
f 1902//36 1901//36 1895//36
f 1895//36 1901//36 1903//36
f 1895//36 1903//36 727//36
f 727//36 1903//36 1904//36
f 727//36 1904//36 722//36
f 1836//36 723//36 722//36
f 1905//36 1906//36 1846//36
f 1907//36 1908//36 1909//36
f 1909//36 1908//36 1910//36
f 1909//36 1910//36 1911//36
f 1911//36 1910//36 1906//36
f 1911//36 1906//36 1912//36
f 1912//36 1906//36 1905//36
f 1912//36 1905//36 1907//36
f 1907//36 1905//36 1908//36
f 1913//36 1914//36 1915//36
f 1915//36 1914//36 1916//36
f 1915//36 1916//36 1908//36
f 1908//36 1916//36 1917//36
f 1908//36 1917//36 1910//36
f 1910//36 1917//36 1918//36
f 1910//36 1918//36 1919//36
f 1920//36 1921//36 1922//36
f 1922//36 1921//36 1923//36
f 1922//36 1923//36 1924//36
f 1924//36 1923//36 1925//36
f 1924//36 1925//36 1926//36
f 1926//36 1925//36 1927//36
f 1926//36 1927//36 1913//36
f 1913//36 1927//36 1919//36
f 1913//36 1919//36 1914//36
f 1914//36 1919//36 1918//36
f 1928//36 1920//36 1871//36
f 1871//36 1920//36 1922//36
f 1871//36 1922//36 1869//36
f 1869//36 1922//36 1929//36
f 1869//36 1929//36 1930//36
f 1930//36 1929//36 1931//36
f 1930//36 1931//36 1932//36
f 1932//36 1931//36 1933//36
f 1932//36 1933//36 1922//36
f 1922//36 1933//36 1934//36
f 1922//36 1934//36 1929//36
f 1935//36 1930//36 1936//36
f 1936//36 1930//36 1932//36
f 1936//36 1932//36 1937//36
f 1937//36 1932//36 1938//36
f 1937//36 1938//36 1939//36
f 1939//36 1938//36 1940//36
f 1939//36 1940//36 1941//36
f 1941//36 1940//36 1942//36
f 1941//36 1942//36 1936//36
f 1936//36 1942//36 1935//36
f 1943//36 1944//36 1945//36
f 1943//36 1946//36 1944//36
f 1944//36 1946//36 1940//36
f 1944//36 1940//36 1947//36
f 1947//36 1940//36 1938//36
f 1947//36 1938//36 1948//36
f 1948//36 1938//36 1949//36
f 1948//36 1949//36 1945//36
f 1945//36 1949//36 1950//36
f 1945//36 1950//36 1943//36
f 1951//36 1952//36 1953//36
f 1953//36 1952//36 1954//36
f 1953//36 1954//36 1955//36
f 1955//36 1954//36 1950//36
f 1955//36 1950//36 1956//36
f 1956//36 1950//36 1949//36
f 1956//36 1949//36 1957//36
f 1957//36 1949//36 1958//36
f 1957//36 1958//36 1953//36
f 1953//36 1958//36 1951//36
f 1959//36 1960//36 1961//36
f 1961//36 1960//36 1962//36
f 1960//36 1963//36 1962//36
f 1962//36 1963//36 1951//36
f 1962//36 1951//36 1964//36
f 1964//36 1951//36 1958//36
f 1964//36 1958//36 1959//36
f 1959//36 1958//36 1879//36
f 1959//36 1879//36 1960//36
f 1960//36 1879//36 1877//36
f 1965//36 1932//36 1966//36
f 1966//36 1932//36 1922//36
f 1966//36 1922//36 1967//36
f 1967//36 1922//36 1924//36
f 1967//36 1924//36 1968//36
f 1968//36 1924//36 1969//36
f 1968//36 1969//36 1965//36
f 1965//36 1969//36 1932//36
f 1970//36 1969//36 1971//36
f 1971//36 1969//36 1924//36
f 1971//36 1924//36 1972//36
f 1972//36 1924//36 1926//36
f 1972//36 1926//36 1973//36
f 1973//36 1926//36 1974//36
f 1973//36 1974//36 1970//36
f 1970//36 1974//36 1969//36
f 1975//36 1974//36 1976//36
f 1976//36 1974//36 1926//36
f 1976//36 1926//36 1977//36
f 1977//36 1926//36 1913//36
f 1977//36 1913//36 1978//36
f 1978//36 1913//36 1915//36
f 1978//36 1915//36 1975//36
f 1975//36 1915//36 1974//36
f 1979//36 1938//36 1980//36
f 1980//36 1938//36 1932//36
f 1980//36 1932//36 1981//36
f 1981//36 1932//36 1969//36
f 1981//36 1969//36 1982//36
f 1982//36 1969//36 1983//36
f 1982//36 1983//36 1979//36
f 1979//36 1983//36 1938//36
f 1984//36 1983//36 1985//36
f 1985//36 1983//36 1969//36
f 1985//36 1969//36 1986//36
f 1986//36 1969//36 1974//36
f 1986//36 1974//36 1987//36
f 1987//36 1974//36 1988//36
f 1987//36 1988//36 1984//36
f 1984//36 1988//36 1983//36
f 1989//36 1988//36 1990//36
f 1990//36 1988//36 1974//36
f 1990//36 1974//36 1991//36
f 1991//36 1974//36 1915//36
f 1991//36 1915//36 1992//36
f 1992//36 1915//36 1993//36
f 1992//36 1993//36 1989//36
f 1989//36 1993//36 1988//36
f 1994//36 1993//36 1995//36
f 1995//36 1993//36 1915//36
f 1995//36 1915//36 1996//36
f 1996//36 1915//36 1908//36
f 1996//36 1908//36 1997//36
f 1997//36 1908//36 1998//36
f 1997//36 1998//36 1994//36
f 1994//36 1998//36 1993//36
f 1999//36 1998//36 2000//36
f 2000//36 1998//36 1908//36
f 2000//36 1908//36 2001//36
f 2001//36 1908//36 1905//36
f 2001//36 1905//36 2002//36
f 2002//36 1905//36 2003//36
f 2002//36 2003//36 1999//36
f 1999//36 2003//36 1998//36
f 2004//36 1949//36 2005//36
f 2005//36 1949//36 1938//36
f 2005//36 1938//36 2006//36
f 2006//36 1938//36 1983//36
f 2006//36 1983//36 2007//36
f 2007//36 1983//36 2008//36
f 2007//36 2008//36 2004//36
f 2004//36 2008//36 1949//36
f 2009//36 2008//36 2010//36
f 2010//36 2008//36 1983//36
f 2010//36 1983//36 2011//36
f 2011//36 1983//36 1988//36
f 2011//36 1988//36 2012//36
f 2012//36 1988//36 2013//36
f 2012//36 2013//36 2009//36
f 2009//36 2013//36 2008//36
f 2014//36 2013//36 2015//36
f 2015//36 2013//36 1988//36
f 2015//36 1988//36 2016//36
f 2016//36 1988//36 1993//36
f 2016//36 1993//36 2017//36
f 2017//36 1993//36 2018//36
f 2017//36 2018//36 2014//36
f 2014//36 2018//36 2013//36
f 2019//36 2018//36 2020//36
f 2020//36 2018//36 1993//36
f 2020//36 1993//36 2021//36
f 2021//36 1993//36 1998//36
f 2021//36 1998//36 2022//36
f 2022//36 1998//36 2023//36
f 2022//36 2023//36 2019//36
f 2019//36 2023//36 2018//36
f 2024//36 2023//36 2025//36
f 2025//36 2023//36 1998//36
f 2025//36 1998//36 2026//36
f 2026//36 1998//36 2003//36
f 2026//36 2003//36 2027//36
f 2027//36 2003//36 2028//36
f 2027//36 2028//36 2024//36
f 2024//36 2028//36 2023//36
f 2029//36 1958//36 2030//36
f 2030//36 1958//36 1949//36
f 2030//36 1949//36 2031//36
f 2031//36 1949//36 2008//36
f 2031//36 2008//36 2032//36
f 2032//36 2008//36 2033//36
f 2032//36 2033//36 2029//36
f 2029//36 2033//36 1958//36
f 2034//36 2033//36 2035//36
f 2035//36 2033//36 2008//36
f 2035//36 2008//36 2036//36
f 2036//36 2008//36 2013//36
f 2036//36 2013//36 2037//36
f 2037//36 2013//36 2038//36
f 2037//36 2038//36 2034//36
f 2034//36 2038//36 2033//36
f 2039//36 2038//36 2040//36
f 2040//36 2038//36 2013//36
f 2040//36 2013//36 2041//36
f 2041//36 2013//36 2018//36
f 2041//36 2018//36 2042//36
f 2042//36 2018//36 2043//36
f 2042//36 2043//36 2039//36
f 2039//36 2043//36 2038//36
f 2044//36 2043//36 2045//36
f 2045//36 2043//36 2018//36
f 2045//36 2018//36 2046//36
f 2046//36 2018//36 2023//36
f 2046//36 2023//36 2047//36
f 2047//36 2023//36 2048//36
f 2047//36 2048//36 2044//36
f 2044//36 2048//36 2043//36
f 2049//36 2048//36 2050//36
f 2050//36 2048//36 2023//36
f 2050//36 2023//36 2051//36
f 2051//36 2023//36 2028//36
f 2051//36 2028//36 2052//36
f 2052//36 2028//36 2053//36
f 2052//36 2053//36 2049//36
f 2049//36 2053//36 2048//36
f 2054//36 1879//36 2055//36
f 2055//36 1879//36 1958//36
f 2055//36 1958//36 2056//36
f 2056//36 1958//36 2033//36
f 2056//36 2033//36 2057//36
f 2057//36 2033//36 1880//36
f 2057//36 1880//36 2054//36
f 2054//36 1880//36 1879//36
f 2058//36 1880//36 2059//36
f 2059//36 1880//36 2033//36
f 2059//36 2033//36 2060//36
f 2060//36 2033//36 2038//36
f 2060//36 2038//36 2061//36
f 2061//36 2038//36 1885//36
f 2061//36 1885//36 2058//36
f 2058//36 1885//36 1880//36
f 2062//36 1885//36 2063//36
f 2063//36 1885//36 2038//36
f 2063//36 2038//36 2064//36
f 2064//36 2038//36 2043//36
f 2064//36 2043//36 2065//36
f 2065//36 2043//36 1893//36
f 2065//36 1893//36 2062//36
f 2062//36 1893//36 1885//36
f 2066//36 1893//36 2067//36
f 2067//36 1893//36 2043//36
f 2067//36 2043//36 2068//36
f 2068//36 2043//36 2048//36
f 2068//36 2048//36 2069//36
f 2069//36 2048//36 1895//36
f 2069//36 1895//36 2066//36
f 2066//36 1895//36 1893//36
f 2070//36 1895//36 2071//36
f 2071//36 1895//36 2048//36
f 2071//36 2048//36 2072//36
f 2072//36 2048//36 2053//36
f 2072//36 2053//36 2073//36
f 2073//36 2053//36 1902//36
f 2073//36 1902//36 2070//36
f 2070//36 1902//36 1895//36
f 1904//36 1900//36 722//36
f 722//36 1900//36 1902//36
f 722//36 1902//36 1836//36
f 1836//36 1902//36 2053//36
f 1836//36 2053//36 1838//36
f 1838//36 2053//36 2028//36
f 1838//36 2028//36 1840//36
f 1840//36 2028//36 2003//36
f 1840//36 2003//36 1842//36
f 1842//36 2003//36 1905//36
f 1842//36 1905//36 1844//36
f 1844//36 1905//36 1846//36
f 2074//37 2075//37 2076//37
f 2077//37 2078//37 2079//37
f 2079//37 2078//37 2080//37
f 2076//37 2075//37 2081//37
f 2082//37 2083//37 2084//37
f 2084//37 2083//37 2085//37
f 2084//37 2085//37 2079//37
f 2079//37 2085//37 2081//37
f 2079//37 2081//37 2077//37
f 2077//37 2081//37 2075//37
f 1919//37 1927//37 2086//37
f 2086//37 1927//37 1925//37
f 2086//37 1925//37 2087//37
f 2087//37 1925//37 1923//37
f 2087//37 1923//37 2088//37
f 2088//37 1923//37 1921//37
f 2088//37 1921//37 2079//37
f 2079//37 1921//37 1920//37
f 2079//37 1920//37 2084//37
f 2084//37 1920//37 1928//37
f 2084//37 1928//37 2082//37
f 2089//37 1910//37 2090//37
f 2090//37 1910//37 1919//37
f 2090//37 1919//37 2091//37
f 2091//37 1919//37 2086//37
f 2091//37 2086//37 2092//37
f 2092//37 2086//37 2093//37
f 2092//37 2093//37 2094//37
f 2094//37 2093//37 2089//37
f 2094//37 2089//37 2090//37
f 2095//37 1906//37 2096//37
f 2096//37 1906//37 1910//37
f 2096//37 1910//37 2097//37
f 2097//37 1910//37 2089//37
f 2095//37 2098//37 1906//37
f 1906//37 2098//37 1848//37
f 1906//37 1848//37 1846//37
f 2099//37 2100//37 2101//37
f 2100//37 2099//37 2102//37
f 2102//37 2099//37 2103//37
f 2102//37 2103//37 2104//37
f 2104//37 2103//37 1858//37
f 2104//37 1858//37 2101//37
f 2101//37 1858//37 1856//37
f 2101//37 1856//37 2099//37
f 2105//37 2106//37 2107//37
f 2107//37 2106//37 2108//37
f 2107//37 2108//37 2109//37
f 2109//37 2108//37 2103//37
f 2109//37 2103//37 2110//37
f 2110//37 2103//37 2099//37
f 2110//37 2099//37 2111//37
f 2111//37 2099//37 2105//37
f 2111//37 2105//37 2107//37
f 2112//37 2113//37 2114//37
f 2114//37 2113//37 2106//37
f 2114//37 2106//37 2115//37
f 2115//37 2106//37 2105//37
f 2115//37 2105//37 2116//37
f 2116//37 2105//37 2117//37
f 2118//37 2119//37 2117//37
f 2117//37 2119//37 2120//37
f 2117//37 2120//37 2121//37
f 2122//37 2123//37 2121//37
f 2121//37 2123//37 2113//37
f 2121//37 2113//37 2117//37
f 2117//37 2113//37 2112//37
f 2117//37 2112//37 2116//37
f 2124//37 2125//37 2118//37
f 2118//37 2125//37 2126//37
f 2118//37 2126//37 2127//37
f 2128//37 2129//37 2127//37
f 2127//37 2129//37 2123//37
f 2127//37 2123//37 2118//37
f 2118//37 2123//37 2122//37
f 2118//37 2122//37 2119//37
f 2130//37 2131//37 2132//37
f 2132//37 2131//37 2124//37
f 2124//37 2131//37 2133//37
f 2124//37 2133//37 2134//37
f 2132//37 2135//37 2130//37
f 2130//37 2135//37 2136//37
f 2130//37 2136//37 2134//37
f 2134//37 2136//37 2129//37
f 2134//37 2129//37 2124//37
f 2124//37 2129//37 2128//37
f 2124//37 2128//37 2125//37
f 2135//37 2137//37 2136//37
f 2136//37 2137//37 2138//37
f 2136//37 2138//37 2139//37
f 2140//37 2141//37 2142//37
f 2141//38 2132//38 2142//38
f 2142//37 2132//37 2124//37
f 2142//37 2124//37 2143//37
f 2143//37 2124//37 2144//37
f 2143//37 2144//37 2145//37
f 2145//37 2144//37 2146//37
f 2145//37 2146//37 2147//37
f 2148//37 2149//37 2146//37
f 2146//37 2149//37 2140//37
f 2146//37 2140//37 2147//37
f 2147//37 2140//37 2142//37
f 2150//37 2148//37 2151//37
f 2151//37 2148//37 2146//37
f 2151//37 2146//37 2152//37
f 2153//37 2152//37 2154//37
f 2154//37 2152//37 2146//37
f 2154//37 2146//37 2155//37
f 2155//37 2146//37 2144//37
f 2155//37 2144//37 2156//37
f 2156//37 2144//37 2157//37
f 2156//37 2157//37 2153//37
f 2153//37 2157//37 2158//37
f 2153//37 2158//37 2152//37
f 2159//37 2160//37 2161//37
f 2161//37 2160//37 2162//37
f 2161//37 2162//37 2163//37
f 2163//37 2162//37 2158//37
f 2163//37 2158//37 2164//37
f 2164//37 2158//37 2157//37
f 2164//37 2157//37 2165//37
f 2165//37 2157//37 2166//37
f 2165//37 2166//37 2167//37
f 2167//37 2166//37 2161//37
f 2167//37 2161//37 2163//37
f 2159//37 2161//37 2168//37
f 2168//37 2161//37 2169//37
f 2168//37 2169//37 2170//37
f 2078//37 2074//37 2080//37
f 2080//37 2074//37 2076//37
f 2080//37 2076//37 2171//37
f 2171//37 2076//37 2172//37
f 2171//37 2172//37 2173//37
f 2173//37 2172//37 2169//37
f 2173//37 2169//37 2174//37
f 2174//37 2169//37 2161//37
f 2174//37 2161//37 2175//37
f 2175//37 2161//37 2166//37
f 2175//37 2166//37 2171//37
f 2171//37 2166//37 2080//37
f 2176//37 2093//37 2177//37
f 2177//37 2093//37 2086//37
f 2177//37 2086//37 2178//37
f 2178//37 2086//37 2087//37
f 2178//37 2087//37 2179//37
f 2179//37 2087//37 2180//37
f 2179//37 2180//37 2176//37
f 2176//37 2180//37 2093//37
f 2181//37 2087//37 2182//37
f 2182//37 2087//37 2088//37
f 2182//37 2088//37 2183//37
f 2183//37 2088//37 2184//37
f 2183//37 2184//37 2185//37
f 2185//37 2184//37 2180//37
f 2185//37 2180//37 2181//37
f 2181//37 2180//37 2087//37
f 2186//37 2184//37 2187//37
f 2187//37 2184//37 2088//37
f 2187//37 2088//37 2188//37
f 2188//37 2088//37 2079//37
f 2188//37 2079//37 2189//37
f 2189//37 2079//37 2080//37
f 2189//37 2080//37 2186//37
f 2186//37 2080//37 2184//37
f 2190//37 2191//37 2089//37
f 2089//37 2191//37 2192//37
f 2089//37 2192//37 2193//37
f 2194//37 1850//37 2193//37
f 2193//37 1850//37 1848//37
f 2193//37 1848//37 2089//37
f 2089//37 1848//37 2098//37
f 2089//37 2098//37 2097//37
f 2195//37 2190//37 2196//37
f 2196//37 2190//37 2089//37
f 2196//37 2089//37 2197//37
f 2197//37 2089//37 2093//37
f 2197//37 2093//37 2198//37
f 2198//37 2093//37 2199//37
f 2198//37 2199//37 2195//37
f 2195//37 2199//37 2190//37
f 2200//37 2199//37 2201//37
f 2201//37 2199//37 2093//37
f 2201//37 2093//37 2202//37
f 2202//37 2093//37 2180//37
f 2202//37 2180//37 2203//37
f 2203//37 2180//37 2204//37
f 2203//37 2204//37 2200//37
f 2200//37 2204//37 2199//37
f 2205//37 2180//37 2206//37
f 2206//37 2180//37 2184//37
f 2206//37 2184//37 2207//37
f 2207//37 2184//37 2208//37
f 2207//37 2208//37 2209//37
f 2209//37 2208//37 2204//37
f 2209//37 2204//37 2205//37
f 2205//37 2204//37 2180//37
f 2210//37 2208//37 2211//37
f 2211//37 2208//37 2184//37
f 2211//37 2184//37 2212//37
f 2212//37 2184//37 2080//37
f 2212//37 2080//37 2213//37
f 2213//37 2080//37 2166//37
f 2213//37 2166//37 2210//37
f 2210//37 2166//37 2208//37
f 2214//37 2215//37 2190//37
f 2190//37 2215//37 2216//37
f 2190//37 2216//37 2217//37
f 2218//37 1852//37 2217//37
f 2217//37 1852//37 1850//37
f 2217//37 1850//37 2190//37
f 2190//37 1850//37 2194//37
f 2190//37 2194//37 2191//37
f 2219//37 2214//37 2220//37
f 2220//37 2214//37 2190//37
f 2220//37 2190//37 2221//37
f 2221//37 2190//37 2199//37
f 2221//37 2199//37 2222//37
f 2222//37 2199//37 2223//37
f 2222//37 2223//37 2219//37
f 2219//37 2223//37 2214//37
f 2224//37 2223//37 2225//37
f 2225//37 2223//37 2199//37
f 2225//37 2199//37 2226//37
f 2226//37 2199//37 2204//37
f 2226//37 2204//37 2227//37
f 2227//37 2204//37 2228//37
f 2227//37 2228//37 2224//37
f 2224//37 2228//37 2223//37
f 2229//37 2204//37 2230//37
f 2230//37 2204//37 2208//37
f 2230//37 2208//37 2231//37
f 2231//37 2208//37 2232//37
f 2231//37 2232//37 2233//37
f 2233//37 2232//37 2228//37
f 2233//37 2228//37 2229//37
f 2229//37 2228//37 2204//37
f 2234//37 2232//37 2235//37
f 2235//37 2232//37 2208//37
f 2235//37 2208//37 2236//37
f 2236//37 2208//37 2166//37
f 2236//37 2166//37 2237//37
f 2237//37 2166//37 2157//37
f 2237//37 2157//37 2234//37
f 2234//37 2157//37 2232//37
f 2238//37 2239//37 2214//37
f 2214//37 2239//37 2240//37
f 2214//37 2240//37 2241//37
f 2242//37 1854//37 2241//37
f 2241//37 1854//37 1852//37
f 2241//37 1852//37 2214//37
f 2214//37 1852//37 2218//37
f 2214//37 2218//37 2215//37
f 2243//37 2214//37 2244//37
f 2244//37 2214//37 2223//37
f 2244//37 2223//37 2245//37
f 2245//37 2223//37 2246//37
f 2245//37 2246//37 2247//37
f 2247//37 2246//37 2238//37
f 2247//37 2238//37 2243//37
f 2243//37 2238//37 2214//37
f 2248//37 2246//37 2249//37
f 2249//37 2246//37 2223//37
f 2249//37 2223//37 2250//37
f 2250//37 2223//37 2228//37
f 2250//37 2228//37 2251//37
f 2251//37 2228//37 2252//37
f 2251//37 2252//37 2248//37
f 2248//37 2252//37 2246//37
f 2253//37 2228//37 2254//37
f 2254//37 2228//37 2232//37
f 2254//37 2232//37 2255//37
f 2255//37 2232//37 2256//37
f 2255//37 2256//37 2257//37
f 2257//37 2256//37 2252//37
f 2257//37 2252//37 2253//37
f 2253//37 2252//37 2228//37
f 2258//37 2256//37 2259//37
f 2259//37 2256//37 2232//37
f 2259//37 2232//37 2260//37
f 2260//37 2232//37 2157//37
f 2260//37 2157//37 2261//37
f 2261//37 2157//37 2144//37
f 2261//37 2144//37 2258//37
f 2258//37 2144//37 2256//37
f 2238//37 2262//37 2263//37
f 2262//37 2238//37 2264//37
f 2264//37 2238//37 2099//37
f 2264//37 2099//37 2265//37
f 2265//37 2099//37 1856//37
f 2265//37 1856//37 2263//37
f 2263//37 1856//37 1854//37
f 2263//37 1854//37 2238//37
f 2238//37 1854//37 2242//37
f 2238//37 2242//37 2239//37
f 2266//37 2099//37 2267//37
f 2267//37 2099//37 2238//37
f 2267//37 2238//37 2268//37
f 2268//37 2238//37 2246//37
f 2268//37 2246//37 2269//37
f 2269//37 2246//37 2105//37
f 2269//37 2105//37 2266//37
f 2266//37 2105//37 2099//37
f 2270//37 2105//37 2271//37
f 2271//37 2105//37 2246//37
f 2271//37 2246//37 2272//37
f 2272//37 2246//37 2252//37
f 2272//37 2252//37 2273//37
f 2273//37 2252//37 2117//37
f 2273//37 2117//37 2270//37
f 2270//37 2117//37 2105//37
f 2274//37 2117//37 2275//37
f 2275//37 2117//37 2252//37
f 2275//37 2252//37 2276//37
f 2276//37 2252//37 2256//37
f 2276//37 2256//37 2277//37
f 2277//37 2256//37 2118//37
f 2277//37 2118//37 2274//37
f 2274//37 2118//37 2117//37
f 2278//37 2118//37 2279//37
f 2279//37 2118//37 2256//37
f 2279//37 2256//37 2280//37
f 2280//37 2256//37 2144//37
f 2280//37 2144//37 2281//37
f 2281//37 2144//37 2124//37
f 2281//37 2124//37 2278//37
f 2278//37 2124//37 2118//37
f 2282//39 2283//39 2284//39
f 2285//39 2286//39 2287//39
f 2287//39 2286//39 2288//39
f 2287//39 2288//39 2289//39
f 2290//39 2291//39 2285//39
f 2285//39 2291//39 2292//39
f 2285//39 2292//39 2286//39
f 2286//39 2292//39 2293//39
f 2286//39 2293//39 2294//39
f 2294//39 2293//39 2295//39
f 2294//39 2295//39 2296//39
f 2108//39 2106//39 2297//39
f 2297//39 2106//39 2113//39
f 2297//39 2113//39 2298//39
f 2298//39 2113//39 2123//39
f 2298//39 2123//39 2299//39
f 2299//39 2123//39 2129//39
f 2299//39 2129//39 2287//39
f 2287//39 2129//39 2136//39
f 2287//39 2136//39 2285//39
f 2285//39 2136//39 2139//39
f 2285//39 2139//39 2290//39
f 2300//39 2301//39 2302//39
f 2303//39 2304//39 1860//39
f 2302//39 2301//39 2305//39
f 2305//40 2301//40 2306//40
f 2305//39 2306//39 2297//39
f 2297//39 2306//39 2307//39
f 2297//39 2307//39 2108//39
f 2108//40 2307//40 2300//40
f 2108//39 2300//39 2103//39
f 2103//39 2300//39 2302//39
f 2103//39 2302//39 2308//39
f 2308//39 2309//39 2103//39
f 2103//39 2309//39 2303//39
f 2103//39 2303//39 1858//39
f 1858//39 2303//39 1860//39
f 718//39 720//39 1868//39
f 2310//39 2311//39 2312//39
f 2311//39 2310//39 2313//39
f 2313//39 2310//39 712//39
f 2313//39 712//39 2314//39
f 2314//39 712//39 718//39
f 2314//39 718//39 2312//39
f 2312//39 718//39 1868//39
f 2312//39 1868//39 2310//39
f 2315//39 712//39 2316//39
f 2316//39 712//39 2310//39
f 2316//40 2310//40 2317//40
f 2317//39 2310//39 2318//39
f 2317//39 2318//39 2319//39
f 2319//39 2318//39 706//39
f 2319//40 706//40 2315//40
f 2315//39 706//39 712//39
f 700//39 706//39 2320//39
f 2320//39 706//39 2321//39
f 2321//39 706//39 2318//39
f 2321//39 2318//39 2322//39
f 2322//39 2318//39 2323//39
f 2322//39 2323//39 2324//39
f 2325//39 694//39 2326//39
f 2326//39 694//39 700//39
f 2327//39 2328//39 2323//39
f 2323//39 2328//39 2329//39
f 2320//39 2324//39 700//39
f 700//39 2324//39 2323//39
f 700//39 2323//39 2326//39
f 2326//39 2323//39 2329//39
f 2284//39 2330//39 2327//39
f 2327//39 2330//39 2331//39
f 2327//39 2331//39 2332//39
f 2333//39 683//39 2332//39
f 2332//39 683//39 694//39
f 2332//39 694//39 2327//39
f 2327//39 694//39 2325//39
f 2327//39 2325//39 2328//39
f 2334//39 2335//39 2283//39
f 2283//39 2335//39 2284//39
f 2284//39 2335//39 2336//39
f 2284//39 2336//39 2337//39
f 2283//39 2338//39 2334//39
f 2334//39 2338//39 684//39
f 2334//39 684//39 2337//39
f 2337//39 684//39 683//39
f 2337//39 683//39 2284//39
f 2284//39 683//39 2333//39
f 2284//39 2333//39 2330//39
f 2338//39 2339//39 684//39
f 684//39 2339//39 2340//39
f 684//39 2340//39 680//39
f 2341//39 2282//39 2342//39
f 2342//39 2282//39 2284//39
f 2342//39 2284//39 2343//39
f 2343//39 2284//39 2344//39
f 2343//39 2344//39 2345//39
f 2345//39 2344//39 2346//39
f 2345//39 2346//39 2347//39
f 2348//39 2349//39 2346//39
f 2346//39 2349//39 2341//39
f 2346//39 2341//39 2347//39
f 2347//39 2341//39 2342//39
f 2350//39 2348//39 2351//39
f 2351//39 2348//39 2346//39
f 2351//39 2346//39 2352//39
f 2353//39 2354//39 2355//39
f 2355//39 2354//39 2352//39
f 2355//39 2352//39 2356//39
f 2356//39 2352//39 2346//39
f 2356//39 2346//39 2357//39
f 2357//39 2346//39 2344//39
f 2357//39 2344//39 2358//39
f 2358//39 2344//39 2353//39
f 2358//39 2353//39 2355//39
f 2359//39 2360//39 2361//39
f 2361//39 2360//39 2362//39
f 2361//39 2362//39 2353//39
f 2353//39 2362//39 2363//39
f 2353//39 2363//39 2354//39
f 2354//39 2363//39 2364//39
f 2354//39 2364//39 2365//39
f 2365//39 2364//39 2360//39
f 2365//39 2360//39 2366//39
f 2366//39 2360//39 2359//39
f 2366//39 2359//39 2367//39
f 2367//39 2359//39 2368//39
f 2368//39 2359//39 2369//39
f 2368//39 2369//39 2370//39
f 2288//39 2296//39 2289//39
f 2289//39 2296//39 2295//39
f 2289//39 2295//39 2371//39
f 2371//39 2295//39 2372//39
f 2371//39 2372//39 2373//39
f 2373//39 2372//39 2369//39
f 2373//39 2369//39 2374//39
f 2374//39 2369//39 2359//39
f 2374//39 2359//39 2375//39
f 2375//39 2359//39 2361//39
f 2375//39 2361//39 2371//39
f 2371//39 2361//39 2289//39
f 2376//39 2297//39 2377//39
f 2377//39 2297//39 2298//39
f 2377//39 2298//39 2378//39
f 2378//39 2298//39 2379//39
f 2378//39 2379//39 2380//39
f 2380//39 2379//39 2305//39
f 2380//39 2305//39 2376//39
f 2376//39 2305//39 2297//39
f 2381//39 2379//39 2382//39
f 2382//39 2379//39 2298//39
f 2382//39 2298//39 2383//39
f 2383//39 2298//39 2299//39
f 2383//39 2299//39 2384//39
f 2384//39 2299//39 2385//39
f 2384//39 2385//39 2381//39
f 2381//39 2385//39 2379//39
f 2386//39 2385//39 2387//39
f 2387//39 2385//39 2299//39
f 2387//39 2299//39 2388//39
f 2388//39 2299//39 2287//39
f 2388//39 2287//39 2389//39
f 2389//39 2287//39 2289//39
f 2389//39 2289//39 2386//39
f 2386//39 2289//39 2385//39
f 2390//39 2391//39 2302//39
f 2302//39 2391//39 2392//39
f 2302//39 2392//39 2393//39
f 2394//39 1862//39 2393//39
f 2393//39 1862//39 1860//39
f 2393//39 1860//39 2302//39
f 2302//39 1860//39 2304//39
f 2302//39 2304//39 2308//39
f 2395//39 2390//39 2396//39
f 2396//39 2390//39 2302//39
f 2396//40 2302//40 2397//40
f 2397//39 2302//39 2305//39
f 2397//39 2305//39 2398//39
f 2398//39 2305//39 2399//39
f 2398//40 2399//40 2395//40
f 2395//39 2399//39 2390//39
f 2400//39 2305//39 2401//39
f 2401//39 2305//39 2379//39
f 2401//39 2379//39 2402//39
f 2402//39 2379//39 2403//39
f 2402//39 2403//39 2404//39
f 2404//39 2403//39 2399//39
f 2404//39 2399//39 2400//39
f 2400//39 2399//39 2305//39
f 2405//39 2379//39 2406//39
f 2406//39 2379//39 2385//39
f 2406//39 2385//39 2407//39
f 2407//39 2385//39 2408//39
f 2407//39 2408//39 2409//39
f 2409//39 2408//39 2403//39
f 2409//39 2403//39 2405//39
f 2405//39 2403//39 2379//39
f 2410//39 2408//39 2411//39
f 2411//39 2408//39 2385//39
f 2411//39 2385//39 2412//39
f 2412//39 2385//39 2289//39
f 2412//39 2289//39 2413//39
f 2413//39 2289//39 2361//39
f 2413//39 2361//39 2410//39
f 2410//39 2361//39 2408//39
f 2414//39 2415//39 2390//39
f 2390//39 2415//39 2416//39
f 2390//39 2416//39 2417//39
f 2418//39 1864//39 2417//39
f 2417//39 1864//39 1862//39
f 2417//39 1862//39 2390//39
f 2390//39 1862//39 2394//39
f 2390//39 2394//39 2391//39
f 2419//40 2390//40 2420//40
f 2420//39 2390//39 2399//39
f 2420//39 2399//39 2421//39
f 2421//39 2399//39 2422//39
f 2421//40 2422//40 2423//40
f 2423//39 2422//39 2414//39
f 2423//39 2414//39 2419//39
f 2419//39 2414//39 2390//39
f 2424//39 2399//39 2425//39
f 2425//39 2399//39 2403//39
f 2425//39 2403//39 2426//39
f 2426//39 2403//39 2427//39
f 2426//39 2427//39 2428//39
f 2428//39 2427//39 2422//39
f 2428//39 2422//39 2424//39
f 2424//39 2422//39 2399//39
f 2429//39 2403//39 2430//39
f 2430//39 2403//39 2408//39
f 2430//39 2408//39 2431//39
f 2431//39 2408//39 2432//39
f 2431//39 2432//39 2433//39
f 2433//39 2432//39 2427//39
f 2433//39 2427//39 2429//39
f 2429//39 2427//39 2403//39
f 2434//39 2432//39 2435//39
f 2435//39 2432//39 2408//39
f 2435//39 2408//39 2436//39
f 2436//39 2408//39 2361//39
f 2436//39 2361//39 2437//39
f 2437//39 2361//39 2353//39
f 2437//39 2353//39 2434//39
f 2434//39 2353//39 2432//39
f 2438//39 2439//39 2414//39
f 2414//39 2439//39 2440//39
f 2414//39 2440//39 2441//39
f 2442//39 1866//39 2441//39
f 2441//39 1866//39 1864//39
f 2441//39 1864//39 2414//39
f 2414//39 1864//39 2418//39
f 2414//39 2418//39 2415//39
f 2443//39 2438//39 2444//39
f 2444//39 2438//39 2414//39
f 2444//40 2414//40 2445//40
f 2445//39 2414//39 2422//39
f 2445//39 2422//39 2446//39
f 2446//39 2422//39 2447//39
f 2446//40 2447//40 2443//40
f 2443//39 2447//39 2438//39
f 2448//39 2422//39 2449//39
f 2449//39 2422//39 2427//39
f 2449//39 2427//39 2450//39
f 2450//39 2427//39 2451//39
f 2450//39 2451//39 2452//39
f 2452//39 2451//39 2447//39
f 2452//39 2447//39 2448//39
f 2448//39 2447//39 2422//39
f 2453//39 2427//39 2454//39
f 2454//39 2427//39 2432//39
f 2454//39 2432//39 2455//39
f 2455//39 2432//39 2456//39
f 2455//39 2456//39 2457//39
f 2457//39 2456//39 2451//39
f 2457//39 2451//39 2453//39
f 2453//39 2451//39 2427//39
f 2458//39 2456//39 2459//39
f 2459//39 2456//39 2432//39
f 2459//39 2432//39 2460//39
f 2460//39 2432//39 2353//39
f 2460//39 2353//39 2461//39
f 2461//39 2353//39 2344//39
f 2461//39 2344//39 2458//39
f 2458//39 2344//39 2456//39
f 2438//39 2462//39 2463//39
f 2462//39 2438//39 2464//39
f 2464//39 2438//39 2310//39
f 2464//39 2310//39 2465//39
f 2465//39 2310//39 1868//39
f 2465//39 1868//39 2463//39
f 2463//39 1868//39 1866//39
f 2463//39 1866//39 2438//39
f 2438//39 1866//39 2442//39
f 2438//39 2442//39 2439//39
f 2466//39 2310//39 2467//39
f 2467//39 2310//39 2438//39
f 2467//40 2438//40 2468//40
f 2468//39 2438//39 2447//39
f 2468//39 2447//39 2469//39
f 2469//39 2447//39 2318//39
f 2469//40 2318//40 2466//40
f 2466//39 2318//39 2310//39
f 2470//39 2447//39 2471//39
f 2471//39 2447//39 2451//39
f 2471//39 2451//39 2472//39
f 2472//39 2451//39 2323//39
f 2472//39 2323//39 2473//39
f 2473//39 2323//39 2318//39
f 2473//39 2318//39 2470//39
f 2470//39 2318//39 2447//39
f 2474//39 2451//39 2475//39
f 2475//39 2451//39 2456//39
f 2475//39 2456//39 2476//39
f 2476//39 2456//39 2327//39
f 2476//39 2327//39 2477//39
f 2477//39 2327//39 2323//39
f 2477//39 2323//39 2474//39
f 2474//39 2323//39 2451//39
f 2478//39 2327//39 2479//39
f 2479//39 2327//39 2456//39
f 2479//39 2456//39 2480//39
f 2480//39 2456//39 2344//39
f 2480//39 2344//39 2481//39
f 2481//39 2344//39 2284//39
f 2481//39 2284//39 2478//39
f 2478//39 2284//39 2327//39
f 2482//41 904//41 905//41
f 2483//41 2484//41 2485//41
f 2486//41 1012//41 2487//41
f 2487//41 1012//41 1011//41
f 2487//41 1011//41 2488//41
f 2488//41 1011//41 2489//41
f 2488//41 2489//41 2490//41
f 2490//41 2489//41 2491//41
f 2490//41 2491//41 2492//41
f 2492//41 2491//41 2493//41
f 2492//41 2493//41 2487//41
f 2487//41 2493//41 2486//41
f 994//41 1004//41 2494//41
f 2494//41 1004//41 2495//41
f 2494//41 2495//41 2496//41
f 2496//41 2495//41 2493//41
f 2496//41 2493//41 2497//41
f 2497//41 2493//41 2491//41
f 2497//41 2491//41 2498//41
f 2498//41 2491//41 2499//41
f 2498//41 2499//41 2494//41
f 2494//41 2499//41 994//41
f 2500//41 2501//41 2502//41
f 2499//41 2500//41 2503//41
f 2503//41 2500//41 2502//41
f 2503//41 2502//41 2504//41
f 2504//41 2502//41 999//41
f 2504//41 999//41 2505//41
f 2505//41 999//41 994//41
f 2505//41 994//41 2506//41
f 2506//41 994//41 2499//41
f 2506//41 2499//41 2503//41
f 984//41 991//41 2507//41
f 2507//41 991//41 2508//41
f 2507//41 2508//41 2509//41
f 2509//41 2508//41 2501//41
f 2509//41 2501//41 2510//41
f 2510//41 2501//41 2500//41
f 2510//41 2500//41 2511//41
f 2511//41 2500//41 2512//41
f 2511//41 2512//41 2507//41
f 2507//41 2512//41 984//41
f 2513//41 2514//41 2515//41
f 2515//41 2514//41 2516//41
f 2515//41 2516//41 2517//41
f 2517//41 2516//41 2518//41
f 2517//41 2518//41 2519//41
f 2519//41 2518//41 2520//41
f 2519//41 2520//41 2512//41
f 2512//41 2520//41 2521//41
f 2512//41 2521//41 984//41
f 984//41 2521//41 985//41
f 2522//41 2523//41 2524//41
f 2524//41 2523//41 2525//41
f 2524//41 2525//41 2526//41
f 2526//41 2525//41 2527//41
f 2527//41 2525//41 2528//41
f 2527//41 2528//41 2529//41
f 2528//41 2522//41 2529//41
f 2529//41 2522//41 2524//41
f 2529//41 2524//41 2530//41
f 2530//41 2524//41 2513//41
f 2530//41 2513//41 2531//41
f 2531//41 2513//41 2515//41
f 2531//41 2515//41 2532//41
f 2532//41 2515//41 2533//41
f 2532//41 2533//41 2534//41
f 2534//41 2533//41 2529//41
f 2534//41 2529//41 2530//41
f 2535//41 1258//41 2536//41
f 2536//41 1258//41 1269//41
f 2536//41 1269//41 2537//41
f 2537//41 1269//41 2538//41
f 2537//41 2538//41 2539//41
f 2539//41 2538//41 2540//41
f 2539//41 2540//41 2535//41
f 2535//41 2540//41 1258//41
f 2541//41 1250//41 2542//41
f 2542//41 1250//41 1249//41
f 2542//41 1249//41 2543//41
f 2543//41 1249//41 1258//41
f 2543//41 1258//41 2544//41
f 2544//41 1258//41 2540//41
f 2544//41 2540//41 2545//41
f 2545//41 2540//41 2541//41
f 2545//41 2541//41 2542//41
f 2546//41 1250//41 2547//41
f 2547//41 1250//41 2541//41
f 2547//41 2541//41 2548//41
f 2548//41 2541//41 2549//41
f 2548//41 2549//41 2550//41
f 2550//41 2549//41 1252//41
f 2550//41 1252//41 2546//41
f 2546//41 1252//41 1250//41
f 2551//41 2552//41 2549//41
f 2549//41 2552//41 2553//41
f 2549//41 2553//41 1252//41
f 1252//41 2553//41 2554//41
f 1252//41 2554//41 1254//41
f 1254//41 2554//41 2555//41
f 2485//41 2484//41 2551//41
f 2551//41 2484//41 2556//41
f 2551//41 2556//41 2557//41
f 2483//41 1256//41 2557//41
f 2557//41 1256//41 1254//41
f 2557//41 1254//41 2551//41
f 2551//41 1254//41 2555//41
f 2551//41 2555//41 2552//41
f 2483//41 2485//41 1256//41
f 1256//41 2485//41 2558//41
f 1256//41 2558//41 2559//41
f 905//41 1256//41 2482//41
f 2482//41 1256//41 2559//41
f 2482//41 2559//41 2560//41
f 2560//41 2559//41 2561//41
f 2560//41 2561//41 2485//41
f 2485//41 2561//41 2562//41
f 2485//41 2562//41 2558//41
f 2563//41 2560//41 2564//41
f 2564//41 2560//41 2485//41
f 2564//41 2485//41 2565//41
f 2565//41 2485//41 2489//41
f 2565//41 2489//41 2566//41
f 2566//41 2489//41 1011//41
f 2566//41 1011//41 2567//41
f 2567//41 1011//41 1024//41
f 2567//41 1024//41 2564//41
f 2564//41 1024//41 2563//41
f 2568//41 2551//41 2569//41
f 2569//41 2551//41 2570//41
f 2569//41 2570//41 2571//41
f 2571//41 2570//41 2489//41
f 2571//41 2489//41 2572//41
f 2572//41 2489//41 2485//41
f 2572//41 2485//41 2568//41
f 2568//41 2485//41 2551//41
f 2573//41 2551//41 2574//41
f 2574//41 2551//41 2549//41
f 2574//41 2549//41 2575//41
f 2575//41 2549//41 2576//41
f 2575//41 2576//41 2577//41
f 2577//41 2576//41 2570//41
f 2577//41 2570//41 2573//41
f 2573//41 2570//41 2551//41
f 2578//41 2541//41 2579//41
f 2579//41 2541//41 2580//41
f 2579//41 2580//41 2581//41
f 2581//41 2580//41 2576//41
f 2581//41 2576//41 2582//41
f 2582//41 2576//41 2549//41
f 2582//41 2549//41 2578//41
f 2578//41 2549//41 2541//41
f 2583//41 2584//41 2585//41
f 2585//41 2584//41 2580//41
f 2585//41 2580//41 2586//41
f 2586//41 2580//41 2541//41
f 2586//41 2541//41 2587//41
f 2587//41 2541//41 2540//41
f 2587//41 2540//41 2583//41
f 2583//41 2540//41 2584//41
f 2588//41 2540//41 2589//41
f 2589//41 2540//41 2538//41
f 2589//41 2538//41 2590//41
f 2590//41 2538//41 2591//41
f 2590//41 2591//41 2592//41
f 2592//41 2591//41 2584//41
f 2592//41 2584//41 2588//41
f 2588//41 2584//41 2540//41
f 2593//41 2570//41 2594//41
f 2594//41 2570//41 2595//41
f 2594//41 2595//41 2596//41
f 2596//41 2595//41 2491//41
f 2596//41 2491//41 2597//41
f 2597//41 2491//41 2489//41
f 2597//41 2489//41 2593//41
f 2593//41 2489//41 2570//41
f 2598//41 2570//41 2599//41
f 2599//41 2570//41 2576//41
f 2599//41 2576//41 2600//41
f 2600//41 2576//41 2601//41
f 2600//41 2601//41 2602//41
f 2602//41 2601//41 2595//41
f 2602//41 2595//41 2598//41
f 2598//41 2595//41 2570//41
f 2603//41 2580//41 2604//41
f 2604//41 2580//41 2605//41
f 2604//41 2605//41 2606//41
f 2606//41 2605//41 2601//41
f 2606//41 2601//41 2607//41
f 2607//41 2601//41 2576//41
f 2607//41 2576//41 2603//41
f 2603//41 2576//41 2580//41
f 2608//41 2609//41 2610//41
f 2610//41 2609//41 2605//41
f 2610//41 2605//41 2611//41
f 2611//41 2605//41 2580//41
f 2611//41 2580//41 2612//41
f 2612//41 2580//41 2584//41
f 2612//41 2584//41 2608//41
f 2608//41 2584//41 2609//41
f 2613//41 2584//41 2614//41
f 2614//41 2584//41 2591//41
f 2614//41 2591//41 2615//41
f 2615//41 2591//41 2616//41
f 2615//41 2616//41 2617//41
f 2617//41 2616//41 2609//41
f 2617//41 2609//41 2613//41
f 2613//41 2609//41 2584//41
f 2618//41 2595//41 2619//41
f 2619//41 2595//41 2620//41
f 2619//41 2620//41 2621//41
f 2621//41 2620//41 2499//41
f 2621//41 2499//41 2622//41
f 2622//41 2499//41 2491//41
f 2622//41 2491//41 2618//41
f 2618//41 2491//41 2595//41
f 2623//41 2595//41 2624//41
f 2624//41 2595//41 2601//41
f 2624//41 2601//41 2625//41
f 2625//41 2601//41 2626//41
f 2625//41 2626//41 2627//41
f 2627//41 2626//41 2620//41
f 2627//41 2620//41 2623//41
f 2623//41 2620//41 2595//41
f 2628//41 2605//41 2629//41
f 2629//41 2605//41 2630//41
f 2629//41 2630//41 2631//41
f 2631//41 2630//41 2626//41
f 2631//41 2626//41 2632//41
f 2632//41 2626//41 2601//41
f 2632//41 2601//41 2628//41
f 2628//41 2601//41 2605//41
f 2633//41 2634//41 2635//41
f 2635//41 2634//41 2630//41
f 2635//41 2630//41 2636//41
f 2636//41 2630//41 2605//41
f 2636//41 2605//41 2637//41
f 2637//41 2605//41 2609//41
f 2637//41 2609//41 2633//41
f 2633//41 2609//41 2634//41
f 2638//41 2609//41 2639//41
f 2639//41 2609//41 2616//41
f 2639//41 2616//41 2640//41
f 2640//41 2616//41 2641//41
f 2640//41 2641//41 2642//41
f 2642//41 2641//41 2634//41
f 2642//41 2634//41 2638//41
f 2638//41 2634//41 2609//41
f 2643//41 2620//41 2644//41
f 2644//41 2620//41 2645//41
f 2644//41 2645//41 2646//41
f 2646//41 2645//41 2500//41
f 2646//41 2500//41 2647//41
f 2647//41 2500//41 2499//41
f 2647//41 2499//41 2643//41
f 2643//41 2499//41 2620//41
f 2648//41 2620//41 2649//41
f 2649//41 2620//41 2626//41
f 2649//41 2626//41 2650//41
f 2650//41 2626//41 2651//41
f 2650//41 2651//41 2652//41
f 2652//41 2651//41 2645//41
f 2652//41 2645//41 2648//41
f 2648//41 2645//41 2620//41
f 2653//41 2630//41 2654//41
f 2654//41 2630//41 2533//41
f 2654//41 2533//41 2655//41
f 2655//41 2533//41 2651//41
f 2655//41 2651//41 2656//41
f 2656//41 2651//41 2626//41
f 2656//41 2626//41 2653//41
f 2653//41 2626//41 2630//41
f 2657//41 2529//41 2658//41
f 2658//41 2529//41 2533//41
f 2658//41 2533//41 2659//41
f 2659//41 2533//41 2630//41
f 2659//41 2630//41 2660//41
f 2660//41 2630//41 2634//41
f 2660//41 2634//41 2657//41
f 2657//41 2634//41 2529//41
f 2661//41 2634//41 2662//41
f 2662//41 2634//41 2641//41
f 2662//41 2641//41 2663//41
f 2663//41 2641//41 2527//41
f 2663//41 2527//41 2664//41
f 2664//41 2527//41 2529//41
f 2664//41 2529//41 2661//41
f 2661//41 2529//41 2634//41
f 1269//41 1417//41 2538//41
f 2538//41 1417//41 1835//41
f 2538//41 1835//41 2591//41
f 2591//41 1835//41 1837//41
f 2591//41 1837//41 2616//41
f 2616//41 1837//41 1839//41
f 2616//41 1839//41 2641//41
f 2641//41 1839//41 1841//41
f 2641//41 1841//41 2527//41
f 2527//41 1841//41 1843//41
f 2527//41 1843//41 2526//41
f 2526//41 1843//41 1845//41
f 2665//41 2645//41 2666//41
f 2666//41 2645//41 2519//41
f 2666//41 2519//41 2667//41
f 2667//41 2519//41 2512//41
f 2667//41 2512//41 2668//41
f 2668//41 2512//41 2500//41
f 2668//41 2500//41 2665//41
f 2665//41 2500//41 2645//41
f 2669//41 2645//41 2670//41
f 2670//41 2645//41 2651//41
f 2670//41 2651//41 2671//41
f 2671//41 2651//41 2517//41
f 2671//41 2517//41 2672//41
f 2672//41 2517//41 2519//41
f 2672//41 2519//41 2669//41
f 2669//41 2519//41 2645//41
f 2673//41 2533//41 2674//41
f 2674//41 2533//41 2515//41
f 2674//41 2515//41 2675//41
f 2675//41 2515//41 2517//41
f 2675//41 2517//41 2676//41
f 2676//41 2517//41 2651//41
f 2676//41 2651//41 2673//41
f 2673//41 2651//41 2533//41
f 2677//42 1847//42 2678//42
f 975//42 976//42 2679//42
f 2679//42 976//42 2680//42
f 2679//42 2680//42 2681//42
f 894//42 893//42 2682//42
f 2682//42 893//42 2683//42
f 2682//42 2683//42 2681//42
f 2681//42 2683//42 2684//42
f 2681//42 2684//42 2679//42
f 2682//42 2685//42 2686//42
f 2686//42 2685//42 2687//42
f 894//42 2682//42 1185//42
f 1185//42 2682//42 2686//42
f 1185//42 2686//42 970//42
f 896//42 2688//42 897//42
f 897//42 2688//42 2689//42
f 897//42 2689//42 1186//42
f 2690//42 2691//42 2685//42
f 2685//42 2691//42 2692//42
f 2685//42 2692//42 2693//42
f 2694//42 2695//42 2693//42
f 2693//42 2695//42 2689//42
f 2693//42 2689//42 2685//42
f 2685//42 2689//42 2688//42
f 2685//42 2688//42 2687//42
f 2696//42 2697//42 2698//42
f 2698//42 2697//42 2690//42
f 2690//42 2697//42 2699//42
f 2690//42 2699//42 2700//42
f 2696//42 2701//42 2700//42
f 2700//42 2701//42 2695//42
f 2700//42 2695//42 2690//42
f 2690//42 2695//42 2694//42
f 2690//42 2694//42 2691//42
f 2696//42 2698//42 2701//42
f 2701//42 2698//42 2702//42
f 2701//42 2702//42 2703//42
f 2703//42 2702//42 2704//42
f 2703//42 2704//42 2705//42
f 2705//42 2704//42 2706//42
f 2705//42 2706//42 2698//42
f 2698//42 2706//42 2707//42
f 2698//42 2707//42 2702//42
f 2708//42 2705//42 2709//42
f 2709//42 2705//42 2710//42
f 2709//42 2710//42 2711//42
f 2711//42 2710//42 2712//42
f 2711//42 2712//42 2713//42
f 2713//42 2712//42 2703//42
f 2713//42 2703//42 2708//42
f 2708//42 2703//42 2705//42
f 2714//42 2715//42 2716//42
f 2716//42 2715//42 2717//42
f 2716//42 2717//42 1857//42
f 1857//42 2717//42 1855//42
f 2718//42 2714//42 2719//42
f 2719//42 2714//42 2716//42
f 2719//42 2716//42 2720//42
f 2720//42 2716//42 2721//42
f 2720//42 2721//42 2722//42
f 2722//42 2721//42 2712//42
f 2722//42 2712//42 2723//42
f 2723//42 2712//42 2710//42
f 2723//42 2710//42 2724//42
f 2724//42 2710//42 2719//42
f 2724//42 2719//42 2720//42
f 2526//42 1845//42 1847//42
f 1847//42 2677//42 2526//42
f 2526//42 2677//42 2725//42
f 2526//42 2725//42 2524//42
f 2524//42 2725//42 2726//42
f 2524//42 2726//42 2678//42
f 2678//42 2726//42 2727//42
f 2678//42 2727//42 2677//42
f 2728//42 2729//42 2730//42
f 2730//42 2729//42 2731//42
f 2730//42 2731//42 2678//42
f 2678//42 2731//42 2732//42
f 2678//42 2732//42 2524//42
f 2524//42 2732//42 2733//42
f 2524//42 2733//42 2513//42
f 2733//42 2729//42 2513//42
f 2513//42 2729//42 2728//42
f 2513//42 2728//42 2514//42
f 2514//42 2728//42 2734//42
f 2514//42 2734//42 2516//42
f 2516//42 2734//42 2735//42
f 2516//42 2735//42 2518//42
f 2518//42 2735//42 2736//42
f 2518//42 2736//42 2520//42
f 2520//42 2736//42 2737//42
f 2520//42 2737//42 2521//42
f 983//42 985//42 2521//42
f 2738//42 2737//42 2739//42
f 2521//42 2737//42 983//42
f 983//42 2737//42 2738//42
f 983//42 2738//42 982//42
f 976//42 977//42 2680//42
f 2680//42 977//42 2740//42
f 2680//42 2740//42 2739//42
f 2739//42 2740//42 2741//42
f 2739//42 2741//42 2738//42
f 1853//42 1855//42 2742//42
f 2743//42 2719//42 2744//42
f 2744//42 2719//42 2745//42
f 2744//42 2745//42 2746//42
f 2717//42 2718//42 1855//42
f 1855//42 2718//42 2719//42
f 1855//42 2719//42 2742//42
f 2742//42 2719//42 2743//42
f 2747//42 2710//42 2748//42
f 2748//42 2710//42 2749//42
f 2748//42 2749//42 2750//42
f 2750//42 2749//42 2745//42
f 2750//42 2745//42 2751//42
f 2751//42 2745//42 2719//42
f 2751//42 2719//42 2747//42
f 2747//42 2719//42 2710//42
f 2752//42 2753//42 2754//42
f 2754//42 2753//42 2749//42
f 2754//42 2749//42 2755//42
f 2755//42 2749//42 2710//42
f 2755//42 2710//42 2756//42
f 2756//42 2710//42 2705//42
f 2756//42 2705//42 2752//42
f 2752//42 2705//42 2753//42
f 2757//42 2698//42 2758//42
f 2758//42 2698//42 2759//42
f 2758//42 2759//42 2760//42
f 2760//42 2759//42 2753//42
f 2760//42 2753//42 2761//42
f 2761//42 2753//42 2705//42
f 2761//42 2705//42 2757//42
f 2757//42 2705//42 2698//42
f 2762//42 2690//42 2763//42
f 2763//42 2690//42 2764//42
f 2763//42 2764//42 2765//42
f 2765//42 2764//42 2759//42
f 2765//42 2759//42 2766//42
f 2766//42 2759//42 2698//42
f 2766//42 2698//42 2762//42
f 2762//42 2698//42 2690//42
f 2767//42 2685//42 2768//42
f 2768//42 2685//42 2682//42
f 2768//42 2682//42 2769//42
f 2769//42 2682//42 2764//42
f 2769//42 2764//42 2770//42
f 2770//42 2764//42 2690//42
f 2770//42 2690//42 2767//42
f 2767//42 2690//42 2685//42
f 1851//42 1853//42 2771//42
f 2772//42 2745//42 2773//42
f 2773//42 2745//42 2774//42
f 2773//42 2774//42 2775//42
f 2742//42 2746//42 1853//42
f 1853//42 2746//42 2745//42
f 1853//42 2745//42 2771//42
f 2771//42 2745//42 2772//42
f 2776//42 2749//42 2777//42
f 2777//42 2749//42 2778//42
f 2777//42 2778//42 2779//42
f 2779//42 2778//42 2774//42
f 2779//42 2774//42 2780//42
f 2780//42 2774//42 2745//42
f 2780//42 2745//42 2776//42
f 2776//42 2745//42 2749//42
f 2781//42 2782//42 2783//42
f 2783//42 2782//42 2778//42
f 2783//42 2778//42 2784//42
f 2784//42 2778//42 2749//42
f 2784//42 2749//42 2785//42
f 2785//42 2749//42 2753//42
f 2785//42 2753//42 2781//42
f 2781//42 2753//42 2782//42
f 2786//42 2759//42 2787//42
f 2787//42 2759//42 2788//42
f 2787//42 2788//42 2789//42
f 2789//42 2788//42 2782//42
f 2789//42 2782//42 2790//42
f 2790//42 2782//42 2753//42
f 2790//42 2753//42 2786//42
f 2786//42 2753//42 2759//42
f 2791//42 2764//42 2792//42
f 2792//42 2764//42 2793//42
f 2792//42 2793//42 2794//42
f 2794//42 2793//42 2788//42
f 2794//42 2788//42 2795//42
f 2795//42 2788//42 2759//42
f 2795//42 2759//42 2791//42
f 2791//42 2759//42 2764//42
f 2796//42 2682//42 2797//42
f 2797//42 2682//42 2681//42
f 2797//42 2681//42 2798//42
f 2798//42 2681//42 2793//42
f 2798//42 2793//42 2799//42
f 2799//42 2793//42 2764//42
f 2799//42 2764//42 2796//42
f 2796//42 2764//42 2682//42
f 1851//42 2800//42 1849//42
f 1849//42 2800//42 2801//42
f 2802//42 2774//42 2803//42
f 2803//42 2774//42 2804//42
f 2803//42 2804//42 2801//42
f 2771//42 2775//42 1851//42
f 1851//42 2775//42 2774//42
f 1851//42 2774//42 2800//42
f 2800//42 2774//42 2802//42
f 2805//42 2778//42 2806//42
f 2806//42 2778//42 2807//42
f 2806//42 2807//42 2808//42
f 2808//42 2807//42 2804//42
f 2808//42 2804//42 2809//42
f 2809//42 2804//42 2774//42
f 2809//42 2774//42 2805//42
f 2805//42 2774//42 2778//42
f 2810//42 2811//42 2812//42
f 2812//42 2811//42 2807//42
f 2812//42 2807//42 2813//42
f 2813//42 2807//42 2778//42
f 2813//42 2778//42 2814//42
f 2814//42 2778//42 2782//42
f 2814//42 2782//42 2810//42
f 2810//42 2782//42 2811//42
f 2815//42 2788//42 2816//42
f 2816//42 2788//42 2817//42
f 2816//42 2817//42 2818//42
f 2818//42 2817//42 2811//42
f 2818//42 2811//42 2819//42
f 2819//42 2811//42 2782//42
f 2819//42 2782//42 2815//42
f 2815//42 2782//42 2788//42
f 2820//42 2793//42 2821//42
f 2821//42 2793//42 2822//42
f 2821//42 2822//42 2823//42
f 2823//42 2822//42 2817//42
f 2823//42 2817//42 2824//42
f 2824//42 2817//42 2788//42
f 2824//42 2788//42 2820//42
f 2820//42 2788//42 2793//42
f 2825//42 2681//42 2826//42
f 2826//42 2681//42 2680//42
f 2826//42 2680//42 2827//42
f 2827//42 2680//42 2822//42
f 2827//42 2822//42 2828//42
f 2828//42 2822//42 2793//42
f 2828//42 2793//42 2825//42
f 2825//42 2793//42 2681//42
f 2801//42 2804//42 1849//42
f 1849//42 2804//42 2829//42
f 1849//42 2829//42 1847//42
f 1847//42 2829//42 2830//42
f 1847//42 2830//42 2678//42
f 2678//42 2830//42 2831//42
f 2678//42 2831//42 2804//42
f 2804//42 2831//42 2832//42
f 2804//42 2832//42 2829//42
f 2833//42 2807//42 2834//42
f 2834//42 2807//42 2730//42
f 2834//42 2730//42 2835//42
f 2835//42 2730//42 2678//42
f 2835//42 2678//42 2836//42
f 2836//42 2678//42 2804//42
f 2836//42 2804//42 2833//42
f 2833//42 2804//42 2807//42
f 2837//42 2838//42 2839//42
f 2839//42 2838//42 2730//42
f 2839//42 2730//42 2840//42
f 2840//42 2730//42 2807//42
f 2840//42 2807//42 2841//42
f 2841//42 2807//42 2811//42
f 2841//42 2811//42 2837//42
f 2837//42 2811//42 2838//42
f 2842//42 2817//42 2843//42
f 2843//42 2817//42 2844//42
f 2843//42 2844//42 2845//42
f 2845//42 2844//42 2838//42
f 2845//42 2838//42 2846//42
f 2846//42 2838//42 2811//42
f 2846//42 2811//42 2842//42
f 2842//42 2811//42 2817//42
f 2847//42 2848//42 2849//42
f 2849//42 2848//42 2844//42
f 2849//42 2844//42 2850//42
f 2850//42 2844//42 2817//42
f 2850//42 2817//42 2851//42
f 2851//42 2817//42 2822//42
f 2851//42 2822//42 2847//42
f 2847//42 2822//42 2848//42
f 2852//42 2680//42 2853//42
f 2853//42 2680//42 2739//42
f 2853//42 2739//42 2854//42
f 2854//42 2739//42 2848//42
f 2854//42 2848//42 2855//42
f 2855//42 2848//42 2822//42
f 2855//42 2822//42 2852//42
f 2852//42 2822//42 2680//42
f 2856//42 2838//42 2857//42
f 2857//42 2838//42 2734//42
f 2857//42 2734//42 2858//42
f 2858//42 2734//42 2728//42
f 2858//42 2728//42 2859//42
f 2859//42 2728//42 2730//42
f 2859//42 2730//42 2856//42
f 2856//42 2730//42 2838//42
f 2860//42 2844//42 2861//42
f 2861//42 2844//42 2735//42
f 2861//42 2735//42 2862//42
f 2862//42 2735//42 2734//42
f 2862//42 2734//42 2863//42
f 2863//42 2734//42 2838//42
f 2863//42 2838//42 2860//42
f 2860//42 2838//42 2844//42
f 2864//42 2736//42 2865//42
f 2865//42 2736//42 2735//42
f 2865//42 2735//42 2866//42
f 2866//42 2735//42 2844//42
f 2866//42 2844//42 2867//42
f 2867//42 2844//42 2848//42
f 2867//42 2848//42 2864//42
f 2864//42 2848//42 2736//42
f 2868//42 2739//42 2869//42
f 2869//42 2739//42 2737//42
f 2869//42 2737//42 2870//42
f 2870//42 2737//42 2736//42
f 2870//42 2736//42 2871//42
f 2871//42 2736//42 2848//42
f 2871//42 2848//42 2868//42
f 2868//42 2848//42 2739//42
f 2872//43 1859//43 2873//43
f 2874//43 2875//43 2876//43
f 954//43 953//43 2876//43
f 2876//43 953//43 2877//43
f 2876//43 2877//43 2874//43
f 2875//43 2874//43 2878//43
f 2878//43 2874//43 2879//43
f 2878//43 2879//43 948//43
f 2879//43 2880//43 2881//43
f 2881//43 2880//43 2882//43
f 948//43 2879//43 947//43
f 947//43 2879//43 2881//43
f 947//43 2881//43 946//43
f 941//43 940//43 1308//43
f 1308//43 940//43 2883//43
f 2884//43 2885//43 2880//43
f 2880//43 2885//43 2886//43
f 2880//43 2886//43 2887//43
f 2888//43 1301//43 2887//43
f 2887//43 1301//43 1308//43
f 2887//43 1308//43 2880//43
f 2880//43 1308//43 2883//43
f 2880//43 2883//43 2882//43
f 2889//43 2890//43 2884//43
f 2884//43 2890//43 2891//43
f 2884//43 2891//43 2892//43
f 2893//44 1291//44 2892//44
f 2892//43 1291//43 1301//43
f 2892//43 1301//43 2884//43
f 2884//43 1301//43 2888//43
f 2884//43 2888//43 2885//43
f 2889//43 2894//43 2895//43
f 2894//43 2889//43 2896//43
f 2896//43 2889//43 2897//43
f 2896//44 2897//44 2898//44
f 2898//44 2897//44 1289//44
f 2898//43 1289//43 2895//43
f 2895//43 1289//43 1291//43
f 2895//43 1291//43 2889//43
f 2889//43 1291//43 2893//43
f 2889//43 2893//43 2890//43
f 2899//43 1289//43 2900//43
f 2900//43 1289//43 2897//43
f 2900//43 2897//43 2901//43
f 2901//43 2897//43 2902//43
f 2901//43 2902//43 2903//43
f 2903//43 2902//43 1283//43
f 2903//43 1283//43 2899//43
f 2899//43 1283//43 1289//43
f 2904//43 2905//43 2906//43
f 2906//43 2905//43 2902//43
f 2902//43 2905//43 2907//43
f 2902//44 2907//44 1283//44
f 1283//44 2907//44 2908//44
f 1283//43 2908//43 1277//43
f 2909//44 2910//44 2906//44
f 2906//43 2910//43 1277//43
f 2906//43 1277//43 2904//43
f 2904//43 1277//43 2908//43
f 1867//43 1411//43 1271//43
f 1859//43 2872//43 1857//43
f 1857//43 2872//43 2911//43
f 1857//43 2911//43 2716//43
f 2716//44 2911//44 2912//44
f 2716//43 2912//43 2873//43
f 2873//43 2912//43 2913//43
f 2873//44 2913//44 2872//44
f 2914//44 2915//44 2916//44
f 2916//44 2915//44 2917//44
f 2916//43 2917//43 2873//43
f 2873//43 2917//43 2918//43
f 2873//43 2918//43 2716//43
f 2716//43 2918//43 2919//43
f 2716//43 2919//43 2721//43
f 2919//43 2915//43 2721//43
f 2721//43 2915//43 2914//43
f 2721//43 2914//43 2712//43
f 2712//43 2914//43 2920//43
f 2712//43 2920//43 2703//43
f 2703//43 2920//43 2921//43
f 2703//43 2921//43 2701//43
f 2701//43 2921//43 2922//43
f 2701//43 2922//43 2695//43
f 2695//43 2922//43 2923//43
f 2695//43 2923//43 2689//43
f 965//43 1186//43 2689//43
f 2924//43 2923//43 2925//43
f 2689//43 2923//43 965//43
f 965//43 2923//43 2924//43
f 965//43 2924//43 964//43
f 953//43 958//43 2877//43
f 2877//43 958//43 2926//43
f 2877//43 2926//43 2925//43
f 2925//43 2926//43 2927//43
f 2925//43 2927//43 2924//43
f 1865//43 1867//43 2928//43
f 2929//43 2906//43 2930//43
f 2930//43 2906//43 2931//43
f 2930//44 2931//44 2932//44
f 2910//43 2933//43 1277//43
f 1277//44 2933//44 2934//44
f 1277//43 2934//43 1271//43
f 1271//43 2934//43 2909//43
f 1271//43 2909//43 1867//43
f 1867//43 2909//43 2906//43
f 1867//43 2906//43 2928//43
f 2928//44 2906//44 2929//44
f 2935//44 2902//44 2936//44
f 2936//44 2902//44 2937//44
f 2936//43 2937//43 2938//43
f 2938//43 2937//43 2931//43
f 2938//43 2931//43 2939//43
f 2939//43 2931//43 2906//43
f 2939//43 2906//43 2935//43
f 2935//43 2906//43 2902//43
f 2940//43 2897//43 2941//43
f 2941//43 2897//43 2942//43
f 2941//43 2942//43 2943//43
f 2943//43 2942//43 2937//43
f 2943//43 2937//43 2944//43
f 2944//43 2937//43 2902//43
f 2944//43 2902//43 2940//43
f 2940//43 2902//43 2897//43
f 2945//43 2889//43 2946//43
f 2946//43 2889//43 2947//43
f 2946//43 2947//43 2948//43
f 2948//43 2947//43 2942//43
f 2948//44 2942//44 2949//44
f 2949//44 2942//44 2897//44
f 2949//43 2897//43 2945//43
f 2945//43 2897//43 2889//43
f 2950//43 2884//43 2951//43
f 2951//43 2884//43 2952//43
f 2951//44 2952//44 2953//44
f 2953//43 2952//43 2947//43
f 2953//43 2947//43 2954//43
f 2954//43 2947//43 2889//43
f 2954//44 2889//44 2950//44
f 2950//43 2889//43 2884//43
f 2955//43 2880//43 2956//43
f 2956//43 2880//43 2879//43
f 2956//43 2879//43 2957//43
f 2957//43 2879//43 2952//43
f 2957//43 2952//43 2958//43
f 2958//43 2952//43 2884//43
f 2958//43 2884//43 2955//43
f 2955//43 2884//43 2880//43
f 1863//43 1865//43 2959//43
f 2960//43 2931//43 2961//43
f 2961//43 2931//43 2962//43
f 2961//44 2962//44 2963//44
f 2928//43 2932//43 1865//43
f 1865//43 2932//43 2931//43
f 1865//43 2931//43 2959//43
f 2959//44 2931//44 2960//44
f 2964//44 2937//44 2965//44
f 2965//44 2937//44 2966//44
f 2965//43 2966//43 2967//43
f 2967//43 2966//43 2962//43
f 2967//43 2962//43 2968//43
f 2968//43 2962//43 2931//43
f 2968//43 2931//43 2964//43
f 2964//43 2931//43 2937//43
f 2969//43 2942//43 2970//43
f 2970//43 2942//43 2971//43
f 2970//43 2971//43 2972//43
f 2972//43 2971//43 2966//43
f 2972//43 2966//43 2973//43
f 2973//43 2966//43 2937//43
f 2973//43 2937//43 2969//43
f 2969//43 2937//43 2942//43
f 2974//43 2947//43 2975//43
f 2975//43 2947//43 2976//43
f 2975//43 2976//43 2977//43
f 2977//43 2976//43 2971//43
f 2977//44 2971//44 2978//44
f 2978//44 2971//44 2942//44
f 2978//43 2942//43 2974//43
f 2974//43 2942//43 2947//43
f 2979//43 2952//43 2980//43
f 2980//43 2952//43 2981//43
f 2980//44 2981//44 2982//44
f 2982//43 2981//43 2976//43
f 2982//43 2976//43 2983//43
f 2983//43 2976//43 2947//43
f 2983//44 2947//44 2979//44
f 2979//43 2947//43 2952//43
f 2984//43 2879//43 2985//43
f 2985//43 2879//43 2874//43
f 2985//43 2874//43 2986//43
f 2986//43 2874//43 2981//43
f 2986//43 2981//43 2987//43
f 2987//43 2981//43 2952//43
f 2987//43 2952//43 2984//43
f 2984//43 2952//43 2879//43
f 1863//43 2988//43 1861//43
f 1861//43 2988//43 2989//43
f 2990//43 2962//43 2991//43
f 2991//43 2962//43 2992//43
f 2991//44 2992//44 2989//44
f 2959//43 2963//43 1863//43
f 1863//43 2963//43 2962//43
f 1863//43 2962//43 2988//43
f 2988//44 2962//44 2990//44
f 2993//44 2966//44 2994//44
f 2994//44 2966//44 2995//44
f 2994//43 2995//43 2996//43
f 2996//43 2995//43 2992//43
f 2996//43 2992//43 2997//43
f 2997//43 2992//43 2962//43
f 2997//43 2962//43 2993//43
f 2993//43 2962//43 2966//43
f 2998//43 2971//43 2999//43
f 2999//43 2971//43 3000//43
f 2999//43 3000//43 3001//43
f 3001//43 3000//43 2995//43
f 3001//43 2995//43 3002//43
f 3002//43 2995//43 2966//43
f 3002//43 2966//43 2998//43
f 2998//43 2966//43 2971//43
f 3003//43 2976//43 3004//43
f 3004//43 2976//43 3005//43
f 3004//43 3005//43 3006//43
f 3006//43 3005//43 3000//43
f 3006//44 3000//44 3007//44
f 3007//44 3000//44 2971//44
f 3007//43 2971//43 3003//43
f 3003//43 2971//43 2976//43
f 3008//43 2981//43 3009//43
f 3009//43 2981//43 3010//43
f 3009//44 3010//44 3011//44
f 3011//43 3010//43 3005//43
f 3011//43 3005//43 3012//43
f 3012//43 3005//43 2976//43
f 3012//44 2976//44 3008//44
f 3008//43 2976//43 2981//43
f 3013//43 2874//43 3014//43
f 3014//43 2874//43 2877//43
f 3014//43 2877//43 3015//43
f 3015//43 2877//43 3010//43
f 3015//43 3010//43 3016//43
f 3016//43 3010//43 2981//43
f 3016//43 2981//43 3013//43
f 3013//43 2981//43 2874//43
f 2989//43 2992//43 1861//43
f 1861//43 2992//43 3017//43
f 1861//43 3017//43 1859//43
f 1859//43 3017//43 3018//43
f 1859//43 3018//43 2873//43
f 2873//44 3018//44 3019//44
f 2873//43 3019//43 2992//43
f 2992//43 3019//43 3020//43
f 2992//44 3020//44 3017//44
f 3021//44 2995//44 3022//44
f 3022//44 2995//44 2916//44
f 3022//43 2916//43 3023//43
f 3023//43 2916//43 2873//43
f 3023//43 2873//43 3024//43
f 3024//43 2873//43 2992//43
f 3024//43 2992//43 3021//43
f 3021//43 2992//43 2995//43
f 3025//43 3000//43 3026//43
f 3026//43 3000//43 3027//43
f 3026//43 3027//43 3028//43
f 3028//43 3027//43 2916//43
f 3028//43 2916//43 3029//43
f 3029//43 2916//43 2995//43
f 3029//43 2995//43 3025//43
f 3025//43 2995//43 3000//43
f 3030//43 3005//43 3031//43
f 3031//43 3005//43 3032//43
f 3031//43 3032//43 3033//43
f 3033//43 3032//43 3027//43
f 3033//44 3027//44 3034//44
f 3034//44 3027//44 3000//44
f 3034//43 3000//43 3030//43
f 3030//43 3000//43 3005//43
f 3035//43 3010//43 3036//43
f 3036//43 3010//43 3037//43
f 3036//44 3037//44 3038//44
f 3038//43 3037//43 3032//43
f 3038//43 3032//43 3039//43
f 3039//43 3032//43 3005//43
f 3039//43 3005//43 3035//43
f 3035//43 3005//43 3010//43
f 3040//43 2877//43 3041//43
f 3041//43 2877//43 2925//43
f 3041//43 2925//43 3042//43
f 3042//43 2925//43 3037//43
f 3042//43 3037//43 3043//43
f 3043//43 3037//43 3010//43
f 3043//43 3010//43 3040//43
f 3040//43 3010//43 2877//43
f 3044//43 3027//43 3045//43
f 3045//43 3027//43 2920//43
f 3045//43 2920//43 3046//43
f 3046//43 2920//43 2914//43
f 3046//43 2914//43 3047//43
f 3047//43 2914//43 2916//43
f 3047//43 2916//43 3044//43
f 3044//43 2916//43 3027//43
f 3048//43 3032//43 3049//43
f 3049//43 3032//43 2921//43
f 3049//43 2921//43 3050//43
f 3050//43 2921//43 2920//43
f 3050//44 2920//44 3051//44
f 3051//44 2920//44 3027//44
f 3051//43 3027//43 3048//43
f 3048//43 3027//43 3032//43
f 3052//43 3037//43 3053//43
f 3053//43 3037//43 2922//43
f 3053//44 2922//44 3054//44
f 3054//43 2922//43 2921//43
f 3054//43 2921//43 3055//43
f 3055//43 2921//43 3032//43
f 3055//44 3032//44 3052//44
f 3052//43 3032//43 3037//43
f 3056//43 2925//43 3057//43
f 3057//43 2925//43 2923//43
f 3057//43 2923//43 3058//43
f 3058//43 2923//43 2922//43
f 3058//43 2922//43 3059//43
f 3059//43 2922//43 3037//43
f 3059//43 3037//43 3056//43
f 3056//43 3037//43 2925//43
f 3060//31 1431//31 1439//31
f 1874//31 745//31 3061//31
f 3061//31 745//31 1431//31
f 3061//31 1431//31 3062//31
f 1439//31 1928//31 1871//31
f 1940//31 1946//31 3063//31
f 3060//31 1439//31 3064//31
f 3064//31 1439//31 1871//31
f 3064//31 1871//31 1870//31
f 3065//31 1952//31 1951//31
f 1942//31 1940//31 3060//31
f 3060//31 1940//31 3063//31
f 3060//31 3063//31 1431//31
f 1431//31 3063//31 3065//31
f 1431//31 3065//31 3062//31
f 3062//31 3065//31 1951//31
f 3062//31 1951//31 1963//31
f 2290//32 2139//32 1554//32
f 2348//32 2350//32 3066//32
f 2290//32 1554//32 2291//32
f 680//32 2340//32 1433//32
f 1433//32 2340//32 3067//32
f 1433//32 3067//32 3068//32
f 1433//32 3069//32 1554//32
f 1554//32 3069//32 3070//32
f 1554//32 3070//32 2291//32
f 3071//32 2367//32 2368//32
f 2349//32 2348//32 3068//32
f 3068//32 2348//32 3066//32
f 3068//32 3066//32 1433//32
f 1433//32 3066//32 3071//32
f 1433//32 3071//32 3069//32
f 3069//32 3071//32 2368//32
f 3069//32 2368//32 2370//32
f 2148//1 2150//1 3072//1
f 3073//1 1439//1 3074//1
f 3074//1 1439//1 1554//1
f 3073//1 2083//1 1439//1
f 1439//1 2083//1 2082//1
f 1439//1 2082//1 1928//1
f 2139//1 2138//1 1554//1
f 1554//1 2138//1 3075//1
f 1554//1 3075//1 3076//1
f 3077//1 2159//1 2168//1
f 2149//1 2148//1 3076//1
f 3076//1 2148//1 3072//1
f 3076//1 3072//1 1554//1
f 1554//1 3072//1 3077//1
f 1554//1 3077//1 3074//1
f 3074//1 3077//1 2168//1
f 3074//1 2168//1 2170//1
f 3078//13 913//13 613//13
f 613//13 913//13 607//13
f 609//9 608//9 3079//9
f 3079//9 608//9 914//9
f 1811//45 1449//45 1813//45
f 1813//36 1449//36 1536//36
f 435//9 437//9 85//9
f 85//9 437//9 87//9
f 84//13 86//13 434//13
f 434//13 86//13 436//13
f 590//45 363//45 1566//45
f 1566//45 363//45 361//45
f 3080//9 1188//9 579//9
f 579//9 1188//9 581//9
f 578//13 580//13 3081//13
f 3081//13 580//13 1187//13
f 546//13 544//13 34//13
f 34//13 544//13 50//13
f 545//9 32//9 28//9
f 39//9 38//9 3082//9
f 3082//9 38//9 543//9
f 3082//9 543//9 3083//9
f 28//46 3084//46 545//46
f 545//9 3084//9 3085//9
f 545//9 3085//9 543//9
f 543//9 3085//9 3086//9
f 543//46 3086//46 3083//46
f 510//13 508//13 498//13
f 498//13 508//13 492//13
f 494//9 493//9 509//9
f 509//9 493//9 507//9
f 466//13 464//13 445//13
f 445//13 464//13 450//13
f 449//9 448//9 465//9
f 465//9 448//9 463//9
f 67//13 68//13 421//13
f 421//13 68//13 418//13
f 1447//1 1449//1 1810//1
f 1810//1 1449//1 1811//1
f 64//9 63//9 419//9
f 419//9 63//9 3087//9
f 3087//9 3088//9 419//9
f 419//46 3088//46 3089//46
f 419//9 3089//9 420//9
f 69//9 65//9 3090//9
f 3090//9 65//9 420//9
f 3090//9 420//9 3091//9
f 3091//9 420//9 3089//9
f 1812//4 1813//4 1534//4
f 1534//4 1813//4 1536//4
f 1823//45 1560//45 1825//45
f 1825//36 1560//36 1450//36
f 1558//1 1560//1 1822//1
f 1822//1 1560//1 1823//1
f 442//9 444//9 475//9
f 475//9 444//9 477//9
f 1824//4 1825//4 1448//4
f 1448//4 1825//4 1450//4
f 474//13 476//13 441//13
f 441//13 476//13 443//13
f 491//45 489//45 520//45
f 520//36 489//36 522//36
f 1462//1 3092//1 1455//1
f 484//9 486//9 505//9
f 505//9 486//9 514//9
f 3093//4 1451//4 1453//4
f 516//13 515//13 483//13
f 483//13 515//13 485//13
f 669//45 667//45 536//45
f 536//36 667//36 538//36
f 1494//1 3094//1 1486//1
f 9//9 8//9 530//9
f 530//9 8//9 532//9
f 3095//4 1463//4 1461//4
f 529//13 531//13 15//13
f 15//13 531//13 7//13
f 570//13 568//13 558//13
f 558//13 568//13 559//13
f 1189//1 1194//1 1821//1
f 1821//1 1194//1 3081//1
f 1821//1 3081//1 3080//1
f 3080//1 3081//1 1187//1
f 3080//1 1187//1 1188//1
f 3096//1 3097//1 3080//1
f 3080//1 3097//1 1815//1
f 3080//1 1815//1 1821//1
f 1821//1 1815//1 1814//1
f 1821//1 1814//1 1820//1
f 551//9 560//9 569//9
f 569//9 560//9 567//9
f 634//4 1516//4 636//4
f 417//45 592//45 416//45
f 416//45 592//45 1526//45
f 1478//1 661//1 662//1
f 603//9 605//9 625//9
f 625//9 605//9 628//9
f 1802//4 1807//4 1803//4
f 1803//4 1807//4 1806//4
f 1803//4 1806//4 3079//4
f 3079//4 1806//4 3098//4
f 3079//4 3098//4 3099//4
f 914//4 913//4 3079//4
f 3079//4 913//4 3078//4
f 3079//4 3078//4 1803//4
f 1803//4 3078//4 923//4
f 1803//4 923//4 921//4
f 630//13 629//13 602//13
f 602//13 629//13 604//13
f 1876//4 1878//4 2561//4
f 2561//4 1878//4 2562//4
f 1872//9 1876//9 2559//9
f 2559//9 1876//9 2561//9
f 1873//1 1872//1 2558//1
f 2558//1 1872//1 2559//1
f 1878//13 1873//13 2562//13
f 2562//13 1873//13 2558//13
f 1898//4 1899//4 2545//4
f 2545//4 1899//4 2544//4
f 1897//9 1898//9 2542//9
f 2542//9 1898//9 2545//9
f 1896//1 1897//1 2543//1
f 2543//1 1897//1 2542//1
f 1899//13 1896//13 2544//13
f 2544//13 1896//13 2543//13
f 1890//4 1892//4 2548//4
f 2548//4 1892//4 2547//4
f 1891//9 1890//9 2550//9
f 2550//9 1890//9 2548//9
f 1894//1 1891//1 2546//1
f 2546//1 1891//1 2550//1
f 1892//13 1894//13 2547//13
f 2547//13 1894//13 2546//13
f 1903//4 1901//4 2539//4
f 2539//4 1901//4 2537//4
f 1904//9 1903//9 2535//9
f 2535//9 1903//9 2539//9
f 1900//1 1904//1 2536//1
f 2536//1 1904//1 2535//1
f 1901//13 1900//13 2537//13
f 2537//13 1900//13 2536//13
f 1980//4 1981//4 2646//4
f 2646//4 1981//4 2644//4
f 1979//9 1980//9 2647//9
f 2647//9 1980//9 2646//9
f 1982//1 1979//1 2643//1
f 2643//1 1979//1 2647//1
f 1981//13 1982//13 2644//13
f 2644//13 1982//13 2643//13
f 1966//4 1967//4 2667//4
f 2667//4 1967//4 2666//4
f 1965//9 1966//9 2668//9
f 2668//9 1966//9 2667//9
f 1968//1 1965//1 2665//1
f 2665//1 1965//1 2668//1
f 1967//13 1968//13 2666//13
f 2666//13 1968//13 2665//13
f 2060//13 2061//13 2575//13
f 2575//13 2061//13 2574//13
f 2061//1 2058//1 2574//1
f 2574//1 2058//1 2573//1
f 2058//9 2059//9 2573//9
f 2573//9 2059//9 2577//9
f 2059//4 2060//4 2577//4
f 2577//4 2060//4 2575//4
f 2036//13 2037//13 2600//13
f 2600//13 2037//13 2599//13
f 2037//1 2034//1 2599//1
f 2599//1 2034//1 2598//1
f 2034//9 2035//9 2598//9
f 2598//9 2035//9 2602//9
f 2035//4 2036//4 2602//4
f 2602//4 2036//4 2600//4
f 2063//4 2064//4 2581//4
f 2581//4 2064//4 2579//4
f 2062//9 2063//9 2582//9
f 2582//9 2063//9 2581//9
f 2065//1 2062//1 2578//1
f 2578//1 2062//1 2582//1
f 2064//13 2065//13 2579//13
f 2579//13 2065//13 2578//13
f 1972//13 1973//13 2671//13
f 2671//13 1973//13 2670//13
f 1973//1 1970//1 2670//1
f 2670//1 1970//1 2669//1
f 1970//9 1971//9 2669//9
f 2669//9 1971//9 2672//9
f 1971//4 1972//4 2672//4
f 2672//4 1972//4 2671//4
f 1986//13 1987//13 2650//13
f 2650//13 1987//13 2649//13
f 1987//1 1984//1 2649//1
f 2649//1 1984//1 2648//1
f 1984//9 1985//9 2648//9
f 2648//9 1985//9 2652//9
f 1985//4 1986//4 2652//4
f 2652//4 1986//4 2650//4
f 2011//13 2012//13 2625//13
f 2625//13 2012//13 2624//13
f 2012//1 2009//1 2624//1
f 2624//1 2009//1 2623//1
f 2009//9 2010//9 2623//9
f 2623//9 2010//9 2627//9
f 2010//4 2011//4 2627//4
f 2627//4 2011//4 2625//4
f 1962//4 1964//4 2566//4
f 2566//4 1964//4 2565//4
f 1961//9 1962//9 2567//9
f 2567//9 1962//9 2566//9
f 1959//1 1961//1 2564//1
f 2564//1 1961//1 2567//1
f 1964//13 1959//13 2565//13
f 2565//13 1959//13 2564//13
f 1955//4 1956//4 2492//4
f 2492//4 1956//4 2490//4
f 1953//9 1955//9 2487//9
f 2487//9 1955//9 2492//9
f 1957//1 1953//1 2488//1
f 2488//1 1953//1 2487//1
f 1956//13 1957//13 2490//13
f 2490//13 1957//13 2488//13
f 1944//4 1947//4 2494//4
f 2494//4 1947//4 2498//4
f 1945//9 1944//9 2496//9
f 2496//9 1944//9 2494//9
f 1948//1 1945//1 2497//1
f 2497//1 1945//1 2496//1
f 1947//13 1948//13 2498//13
f 2498//13 1948//13 2497//13
f 1941//4 1936//4 2504//4
f 2504//4 1936//4 2503//4
f 1939//9 1941//9 2505//9
f 2505//9 1941//9 2504//9
f 1937//1 1939//1 2506//1
f 2506//1 1939//1 2505//1
f 1936//13 1937//13 2503//13
f 2503//13 1937//13 2506//13
f 2005//4 2006//4 2621//4
f 2621//4 2006//4 2619//4
f 2004//9 2005//9 2622//9
f 2622//9 2005//9 2621//9
f 2007//1 2004//1 2618//1
f 2618//1 2004//1 2622//1
f 2006//13 2007//13 2619//13
f 2619//13 2007//13 2618//13
f 2030//4 2031//4 2596//4
f 2596//4 2031//4 2594//4
f 2029//9 2030//9 2597//9
f 2597//9 2030//9 2596//9
f 2032//1 2029//1 2593//1
f 2593//1 2029//1 2597//1
f 2031//13 2032//13 2594//13
f 2594//13 2032//13 2593//13
f 2055//4 2056//4 2571//4
f 2571//4 2056//4 2569//4
f 2054//9 2055//9 2572//9
f 2572//9 2055//9 2571//9
f 2057//1 2054//1 2568//1
f 2568//1 2054//1 2572//1
f 2056//13 2057//13 2569//13
f 2569//13 2057//13 2568//13
f 1929//4 1934//4 2507//4
f 2507//4 1934//4 2511//4
f 1931//9 1929//9 2509//9
f 2509//9 1929//9 2507//9
f 1933//1 1931//1 2510//1
f 2510//1 1931//1 2509//1
f 1934//13 1933//13 2511//13
f 2511//13 1933//13 2510//13
f 2025//4 2026//4 2642//4
f 2642//4 2026//4 2640//4
f 2024//9 2025//9 2638//9
f 2638//9 2025//9 2642//9
f 2027//1 2024//1 2639//1
f 2639//1 2024//1 2638//1
f 2026//13 2027//13 2640//13
f 2640//13 2027//13 2639//13
f 2050//4 2051//4 2617//4
f 2617//4 2051//4 2615//4
f 2049//9 2050//9 2613//9
f 2613//9 2050//9 2617//9
f 2052//1 2049//1 2614//1
f 2614//1 2049//1 2613//1
f 2051//13 2052//13 2615//13
f 2615//13 2052//13 2614//13
f 2071//4 2072//4 2592//4
f 2592//4 2072//4 2590//4
f 2070//9 2071//9 2588//9
f 2588//9 2071//9 2592//9
f 2073//1 2070//1 2589//1
f 2589//1 2070//1 2588//1
f 2072//13 2073//13 2590//13
f 2590//13 2073//13 2589//13
f 1914//4 1918//4 2531//4
f 2531//4 1918//4 2530//4
f 1916//9 1914//9 2532//9
f 2532//9 1914//9 2531//9
f 1917//1 1916//1 2534//1
f 2534//1 1916//1 2532//1
f 1918//13 1917//13 2530//13
f 2530//13 1917//13 2534//13
f 2000//4 2001//4 2664//4
f 2664//4 2001//4 2663//4
f 1999//9 2000//9 2661//9
f 2661//9 2000//9 2664//9
f 2002//1 1999//1 2662//1
f 2662//1 1999//1 2661//1
f 2001//13 2002//13 2663//13
f 2663//13 2002//13 2662//13
f 1909//4 1911//4 2523//4
f 2523//4 1911//4 2525//4
f 1907//9 1909//9 2522//9
f 2522//9 1909//9 2523//9
f 1912//1 1907//1 2528//1
f 2528//1 1907//1 2522//1
f 1911//13 1912//13 2525//13
f 2525//13 1912//13 2528//13
f 1886//13 1889//13 2553//13
f 2553//13 1889//13 2554//13
f 1889//1 1888//1 2554//1
f 2554//1 1888//1 2555//1
f 1888//9 1887//9 2555//9
f 2555//9 1887//9 2552//9
f 1887//4 1886//4 2552//4
f 2552//4 1886//4 2553//4
f 1882//4 1881//4 2484//4
f 2484//4 1881//4 2556//4
f 1883//9 1882//9 2483//9
f 2483//9 1882//9 2484//9
f 1884//1 1883//1 2557//1
f 2557//1 1883//1 2483//1
f 1881//13 1884//13 2556//13
f 2556//13 1884//13 2557//13
f 2040//4 2041//4 2606//4
f 2606//4 2041//4 2604//4
f 2039//9 2040//9 2607//9
f 2607//9 2040//9 2606//9
f 2042//1 2039//1 2603//1
f 2603//1 2039//1 2607//1
f 2041//13 2042//13 2604//13
f 2604//13 2042//13 2603//13
f 2015//4 2016//4 2631//4
f 2631//4 2016//4 2629//4
f 2014//9 2015//9 2632//9
f 2632//9 2015//9 2631//9
f 2017//1 2014//1 2628//1
f 2628//1 2014//1 2632//1
f 2016//13 2017//13 2629//13
f 2629//13 2017//13 2628//13
f 1990//4 1991//4 2655//4
f 2655//4 1991//4 2654//4
f 1989//9 1990//9 2656//9
f 2656//9 1990//9 2655//9
f 1992//1 1989//1 2653//1
f 2653//1 1989//1 2656//1
f 1991//13 1992//13 2654//13
f 2654//13 1992//13 2653//13
f 1976//4 1977//4 2675//4
f 2675//4 1977//4 2674//4
f 1975//9 1976//9 2676//9
f 2676//9 1976//9 2675//9
f 1978//1 1975//1 2673//1
f 2673//1 1975//1 2676//1
f 1977//13 1978//13 2674//13
f 2674//13 1978//13 2673//13
f 2067//4 2068//4 2585//4
f 2585//4 2068//4 2583//4
f 2066//9 2067//9 2586//9
f 2586//9 2067//9 2585//9
f 2069//1 2066//1 2587//1
f 2587//1 2066//1 2586//1
f 2068//13 2069//13 2583//13
f 2583//13 2069//13 2587//13
f 2045//4 2046//4 2610//4
f 2610//4 2046//4 2608//4
f 2044//9 2045//9 2611//9
f 2611//9 2045//9 2610//9
f 2047//1 2044//1 2612//1
f 2612//1 2044//1 2611//1
f 2046//13 2047//13 2608//13
f 2608//13 2047//13 2612//13
f 2020//4 2021//4 2635//4
f 2635//4 2021//4 2633//4
f 2019//9 2020//9 2636//9
f 2636//9 2020//9 2635//9
f 2022//1 2019//1 2637//1
f 2637//1 2019//1 2636//1
f 2021//13 2022//13 2633//13
f 2633//13 2022//13 2637//13
f 1995//4 1996//4 2658//4
f 2658//4 1996//4 2657//4
f 1994//9 1995//9 2659//9
f 2659//9 1995//9 2658//9
f 1997//1 1994//1 2660//1
f 2660//1 1994//1 2659//1
f 1996//13 1997//13 2657//13
f 2657//13 1997//13 2660//13
f 3100//36 3101//36 1216//36
f 1216//36 3101//36 1217//36
f 3101//4 1218//4 1217//4
f 3100//9 1215//9 3101//9
f 3101//9 1215//9 1218//9
f 3100//1 1216//1 1215//1
f 3102//36 3103//36 1212//36
f 1212//36 3103//36 1213//36
f 3103//4 1214//4 1213//4
f 3102//9 1211//9 3103//9
f 3103//9 1211//9 1214//9
f 3102//1 1212//1 1211//1
f 3104//36 3105//36 1191//36
f 1191//36 3105//36 1193//36
f 3105//4 1192//4 1193//4
f 3104//9 1190//9 3105//9
f 3105//9 1190//9 1192//9
f 3104//1 1191//1 1190//1
f 3106//36 3107//36 1197//36
f 1197//36 3107//36 1196//36
f 3107//4 1195//4 1196//4
f 3106//9 1198//9 3107//9
f 3107//9 1198//9 1195//9
f 3106//1 1197//1 1198//1
f 3108//36 3109//36 1202//36
f 1202//36 3109//36 1205//36
f 3109//4 1204//4 1205//4
f 3108//9 1201//9 3109//9
f 3109//9 1201//9 1204//9
f 3108//1 1202//1 1201//1
f 3110//36 3111//36 932//36
f 932//36 3111//36 938//36
f 3111//4 939//4 938//4
f 3110//9 934//9 3111//9
f 3111//9 934//9 939//9
f 3110//1 932//1 934//1
f 687//32 688//32 1305//32
f 1305//32 688//32 1306//32
f 686//47 687//47 1303//47
f 1303//47 687//47 1305//47
f 685//31 686//31 1307//31
f 1307//31 686//31 1303//31
f 688//48 685//48 1306//48
f 1306//48 685//48 1307//48
f 716//32 714//32 1274//32
f 1274//32 714//32 1272//32
f 717//47 716//47 1276//47
f 1276//47 716//47 1274//47
f 713//31 717//31 1270//31
f 1270//31 717//31 1276//31
f 714//48 713//48 1272//48
f 1272//48 713//48 1270//48
f 708//32 709//32 1280//32
f 1280//32 709//32 1279//32
f 707//47 708//47 1282//47
f 1282//47 708//47 1280//47
f 711//31 707//31 1278//31
f 1278//31 707//31 1282//31
f 709//48 711//48 1279//48
f 1279//48 711//48 1278//48
f 701//32 703//32 1286//32
f 1286//32 703//32 1285//32
f 702//47 701//47 1288//47
f 1288//47 701//47 1286//47
f 705//31 702//31 1284//31
f 1284//31 702//31 1288//31
f 703//48 705//48 1285//48
f 1285//48 705//48 1284//48
f 791//32 792//32 1393//32
f 1393//32 792//32 1391//32
f 790//47 791//47 1389//47
f 1389//47 791//47 1393//47
f 793//31 790//31 1390//31
f 1390//31 790//31 1389//31
f 792//48 793//48 1391//48
f 1391//48 793//48 1390//48
f 777//32 778//32 1421//32
f 1421//32 778//32 1420//32
f 776//47 777//47 1418//47
f 1418//47 777//47 1421//47
f 779//31 776//31 1419//31
f 1419//31 776//31 1418//31
f 778//48 779//48 1420//48
f 1420//48 779//48 1419//48
f 870//32 871//32 1321//32
f 1321//32 871//32 1319//32
f 869//47 870//47 1322//47
f 1322//47 870//47 1321//47
f 872//31 869//31 1323//31
f 1323//31 869//31 1322//31
f 871//48 872//48 1319//48
f 1319//48 872//48 1323//48
f 846//32 847//32 1347//32
f 1347//32 847//32 1345//32
f 845//47 846//47 1348//47
f 1348//47 846//47 1347//47
f 848//31 845//31 1344//31
f 1344//31 845//31 1348//31
f 847//48 848//48 1345//48
f 1345//48 848//48 1344//48
f 874//32 875//32 1327//32
f 1327//32 875//32 1325//32
f 873//47 874//47 1328//47
f 1328//47 874//47 1327//47
f 876//31 873//31 1324//31
f 1324//31 873//31 1328//31
f 875//48 876//48 1325//48
f 1325//48 876//48 1324//48
f 782//32 783//32 1425//32
f 1425//32 783//32 1424//32
f 781//47 782//47 1422//47
f 1422//47 782//47 1425//47
f 784//31 781//31 1423//31
f 1423//31 781//31 1422//31
f 783//48 784//48 1424//48
f 1424//48 784//48 1423//48
f 796//32 797//32 1398//32
f 1398//32 797//32 1396//32
f 795//47 796//47 1394//47
f 1394//47 796//47 1398//47
f 798//31 795//31 1395//31
f 1395//31 795//31 1394//31
f 797//48 798//48 1396//48
f 1396//48 798//48 1395//48
f 821//32 822//32 1372//32
f 1372//32 822//32 1370//32
f 820//47 821//47 1373//47
f 1373//47 821//47 1372//47
f 823//31 820//31 1369//31
f 1369//31 820//31 1373//31
f 822//48 823//48 1370//48
f 1370//48 823//48 1369//48
f 673//32 676//32 1310//32
f 1310//32 676//32 1312//32
f 672//47 673//47 1311//47
f 1311//47 673//47 1310//47
f 670//31 672//31 1313//31
f 1313//31 672//31 1311//31
f 676//48 670//48 1312//48
f 1312//48 670//48 1313//48
f 773//32 774//32 1225//32
f 1225//32 774//32 1227//32
f 771//47 773//47 1223//47
f 1223//47 773//47 1225//47
f 775//31 771//31 1229//31
f 1229//31 771//31 1223//31
f 774//48 775//48 1227//48
f 1227//48 775//48 1229//48
f 763//32 766//32 1230//32
f 1230//32 766//32 1234//32
f 764//47 763//47 1232//47
f 1232//47 763//47 1230//47
f 767//31 764//31 1233//31
f 1233//31 764//31 1232//31
f 766//48 767//48 1234//48
f 1234//48 767//48 1233//48
f 755//32 754//32 1237//32
f 1237//32 754//32 1238//32
f 759//47 755//47 1242//47
f 1242//47 755//47 1237//47
f 757//31 759//31 1241//31
f 1241//31 759//31 1242//31
f 754//48 757//48 1238//48
f 1238//48 757//48 1241//48
f 816//32 817//32 1368//32
f 1368//32 817//32 1366//32
f 815//47 816//47 1364//47
f 1364//47 816//47 1368//47
f 818//31 815//31 1365//31
f 1365//31 815//31 1364//31
f 817//48 818//48 1366//48
f 1366//48 818//48 1365//48
f 841//32 842//32 1343//32
f 1343//32 842//32 1341//32
f 840//47 841//47 1339//47
f 1339//47 841//47 1343//47
f 843//31 840//31 1340//31
f 1340//31 840//31 1339//31
f 842//48 843//48 1341//48
f 1341//48 843//48 1340//48
f 866//32 867//32 1318//32
f 1318//32 867//32 1316//32
f 865//47 866//47 1314//47
f 1314//47 866//47 1318//47
f 868//31 865//31 1315//31
f 1315//31 865//31 1314//31
f 867//48 868//48 1316//48
f 1316//48 868//48 1315//48
f 748//32 750//32 1243//32
f 1243//32 750//32 1247//32
f 753//47 748//47 1245//47
f 1245//47 748//47 1243//47
f 751//31 753//31 1246//31
f 1246//31 753//31 1245//31
f 750//48 751//48 1247//48
f 1247//48 751//48 1246//48
f 836//32 837//32 1387//32
f 1387//32 837//32 1385//32
f 835//47 836//47 1388//47
f 1388//47 836//47 1387//47
f 838//31 835//31 1384//31
f 1384//31 835//31 1388//31
f 837//48 838//48 1385//48
f 1385//48 838//48 1384//48
f 861//32 862//32 1362//32
f 1362//32 862//32 1360//32
f 860//47 861//47 1363//47
f 1363//47 861//47 1362//47
f 863//31 860//31 1359//31
f 1359//31 860//31 1363//31
f 862//48 863//48 1360//48
f 1360//48 863//48 1359//48
f 882//32 883//32 1337//32
f 1337//32 883//32 1335//32
f 881//47 882//47 1338//47
f 1338//47 882//47 1337//47
f 884//31 881//31 1334//31
f 1334//31 881//31 1338//31
f 883//48 884//48 1335//48
f 1335//48 884//48 1334//48
f 731//32 735//32 1260//32
f 1260//32 735//32 1259//32
f 733//47 731//47 1261//47
f 1261//47 731//47 1260//47
f 734//31 733//31 1263//31
f 1263//31 733//31 1261//31
f 735//48 734//48 1259//48
f 1259//48 734//48 1263//48
f 811//32 812//32 1409//32
f 1409//32 812//32 1408//32
f 810//47 811//47 1410//47
f 1410//47 811//47 1409//47
f 813//31 810//31 1407//31
f 1407//31 810//31 1410//31
f 812//48 813//48 1408//48
f 1408//48 813//48 1407//48
f 726//32 728//32 1264//32
f 1264//32 728//32 1265//32
f 724//47 726//47 1266//47
f 1266//47 726//47 1264//47
f 729//31 724//31 1267//31
f 1267//31 724//31 1266//31
f 728//48 729//48 1265//48
f 1265//48 729//48 1267//48
f 691//32 690//32 1298//32
f 1298//32 690//32 1296//32
f 692//47 691//47 1300//47
f 1300//47 691//47 1298//47
f 693//31 692//31 1297//31
f 1297//31 692//31 1300//31
f 690//48 693//48 1296//48
f 1296//48 693//48 1297//48
f 697//32 696//32 1294//32
f 1294//32 696//32 1293//32
f 698//47 697//47 1290//47
f 1290//47 697//47 1294//47
f 699//31 698//31 1292//31
f 1292//31 698//31 1290//31
f 696//48 699//48 1293//48
f 1293//48 699//48 1292//48
f 806//32 807//32 1405//32
f 1405//32 807//32 1404//32
f 805//47 806//47 1406//47
f 1406//47 806//47 1405//47
f 808//31 805//31 1403//31
f 1403//31 805//31 1406//31
f 807//48 808//48 1404//48
f 1404//48 808//48 1403//48
f 831//32 832//32 1382//32
f 1382//32 832//32 1380//32
f 830//47 831//47 1383//47
f 1383//47 831//47 1382//47
f 833//31 830//31 1379//31
f 1379//31 830//31 1383//31
f 832//48 833//48 1380//48
f 1380//48 833//48 1379//48
f 856//32 857//32 1357//32
f 1357//32 857//32 1355//32
f 855//47 856//47 1358//47
f 1358//47 856//47 1357//47
f 858//31 855//31 1354//31
f 1354//31 855//31 1358//31
f 857//48 858//48 1355//48
f 1355//48 858//48 1354//48
f 878//32 879//32 1332//32
f 1332//32 879//32 1330//32
f 877//47 878//47 1333//47
f 1333//47 878//47 1332//47
f 880//31 877//31 1329//31
f 1329//31 877//31 1333//31
f 879//48 880//48 1330//48
f 1330//48 880//48 1329//48
f 787//32 788//32 1428//32
f 1428//32 788//32 1427//32
f 786//47 787//47 1429//47
f 1429//47 787//47 1428//47
f 789//31 786//31 1426//31
f 1426//31 786//31 1429//31
f 788//48 789//48 1427//48
f 1427//48 789//48 1426//48
f 801//32 802//32 1402//32
f 1402//32 802//32 1401//32
f 800//47 801//47 1399//47
f 1399//47 801//47 1402//47
f 803//31 800//31 1400//31
f 1400//31 800//31 1399//31
f 802//48 803//48 1401//48
f 1401//48 803//48 1400//48
f 826//32 827//32 1377//32
f 1377//32 827//32 1375//32
f 825//47 826//47 1378//47
f 1378//47 826//47 1377//47
f 828//31 825//31 1374//31
f 1374//31 825//31 1378//31
f 827//48 828//48 1375//48
f 1375//48 828//48 1374//48
f 851//32 852//32 1352//32
f 1352//32 852//32 1350//32
f 850//47 851//47 1353//47
f 1353//47 851//47 1352//47
f 853//31 850//31 1349//31
f 1349//31 850//31 1353//31
f 852//48 853//48 1350//48
f 1350//48 853//48 1349//48
f 602//18 600//18 630//18
f 630//18 600//18 631//18
f 623//21 632//21 601//21
f 601//21 632//21 599//21
f 3112//18 606//18 3113//18
f 3113//18 606//18 603//18
f 3113//18 603//18 627//18
f 627//18 603//18 625//18
f 626//21 624//21 3114//21
f 3114//21 624//21 593//21
f 3114//21 593//21 1801//21
f 1801//21 593//21 598//21
f 1830//18 566//18 1541//18
f 1541//18 566//18 565//18
f 549//18 551//18 3115//18
f 3115//18 551//18 569//18
f 3115//18 569//18 3116//18
f 3116//18 569//18 563//18
f 552//21 550//21 3117//21
f 3118//21 562//21 3117//21
f 3117//21 562//21 561//21
f 3117//21 561//21 552//21
f 3096//18 3080//18 3119//18
f 3119//18 3080//18 579//18
f 3119//18 579//18 3120//18
f 3120//18 579//18 588//18
f 1815//21 3097//21 3121//21
f 1828//21 587//21 3121//21
f 3121//21 587//21 584//21
f 3121//21 584//21 1815//21
f 558//18 557//18 570//18
f 570//18 557//18 572//18
f 571//21 573//21 553//21
f 553//21 573//21 556//21
f 15//18 17//18 529//18
f 529//18 17//18 527//18
f 14//21 13//21 528//21
f 528//49 13//49 3122//49
f 3122//21 3123//21 528//21
f 528//21 3123//21 3124//21
f 528//21 3124//21 407//21
f 18//50 16//50 3125//50
f 3125//21 16//21 407//21
f 3125//21 407//21 3126//21
f 3126//21 407//21 3124//21
f 1//21 6//21 404//21
f 404//21 6//21 533//21
f 483//18 482//18 516//18
f 516//18 482//18 517//18
f 396//21 518//21 397//21
f 397//21 518//21 481//21
f 392//21 480//21 393//21
f 393//21 480//21 513//21
f 441//18 440//18 474//18
f 474//18 440//18 472//18
f 388//21 473//21 389//21
f 389//21 473//21 439//21
f 384//21 455//21 385//21
f 385//21 455//21 478//21
f 427//18 56//18 218//18
f 218//18 56//18 55//18
f 663//18 665//18 429//18
f 429//18 665//18 430//18
f 98//21 83//21 431//21
f 431//21 83//21 342//21
f 421//18 422//18 67//18
f 67//18 422//18 57//18
f 59//21 58//21 382//21
f 382//21 58//21 423//21
f 454//18 462//18 206//18
f 206//18 462//18 109//18
f 469//18 471//18 457//18
f 457//18 471//18 458//18
f 445//18 446//18 466//18
f 466//18 446//18 467//18
f 375//21 468//21 377//21
f 377//21 468//21 447//21
f 501//18 506//18 115//18
f 115//18 506//18 175//18
f 3093//18 1453//18 3092//18
f 3092//18 1453//18 1455//18
f 498//18 499//18 510//18
f 510//18 499//18 511//18
f 369//21 512//21 371//21
f 371//21 512//21 500//21
f 3095//18 1461//18 3094//18
f 3094//18 1461//18 1486//18
f 48//18 542//18 46//18
f 46//18 542//18 114//18
f 34//18 36//18 546//18
f 546//18 36//18 547//18
f 364//21 548//21 35//21
f 35//21 548//21 37//21
f 3081//18 1194//18 578//18
f 578//18 1194//18 575//18
f 577//21 576//21 1821//21
f 1821//21 576//21 1189//21
f 434//18 433//18 84//18
f 84//18 433//18 100//18
f 352//21 82//21 78//21
f 89//51 88//51 3127//51
f 3127//21 88//21 432//21
f 3127//21 432//21 3128//21
f 78//52 3129//52 352//52
f 352//21 3129//21 3130//21
f 352//21 3130//21 432//21
f 432//21 3130//21 3131//21
f 432//21 3131//21 3128//21
f 3132//18 610//18 3133//18
f 3133//18 610//18 609//18
f 3133//18 609//18 3099//18
f 3099//18 609//18 3079//18
f 3098//21 1806//21 3134//21
f 3134//21 1806//21 612//21
f 3134//21 612//21 3135//21
f 3135//21 612//21 611//21
f 1483//18 617//18 1809//18
f 1809//18 617//18 619//18
f 613//18 615//18 3078//18
f 3078//18 615//18 923//18
f 1803//21 921//21 614//21
f 614//21 921//21 616//21
f 2294//1 2296//1 3056//1
f 3056//1 2296//1 3059//1
f 2288//4 2286//4 3058//4
f 3058//4 2286//4 3057//4
f 2286//21 2294//21 3057//21
f 3057//21 2294//21 3056//21
f 2296//18 2288//18 3059//18
f 3059//18 2288//18 3058//18
f 2306//1 2301//1 2917//1
f 2917//1 2301//1 2918//1
f 2307//21 2306//21 2915//21
f 2915//21 2306//21 2917//21
f 2300//4 2307//4 2919//4
f 2919//4 2307//4 2915//4
f 2301//18 2300//18 2918//18
f 2918//18 2300//18 2919//18
f 2378//1 2380//1 3044//1
f 3044//1 2380//1 3047//1
f 2377//21 2378//21 3045//21
f 3045//21 2378//21 3044//21
f 2376//4 2377//4 3046//4
f 3046//4 2377//4 3045//4
f 2380//18 2376//18 3047//18
f 3047//18 2376//18 3046//18
f 2308//1 2304//1 2913//1
f 2913//1 2304//1 2872//1
f 2309//21 2308//21 2912//21
f 2912//21 2308//21 2913//21
f 2303//4 2309//4 2911//4
f 2911//4 2309//4 2912//4
f 2304//18 2303//18 2872//18
f 2872//18 2303//18 2911//18
f 2481//1 2478//1 2950//1
f 2950//1 2478//1 2954//1
f 2479//4 2480//4 2953//4
f 2953//4 2480//4 2951//4
f 2480//21 2481//21 2951//21
f 2951//21 2481//21 2950//21
f 2478//18 2479//18 2954//18
f 2954//18 2479//18 2953//18
f 2333//1 2332//1 2892//1
f 2892//1 2332//1 2893//1
f 2331//4 2330//4 2890//4
f 2890//4 2330//4 2891//4
f 2330//21 2333//21 2891//21
f 2891//21 2333//21 2892//21
f 2332//18 2331//18 2893//18
f 2893//18 2331//18 2890//18
f 2409//18 2405//18 3034//18
f 3034//18 2405//18 3033//18
f 2405//4 2406//4 3033//4
f 3033//4 2406//4 3031//4
f 2406//21 2407//21 3031//21
f 3031//21 2407//21 3030//21
f 2407//1 2409//1 3030//1
f 3030//1 2409//1 3034//1
f 2433//18 2429//18 3007//18
f 3007//18 2429//18 3006//18
f 2429//4 2430//4 3006//4
f 3006//4 2430//4 3004//4
f 2430//21 2431//21 3004//21
f 3004//21 2431//21 3003//21
f 2431//1 2433//1 3003//1
f 3003//1 2433//1 3007//1
f 2402//1 2404//1 3025//1
f 3025//1 2404//1 3029//1
f 2401//21 2402//21 3026//21
f 3026//21 2402//21 3025//21
f 2400//4 2401//4 3028//4
f 3028//4 2401//4 3026//4
f 2404//18 2400//18 3029//18
f 3029//18 2400//18 3028//18
f 2326//18 2329//18 2898//18
f 2898//18 2329//18 2896//18
f 2329//4 2328//4 2896//4
f 2896//4 2328//4 2894//4
f 2328//21 2325//21 2894//21
f 2894//21 2325//21 2895//21
f 2325//1 2326//1 2895//1
f 2895//1 2326//1 2898//1
f 2477//18 2474//18 2949//18
f 2949//18 2474//18 2948//18
f 2474//4 2475//4 2948//4
f 2948//4 2475//4 2946//4
f 2475//21 2476//21 2946//21
f 2946//21 2476//21 2945//21
f 2476//1 2477//1 2945//1
f 2945//1 2477//1 2949//1
f 2457//18 2453//18 2978//18
f 2978//18 2453//18 2977//18
f 2453//4 2454//4 2977//4
f 2977//4 2454//4 2975//4
f 2454//21 2455//21 2975//21
f 2975//21 2455//21 2974//21
f 2455//1 2457//1 2974//1
f 2974//1 2457//1 2978//1
f 2374//1 2375//1 3040//1
f 3040//1 2375//1 3043//1
f 2371//4 2373//4 3042//4
f 3042//4 2373//4 3041//4
f 2373//21 2374//21 3041//21
f 3041//21 2374//21 3040//21
f 2375//18 2371//18 3043//18
f 3043//18 2371//18 3042//18
f 2364//1 2363//1 3013//1
f 3013//1 2363//1 3016//1
f 2360//21 2364//21 3014//21
f 3014//21 2364//21 3013//21
f 2362//4 2360//4 3015//4
f 3015//4 2360//4 3014//4
f 2363//18 2362//18 3016//18
f 3016//18 2362//18 3015//18
f 2356//1 2357//1 2984//1
f 2984//1 2357//1 2987//1
f 2355//21 2356//21 2985//21
f 2985//21 2356//21 2984//21
f 2358//4 2355//4 2986//4
f 2986//4 2355//4 2985//4
f 2357//18 2358//18 2987//18
f 2987//18 2358//18 2986//18
f 2347//1 2342//1 2955//1
f 2955//1 2342//1 2958//1
f 2345//21 2347//21 2956//21
f 2956//21 2347//21 2955//21
f 2343//4 2345//4 2957//4
f 2957//4 2345//4 2956//4
f 2342//18 2343//18 2958//18
f 2958//18 2343//18 2957//18
f 2461//1 2458//1 2979//1
f 2979//1 2458//1 2983//1
f 2459//4 2460//4 2982//4
f 2982//4 2460//4 2980//4
f 2460//21 2461//21 2980//21
f 2980//21 2461//21 2979//21
f 2458//18 2459//18 2983//18
f 2983//18 2459//18 2982//18
f 2437//1 2434//1 3008//1
f 3008//1 2434//1 3012//1
f 2435//4 2436//4 3011//4
f 3011//4 2436//4 3009//4
f 2436//21 2437//21 3009//21
f 3009//21 2437//21 3008//21
f 2434//18 2435//18 3012//18
f 3012//18 2435//18 3011//18
f 2413//1 2410//1 3035//1
f 3035//1 2410//1 3039//1
f 2411//4 2412//4 3038//4
f 3038//4 2412//4 3036//4
f 2412//21 2413//21 3036//21
f 3036//21 2413//21 3035//21
f 2410//18 2411//18 3039//18
f 3039//18 2411//18 3038//18
f 2334//1 2337//1 2887//1
f 2887//1 2337//1 2888//1
f 2335//21 2334//21 2886//21
f 2886//21 2334//21 2887//21
f 2336//4 2335//4 2885//4
f 2885//4 2335//4 2886//4
f 2337//18 2336//18 2888//18
f 2888//18 2336//18 2885//18
f 2439//1 2442//1 2960//1
f 2960//1 2442//1 2959//1
f 2440//21 2439//21 2961//21
f 2961//21 2439//21 2960//21
f 2441//4 2440//4 2963//4
f 2963//4 2440//4 2961//4
f 2442//18 2441//18 2959//18
f 2959//18 2441//18 2963//18
f 2415//1 2418//1 2990//1
f 2990//1 2418//1 2988//1
f 2416//21 2415//21 2991//21
f 2991//21 2415//21 2990//21
f 2417//4 2416//4 2989//4
f 2989//4 2416//4 2991//4
f 2418//18 2417//18 2988//18
f 2988//18 2417//18 2989//18
f 2391//1 2394//1 3020//1
f 3020//1 2394//1 3017//1
f 2392//21 2391//21 3019//21
f 3019//21 2391//21 3020//21
f 2393//4 2392//4 3018//4
f 3018//4 2392//4 3019//4
f 2394//18 2393//18 3017//18
f 3017//18 2393//18 3018//18
f 2319//1 2315//1 2908//1
f 2908//1 2315//1 2904//1
f 2317//21 2319//21 2907//21
f 2907//21 2319//21 2908//21
f 2316//4 2317//4 2905//4
f 2905//4 2317//4 2907//4
f 2315//18 2316//18 2904//18
f 2904//18 2316//18 2905//18
f 2464//1 2465//1 2929//1
f 2929//1 2465//1 2928//1
f 2462//21 2464//21 2930//21
f 2930//21 2464//21 2929//21
f 2463//4 2462//4 2932//4
f 2932//4 2462//4 2930//4
f 2465//18 2463//18 2928//18
f 2928//18 2463//18 2932//18
f 2313//1 2314//1 2933//1
f 2933//1 2314//1 2934//1
f 2311//21 2313//21 2910//21
f 2910//21 2313//21 2933//21
f 2312//4 2311//4 2909//4
f 2909//4 2311//4 2910//4
f 2314//18 2312//18 2934//18
f 2934//18 2312//18 2909//18
f 2381//18 2382//18 3051//18
f 3051//18 2382//18 3050//18
f 2382//4 2383//4 3050//4
f 3050//4 2383//4 3049//4
f 2383//21 2384//21 3049//21
f 3049//21 2384//21 3048//21
f 2384//1 2381//1 3048//1
f 3048//1 2381//1 3051//1
f 2389//1 2386//1 3052//1
f 3052//1 2386//1 3055//1
f 2387//4 2388//4 3054//4
f 3054//4 2388//4 3053//4
f 2388//21 2389//21 3053//21
f 3053//21 2389//21 3052//21
f 2386//18 2387//18 3055//18
f 3055//18 2387//18 3054//18
f 2426//1 2428//1 2998//1
f 2998//1 2428//1 3002//1
f 2425//21 2426//21 2999//21
f 2999//21 2426//21 2998//21
f 2424//4 2425//4 3001//4
f 3001//4 2425//4 2999//4
f 2428//18 2424//18 3002//18
f 3002//18 2424//18 3001//18
f 2450//1 2452//1 2969//1
f 2969//1 2452//1 2973//1
f 2449//21 2450//21 2970//21
f 2970//21 2450//21 2969//21
f 2448//4 2449//4 2972//4
f 2972//4 2449//4 2970//4
f 2452//18 2448//18 2973//18
f 2973//18 2448//18 2972//18
f 2472//1 2473//1 2940//1
f 2940//1 2473//1 2944//1
f 2471//21 2472//21 2941//21
f 2941//21 2472//21 2940//21
f 2470//4 2471//4 2943//4
f 2943//4 2471//4 2941//4
f 2473//18 2470//18 2944//18
f 2944//18 2470//18 2943//18
f 2324//1 2320//1 2899//1
f 2899//1 2320//1 2903//1
f 2322//21 2324//21 2900//21
f 2900//21 2324//21 2899//21
f 2321//4 2322//4 2901//4
f 2901//4 2322//4 2900//4
f 2320//18 2321//18 2903//18
f 2903//18 2321//18 2901//18
f 2398//1 2395//1 3021//1
f 3021//1 2395//1 3024//1
f 2397//21 2398//21 3022//21
f 3022//21 2398//21 3021//21
f 2396//4 2397//4 3023//4
f 3023//4 2397//4 3022//4
f 2395//18 2396//18 3024//18
f 3024//18 2396//18 3023//18
f 2421//1 2423//1 2993//1
f 2993//1 2423//1 2997//1
f 2420//21 2421//21 2994//21
f 2994//21 2421//21 2993//21
f 2419//4 2420//4 2996//4
f 2996//4 2420//4 2994//4
f 2423//18 2419//18 2997//18
f 2997//18 2419//18 2996//18
f 2446//1 2443//1 2964//1
f 2964//1 2443//1 2968//1
f 2445//21 2446//21 2965//21
f 2965//21 2446//21 2964//21
f 2444//4 2445//4 2967//4
f 2967//4 2445//4 2965//4
f 2443//18 2444//18 2968//18
f 2968//18 2444//18 2967//18
f 2469//1 2466//1 2935//1
f 2935//1 2466//1 2939//1
f 2468//21 2469//21 2936//21
f 2936//21 2469//21 2935//21
f 2467//4 2468//4 2938//4
f 2938//4 2468//4 2936//4
f 2466//18 2467//18 2939//18
f 2939//18 2467//18 2938//18
f 3136//1 3137//1 995//1
f 995//1 3137//1 997//1
f 3138//21 998//21 3137//21
f 3137//21 998//21 997//21
f 998//4 3138//4 1001//4
f 1001//4 3138//4 3139//4
f 3136//18 995//18 3139//18
f 3139//18 995//18 1001//18
f 3139//39 3138//39 3136//39
f 3136//39 3138//39 3137//39
f 3140//1 3141//1 1006//1
f 1006//1 3141//1 1007//1
f 3142//21 1008//21 3141//21
f 3141//21 1008//21 1007//21
f 1008//4 3142//4 1002//4
f 1002//4 3142//4 3143//4
f 3140//18 1006//18 3143//18
f 3143//18 1006//18 1002//18
f 3143//39 3142//39 3140//39
f 3140//39 3142//39 3141//39
f 3144//1 3145//1 900//1
f 900//1 3145//1 901//1
f 3146//21 910//21 3145//21
f 3145//21 910//21 901//21
f 910//4 3146//4 899//4
f 899//4 3146//4 3147//4
f 3144//18 900//18 3147//18
f 3147//18 900//18 899//18
f 3147//39 3146//39 3144//39
f 3144//39 3146//39 3145//39
f 3148//1 3149//1 1021//1
f 1021//1 3149//1 1022//1
f 3150//21 1023//21 3149//21
f 3149//21 1023//21 1022//21
f 1023//4 3150//4 1020//4
f 1020//4 3150//4 3151//4
f 3148//18 1021//18 3151//18
f 3151//18 1021//18 1020//18
f 3151//39 3150//39 3148//39
f 3148//39 3150//39 3149//39
f 3152//1 3153//1 1013//1
f 1013//1 3153//1 1017//1
f 3154//21 1018//21 3153//21
f 3153//21 1018//21 1017//21
f 1018//4 3154//4 1015//4
f 1015//4 3154//4 3155//4
f 3152//18 1013//18 3155//18
f 3155//18 1013//18 1015//18
f 3155//39 3154//39 3152//39
f 3152//39 3154//39 3153//39
f 3156//1 3157//1 987//1
f 987//1 3157//1 992//1
f 3158//21 993//21 3157//21
f 3157//21 993//21 992//21
f 993//4 3158//4 986//4
f 986//4 3158//4 3159//4
f 3156//18 987//18 3159//18
f 3159//18 987//18 986//18
f 3159//39 3158//39 3156//39
f 3156//39 3158//39 3157//39
f 2075//31 2074//31 2868//31
f 2868//31 2074//31 2871//31
f 2077//53 2075//53 2869//53
f 2869//53 2075//53 2868//53
f 2078//32 2077//32 2870//32
f 2870//32 2077//32 2869//32
f 2074//54 2078//54 2871//54
f 2871//54 2078//54 2870//54
f 2097//31 2098//31 2727//31
f 2727//31 2098//31 2677//31
f 2096//53 2097//53 2726//53
f 2726//53 2097//53 2727//53
f 2095//32 2096//32 2725//32
f 2725//32 2096//32 2726//32
f 2098//54 2095//54 2677//54
f 2677//54 2095//54 2725//54
f 2092//31 2094//31 2731//31
f 2731//31 2094//31 2732//31
f 2091//53 2092//53 2729//53
f 2729//53 2092//53 2731//53
f 2090//32 2091//32 2733//32
f 2733//32 2091//32 2729//32
f 2094//54 2090//54 2732//54
f 2732//54 2090//54 2733//54
f 2179//31 2176//31 2856//31
f 2856//31 2176//31 2859//31
f 2178//53 2179//53 2857//53
f 2857//53 2179//53 2856//53
f 2177//32 2178//32 2858//32
f 2858//32 2178//32 2857//32
f 2176//54 2177//54 2859//54
f 2859//54 2177//54 2858//54
f 2281//31 2278//31 2762//31
f 2762//31 2278//31 2766//31
f 2280//53 2281//53 2763//53
f 2763//53 2281//53 2762//53
f 2279//32 2280//32 2765//32
f 2765//32 2280//32 2763//32
f 2278//54 2279//54 2766//54
f 2766//54 2279//54 2765//54
f 2128//31 2127//31 2700//31
f 2700//31 2127//31 2696//31
f 2125//53 2128//53 2699//53
f 2699//53 2128//53 2700//53
f 2126//32 2125//32 2697//32
f 2697//32 2125//32 2699//32
f 2127//54 2126//54 2696//54
f 2696//54 2126//54 2697//54
f 2207//31 2209//31 2842//31
f 2842//31 2209//31 2846//31
f 2206//53 2207//53 2843//53
f 2843//53 2207//53 2842//53
f 2205//32 2206//32 2845//32
f 2845//32 2206//32 2843//32
f 2209//54 2205//54 2846//54
f 2846//54 2205//54 2845//54
f 2231//31 2233//31 2815//31
f 2815//31 2233//31 2819//31
f 2230//53 2231//53 2816//53
f 2816//53 2231//53 2815//53
f 2229//32 2230//32 2818//32
f 2818//32 2230//32 2816//32
f 2233//54 2229//54 2819//54
f 2819//54 2229//54 2818//54
f 2203//31 2200//31 2841//31
f 2841//31 2200//31 2840//31
f 2202//53 2203//53 2837//53
f 2837//53 2203//53 2841//53
f 2201//32 2202//32 2839//32
f 2839//32 2202//32 2837//32
f 2200//54 2201//54 2840//54
f 2840//54 2201//54 2839//54
f 2122//31 2121//31 2702//31
f 2702//31 2121//31 2704//31
f 2119//53 2122//53 2707//53
f 2707//53 2122//53 2702//53
f 2120//32 2119//32 2706//32
f 2706//32 2119//32 2707//32
f 2121//54 2120//54 2704//54
f 2704//54 2120//54 2706//54
f 2277//31 2274//31 2757//31
f 2757//31 2274//31 2761//31
f 2276//53 2277//53 2758//53
f 2758//53 2277//53 2757//53
f 2275//32 2276//32 2760//32
f 2760//32 2276//32 2758//32
f 2274//54 2275//54 2761//54
f 2761//54 2275//54 2760//54
f 2255//31 2257//31 2786//31
f 2786//31 2257//31 2790//31
f 2254//53 2255//53 2787//53
f 2787//53 2255//53 2786//53
f 2253//32 2254//32 2789//32
f 2789//32 2254//32 2787//32
f 2257//54 2253//54 2790//54
f 2790//54 2253//54 2789//54
f 2174//31 2175//31 2852//31
f 2852//31 2175//31 2855//31
f 2173//53 2174//53 2853//53
f 2853//53 2174//53 2852//53
f 2171//32 2173//32 2854//32
f 2854//32 2173//32 2853//32
f 2175//54 2171//54 2855//54
f 2855//54 2171//54 2854//54
f 2163//31 2164//31 2825//31
f 2825//31 2164//31 2828//31
f 2167//53 2163//53 2826//53
f 2826//53 2163//53 2825//53
f 2165//32 2167//32 2827//32
f 2827//32 2167//32 2826//32
f 2164//54 2165//54 2828//54
f 2828//54 2165//54 2827//54
f 2154//31 2155//31 2796//31
f 2796//31 2155//31 2799//31
f 2153//53 2154//53 2797//53
f 2797//53 2154//53 2796//53
f 2156//32 2153//32 2798//32
f 2798//32 2153//32 2797//32
f 2155//54 2156//54 2799//54
f 2799//54 2156//54 2798//54
f 2147//31 2142//31 2767//31
f 2767//31 2142//31 2770//31
f 2145//53 2147//53 2768//53
f 2768//53 2147//53 2767//53
f 2143//32 2145//32 2769//32
f 2769//32 2145//32 2768//32
f 2142//54 2143//54 2770//54
f 2770//54 2143//54 2769//54
f 2261//31 2258//31 2791//31
f 2791//31 2258//31 2795//31
f 2260//53 2261//53 2792//53
f 2792//53 2261//53 2791//53
f 2259//32 2260//32 2794//32
f 2794//32 2260//32 2792//32
f 2258//54 2259//54 2795//54
f 2795//54 2259//54 2794//54
f 2237//31 2234//31 2820//31
f 2820//31 2234//31 2824//31
f 2236//53 2237//53 2821//53
f 2821//53 2237//53 2820//53
f 2235//32 2236//32 2823//32
f 2823//32 2236//32 2821//32
f 2234//54 2235//54 2824//54
f 2824//54 2235//54 2823//54
f 2213//31 2210//31 2851//31
f 2851//31 2210//31 2850//31
f 2212//53 2213//53 2847//53
f 2847//53 2213//53 2851//53
f 2211//32 2212//32 2849//32
f 2849//32 2212//32 2847//32
f 2210//54 2211//54 2850//54
f 2850//54 2211//54 2849//54
f 2130//31 2134//31 2693//31
f 2693//31 2134//31 2694//31
f 2131//53 2130//53 2692//53
f 2692//53 2130//53 2693//53
f 2133//32 2131//32 2691//32
f 2691//32 2131//32 2692//32
f 2134//54 2133//54 2694//54
f 2694//54 2133//54 2691//54
f 2239//31 2242//31 2772//31
f 2772//31 2242//31 2771//31
f 2240//53 2239//53 2773//53
f 2773//53 2239//53 2772//53
f 2241//32 2240//32 2775//32
f 2775//32 2240//32 2773//32
f 2242//54 2241//54 2771//54
f 2771//54 2241//54 2775//54
f 2215//31 2218//31 2802//31
f 2802//31 2218//31 2800//31
f 2216//53 2215//53 2803//53
f 2803//53 2215//53 2802//53
f 2217//32 2216//32 2801//32
f 2801//32 2216//32 2803//32
f 2218//54 2217//54 2800//54
f 2800//54 2217//54 2801//54
f 2191//31 2194//31 2832//31
f 2832//31 2194//31 2829//31
f 2192//53 2191//53 2831//53
f 2831//53 2191//53 2832//53
f 2193//32 2192//32 2830//32
f 2830//32 2192//32 2831//32
f 2194//54 2193//54 2829//54
f 2829//54 2193//54 2830//54
f 2107//31 2109//31 2722//31
f 2722//31 2109//31 2720//31
f 2111//53 2107//53 2723//53
f 2723//53 2107//53 2722//53
f 2110//32 2111//32 2724//32
f 2724//32 2111//32 2723//32
f 2109//54 2110//54 2720//54
f 2720//54 2110//54 2724//54
f 2264//31 2265//31 2743//31
f 2743//31 2265//31 2742//31
f 2262//53 2264//53 2744//53
f 2744//53 2264//53 2743//53
f 2263//32 2262//32 2746//32
f 2746//32 2262//32 2744//32
f 2265//54 2263//54 2742//54
f 2742//54 2263//54 2746//54
f 2102//31 2104//31 2715//31
f 2715//31 2104//31 2717//31
f 2100//53 2102//53 2714//53
f 2714//53 2102//53 2715//53
f 2101//32 2100//32 2718//32
f 2718//32 2100//32 2714//32
f 2104//54 2101//54 2717//54
f 2717//54 2101//54 2718//54
f 2189//31 2186//31 2867//31
f 2867//31 2186//31 2866//31
f 2188//53 2189//53 2864//53
f 2864//53 2189//53 2867//53
f 2187//32 2188//32 2865//32
f 2865//32 2188//32 2864//32
f 2186//54 2187//54 2866//54
f 2866//54 2187//54 2865//54
f 2183//31 2185//31 2860//31
f 2860//31 2185//31 2863//31
f 2182//53 2183//53 2861//53
f 2861//53 2183//53 2860//53
f 2181//32 2182//32 2862//32
f 2862//32 2182//32 2861//32
f 2185//54 2181//54 2863//54
f 2863//54 2181//54 2862//54
f 2269//31 2266//31 2747//31
f 2747//31 2266//31 2751//31
f 2268//53 2269//53 2748//53
f 2748//53 2269//53 2747//53
f 2267//32 2268//32 2750//32
f 2750//32 2268//32 2748//32
f 2266//54 2267//54 2751//54
f 2751//54 2267//54 2750//54
f 2245//31 2247//31 2776//31
f 2776//31 2247//31 2780//31
f 2244//53 2245//53 2777//53
f 2777//53 2245//53 2776//53
f 2243//32 2244//32 2779//32
f 2779//32 2244//32 2777//32
f 2247//54 2243//54 2780//54
f 2780//54 2243//54 2779//54
f 2222//31 2219//31 2805//31
f 2805//31 2219//31 2809//31
f 2221//53 2222//53 2806//53
f 2806//53 2222//53 2805//53
f 2220//32 2221//32 2808//32
f 2808//32 2221//32 2806//32
f 2219//54 2220//54 2809//54
f 2809//54 2220//54 2808//54
f 2198//31 2195//31 2833//31
f 2833//31 2195//31 2836//31
f 2197//53 2198//53 2834//53
f 2834//53 2198//53 2833//53
f 2196//32 2197//32 2835//32
f 2835//32 2197//32 2834//32
f 2195//54 2196//54 2836//54
f 2836//54 2196//54 2835//54
f 2112//31 2114//31 2713//31
f 2713//31 2114//31 2711//31
f 2116//53 2112//53 2708//53
f 2708//53 2112//53 2713//53
f 2115//32 2116//32 2709//32
f 2709//32 2116//32 2708//32
f 2114//54 2115//54 2711//54
f 2711//54 2115//54 2709//54
f 2273//31 2270//31 2756//31
f 2756//31 2270//31 2755//31
f 2272//53 2273//53 2752//53
f 2752//53 2273//53 2756//53
f 2271//32 2272//32 2754//32
f 2754//32 2272//32 2752//32
f 2270//54 2271//54 2755//54
f 2755//54 2271//54 2754//54
f 2251//31 2248//31 2785//31
f 2785//31 2248//31 2784//31
f 2250//53 2251//53 2781//53
f 2781//53 2251//53 2785//53
f 2249//32 2250//32 2783//32
f 2783//32 2250//32 2781//32
f 2248//54 2249//54 2784//54
f 2784//54 2249//54 2783//54
f 2227//31 2224//31 2814//31
f 2814//31 2224//31 2813//31
f 2226//53 2227//53 2810//53
f 2810//53 2227//53 2814//53
f 2225//32 2226//32 2812//32
f 2812//32 2226//32 2810//32
f 2224//54 2225//54 2813//54
f 2813//54 2225//54 2812//54
f 70//8 62//8 3160//8
f 3160//8 62//8 3161//8
f 3160//8 3161//8 3162//8
f 3163//8 3164//8 3165//8
f 3165//8 3164//8 3166//8
f 3165//8 3166//8 3167//8
f 3162//8 3161//8 3165//8
f 3165//8 3161//8 3168//8
f 3165//8 3168//8 3163//8
f 1607//55 1608//55 3169//55
f 1610//56 1609//56 3170//56
f 3170//56 1609//56 1615//56
f 3170//57 1615//57 1616//57
f 1122//58 1121//58 1616//58
f 1695//59 1697//59 1121//59
f 1616//57 1121//57 3170//57
f 3170//60 1121//60 1697//60
f 3170//61 1697//61 3171//61
f 1121//62 1128//62 1695//62
f 1695//63 1128//63 1127//63
f 1695//63 1127//63 1693//63
f 1693//64 1127//64 1126//64
f 1693//64 1126//64 1691//64
f 1691//65 1126//65 1120//65
f 1691//66 1120//66 1689//66
f 1689//67 1120//67 1119//67
f 1689//67 1119//67 1687//67
f 1687//68 1119//68 1118//68
f 1687//69 1118//69 1685//69
f 1685//70 1118//70 1117//70
f 1685//70 1117//70 1683//70
f 1683//71 1117//71 1138//71
f 1683//71 1138//71 1681//71
f 1681//72 1138//72 1137//72
f 1681//72 1137//72 1678//72
f 1678//73 1137//73 1136//73
f 1678//73 1136//73 1676//73
f 1676//74 1136//74 1135//74
f 1676//74 1135//74 1674//74
f 1674//75 1135//75 1134//75
f 1674//75 1134//75 1672//75
f 1672//76 1134//76 1133//76
f 1672//77 1133//77 1670//77
f 1670//78 1133//78 1113//78
f 1670//78 1113//78 1668//78
f 1668//79 1113//79 1115//79
f 1668//79 1115//79 1666//79
f 1666//80 1115//80 1116//80
f 1666//80 1116//80 1665//80
f 1665//81 1116//81 1141//81
f 1665//81 1141//81 1663//81
f 3169//82 3172//82 1661//82
f 3173//83 1602//83 1140//83
f 1607//55 3169//55 1601//55
f 1663//84 1141//84 1661//84
f 1661//85 1141//85 1140//85
f 1661//82 1140//82 3169//82
f 3169//55 1140//55 1602//55
f 3169//55 1602//55 1601//55
f 1140//86 1142//86 3173//86
f 3173//87 1142//87 1130//87
f 3173//87 1130//87 3174//87
f 3174//88 1130//88 1132//88
f 3174//88 1132//88 3175//88
f 3175//89 1132//89 1131//89
f 3175//89 1131//89 3176//89
f 3176//90 1131//90 70//90
f 3176//91 70//91 3177//91
f 3161//92 3178//92 3168//92
f 3168//93 3178//93 3179//93
f 3168//93 3179//93 3163//93
f 3163//94 3179//94 3180//94
f 3163//94 3180//94 3164//94
f 3164//95 3180//95 3181//95
f 3164//95 3181//95 3166//95
f 3166//96 3181//96 3182//96
f 3166//96 3182//96 3167//96
f 3167//97 3182//97 3183//97
f 3167//97 3183//97 3165//97
f 3165//98 3183//98 3184//98
f 3165//98 3184//98 3162//98
f 3162//99 3184//99 3177//99
f 3162//100 3177//100 3160//100
f 3160//101 3177//101 70//101
f 62//102 3185//102 3161//102
f 3161//103 3185//103 3186//103
f 3161//104 3186//104 3178//104
f 1616//105 3187//105 1122//105
f 1122//106 3187//106 3188//106
f 1122//106 3188//106 1123//106
f 1123//107 3188//107 3189//107
f 1123//107 3189//107 1124//107
f 1124//108 3189//108 3185//108
f 1124//109 3185//109 1125//109
f 1125//110 3185//110 62//110
f 1616//27 1614//27 3187//27
f 3187//27 1614//27 3190//27
f 3181//27 3180//27 3191//27
f 3191//27 3180//27 3192//27
f 3192//27 3180//27 3179//27
f 3192//27 3179//27 3193//27
f 3193//27 3179//27 3178//27
f 3193//27 3178//27 3194//27
f 3194//27 3178//27 3186//27
f 3194//27 3186//27 3195//27
f 3195//27 3186//27 3185//27
f 3195//27 3185//27 3196//27
f 3196//27 3185//27 3189//27
f 3196//27 3189//27 3190//27
f 3190//27 3189//27 3188//27
f 3190//27 3188//27 3187//27
f 3191//27 3197//27 3181//27
f 3181//27 3197//27 3198//27
f 3181//27 3198//27 3182//27
f 3182//27 3198//27 3199//27
f 3182//27 3199//27 3183//27
f 3183//27 3199//27 3200//27
f 3183//27 3200//27 3184//27
f 3184//27 3200//27 3201//27
f 3184//27 3201//27 3177//27
f 3177//27 3201//27 3202//27
f 3177//27 3202//27 3176//27
f 3176//27 3202//27 3203//27
f 3176//27 3203//27 3175//27
f 3175//27 3203//27 3204//27
f 3175//27 3204//27 3174//27
f 3174//27 3204//27 3205//27
f 3174//27 3205//27 3173//27
f 3173//27 3205//27 1604//27
f 3173//27 1604//27 1602//27
f 40//8 26//8 3206//8
f 3206//8 26//8 3207//8
f 3206//8 3207//8 3208//8
f 3209//8 3210//8 3211//8
f 3211//8 3210//8 3212//8
f 3211//8 3212//8 3213//8
f 3208//8 3207//8 3211//8
f 3211//8 3207//8 3214//8
f 3211//8 3214//8 3209//8
f 1730//111 1657//111 1096//111
f 1096//112 1095//112 1730//112
f 1730//63 1095//63 1093//63
f 1730//63 1093//63 1728//63
f 1728//64 1093//64 1092//64
f 1728//64 1092//64 1726//64
f 1726//113 1092//113 1091//113
f 1726//113 1091//113 1724//113
f 1724//114 1091//114 40//114
f 1724//115 40//115 1722//115
f 3207//77 1707//77 3214//77
f 3214//75 1707//75 1709//75
f 3214//75 1709//75 3209//75
f 3209//74 1709//74 1711//74
f 3209//74 1711//74 3210//74
f 3210//116 1711//116 1713//116
f 3210//116 1713//116 3212//116
f 3212//117 1713//117 1716//117
f 3212//117 1716//117 3213//117
f 3213//71 1716//71 1718//71
f 3213//71 1718//71 3211//71
f 3211//70 1718//70 1720//70
f 3211//70 1720//70 3208//70
f 3208//68 1720//68 1722//68
f 3208//68 1722//68 3206//68
f 3206//118 1722//118 40//118
f 26//119 1703//119 3207//119
f 3207//78 1703//78 1705//78
f 3207//77 1705//77 1707//77
f 1210//81 1700//81 1208//81
f 1208//80 1700//80 1701//80
f 1208//80 1701//80 1209//80
f 1209//120 1701//120 1703//120
f 1209//120 1703//120 1088//120
f 1088//121 1703//121 26//121
f 1112//122 1656//122 1210//122
f 1210//123 1656//123 1698//123
f 1210//81 1698//81 1700//81
f 3215//124 3216//124 1112//124
f 1112//125 3216//125 3217//125
f 1112//126 3217//126 1656//126
f 1097//106 3218//106 1094//106
f 1094//107 3218//107 3219//107
f 1094//107 3219//107 1089//107
f 1089//108 3219//108 3220//108
f 1089//108 3220//108 1090//108
f 1090//103 3220//103 3221//103
f 1090//103 3221//103 1102//103
f 1102//104 3221//104 3222//104
f 1102//104 3222//104 1103//104
f 1103//93 3222//93 3223//93
f 1103//93 3223//93 1104//93
f 1104//94 3223//94 3224//94
f 1104//94 3224//94 1105//94
f 1105//95 3224//95 3225//95
f 1105//95 3225//95 1106//95
f 1106//96 3225//96 3226//96
f 1106//96 3226//96 1107//96
f 1107//97 3226//97 3227//97
f 1107//97 3227//97 1098//97
f 1098//98 3227//98 3228//98
f 1098//98 3228//98 1099//98
f 1099//100 3228//100 3229//100
f 1099//100 3229//100 1100//100
f 1100//127 3229//127 3230//127
f 1100//127 3230//127 1101//127
f 1101//128 3230//128 3231//128
f 1101//128 3231//128 1109//128
f 1109//88 3231//88 3232//88
f 1109//88 3232//88 1110//88
f 1110//87 3232//87 3215//87
f 1110//87 3215//87 1111//87
f 1111//86 3215//86 1112//86
f 1657//129 3233//129 1096//129
f 1096//130 3233//130 3234//130
f 1096//58 3234//58 1097//58
f 1097//131 3234//131 3235//131
f 1097//106 3235//106 3218//106
f 3234//27 3236//27 3235//27
f 3235//27 3236//27 3237//27
f 3225//27 3224//27 3238//27
f 3238//27 3224//27 3239//27
f 3239//27 3224//27 3223//27
f 3239//27 3223//27 3240//27
f 3240//27 3223//27 3222//27
f 3240//27 3222//27 3241//27
f 3241//27 3222//27 3221//27
f 3241//27 3221//27 3242//27
f 3242//27 3221//27 3220//27
f 3242//27 3220//27 3243//27
f 3243//27 3220//27 3219//27
f 3243//27 3219//27 3237//27
f 3237//27 3219//27 3218//27
f 3237//27 3218//27 3235//27
f 3238//27 3244//27 3225//27
f 3225//27 3244//27 3245//27
f 3225//27 3245//27 3226//27
f 3226//27 3245//27 3246//27
f 3226//27 3246//27 3227//27
f 3227//27 3246//27 3247//27
f 3227//27 3247//27 3228//27
f 3228//27 3247//27 3248//27
f 3228//27 3248//27 3229//27
f 3229//27 3248//27 3249//27
f 3229//27 3249//27 3230//27
f 3230//27 3249//27 3250//27
f 3230//27 3250//27 3231//27
f 3231//27 3250//27 3251//27
f 3231//27 3251//27 3232//27
f 3232//27 3251//27 3252//27
f 3232//27 3252//27 3215//27
f 3215//27 3252//27 3253//27
f 3215//27 3253//27 3216//27
f 19//8 12//8 3254//8
f 3254//8 12//8 3255//8
f 3254//8 3255//8 3256//8
f 3257//8 3258//8 3259//8
f 3259//8 3258//8 3260//8
f 3259//8 3260//8 3261//8
f 3256//8 3255//8 3259//8
f 3259//8 3255//8 3262//8
f 3259//8 3262//8 3257//8
f 1763//132 1646//132 1081//132
f 1081//112 1087//112 1763//112
f 1763//133 1087//133 1058//133
f 1763//133 1058//133 1761//133
f 1761//64 1058//64 1061//64
f 1761//64 1061//64 1759//64
f 1759//113 1061//113 1060//113
f 1759//113 1060//113 1757//113
f 1757//134 1060//134 19//134
f 1757//115 19//115 1755//115
f 3255//76 1740//76 3262//76
f 3262//75 1740//75 1742//75
f 3262//75 1742//75 3257//75
f 3257//74 1742//74 1744//74
f 3257//74 1744//74 3258//74
f 3258//116 1744//116 1746//116
f 3258//116 1746//116 3260//116
f 3260//117 1746//117 1749//117
f 3260//117 1749//117 3261//117
f 3261//135 1749//135 1751//135
f 3261//135 1751//135 3259//135
f 3259//70 1751//70 1753//70
f 3259//70 1753//70 3256//70
f 3256//136 1753//136 1755//136
f 3256//136 1755//136 3254//136
f 3254//137 1755//137 19//137
f 12//119 1736//119 3255//119
f 3255//78 1736//78 1738//78
f 3255//76 1738//76 1740//76
f 1077//138 1733//138 1078//138
f 1078//80 1733//80 1734//80
f 1078//80 1734//80 1079//80
f 1079//120 1734//120 1736//120
f 1079//120 1736//120 1080//120
f 1080//139 1736//139 12//139
f 1076//122 1644//122 1077//122
f 1077//140 1644//140 1731//140
f 1077//138 1731//138 1733//138
f 3263//124 3264//124 1076//124
f 1076//141 3264//141 3265//141
f 1076//142 3265//142 1644//142
f 1082//106 3266//106 1083//106
f 1083//107 3266//107 3267//107
f 1083//107 3267//107 1084//107
f 1084//108 3267//108 3268//108
f 1084//108 3268//108 1068//108
f 1068//103 3268//103 3269//103
f 1068//103 3269//103 1069//103
f 1069//143 3269//143 3270//143
f 1069//143 3270//143 1070//143
f 1070//93 3270//93 3271//93
f 1070//93 3271//93 1071//93
f 1071//144 3271//144 3272//144
f 1071//144 3272//144 1072//144
f 1072//95 3272//95 3273//95
f 1072//95 3273//95 1073//95
f 1073//96 3273//96 3274//96
f 1073//96 3274//96 1074//96
f 1074//97 3274//97 3275//97
f 1074//97 3275//97 1062//97
f 1062//98 3275//98 3276//98
f 1062//98 3276//98 1063//98
f 1063//99 3276//99 3277//99
f 1063//99 3277//99 1064//99
f 1064//127 3277//127 3278//127
f 1064//127 3278//127 1065//127
f 1065//128 3278//128 3279//128
f 1065//128 3279//128 1066//128
f 1066//88 3279//88 3280//88
f 1066//88 3280//88 1067//88
f 1067//87 3280//87 3263//87
f 1067//87 3263//87 1075//87
f 1075//86 3263//86 1076//86
f 1646//129 3281//129 1081//129
f 1081//145 3281//145 3282//145
f 1081//146 3282//146 1082//146
f 1082//147 3282//147 3283//147
f 1082//106 3283//106 3266//106
f 3282//27 3284//27 3283//27
f 3283//27 3284//27 3285//27
f 3273//27 3272//27 3286//27
f 3286//27 3272//27 3287//27
f 3287//27 3272//27 3271//27
f 3287//27 3271//27 3288//27
f 3288//27 3271//27 3270//27
f 3288//27 3270//27 3289//27
f 3289//27 3270//27 3269//27
f 3289//27 3269//27 3290//27
f 3290//27 3269//27 3268//27
f 3290//27 3268//27 3291//27
f 3291//27 3268//27 3267//27
f 3291//27 3267//27 3285//27
f 3285//27 3267//27 3266//27
f 3285//27 3266//27 3283//27
f 3286//27 3292//27 3273//27
f 3273//27 3292//27 3293//27
f 3273//27 3293//27 3274//27
f 3274//27 3293//27 3294//27
f 3274//27 3294//27 3275//27
f 3275//27 3294//27 3295//27
f 3275//27 3295//27 3276//27
f 3276//27 3295//27 3296//27
f 3276//27 3296//27 3277//27
f 3277//27 3296//27 3297//27
f 3277//27 3297//27 3278//27
f 3278//27 3297//27 3298//27
f 3278//27 3298//27 3279//27
f 3279//27 3298//27 3299//27
f 3279//27 3299//27 3280//27
f 3280//27 3299//27 3300//27
f 3280//27 3300//27 3263//27
f 3263//27 3300//27 3301//27
f 3263//27 3301//27 3264//27
f 3302//8 3303//8 3304//8
f 3304//8 3303//8 90//8
f 3304//8 90//8 76//8
f 3305//8 3306//8 3307//8
f 3307//8 3306//8 3308//8
f 3307//8 3308//8 3309//8
f 3302//8 3304//8 3307//8
f 3307//8 3304//8 3310//8
f 3307//8 3310//8 3305//8
f 1586//55 1600//55 3311//55
f 1591//148 1576//148 3312//148
f 3312//148 1576//148 1594//148
f 3312//148 1594//148 1595//148
f 1052//146 1051//146 1595//146
f 1798//59 1800//59 1051//59
f 1595//148 1051//148 3312//148
f 3312//149 1051//149 1800//149
f 3312//149 1800//149 3313//149
f 1051//112 1057//112 1798//112
f 1798//63 1057//63 1056//63
f 1798//63 1056//63 1796//63
f 1796//64 1056//64 1055//64
f 1796//64 1055//64 1794//64
f 1794//66 1055//66 1041//66
f 1794//66 1041//66 1792//66
f 1792//67 1041//67 1040//67
f 1792//67 1040//67 1790//67
f 1790//136 1040//136 1038//136
f 1790//136 1038//136 1788//136
f 1788//70 1038//70 1037//70
f 1788//70 1037//70 1786//70
f 1786//71 1037//71 1050//71
f 1786//71 1050//71 1784//71
f 1784//117 1050//117 1049//117
f 1784//117 1049//117 1781//117
f 1781//73 1049//73 1048//73
f 1781//73 1048//73 1779//73
f 1779//74 1048//74 1047//74
f 1779//74 1047//74 1777//74
f 1777//75 1047//75 1046//75
f 1777//75 1046//75 1775//75
f 1775//76 1046//76 1045//76
f 1775//76 1045//76 1773//76
f 1773//78 1045//78 1035//78
f 1773//78 1035//78 1771//78
f 1771//79 1035//79 1034//79
f 1771//79 1034//79 1769//79
f 1769//80 1034//80 1036//80
f 1769//80 1036//80 1768//80
f 1768//81 1036//81 1044//81
f 1768//81 1044//81 1766//81
f 3311//82 3314//82 1764//82
f 1766//84 1044//84 1764//84
f 1764//122 1044//122 1043//122
f 1764//82 1043//82 3311//82
f 3315//83 1597//83 1043//83
f 1043//55 1597//55 3311//55
f 3311//55 1597//55 1596//55
f 3311//150 1596//150 1586//150
f 1043//86 1042//86 3315//86
f 3315//87 1042//87 1033//87
f 3315//87 1033//87 3316//87
f 3316//88 1033//88 1032//88
f 3316//88 1032//88 3317//88
f 3317//89 1032//89 1031//89
f 3317//89 1031//89 3318//89
f 3318//90 1031//90 90//90
f 3318//91 90//91 3319//91
f 3304//143 3320//143 3310//143
f 3310//93 3320//93 3321//93
f 3310//93 3321//93 3305//93
f 3305//94 3321//94 3322//94
f 3305//94 3322//94 3306//94
f 3306//95 3322//95 3323//95
f 3306//95 3323//95 3308//95
f 3308//96 3323//96 3324//96
f 3308//96 3324//96 3309//96
f 3309//97 3324//97 3325//97
f 3309//97 3325//97 3307//97
f 3307//98 3325//98 3326//98
f 3307//98 3326//98 3302//98
f 3302//99 3326//99 3319//99
f 3302//99 3319//99 3303//99
f 3303//101 3319//101 90//101
f 76//102 3327//102 3304//102
f 3304//103 3327//103 3328//103
f 3304//143 3328//143 3320//143
f 1595//105 3329//105 1052//105
f 1052//106 3329//106 3330//106
f 1052//106 3330//106 1025//106
f 1025//107 3330//107 3331//107
f 1025//107 3331//107 1026//107
f 1026//109 3331//109 3327//109
f 1026//109 3327//109 1027//109
f 1027//110 3327//110 76//110
f 1595//27 1593//27 3329//27
f 3329//27 1593//27 3332//27
f 3323//27 3322//27 3333//27
f 3333//27 3322//27 3334//27
f 3334//27 3322//27 3321//27
f 3334//27 3321//27 3335//27
f 3335//27 3321//27 3320//27
f 3335//27 3320//27 3336//27
f 3336//27 3320//27 3328//27
f 3336//27 3328//27 3337//27
f 3337//27 3328//27 3327//27
f 3337//27 3327//27 3338//27
f 3338//27 3327//27 3331//27
f 3338//27 3331//27 3332//27
f 3332//27 3331//27 3330//27
f 3332//27 3330//27 3329//27
f 3333//27 3339//27 3323//27
f 3323//27 3339//27 3340//27
f 3323//27 3340//27 3324//27
f 3324//27 3340//27 3341//27
f 3324//27 3341//27 3325//27
f 3325//27 3341//27 3342//27
f 3325//27 3342//27 3326//27
f 3326//27 3342//27 3343//27
f 3326//27 3343//27 3319//27
f 3319//27 3343//27 3344//27
f 3319//27 3344//27 3318//27
f 3318//27 3344//27 3345//27
f 3318//27 3345//27 3317//27
f 3317//27 3345//27 3346//27
f 3317//27 3346//27 3316//27
f 3316//27 3346//27 3347//27
f 3316//27 3347//27 3315//27
f 3315//27 3347//27 1598//27
f 3315//27 1598//27 1597//27
f 1599//151 1598//151 3347//151
f 1599//151 3347//151 3348//151
f 3348//152 3347//152 3346//152
f 3348//152 3346//152 3349//152
f 3349//153 3346//153 3345//153
f 3349//153 3345//153 3350//153
f 3350//154 3345//154 3344//154
f 3350//154 3344//154 3351//154
f 3351//155 3344//155 3343//155
f 3351//155 3343//155 3352//155
f 3352//156 3343//156 3342//156
f 3352//156 3342//156 3353//156
f 3353//157 3342//157 3341//157
f 3353//157 3341//157 3354//157
f 3354//158 3341//158 3340//158
f 3354//158 3340//158 3355//158
f 3355//4 3340//4 3339//4
f 3355//4 3339//4 3356//4
f 3356//159 3339//159 3333//159
f 3356//159 3333//159 3357//159
f 3357//160 3333//160 3334//160
f 3357//160 3334//160 3358//160
f 3358//161 3334//161 3335//161
f 3358//161 3335//161 3359//161
f 3359//162 3335//162 3336//162
f 3359//162 3336//162 3360//162
f 3360//163 3336//163 3337//163
f 3360//163 3337//163 3361//163
f 3361//164 3337//164 3338//164
f 3361//164 3338//164 3362//164
f 3362//165 3338//165 3332//165
f 3362//165 3332//165 3363//165
f 3363//166 3332//166 1593//166
f 3363//166 1593//166 1592//166
f 3364//1 3313//1 1799//1
f 1799//1 3313//1 1800//1
f 3364//167 1799//167 1797//167
f 3364//167 1797//167 3365//167
f 3365//168 1797//168 1795//168
f 3365//168 1795//168 3366//168
f 3366//169 1795//169 1793//169
f 3366//169 1793//169 3367//169
f 3367//170 1793//170 1791//170
f 3367//170 1791//170 3368//170
f 3368//171 1791//171 1789//171
f 3368//171 1789//171 3369//171
f 3369//172 1789//172 1787//172
f 3369//172 1787//172 3370//172
f 3370//173 1787//173 1785//173
f 3370//173 1785//173 3371//173
f 3371//174 1785//174 1783//174
f 3371//174 1783//174 3372//174
f 3372//1 1783//1 1782//1
f 3372//1 1782//1 3373//1
f 3373//175 1782//175 1780//175
f 3373//175 1780//175 3374//175
f 3374//176 1780//176 1778//176
f 3374//176 1778//176 3375//176
f 3375//177 1778//177 1776//177
f 3375//177 1776//177 3376//177
f 3376//178 1776//178 1774//178
f 3376//178 1774//178 3377//178
f 3377//179 1774//179 1772//179
f 3377//179 1772//179 3378//179
f 3378//180 1772//180 1770//180
f 3378//180 1770//180 3379//180
f 3379//181 1770//181 1767//181
f 3379//181 1767//181 3380//181
f 3380//182 1767//182 1765//182
f 3380//182 1765//182 3381//182
f 3314//1 3381//1 1764//1
f 1764//1 3381//1 1765//1
f 3354//27 3355//27 3381//27
f 3312//27 3313//27 3364//27
f 1592//27 1591//27 3312//27
f 3365//27 3366//27 3372//27
f 3381//27 3314//27 3311//27
f 3365//27 3372//27 3364//27
f 3379//27 3358//27 3378//27
f 3378//27 3358//27 3377//27
f 3359//27 3375//27 3358//27
f 3358//27 3375//27 3376//27
f 3358//27 3376//27 3377//27
f 3359//27 3360//27 3375//27
f 3375//27 3360//27 3361//27
f 3375//27 3361//27 3362//27
f 3348//183 3381//183 1599//183
f 1599//27 3381//27 3311//27
f 1599//27 3311//27 1600//27
f 3366//27 3367//27 3372//27
f 3372//27 3367//27 3368//27
f 3372//27 3368//27 3371//27
f 3371//27 3368//27 3369//27
f 3371//27 3369//27 3370//27
f 3381//27 3355//27 3380//27
f 3380//27 3355//27 3356//27
f 3380//27 3356//27 3379//27
f 3379//27 3356//27 3357//27
f 3379//27 3357//27 3358//27
f 3312//27 3364//27 1592//27
f 1592//27 3364//27 3372//27
f 1592//27 3372//27 3363//27
f 3363//27 3372//27 3373//27
f 3363//27 3373//27 3362//27
f 3362//27 3373//27 3374//27
f 3362//27 3374//27 3375//27
f 3348//27 3349//27 3381//27
f 3381//27 3349//27 3350//27
f 3381//27 3350//27 3351//27
f 3351//27 3352//27 3381//27
f 3381//27 3352//27 3353//27
f 3381//27 3353//27 3354//27
f 3382//151 3301//151 3300//151
f 3382//151 3300//151 3383//151
f 3383//152 3300//152 3299//152
f 3383//152 3299//152 3384//152
f 3384//153 3299//153 3298//153
f 3384//153 3298//153 3385//153
f 3385//184 3298//184 3297//184
f 3385//184 3297//184 3386//184
f 3386//185 3297//185 3296//185
f 3386//185 3296//185 3387//185
f 3387//156 3296//156 3295//156
f 3387//156 3295//156 3388//156
f 3388//157 3295//157 3294//157
f 3388//157 3294//157 3389//157
f 3389//158 3294//158 3293//158
f 3389//158 3293//158 3390//158
f 3390//4 3293//4 3292//4
f 3390//4 3292//4 3391//4
f 3391//159 3292//159 3286//159
f 3391//159 3286//159 3392//159
f 3392//160 3286//160 3287//160
f 3392//160 3287//160 3393//160
f 3393//161 3287//161 3288//161
f 3393//161 3288//161 3394//161
f 3394//186 3288//186 3289//186
f 3394//186 3289//186 3395//186
f 3395//187 3289//187 3290//187
f 3395//187 3290//187 3396//187
f 3396//164 3290//164 3291//164
f 3396//164 3291//164 3397//164
f 3397//165 3291//165 3285//165
f 3397//165 3285//165 3398//165
f 3398//166 3285//166 3284//166
f 3398//166 3284//166 3399//166
f 3400//4 3399//4 3282//4
f 3282//4 3399//4 3284//4
f 1651//149 1652//149 3401//149
f 3281//145 3401//145 3282//145
f 3282//188 3401//188 3400//188
f 1651//149 3401//149 1645//149
f 1645//149 3401//149 3281//149
f 1645//189 3281//189 1646//189
f 1650//167 1648//167 1762//167
f 1650//167 1762//167 3402//167
f 3402//168 1762//168 1760//168
f 3402//168 1760//168 3403//168
f 3403//169 1760//169 1758//169
f 3403//169 1758//169 3404//169
f 3404//170 1758//170 1756//170
f 3404//170 1756//170 3405//170
f 3405//171 1756//171 1754//171
f 3405//171 1754//171 3406//171
f 3406//190 1754//190 1752//190
f 3406//190 1752//190 3407//190
f 3407//173 1752//173 1750//173
f 3407//173 1750//173 3408//173
f 3408//191 1750//191 1748//191
f 3408//191 1748//191 3409//191
f 3409//1 1748//1 1747//1
f 3409//1 1747//1 3410//1
f 3410//192 1747//192 1745//192
f 3410//192 1745//192 3411//192
f 3411//176 1745//176 1743//176
f 3411//176 1743//176 3412//176
f 3412//193 1743//193 1741//193
f 3412//193 1741//193 3413//193
f 3413//178 1741//178 1739//178
f 3413//178 1739//178 3414//178
f 3414//179 1739//179 1737//179
f 3414//179 1737//179 3415//179
f 3415//180 1737//180 1735//180
f 3415//180 1735//180 3416//180
f 3416//194 1735//194 1732//194
f 3416//194 1732//194 3417//194
f 3417//182 1732//182 1642//182
f 3417//182 1642//182 1640//182
f 1643//195 1644//195 3265//195
f 1643//82 3265//82 1637//82
f 1638//82 1637//82 3418//82
f 3418//82 1637//82 3265//82
f 3418//55 3265//55 3419//55
f 3419//196 3265//196 3264//196
f 3382//4 3419//4 3301//4
f 3301//4 3419//4 3264//4
f 3389//27 3390//27 1640//27
f 3401//27 1652//27 1650//27
f 3399//27 3400//27 3401//27
f 3402//27 3403//27 3409//27
f 1640//27 1638//27 3418//27
f 3402//27 3409//27 1650//27
f 3416//27 3393//27 3415//27
f 3415//27 3393//27 3414//27
f 3394//27 3412//27 3393//27
f 3393//27 3412//27 3413//27
f 3393//27 3413//27 3414//27
f 3394//27 3395//27 3412//27
f 3412//27 3395//27 3396//27
f 3412//27 3396//27 3397//27
f 3383//27 1640//27 3382//27
f 3382//27 1640//27 3418//27
f 3382//27 3418//27 3419//27
f 3403//27 3404//27 3409//27
f 3409//27 3404//27 3405//27
f 3409//27 3405//27 3408//27
f 3408//27 3405//27 3406//27
f 3408//27 3406//27 3407//27
f 1640//27 3390//27 3417//27
f 3417//27 3390//27 3391//27
f 3417//27 3391//27 3416//27
f 3416//27 3391//27 3392//27
f 3416//27 3392//27 3393//27
f 3401//27 1650//27 3399//27
f 3399//27 1650//27 3409//27
f 3399//27 3409//27 3398//27
f 3398//27 3409//27 3410//27
f 3398//27 3410//27 3397//27
f 3397//27 3410//27 3411//27
f 3397//27 3411//27 3412//27
f 3383//27 3384//27 1640//27
f 1640//27 3384//27 3385//27
f 1640//27 3385//27 3386//27
f 3386//27 3387//27 1640//27
f 1640//27 3387//27 3388//27
f 1640//27 3388//27 3389//27
f 3420//151 3253//151 3252//151
f 3420//151 3252//151 3421//151
f 3421//197 3252//197 3251//197
f 3421//197 3251//197 3422//197
f 3422//153 3251//153 3250//153
f 3422//153 3250//153 3423//153
f 3423//184 3250//184 3249//184
f 3423//184 3249//184 3424//184
f 3424//185 3249//185 3248//185
f 3424//185 3248//185 3425//185
f 3425//156 3248//156 3247//156
f 3425//156 3247//156 3426//156
f 3426//157 3247//157 3246//157
f 3426//157 3246//157 3427//157
f 3427//198 3246//198 3245//198
f 3427//158 3245//158 3428//158
f 3428//4 3245//4 3244//4
f 3428//4 3244//4 3429//4
f 3429//159 3244//159 3238//159
f 3429//159 3238//159 3430//159
f 3430//160 3238//160 3239//160
f 3430//160 3239//160 3431//160
f 3431//161 3239//161 3240//161
f 3431//161 3240//161 3432//161
f 3432//186 3240//186 3241//186
f 3432//186 3241//186 3433//186
f 3433//187 3241//187 3242//187
f 3433//187 3242//187 3434//187
f 3434//199 3242//199 3243//199
f 3434//199 3243//199 3435//199
f 3435//200 3243//200 3237//200
f 3435//200 3237//200 3436//200
f 3436//166 3237//166 3236//166
f 3436//166 3236//166 3437//166
f 3438//4 3437//4 3234//4
f 3234//4 3437//4 3236//4
f 1628//201 1660//201 3439//201
f 3233//130 3439//130 3234//130
f 3234//202 3439//202 3438//202
f 1628//149 3439//149 1630//149
f 1630//149 3439//149 3233//149
f 1630//189 3233//189 1657//189
f 1659//167 1658//167 1729//167
f 1659//167 1729//167 3440//167
f 3440//203 1729//203 1727//203
f 3440//203 1727//203 3441//203
f 3441//204 1727//204 1725//204
f 3441//204 1725//204 3442//204
f 3442//170 1725//170 1723//170
f 3442//170 1723//170 3443//170
f 3443//171 1723//171 1721//171
f 3443//171 1721//171 3444//171
f 3444//172 1721//172 1719//172
f 3444//172 1719//172 3445//172
f 3445//173 1719//173 1717//173
f 3445//173 1717//173 3446//173
f 3446//191 1717//191 1715//191
f 3446//191 1715//191 3447//191
f 3447//1 1715//1 1714//1
f 3447//1 1714//1 3448//1
f 3448//205 1714//205 1712//205
f 3448//205 1712//205 3449//205
f 3449//176 1712//176 1710//176
f 3449//176 1710//176 3450//176
f 3450//177 1710//177 1708//177
f 3450//177 1708//177 3451//177
f 3451//178 1708//178 1706//178
f 3451//178 1706//178 3452//178
f 3452//179 1706//179 1704//179
f 3452//179 1704//179 3453//179
f 3453//180 1704//180 1702//180
f 3453//180 1702//180 3454//180
f 3454//194 1702//194 1699//194
f 3454//194 1699//194 3455//194
f 3455//182 1699//182 1655//182
f 3455//182 1655//182 1654//182
f 1625//206 1656//206 3217//206
f 1625//207 3217//207 1619//207
f 1653//82 1619//82 3456//82
f 3456//82 1619//82 3217//82
f 3456//55 3217//55 3457//55
f 3457//208 3217//208 3216//208
f 3420//4 3457//4 3253//4
f 3253//4 3457//4 3216//4
f 3427//27 3428//27 1654//27
f 3439//27 1660//27 1659//27
f 3437//27 3438//27 3439//27
f 3440//27 3441//27 3447//27
f 1654//27 1653//27 3456//27
f 3440//27 3447//27 1659//27
f 3454//27 3431//27 3453//27
f 3453//27 3431//27 3452//27
f 3432//27 3450//27 3431//27
f 3431//27 3450//27 3451//27
f 3431//27 3451//27 3452//27
f 3432//27 3433//27 3450//27
f 3450//27 3433//27 3434//27
f 3450//27 3434//27 3435//27
f 3421//27 1654//27 3420//27
f 3420//27 1654//27 3456//27
f 3420//27 3456//27 3457//27
f 3441//27 3442//27 3447//27
f 3447//27 3442//27 3443//27
f 3447//27 3443//27 3446//27
f 3446//27 3443//27 3444//27
f 3446//27 3444//27 3445//27
f 1654//27 3428//27 3455//27
f 3455//27 3428//27 3429//27
f 3455//27 3429//27 3454//27
f 3454//27 3429//27 3430//27
f 3454//27 3430//27 3431//27
f 3439//27 1659//27 3437//27
f 3437//27 1659//27 3447//27
f 3437//27 3447//27 3436//27
f 3436//27 3447//27 3448//27
f 3436//27 3448//27 3435//27
f 3435//27 3448//27 3449//27
f 3435//27 3449//27 3450//27
f 3421//27 3422//27 1654//27
f 1654//27 3422//27 3423//27
f 1654//27 3423//27 3424//27
f 3424//27 3425//27 1654//27
f 1654//27 3425//27 3426//27
f 1654//27 3426//27 3427//27
f 1606//151 1604//151 3205//151
f 1606//151 3205//151 3458//151
f 3458//197 3205//197 3204//197
f 3458//197 3204//197 3459//197
f 3459//153 3204//153 3203//153
f 3459//153 3203//153 3460//153
f 3460//209 3203//209 3202//209
f 3460//209 3202//209 3461//209
f 3461//185 3202//185 3201//185
f 3461//185 3201//185 3462//185
f 3462//156 3201//156 3200//156
f 3462//156 3200//156 3463//156
f 3463//157 3200//157 3199//157
f 3463//157 3199//157 3464//157
f 3464//158 3199//158 3198//158
f 3464//158 3198//158 3465//158
f 3465//4 3198//4 3197//4
f 3465//4 3197//4 3466//4
f 3466//159 3197//159 3191//159
f 3466//159 3191//159 3467//159
f 3467//160 3191//160 3192//160
f 3467//160 3192//160 3468//160
f 3468//161 3192//161 3193//161
f 3468//161 3193//161 3469//161
f 3469//186 3193//186 3194//186
f 3469//186 3194//186 3470//186
f 3470//210 3194//210 3195//210
f 3470//210 3195//210 3471//210
f 3471//199 3195//199 3196//199
f 3471//199 3196//199 3472//199
f 3472//200 3196//200 3190//200
f 3472//200 3190//200 3473//200
f 3473//166 3190//166 1614//166
f 3473//166 1614//166 1612//166
f 3474//1 3171//1 1696//1
f 1696//1 3171//1 1697//1
f 3474//167 1696//167 1694//167
f 3474//167 1694//167 3475//167
f 3475//203 1694//203 1692//203
f 3475//203 1692//203 3476//203
f 3476//204 1692//204 1690//204
f 3476//204 1690//204 3477//204
f 3477//211 1690//211 1688//211
f 3477//211 1688//211 3478//211
f 3478//171 1688//171 1686//171
f 3478//171 1686//171 3479//171
f 3479//172 1686//172 1684//172
f 3479//172 1684//172 3480//172
f 3480//173 1684//173 1682//173
f 3480//173 1682//173 3481//173
f 3481//174 1682//174 1680//174
f 3481//174 1680//174 3482//174
f 3482//1 1680//1 1679//1
f 3482//1 1679//1 3483//1
f 3483//175 1679//175 1677//175
f 3483//175 1677//175 3484//175
f 3484//176 1677//176 1675//176
f 3484//176 1675//176 3485//176
f 3485//177 1675//177 1673//177
f 3485//177 1673//177 3486//177
f 3486//178 1673//178 1671//178
f 3486//178 1671//178 3487//178
f 3487//212 1671//212 1669//212
f 3487//212 1669//212 3488//212
f 3488//180 1669//180 1667//180
f 3488//180 1667//180 3489//180
f 3489//194 1667//194 1664//194
f 3489//194 1664//194 3490//194
f 3490//182 1664//182 1662//182
f 3490//182 1662//182 3491//182
f 3172//1 3491//1 1661//1
f 1661//1 3491//1 1662//1
f 3464//27 3465//27 3491//27
f 3491//27 3172//27 3169//27
f 3171//27 3474//27 3170//27
f 3170//27 3474//27 1612//27
f 3170//27 1612//27 1610//27
f 3489//27 3468//27 3488//27
f 3488//27 3468//27 3487//27
f 3469//27 3485//27 3468//27
f 3468//27 3485//27 3486//27
f 3468//27 3486//27 3487//27
f 3469//27 3470//27 3485//27
f 3485//27 3470//27 3471//27
f 3485//27 3471//27 3472//27
f 3458//183 3491//183 1606//183
f 1606//27 3491//27 3169//27
f 1606//27 3169//27 1608//27
f 3474//27 3475//27 1612//27
f 1612//27 3475//27 3476//27
f 1612//27 3476//27 3477//27
f 3477//27 3478//27 1612//27
f 1612//27 3478//27 3479//27
f 1612//27 3479//27 3480//27
f 3491//27 3465//27 3490//27
f 3490//27 3465//27 3466//27
f 3490//27 3466//27 3489//27
f 3489//27 3466//27 3467//27
f 3489//27 3467//27 3468//27
f 3480//27 3481//27 1612//27
f 1612//27 3481//27 3482//27
f 1612//27 3482//27 3473//27
f 3473//27 3482//27 3483//27
f 3473//27 3483//27 3472//27
f 3472//27 3483//27 3484//27
f 3472//27 3484//27 3485//27
f 3458//27 3459//27 3491//27
f 3491//27 3459//27 3460//27
f 3491//27 3460//27 3461//27
f 3461//27 3462//27 3491//27
f 3491//27 3462//27 3463//27
f 3491//27 3463//27 3464//27
f 1631//8 1630//8 1632//8
f 1632//8 1630//8 1633//8
f 1625//8 1624//8 1623//8
f 1625//8 1623//8 1622//8
f 3492//31 1651//31 3493//31
f 3493//31 1651//31 1645//31
f 3493//31 1645//31 3494//31
f 1647//8 3495//8 1645//8
f 1645//8 3495//8 3494//8
f 3495//32 1647//32 3496//32
f 3496//32 1647//32 1649//32
f 3496//32 1649//32 3497//32
f 1651//27 3492//27 3497//27
f 1651//27 3497//27 1649//27
f 3494//1 3495//1 3493//1
f 3493//1 3495//1 3496//1
f 1639//27 3498//27 1637//27
f 1637//27 3498//27 3499//27
f 3498//31 1639//31 3500//31
f 3500//31 1639//31 1641//31
f 3500//31 1641//31 3501//31
f 1643//8 3502//8 3501//8
f 1643//8 3501//8 1641//8
f 3502//213 1643//213 3503//213
f 3503//213 1643//213 1637//213
f 3503//214 1637//214 3499//214
f 3500//1 3501//1 3503//1
f 3503//1 3501//1 3502//1
f 3498//215 3500//215 3499//215
f 3499//215 3500//215 3503//215
f 3496//215 3497//215 3493//215
f 3493//215 3497//215 3492//215
f 1634//215 1636//215 1629//215
f 1629//215 1636//215 1627//215
f 1618//215 1621//215 1620//215
f 1620//215 1621//215 1626//215
f 1609//1 3504//1 1615//1
f 1615//1 3504//1 3505//1
f 3506//31 3505//31 3507//31
f 3507//31 3505//31 3504//31
f 3507//31 3504//31 3508//31
f 1611//27 3509//27 1609//27
f 1609//27 3509//27 3508//27
f 1609//27 3508//27 3504//27
f 3509//32 1611//32 3510//32
f 3510//32 1611//32 1613//32
f 3510//32 1613//32 3511//32
f 3505//8 3506//8 1615//8
f 1615//8 3506//8 3511//8
f 1615//8 3511//8 1613//8
f 3511//4 3506//4 3510//4
f 3510//4 3506//4 3507//4
f 1601//1 3512//1 1607//1
f 1607//1 3512//1 3513//1
f 3514//31 1603//31 3515//31
f 3515//31 1603//31 1605//31
f 3515//31 1605//31 3516//31
f 3513//27 3517//27 1607//27
f 1607//27 3517//27 3516//27
f 1607//27 3516//27 1605//27
f 3517//32 3513//32 3518//32
f 3518//32 3513//32 3512//32
f 3518//32 3512//32 3519//32
f 1603//8 3514//8 1601//8
f 1601//8 3514//8 3519//8
f 1601//8 3519//8 3512//8
f 3519//4 3514//4 3518//4
f 3518//4 3514//4 3515//4
f 1589//1 1587//1 1596//1
f 1596//1 1587//1 1586//1
f 1581//8 1580//8 1596//8
f 1596//8 1580//8 1590//8
f 1596//8 1590//8 1589//8
f 1572//1 1570//1 1576//1
f 1576//1 1570//1 1594//1
f 1570//8 1569//8 1594//8
f 1594//8 1569//8 1579//8
f 1594//8 1579//8 1578//8
f 3508//216 3509//216 3507//216
f 3507//216 3509//216 3510//216
f 3518//216 3515//216 3517//216
f 3517//216 3515//216 3516//216
f 1585//216 1588//216 1584//216
f 1584//216 1588//216 1582//216
f 1571//216 1573//216 1577//216
f 1577//216 1573//216 1575//216
f 762//32 1231//32 765//32
f 765//32 1231//32 919//32
f 918//32 1476//32 919//32
f 919//32 1476//32 1489//32
f 919//32 1489//32 765//32
f 765//32 1489//32 1430//32
f 772//217 1222//217 769//217
f 769//217 1222//217 1224//217
f 769//217 1224//217 762//217
f 762//217 1224//217 1231//217
f 3520//217 1475//217 1476//217
f 1465//217 1464//217 924//217
f 924//217 1464//217 3521//217
f 924//217 3521//217 917//217
f 917//217 3521//217 3520//217
f 917//217 3520//217 918//217
f 918//217 3520//217 1476//217
f 1222//31 772//31 1221//31
f 1221//31 772//31 770//31
f 770//31 1437//31 1221//31
f 1221//31 1437//31 1472//31
f 1221//31 1472//31 924//31
f 924//31 1472//31 1465//31
f 1473//218 1472//218 3522//218
f 3522//218 1472//218 1437//218
f 3522//218 1437//218 3523//218
f 3523//218 1437//218 1430//218
f 3523//218 1430//218 1488//218
f 1488//218 1430//218 1489//218
f 747//32 1244//32 749//32
f 749//32 1244//32 907//32
f 903//32 1479//32 907//32
f 907//32 1479//32 1504//32
f 907//32 1504//32 749//32
f 749//32 1504//32 1436//32
f 756//217 1236//217 746//217
f 746//217 1236//217 1239//217
f 746//217 1239//217 747//217
f 747//217 1239//217 1244//217
f 1484//217 1482//217 916//217
f 916//217 1482//217 3524//217
f 1477//217 1479//217 3525//217
f 3525//217 1479//217 903//217
f 3525//217 903//217 3524//217
f 3524//217 903//217 902//217
f 3524//217 902//217 916//217
f 1236//31 756//31 915//31
f 915//31 756//31 761//31
f 761//31 1435//31 915//31
f 915//31 1435//31 1499//31
f 915//31 1499//31 916//31
f 916//31 1499//31 1484//31
f 1499//218 1435//218 1500//218
f 1500//218 1435//218 1436//218
f 1500//218 1436//218 1504//218
f 671//32 1309//32 674//32
f 674//32 1309//32 926//32
f 928//32 1445//32 926//32
f 926//32 1445//32 1442//32
f 926//32 1442//32 674//32
f 674//32 1442//32 1434//32
f 1309//217 671//217 1304//217
f 1304//217 671//217 679//217
f 1304//217 679//217 1302//217
f 1302//217 679//217 682//217
f 3526//217 1443//217 1445//217
f 1512//217 1511//217 933//217
f 933//217 1511//217 3527//217
f 933//217 3527//217 929//217
f 929//217 3527//217 3526//217
f 929//217 3526//217 928//217
f 928//217 3526//217 1445//217
f 1302//31 682//31 935//31
f 935//31 682//31 681//31
f 681//31 1432//31 935//31
f 935//31 1432//31 1524//31
f 935//31 1524//31 933//31
f 933//31 1524//31 1512//31
f 1523//219 1524//219 3528//219
f 3528//218 1524//218 1432//218
f 3528//218 1432//218 1441//218
f 1441//218 1432//218 1434//218
f 1441//218 1434//218 1442//218
f 1522//220 1508//220 3529//220
f 3529//220 1508//220 949//220
f 1562//220 1561//220 956//220
f 956//220 1561//220 3530//220
f 956//220 3530//220 957//220
f 957//220 3530//220 3529//220
f 957//220 3529//220 950//220
f 950//220 3529//220 949//220
f 2878//220 2352//220 2875//220
f 2875//220 2352//220 2354//220
f 2875//220 2354//220 2876//220
f 2876//220 2354//220 2365//220
f 948//1 949//1 1508//1
f 1507//1 3066//1 2350//1
f 1508//1 1507//1 948//1
f 948//1 1507//1 2350//1
f 948//1 2350//1 2878//1
f 2878//1 2350//1 2351//1
f 2878//1 2351//1 2352//1
f 3071//221 3066//221 1556//221
f 1556//221 3066//221 1507//221
f 2367//4 3071//4 954//4
f 954//4 3071//4 1556//4
f 954//4 1556//4 956//4
f 956//4 1556//4 1562//4
f 2367//4 954//4 2366//4
f 2366//4 954//4 2876//4
f 2366//4 2876//4 2365//4
f 1549//220 1548//220 944//220
f 944//220 1548//220 3531//220
f 1525//220 1510//220 3532//220
f 3532//220 1510//220 942//220
f 3532//220 942//220 3531//220
f 3531//220 942//220 943//220
f 3531//220 943//220 944//220
f 2883//220 2338//220 2882//220
f 2882//220 2338//220 2283//220
f 2882//220 2283//220 2881//220
f 2881//220 2283//220 2282//220
f 940//1 942//1 1510//1
f 1509//1 3067//1 2340//1
f 1510//1 1509//1 940//1
f 940//1 1509//1 2340//1
f 940//1 2340//1 2883//1
f 2883//1 2340//1 2339//1
f 2883//1 2339//1 2338//1
f 1550//221 3068//221 1557//221
f 1557//221 3068//221 3067//221
f 1557//221 3067//221 1509//221
f 2349//4 3068//4 946//4
f 946//4 3068//4 1550//4
f 946//4 1550//4 944//4
f 944//4 1550//4 1549//4
f 2349//4 946//4 2341//4
f 2341//4 946//4 2881//4
f 2341//4 2881//4 2282//4
f 3533//220 1535//220 1537//220
f 1564//220 1565//220 962//220
f 962//220 1565//220 3534//220
f 962//220 3534//220 960//220
f 960//220 3534//220 3533//220
f 960//220 3533//220 959//220
f 959//220 3533//220 1537//220
f 2926//220 2372//220 2927//220
f 2927//220 2372//220 2295//220
f 2927//220 2295//220 2924//220
f 2924//220 2295//220 2293//220
f 958//1 959//1 1537//1
f 1538//1 3069//1 2370//1
f 1537//1 1538//1 958//1
f 958//1 1538//1 2370//1
f 958//1 2370//1 2926//1
f 2926//1 2370//1 2369//1
f 2926//1 2369//1 2372//1
f 3070//221 3069//221 1563//221
f 1563//221 3069//221 1538//221
f 2291//4 3070//4 964//4
f 964//4 3070//4 1563//4
f 964//4 1563//4 962//4
f 962//4 1563//4 1564//4
f 2291//4 964//4 2292//4
f 2292//4 964//4 2924//4
f 2292//4 2924//4 2293//4
f 1471//222 1469//222 968//222
f 968//222 1469//222 3535//222
f 1545//222 1546//222 3536//222
f 3536//222 1546//222 895//222
f 3536//222 895//222 3535//222
f 3535//222 895//222 967//222
f 3535//222 967//222 968//222
f 2688//222 2135//222 2687//222
f 2687//222 2135//222 2132//222
f 2687//222 2132//222 2686//222
f 2686//222 2132//222 2141//222
f 896//31 895//31 1546//31
f 1555//31 3075//31 2138//31
f 1546//31 1555//31 896//31
f 896//31 1555//31 2138//31
f 896//31 2138//31 2688//31
f 2688//31 2138//31 2137//31
f 2688//31 2137//31 2135//31
f 2149//32 3076//32 970//32
f 970//32 3076//32 1551//32
f 970//32 1551//32 968//32
f 968//32 1551//32 1471//32
f 2149//32 970//32 2140//32
f 2140//32 970//32 2686//32
f 2140//32 2686//32 2141//32
f 1552//223 1551//223 3537//223
f 3537//224 1551//224 3076//224
f 3537//224 3076//224 1568//224
f 1568//224 3076//224 3075//224
f 1568//224 3075//224 1555//224
f 1495//222 1532//222 973//222
f 973//222 1532//222 3538//222
f 1520//222 1521//222 3539//222
f 3539//222 1521//222 892//222
f 3539//222 892//222 3538//222
f 3538//222 892//222 971//222
f 3538//222 971//222 973//222
f 2162//222 2679//222 2158//222
f 2158//222 2679//222 2684//222
f 2158//222 2684//222 2152//222
f 2152//222 2684//222 2683//222
f 893//31 892//31 1521//31
f 1567//31 3072//31 2150//31
f 1521//31 1567//31 893//31
f 893//31 1567//31 2150//31
f 893//31 2150//31 2683//31
f 2683//31 2150//31 2151//31
f 2683//31 2151//31 2152//31
f 2159//32 3077//32 975//32
f 975//32 3077//32 1496//32
f 975//32 1496//32 973//32
f 973//32 1496//32 1495//32
f 2159//32 975//32 2160//32
f 2160//32 975//32 2679//32
f 2160//32 2679//32 2162//32
f 3077//224 3072//224 1496//224
f 1496//224 3072//224 1567//224
f 3540//225 1544//225 1542//225
f 1542//222 978//222 3540//222
f 3540//222 978//222 979//222
f 3540//222 979//222 1513//222
f 1513//222 979//222 981//222
f 1513//222 981//222 1514//222
f 2740//222 2172//222 2741//222
f 2741//222 2172//222 2076//222
f 2741//222 2076//222 2738//222
f 2738//222 2076//222 2081//222
f 977//31 978//31 1542//31
f 1497//31 3074//31 2170//31
f 1542//31 1497//31 977//31
f 977//31 1497//31 2170//31
f 977//31 2170//31 2740//31
f 2740//31 2170//31 2169//31
f 2740//31 2169//31 2172//31
f 2083//32 3073//32 982//32
f 982//32 3073//32 1519//32
f 982//32 1519//32 981//32
f 981//32 1519//32 1514//32
f 2083//32 982//32 2085//32
f 2085//32 982//32 2738//32
f 2085//32 2738//32 2081//32
f 3073//224 3074//224 1519//224
f 1519//224 3074//224 1497//224
f 1459//226 1458//226 1000//226
f 1000//226 1458//226 3541//226
f 1517//226 1518//226 3542//226
f 3542//226 1518//226 990//226
f 3542//226 990//226 3541//226
f 3541//226 990//226 988//226
f 3541//226 988//226 1000//226
f 1935//226 2502//226 1930//226
f 1930//226 2502//226 2501//226
f 1930//226 2501//226 1869//226
f 1869//226 2501//226 2508//226
f 1869//4 2508//4 1870//4
f 1870//4 2508//4 991//4
f 990//4 1518//4 991//4
f 991//4 1518//4 1531//4
f 991//4 1531//4 1870//4
f 1870//4 1531//4 3064//4
f 2502//1 1935//1 999//1
f 999//1 1935//1 1942//1
f 1942//1 3060//1 999//1
f 999//1 3060//1 1480//1
f 999//1 1480//1 1000//1
f 1000//1 1480//1 1459//1
f 3060//227 3064//227 1480//227
f 1480//227 3064//227 1531//227
f 1528//226 1529//226 3543//226
f 3543//226 1529//226 1003//226
f 1456//226 1454//226 1014//226
f 1014//226 1454//226 3544//226
f 1014//226 3544//226 1010//226
f 1010//226 3544//226 3543//226
f 1010//226 3543//226 1005//226
f 1005//226 3543//226 1003//226
f 1954//226 2486//226 1950//226
f 1950//226 2486//226 2493//226
f 1950//226 2493//226 1943//226
f 1943//226 2493//226 2495//226
f 1943//4 2495//4 1946//4
f 1946//4 2495//4 1004//4
f 1003//4 1529//4 1004//4
f 1004//4 1529//4 1530//4
f 1004//4 1530//4 1946//4
f 1946//4 1530//4 3063//4
f 2486//1 1954//1 1012//1
f 1012//1 1954//1 1952//1
f 1952//1 3065//1 1012//1
f 1012//1 3065//1 1460//1
f 1012//1 1460//1 1014//1
f 1014//1 1460//1 1456//1
f 1505//228 1460//228 3545//228
f 3545//227 1460//227 3065//227
f 3545//227 3065//227 3546//227
f 3546//227 3065//227 3063//227
f 3546//229 3063//229 1539//229
f 1539//227 3063//227 1530//227
f 3547//226 1492//226 1485//226
f 1490//226 1503//226 898//226
f 898//226 1503//226 3548//226
f 898//226 3548//226 908//226
f 908//226 3548//226 3547//226
f 908//226 3547//226 1019//226
f 1019//226 3547//226 1485//226
f 1875//226 2482//226 1877//226
f 1877//226 2482//226 2560//226
f 1877//226 2560//226 1960//226
f 1960//226 2560//226 2563//226
f 1960//4 2563//4 1963//4
f 1963//4 2563//4 1024//4
f 1019//4 1485//4 1024//4
f 1024//4 1485//4 1467//4
f 1024//4 1467//4 1963//4
f 1963//4 1467//4 3062//4
f 2482//1 1875//1 904//1
f 904//1 1875//1 1874//1
f 1874//1 3061//1 904//1
f 904//1 3061//1 1491//1
f 904//1 1491//1 898//1
f 898//1 1491//1 1490//1
f 1502//227 1491//227 3549//227
f 3549//227 1491//227 3061//227
f 3549//227 3061//227 3550//227
f 3550//227 3061//227 3062//227
f 3550//230 3062//230 1466//230
f 1466//227 3062//227 1467//227
f 401//231 106//231 3551//231
f 11//232 3552//232 13//232
f 13//232 3552//232 105//232
f 13//233 105//233 3122//233
f 3551//234 3553//234 401//234
f 401//94 3553//94 3554//94
f 401//94 3554//94 402//94
f 402//235 3554//235 3555//235
f 402//235 3555//235 403//235
f 403//236 3555//236 3556//236
f 403//236 3556//236 406//236
f 406//97 3556//97 3557//97
f 406//97 3557//97 405//97
f 3558//237 20//237 18//237
f 405//238 3557//238 2//238
f 2//239 3557//239 3559//239
f 2//237 3559//237 3//237
f 105//233 412//233 3122//233
f 3122//94 412//94 413//94
f 3122//94 413//94 3123//94
f 3123//235 413//235 411//235
f 3123//235 411//235 3124//235
f 3124//236 411//236 409//236
f 3124//236 409//236 3126//236
f 3126//97 409//97 408//97
f 106//232 105//232 3551//232
f 3551//232 105//232 3552//232
f 3551//92 3552//92 3560//92
f 3560//92 3552//92 3561//92
f 3560//103 3561//103 3562//103
f 3562//103 3561//103 3563//103
f 3562//108 3563//108 3564//108
f 3564//108 3563//108 3565//108
f 3564//240 3565//240 3566//240
f 3566//240 3565//240 3567//240
f 3566//106 3567//106 3568//106
f 3568//106 3567//106 3569//106
f 3568//241 3569//241 3570//241
f 3570//242 3569//242 3571//242
f 3570//62 3571//62 3572//62
f 3572//243 3571//243 3573//243
f 3572//63 3573//63 3574//63
f 3574//63 3573//63 3575//63
f 3574//244 3575//244 3576//244
f 3576//244 3575//244 3577//244
f 3576//65 3577//65 3578//65
f 3578//65 3577//65 3579//65
f 3578//67 3579//67 3580//67
f 3580//67 3579//67 3581//67
f 3580//69 3581//69 3582//69
f 3582//69 3581//69 3583//69
f 3582//245 3583//245 3584//245
f 3584//245 3583//245 3585//245
f 3584//71 3585//71 3586//71
f 3586//71 3585//71 3587//71
f 3586//246 3587//246 3588//246
f 3588//246 3587//246 3589//246
f 3588//247 3589//247 3590//247
f 3590//247 3589//247 3591//247
f 3590//74 3591//74 3592//74
f 3592//74 3591//74 3593//74
f 3592//248 3593//248 3594//248
f 3594//248 3593//248 3595//248
f 3594//76 3595//76 3596//76
f 3596//76 3595//76 3597//76
f 3596//78 3597//78 3598//78
f 3598//78 3597//78 3599//78
f 3598//249 3599//249 3600//249
f 3600//249 3599//249 3601//249
f 3600//250 3601//250 3602//250
f 3602//250 3601//250 3603//250
f 3602//81 3603//81 3604//81
f 3604//81 3603//81 3605//81
f 3604//251 3605//251 3606//251
f 3606//252 3605//252 3607//252
f 3606//86 3607//86 3608//86
f 3608//253 3607//253 3609//253
f 3608//87 3609//87 3610//87
f 3610//87 3609//87 3611//87
f 3610//254 3611//254 3612//254
f 3612//254 3611//254 3613//254
f 3612//128 3613//128 3614//128
f 3614//128 3613//128 3615//128
f 3614//127 3615//127 3616//127
f 3616//127 3615//127 3617//127
f 3616//99 3617//99 3559//99
f 3559//99 3617//99 3558//99
f 3559//237 3558//237 3//237
f 3//237 3558//237 18//237
f 3//238 18//238 408//238
f 408//238 18//238 3125//238
f 408//97 3125//97 3126//97
f 3618//255 3607//255 3605//255
f 3618//256 3601//256 3599//256
f 3603//257 3601//257 3618//257
f 3605//258 3603//258 3618//258
f 3618//259 3595//259 3593//259
f 3597//260 3595//260 3618//260
f 3599//261 3597//261 3618//261
f 3618//262 3589//262 3587//262
f 3591//263 3589//263 3618//263
f 3593//264 3591//264 3618//264
f 3618//265 3583//265 3581//265
f 3585//266 3583//266 3618//266
f 3587//267 3585//267 3618//267
f 3618//268 3577//268 3575//268
f 3579//269 3577//269 3618//269
f 3581//270 3579//270 3618//270
f 3618//271 3571//271 3569//271
f 3573//272 3571//272 3618//272
f 3575//273 3573//273 3618//273
f 3618//274 3565//274 3563//274
f 3567//275 3565//275 3618//275
f 3569//276 3567//276 3618//276
f 3618//277 3561//277 3552//277
f 3618//278 3617//278 3615//278
f 3558//279 3617//279 3618//279
f 3618//280 3611//280 3609//280
f 3613//281 3611//281 3618//281
f 3615//282 3613//282 3618//282
f 3609//283 3607//283 3618//283
f 22//284 3618//284 23//284
f 3618//285 22//285 21//285
f 24//286 23//286 3618//286
f 20//287 3558//287 3618//287
f 21//288 20//288 3618//288
f 11//289 10//289 3552//289
f 3552//290 10//290 3618//290
f 24//291 3618//291 10//291
f 3563//292 3561//292 3618//292
f 3604//293 317//293 3602//293
f 3602//294 317//294 316//294
f 3602//295 316//295 3600//295
f 3600//296 316//296 315//296
f 3600//297 315//297 3598//297
f 3598//298 315//298 314//298
f 3598//299 314//299 3596//299
f 3596//300 314//300 313//300
f 3596//301 313//301 3594//301
f 3594//302 313//302 306//302
f 3594//303 306//303 3592//303
f 3592//304 306//304 305//304
f 3592//305 305//305 3590//305
f 3590//306 305//306 312//306
f 3590//307 312//307 3588//307
f 3588//308 312//308 311//308
f 3588//309 311//309 3586//309
f 3586//310 311//310 310//310
f 3586//311 310//311 3584//311
f 3584//312 310//312 303//312
f 3584//313 303//313 3582//313
f 3582//314 303//314 302//314
f 3582//315 302//315 3580//315
f 3580//316 302//316 309//316
f 3580//317 309//317 3578//317
f 3578//318 309//318 308//318
f 3578//319 308//319 3576//319
f 3576//320 308//320 307//320
f 3576//321 307//321 3574//321
f 3574//322 307//322 341//322
f 3574//323 341//323 3572//323
f 3572//324 341//324 340//324
f 3572//325 340//325 3570//325
f 3570//326 340//326 334//326
f 3570//327 334//327 3568//327
f 3568//328 334//328 333//328
f 3568//329 333//329 3566//329
f 3566//330 333//330 323//330
f 3566//331 323//331 3564//331
f 3564//332 323//332 322//332
f 3564//333 322//333 3562//333
f 3562//334 322//334 339//334
f 3562//335 339//335 3560//335
f 3560//336 339//336 338//336
f 3560//337 338//337 3551//337
f 3551//338 338//338 332//338
f 3551//339 332//339 3553//339
f 3553//340 332//340 331//340
f 3553//341 331//341 3554//341
f 3554//342 331//342 330//342
f 3554//343 330//343 3555//343
f 3555//344 330//344 337//344
f 3555//345 337//345 3556//345
f 3556//346 337//346 336//346
f 3556//347 336//347 3557//347
f 3557//348 336//348 335//348
f 3557//349 335//349 3559//349
f 3559//350 335//350 329//350
f 3559//351 329//351 3616//351
f 3616//352 329//352 328//352
f 3616//353 328//353 3614//353
f 3614//354 328//354 327//354
f 3614//355 327//355 3612//355
f 3612//356 327//356 321//356
f 3612//357 321//357 3610//357
f 3610//358 321//358 320//358
f 3610//359 320//359 3608//359
f 3608//360 320//360 319//360
f 3608//361 319//361 3606//361
f 3606//362 319//362 318//362
f 3606//363 318//363 3604//363
f 3604//364 318//364 317//364
f 645//365 102//365 3619//365
f 61//366 3620//366 63//366
f 63//366 3620//366 101//366
f 63//367 101//367 3087//367
f 639//71 3091//71 640//71
f 640//72 3091//72 3089//72
f 640//72 3089//72 641//72
f 641//73 3089//73 3088//73
f 641//73 3088//73 643//73
f 643//74 3088//74 3087//74
f 643//74 3087//74 642//74
f 642//367 3087//367 101//367
f 3621//368 71//368 69//368
f 53//368 52//368 3622//368
f 3622//369 52//369 3623//369
f 52//370 644//370 3623//370
f 3623//71 644//71 648//71
f 3623//71 648//71 3624//71
f 3624//72 648//72 647//72
f 3624//72 647//72 3625//72
f 3625//73 647//73 646//73
f 3625//73 646//73 3626//73
f 3626//74 646//74 645//74
f 3626//74 645//74 3627//74
f 3627//75 645//75 3619//75
f 102//366 101//366 3619//366
f 3619//366 101//366 3620//366
f 3619//77 3620//77 3628//77
f 3628//77 3620//77 3629//77
f 3628//78 3629//78 3630//78
f 3630//78 3629//78 3631//78
f 3630//79 3631//79 3632//79
f 3632//79 3631//79 3633//79
f 3632//80 3633//80 3634//80
f 3634//80 3633//80 3635//80
f 3634//81 3635//81 3636//81
f 3636//81 3635//81 3637//81
f 3636//371 3637//371 3638//371
f 3638//252 3637//252 3639//252
f 3638//86 3639//86 3640//86
f 3640//372 3639//372 3641//372
f 3640//87 3641//87 3642//87
f 3642//87 3641//87 3643//87
f 3642//88 3643//88 3644//88
f 3644//88 3643//88 3645//88
f 3644//89 3645//89 3646//89
f 3646//89 3645//89 3647//89
f 3646//127 3647//127 3648//127
f 3648//127 3647//127 3649//127
f 3648//100 3649//100 3650//100
f 3650//100 3649//100 3651//100
f 3650//98 3651//98 3652//98
f 3652//98 3651//98 3653//98
f 3652//97 3653//97 3654//97
f 3654//97 3653//97 3655//97
f 3654//373 3655//373 3656//373
f 3656//373 3655//373 3657//373
f 3656//374 3657//374 3658//374
f 3658//374 3657//374 3659//374
f 3658//94 3659//94 3660//94
f 3660//94 3659//94 3661//94
f 3660//93 3661//93 3662//93
f 3662//93 3661//93 3663//93
f 3662//104 3663//104 3664//104
f 3664//104 3663//104 3665//104
f 3664//103 3665//103 3666//103
f 3666//103 3665//103 3667//103
f 3666//109 3667//109 3668//109
f 3668//109 3667//109 3669//109
f 3668//107 3669//107 3670//107
f 3670//107 3669//107 3671//107
f 3670//106 3671//106 3672//106
f 3672//106 3671//106 3673//106
f 3672//242 3673//242 3674//242
f 3674//242 3673//242 3675//242
f 3674//62 3675//62 3676//62
f 3676//62 3675//62 3677//62
f 3676//63 3677//63 3678//63
f 3678//63 3677//63 3679//63
f 3678//64 3679//64 3680//64
f 3680//64 3679//64 3681//64
f 3680//66 3681//66 3682//66
f 3682//66 3681//66 3683//66
f 3682//67 3683//67 3684//67
f 3684//67 3683//67 3685//67
f 3684//68 3685//68 3622//68
f 3622//68 3685//68 3621//68
f 3622//368 3621//368 53//368
f 53//368 3621//368 69//368
f 53//375 69//375 639//375
f 639//370 69//370 3090//370
f 639//71 3090//71 3091//71
f 3686//376 3639//376 3637//376
f 3686//377 3633//377 3631//377
f 3635//378 3633//378 3686//378
f 3637//258 3635//258 3686//258
f 3686//379 3629//379 3620//379
f 3686//270 3685//270 3683//270
f 3621//380 3685//380 3686//380
f 3686//273 3679//273 3677//273
f 3681//381 3679//381 3686//381
f 3683//382 3681//382 3686//382
f 3686//276 3673//276 3671//276
f 3675//383 3673//383 3686//383
f 3677//384 3675//384 3686//384
f 3686//292 3667//292 3665//292
f 3669//385 3667//385 3686//385
f 3671//386 3669//386 3686//386
f 3686//387 3661//387 3659//387
f 3663//388 3661//388 3686//388
f 3665//389 3663//389 3686//389
f 3686//390 3655//390 3653//390
f 3657//284 3655//284 3686//284
f 3659//286 3657//286 3686//286
f 3686//278 3649//278 3647//278
f 3651//391 3649//391 3686//391
f 3653//392 3651//392 3686//392
f 3686//280 3643//280 3641//280
f 3645//393 3643//393 3686//393
f 3647//394 3645//394 3686//394
f 3641//395 3639//395 3686//395
f 73//396 3686//396 74//396
f 3686//397 73//397 72//397
f 75//398 74//398 3686//398
f 71//399 3621//399 3686//399
f 72//400 71//400 3686//400
f 61//401 60//401 3620//401
f 3620//402 60//402 3686//402
f 75//403 3686//403 60//403
f 3631//261 3629//261 3686//261
f 3636//404 240//404 3634//404
f 3634//405 240//405 239//405
f 3634//406 239//406 3632//406
f 3632//407 239//407 235//407
f 3632//408 235//408 3630//408
f 3630//409 235//409 234//409
f 3630//410 234//410 3628//410
f 3628//411 234//411 233//411
f 3628//412 233//412 3619//412
f 3619//413 233//413 225//413
f 3619//414 225//414 3627//414
f 3627//415 225//415 224//415
f 3627//416 224//416 3626//416
f 3626//417 224//417 223//417
f 3626//418 223//418 3625//418
f 3625//308 223//308 220//308
f 3625//419 220//419 3624//419
f 3624//420 220//420 219//420
f 3624//421 219//421 3623//421
f 3623//422 219//422 232//422
f 3623//423 232//423 3622//423
f 3622//424 232//424 231//424
f 3622//425 231//425 3684//425
f 3684//426 231//426 230//426
f 3684//427 230//427 3682//427
f 3682//427 230//427 229//427
f 3682//428 229//428 3680//428
f 3680//429 229//429 228//429
f 3680//430 228//430 3678//430
f 3678//431 228//431 256//431
f 3678//432 256//432 3676//432
f 3676//433 256//433 255//433
f 3676//434 255//434 3674//434
f 3674//435 255//435 254//435
f 3674//327 254//327 3672//327
f 3672//436 254//436 250//436
f 3672//437 250//437 3670//437
f 3670//438 250//438 249//438
f 3670//439 249//439 3668//439
f 3668//440 249//440 248//440
f 3668//441 248//441 3666//441
f 3666//442 248//442 227//442
f 3666//443 227//443 3664//443
f 3664//444 227//444 226//444
f 3664//445 226//445 3662//445
f 3662//446 226//446 253//446
f 3662//447 253//447 3660//447
f 3660//448 253//448 252//448
f 3660//449 252//449 3658//449
f 3658//450 252//450 251//450
f 3658//451 251//451 3656//451
f 3656//344 251//344 247//344
f 3656//452 247//452 3654//452
f 3654//453 247//453 246//453
f 3654//454 246//454 3652//454
f 3652//455 246//455 245//455
f 3652//456 245//456 3650//456
f 3650//457 245//457 244//457
f 3650//458 244//458 3648//458
f 3648//459 244//459 243//459
f 3648//460 243//460 3646//460
f 3646//461 243//461 242//461
f 3646//462 242//462 3644//462
f 3644//463 242//463 238//463
f 3644//464 238//464 3642//464
f 3642//465 238//465 237//465
f 3642//466 237//466 3640//466
f 3640//467 237//467 236//467
f 3640//468 236//468 3638//468
f 3638//468 236//468 241//468
f 3638//469 241//469 3636//469
f 3636//470 241//470 240//470
f 343//471 81//471 3687//471
f 77//366 3688//366 78//366
f 78//366 3688//366 80//366
f 78//472 80//472 3129//472
f 3687//75 3689//75 343//75
f 343//74 3689//74 3690//74
f 343//74 3690//74 344//74
f 344//73 3690//73 3691//73
f 344//73 3691//73 346//73
f 346//72 3691//72 3692//72
f 346//72 3692//72 350//72
f 350//71 3692//71 3693//71
f 350//71 3693//71 349//71
f 349//473 3693//473 347//473
f 347//474 3693//474 3694//474
f 347//368 3694//368 354//368
f 354//368 3694//368 89//368
f 354//475 89//475 356//475
f 80//472 351//472 3129//472
f 3129//74 351//74 359//74
f 3129//74 359//74 3130//74
f 3130//73 359//73 358//73
f 3130//73 358//73 3131//73
f 3131//72 358//72 357//72
f 3131//72 357//72 3128//72
f 3128//71 357//71 356//71
f 3128//71 356//71 3127//71
f 3127//473 356//473 89//473
f 91//368 89//368 3695//368
f 3695//368 89//368 3694//368
f 3695//68 3694//68 3696//68
f 3696//68 3694//68 3697//68
f 3696//67 3697//67 3698//67
f 3698//67 3697//67 3699//67
f 3698//65 3699//65 3700//65
f 3700//65 3699//65 3701//65
f 3700//244 3701//244 3702//244
f 3702//244 3701//244 3703//244
f 3702//63 3703//63 3704//63
f 3704//63 3703//63 3705//63
f 3704//243 3705//243 3706//243
f 3706//62 3705//62 3707//62
f 3706//242 3707//242 3708//242
f 3708//241 3707//241 3709//241
f 3708//106 3709//106 3710//106
f 3710//106 3709//106 3711//106
f 3710//240 3711//240 3712//240
f 3712//240 3711//240 3713//240
f 3712//108 3713//108 3714//108
f 3714//108 3713//108 3715//108
f 3714//103 3715//103 3716//103
f 3716//103 3715//103 3717//103
f 3716//104 3717//104 3718//104
f 3718//104 3717//104 3719//104
f 3718//93 3719//93 3720//93
f 3720//93 3719//93 3721//93
f 3720//94 3721//94 3722//94
f 3722//94 3721//94 3723//94
f 3722//95 3723//95 3724//95
f 3724//95 3723//95 3725//95
f 3724//96 3725//96 3726//96
f 3726//96 3725//96 3727//96
f 3726//97 3727//97 3728//97
f 3728//97 3727//97 3729//97
f 3728//98 3729//98 3730//98
f 3730//98 3729//98 3731//98
f 3730//100 3731//100 3732//100
f 3732//100 3731//100 3733//100
f 3732//127 3733//127 3734//127
f 3734//127 3733//127 3735//127
f 3734//128 3735//128 3736//128
f 3736//128 3735//128 3737//128
f 3736//254 3737//254 3738//254
f 3738//254 3737//254 3739//254
f 3738//87 3739//87 3740//87
f 3740//87 3739//87 3741//87
f 3740//253 3741//253 3742//253
f 3742//86 3741//86 3743//86
f 3742//252 3743//252 3744//252
f 3744//251 3743//251 3745//251
f 3744//81 3745//81 3746//81
f 3746//81 3745//81 3747//81
f 3746//250 3747//250 3748//250
f 3748//250 3747//250 3749//250
f 3748//476 3749//476 3750//476
f 3750//476 3749//476 3751//476
f 3750//78 3751//78 3752//78
f 3752//78 3751//78 3753//78
f 3752//77 3753//77 3688//77
f 3688//77 3753//77 3687//77
f 3688//366 3687//366 80//366
f 80//366 3687//366 81//366
f 3754//255 3742//255 3744//255
f 3754//256 3748//256 3750//256
f 3746//257 3748//257 3754//257
f 3744//258 3746//258 3754//258
f 3754//379 3752//379 3688//379
f 3754//270 3696//270 3698//270
f 3695//380 3696//380 3754//380
f 3754//273 3702//273 3704//273
f 3700//477 3702//477 3754//477
f 3698//382 3700//382 3754//382
f 3754//276 3708//276 3710//276
f 3706//271 3708//271 3754//271
f 3704//272 3706//272 3754//272
f 3754//292 3714//292 3716//292
f 3712//478 3714//478 3754//478
f 3710//275 3712//275 3754//275
f 3754//387 3720//387 3722//387
f 3718//479 3720//479 3754//479
f 3716//389 3718//389 3754//389
f 3754//390 3726//390 3728//390
f 3724//284 3726//284 3754//284
f 3722//286 3724//286 3754//286
f 3754//278 3732//278 3734//278
f 3730//391 3732//391 3754//391
f 3728//480 3730//480 3754//480
f 3754//280 3738//280 3740//280
f 3736//281 3738//281 3754//281
f 3734//282 3736//282 3754//282
f 3740//283 3742//283 3754//283
f 93//396 3754//396 94//396
f 3754//397 93//397 92//397
f 95//398 94//398 3754//398
f 91//399 3695//399 3754//399
f 92//481 91//481 3754//481
f 77//482 79//482 3688//482
f 3688//483 79//483 3754//483
f 95//403 3754//403 79//403
f 3750//261 3752//261 3754//261
f 3745//484 284//484 3747//484
f 3747//485 284//485 283//485
f 3747//486 283//486 3749//486
f 3749//487 283//487 282//487
f 3749//488 282//488 3751//488
f 3751//489 282//489 263//489
f 3751//490 263//490 3753//490
f 3753//491 263//491 262//491
f 3753//492 262//492 3687//492
f 3687//412 262//412 261//412
f 3687//493 261//493 3689//493
f 3689//304 261//304 276//304
f 3689//494 276//494 3690//494
f 3690//495 276//495 275//495
f 3690//308 275//308 3691//308
f 3691//308 275//308 274//308
f 3691//496 274//496 3692//496
f 3692//497 274//497 270//497
f 3692//498 270//498 3693//498
f 3693//499 270//499 268//499
f 3693//500 268//500 3694//500
f 3694//501 268//501 267//501
f 3694//502 267//502 3697//502
f 3697//503 267//503 273//503
f 3697//504 273//504 3699//504
f 3699//505 273//505 272//505
f 3699//506 272//506 3701//506
f 3701//507 272//507 271//507
f 3701//508 271//508 3703//508
f 3703//509 271//509 298//509
f 3703//432 298//432 3705//432
f 3705//510 298//510 297//510
f 3705//511 297//511 3707//511
f 3707//435 297//435 296//435
f 3707//512 296//512 3709//512
f 3709//513 296//513 265//513
f 3709//514 265//514 3711//514
f 3711//515 265//515 264//515
f 3711//516 264//516 3713//516
f 3713//517 264//517 281//517
f 3713//333 281//333 3715//333
f 3715//518 281//518 295//518
f 3715//519 295//519 3717//519
f 3717//520 295//520 294//520
f 3717//521 294//521 3719//521
f 3719//522 294//522 290//522
f 3719//523 290//523 3721//523
f 3721//340 290//340 289//340
f 3721//524 289//524 3723//524
f 3723//524 289//524 288//524
f 3723//525 288//525 3725//525
f 3725//344 288//344 293//344
f 3725//526 293//526 3727//526
f 3727//453 293//453 292//453
f 3727//527 292//527 3729//527
f 3729//527 292//527 291//527
f 3729//528 291//528 3731//528
f 3731//529 291//529 287//529
f 3731//458 287//458 3733//458
f 3733//530 287//530 286//530
f 3733//531 286//531 3735//531
f 3735//532 286//532 285//532
f 3735//533 285//533 3737//533
f 3737//534 285//534 280//534
f 3737//535 280//535 3739//535
f 3739//536 280//536 279//536
f 3739//537 279//537 3741//537
f 3741//538 279//538 278//538
f 3741//539 278//539 3743//539
f 3743//540 278//540 277//540
f 3743//541 277//541 3745//541
f 3745//542 277//542 284//542
f 28//232 27//232 3755//232
f 654//543 31//543 3756//543
f 3756//544 31//544 30//544
f 3756//234 3757//234 654//234
f 654//94 3757//94 3758//94
f 654//94 3758//94 655//94
f 655//235 3758//235 3759//235
f 655//235 3759//235 656//235
f 656//236 3759//236 3760//236
f 656//236 3760//236 658//236
f 658//97 3760//97 3761//97
f 658//97 3761//97 657//97
f 657//545 3761//545 523//545
f 523//546 3761//546 3762//546
f 523//237 3762//237 524//237
f 524//237 3762//237 39//237
f 524//545 39//545 649//545
f 3084//94 653//94 3085//94
f 3085//235 653//235 651//235
f 3085//235 651//235 3086//235
f 3086//236 651//236 650//236
f 3086//236 650//236 3083//236
f 3083//97 650//97 649//97
f 3083//97 649//97 3082//97
f 3082//545 649//545 39//545
f 41//237 39//237 3763//237
f 3763//237 39//237 3762//237
f 3763//99 3762//99 3764//99
f 3764//99 3762//99 3765//99
f 3764//127 3765//127 3766//127
f 3766//127 3765//127 3767//127
f 3766//89 3767//89 3768//89
f 3768//89 3767//89 3769//89
f 3768//88 3769//88 3770//88
f 3770//88 3769//88 3771//88
f 3770//87 3771//87 3772//87
f 3772//87 3771//87 3773//87
f 3772//372 3773//372 3774//372
f 3774//86 3773//86 3775//86
f 3774//252 3775//252 3776//252
f 3776//371 3775//371 3777//371
f 3776//81 3777//81 3778//81
f 3778//81 3777//81 3779//81
f 3778//80 3779//80 3780//80
f 3780//547 3779//547 3781//547
f 3780//79 3781//79 3782//79
f 3782//79 3781//79 3783//79
f 3782//78 3783//78 3784//78
f 3784//78 3783//78 3785//78
f 3784//76 3785//76 3786//76
f 3786//76 3785//76 3787//76
f 3786//248 3787//248 3788//248
f 3788//248 3787//248 3789//248
f 3788//74 3789//74 3790//74
f 3790//74 3789//74 3791//74
f 3790//247 3791//247 3792//247
f 3792//73 3791//73 3793//73
f 3792//246 3793//246 3794//246
f 3794//246 3793//246 3795//246
f 3794//71 3795//71 3796//71
f 3796//71 3795//71 3797//71
f 3796//245 3797//245 3798//245
f 3798//245 3797//245 3799//245
f 3798//69 3799//69 3800//69
f 3800//69 3799//69 3801//69
f 3800//67 3801//67 3802//67
f 3802//67 3801//67 3803//67
f 3802//66 3803//66 3804//66
f 3804//66 3803//66 3805//66
f 3804//64 3805//64 3806//64
f 3806//64 3805//64 3807//64
f 3806//63 3807//63 3808//63
f 3808//63 3807//63 3809//63
f 3808//62 3809//62 3810//62
f 3810//62 3809//62 3811//62
f 3810//242 3811//242 3812//242
f 3812//242 3811//242 3813//242
f 3812//106 3813//106 3814//106
f 3814//106 3813//106 3815//106
f 3814//107 3815//107 3816//107
f 3816//107 3815//107 3817//107
f 3816//109 3817//109 3818//109
f 3818//109 3817//109 3819//109
f 3818//103 3819//103 3820//103
f 3820//103 3819//103 3821//103
f 3820//548 3821//548 3755//548
f 3755//548 3821//548 3756//548
f 3755//232 3756//232 28//232
f 28//232 3756//232 30//232
f 28//549 30//549 3084//549
f 3084//549 30//549 652//549
f 3084//94 652//94 653//94
f 3822//376 3774//376 3776//376
f 3822//377 3780//377 3782//377
f 3778//378 3780//378 3822//378
f 3776//258 3778//258 3822//258
f 3822//259 3786//259 3788//259
f 3784//260 3786//260 3822//260
f 3782//261 3784//261 3822//261
f 3822//262 3792//262 3794//262
f 3790//263 3792//263 3822//263
f 3788//264 3790//264 3822//264
f 3822//550 3798//550 3800//550
f 3796//266 3798//266 3822//266
f 3794//267 3796//267 3822//267
f 3822//477 3804//477 3806//477
f 3802//551 3804//551 3822//551
f 3800//270 3802//270 3822//270
f 3822//383 3810//383 3812//383
f 3808//384 3810//384 3822//384
f 3806//273 3808//273 3822//273
f 3822//385 3816//385 3818//385
f 3814//275 3816//275 3822//275
f 3812//276 3814//276 3822//276
f 3822//277 3820//277 3755//277
f 3822//278 3764//278 3766//278
f 3763//552 3764//552 3822//552
f 3822//280 3770//280 3772//280
f 3768//393 3770//393 3822//393
f 3766//394 3768//394 3822//394
f 3772//395 3774//395 3822//395
f 43//284 3822//284 44//284
f 3822//285 43//285 42//285
f 45//286 44//286 3822//286
f 41//287 3763//287 3822//287
f 42//553 41//553 3822//553
f 27//554 29//554 3755//554
f 3755//290 29//290 3822//290
f 45//291 3822//291 29//291
f 3818//292 3820//292 3822//292
f 3777//555 140//555 3779//555
f 3779//556 140//556 139//556
f 3779//557 139//557 3781//557
f 3781//407 139//407 138//407
f 3781//408 138//408 3783//408
f 3783//558 138//558 132//558
f 3783//559 132//559 3785//559
f 3785//560 132//560 131//560
f 3785//561 131//561 3787//561
f 3787//562 131//562 130//562
f 3787//563 130//563 3789//563
f 3789//564 130//564 126//564
f 3789//565 126//565 3791//565
f 3791//566 126//566 128//566
f 3791//567 128//567 3793//567
f 3793//308 128//308 129//308
f 3793//309 129//309 3795//309
f 3795//310 129//310 137//310
f 3795//568 137//568 3797//568
f 3797//569 137//569 136//569
f 3797//570 136//570 3799//570
f 3799//571 136//571 134//571
f 3799//315 134//315 3801//315
f 3801//315 134//315 133//315
f 3801//572 133//572 3803//572
f 3803//573 133//573 159//573
f 3803//574 159//574 3805//574
f 3805//575 159//575 158//575
f 3805//430 158//430 3807//430
f 3807//576 158//576 157//576
f 3807//323 157//323 3809//323
f 3809//577 157//577 180//577
f 3809//434 180//434 3811//434
f 3811//435 180//435 161//435
f 3811//327 161//327 3813//327
f 3813//578 161//578 160//578
f 3813//579 160//579 3815//579
f 3815//580 160//580 156//580
f 3815//581 156//581 3817//581
f 3817//440 156//440 155//440
f 3817//582 155//582 3819//582
f 3819//583 155//583 154//583
f 3819//584 154//584 3821//584
f 3821//585 154//585 153//585
f 3821//586 153//586 3756//586
f 3756//587 153//587 152//587
f 3756//588 152//588 3757//588
f 3757//589 152//589 151//589
f 3757//590 151//590 3758//590
f 3758//591 151//591 176//591
f 3758//592 176//592 3759//592
f 3759//344 176//344 145//344
f 3759//345 145//345 3760//345
f 3760//593 145//593 144//593
f 3760//594 144//594 3761//594
f 3761//595 144//595 142//595
f 3761//596 142//596 3762//596
f 3762//597 142//597 141//597
f 3762//598 141//598 3765//598
f 3765//599 141//599 174//599
f 3765//600 174//600 3767//600
f 3767//601 174//601 173//601
f 3767//602 173//602 3769//602
f 3769//603 173//603 172//603
f 3769//464 172//464 3771//464
f 3771//604 172//604 171//604
f 3771//605 171//605 3773//605
f 3773//605 171//605 170//605
f 3773//606 170//606 3775//606
f 3775//607 170//607 169//607
f 3775//608 169//608 3777//608
f 3777//608 169//608 140//608
f 1150//258 3823//258 1144//258
f 1144//258 3823//258 3824//258
f 1144//378 3824//378 1145//378
f 1145//378 3824//378 3825//378
f 1145//377 3825//377 1157//377
f 1157//609 3825//609 3826//609
f 1157//261 3826//261 1158//261
f 1158//261 3826//261 3827//261
f 1158//379 3827//379 1160//379
f 1160//379 3827//379 3828//379
f 1160//610 3828//610 1161//610
f 1161//610 3828//610 3829//610
f 1161//264 3829//264 1162//264
f 1162//264 3829//264 3830//264
f 1162//398 3830//398 1163//398
f 1163//398 3830//398 3831//398
f 1163//396 3831//396 1167//396
f 1167//396 3831//396 3832//396
f 1167//267 3832//267 1168//267
f 1168//267 3832//267 3833//267
f 1168//611 3833//611 1164//611
f 1164//611 3833//611 3834//611
f 1164//380 3834//380 1165//380
f 1165//550 3834//550 3835//550
f 1165//270 3835//270 1178//270
f 1178//270 3835//270 3836//270
f 1178//551 3836//551 1179//551
f 1179//382 3836//382 3837//382
f 1179//381 3837//381 1180//381
f 1180//381 3837//381 3838//381
f 1180//273 3838//273 1181//273
f 1181//273 3838//273 3839//273
f 1181//384 3839//384 1182//384
f 1182//384 3839//384 3840//384
f 1182//383 3840//383 1183//383
f 1183//383 3840//383 3841//383
f 1183//276 3841//276 1169//276
f 1169//276 3841//276 3842//276
f 1169//386 3842//386 1170//386
f 1170//386 3842//386 3843//386
f 1170//385 3843//385 1172//385
f 1172//385 3843//385 3844//385
f 1172//292 3844//292 1173//292
f 1173//292 3844//292 3845//292
f 1173//389 3845//389 1174//389
f 1174//612 3845//612 3846//612
f 1174//388 3846//388 1175//388
f 1175//388 3846//388 3847//388
f 1175//387 3847//387 1176//387
f 1176//387 3847//387 3848//387
f 1176//286 3848//286 1177//286
f 1177//286 3848//286 3849//286
f 1177//284 3849//284 1146//284
f 1146//284 3849//284 3850//284
f 1146//390 3850//390 1147//390
f 1147//390 3850//390 3851//390
f 1147//392 3851//392 1151//392
f 1151//392 3851//392 3852//392
f 1151//391 3852//391 1152//391
f 1152//391 3852//391 3853//391
f 1152//278 3853//278 1153//278
f 1153//278 3853//278 3854//278
f 1153//394 3854//394 1154//394
f 1154//394 3854//394 3855//394
f 1154//393 3855//393 1155//393
f 1155//393 3855//393 3856//393
f 1155//280 3856//280 1156//280
f 1156//280 3856//280 3857//280
f 1156//395 3857//395 1149//395
f 1149//395 3857//395 3858//395
f 1149//376 3858//376 1150//376
f 1150//376 3858//376 3823//376
f 3858//252 3859//252 3823//252
f 3823//252 3859//252 3860//252
f 3823//81 3860//81 3824//81
f 3824//81 3860//81 3861//81
f 3824//80 3861//80 3825//80
f 3825//80 3861//80 3862//80
f 3825//249 3862//249 3826//249
f 3826//249 3862//249 3863//249
f 3826//78 3863//78 3827//78
f 3827//78 3863//78 3864//78
f 3827//76 3864//76 3828//76
f 3828//76 3864//76 3865//76
f 3828//75 3865//75 3829//75
f 3829//75 3865//75 3866//75
f 3829//74 3866//74 3830//74
f 3830//74 3866//74 3867//74
f 3830//73 3867//73 3831//73
f 3831//73 3867//73 3868//73
f 3831//72 3868//72 3832//72
f 3832//72 3868//72 3869//72
f 3832//71 3869//71 3833//71
f 3833//71 3869//71 3870//71
f 3833//70 3870//70 3834//70
f 3834//70 3870//70 3871//70
f 3834//69 3871//69 3835//69
f 3835//69 3871//69 3872//69
f 3835//67 3872//67 3836//67
f 3836//67 3872//67 3873//67
f 3836//65 3873//65 3837//65
f 3837//65 3873//65 3874//65
f 3837//64 3874//64 3838//64
f 3838//64 3874//64 3875//64
f 3838//63 3875//63 3839//63
f 3839//63 3875//63 3876//63
f 3839//62 3876//62 3840//62
f 3840//62 3876//62 3877//62
f 3840//242 3877//242 3841//242
f 3841//242 3877//242 3878//242
f 3841//106 3878//106 3842//106
f 3842//106 3878//106 3879//106
f 3842//107 3879//107 3843//107
f 3843//107 3879//107 3880//107
f 3843//108 3880//108 3844//108
f 3844//108 3880//108 3881//108
f 3844//103 3881//103 3845//103
f 3845//103 3881//103 3882//103
f 3845//92 3882//92 3846//92
f 3846//92 3882//92 3883//92
f 3846//93 3883//93 3847//93
f 3847//93 3883//93 3884//93
f 3847//94 3884//94 3848//94
f 3848//94 3884//94 3885//94
f 3848//95 3885//95 3849//95
f 3849//95 3885//95 3886//95
f 3849//373 3886//373 3850//373
f 3850//373 3886//373 3887//373
f 3850//97 3887//97 3851//97
f 3851//97 3887//97 3888//97
f 3851//98 3888//98 3852//98
f 3852//98 3888//98 3889//98
f 3852//99 3889//99 3853//99
f 3853//99 3889//99 3890//99
f 3853//127 3890//127 3854//127
f 3854//127 3890//127 3891//127
f 3854//128 3891//128 3855//128
f 3855//128 3891//128 3892//128
f 3855//88 3892//88 3856//88
f 3856//88 3892//88 3893//88
f 3856//87 3893//87 3857//87
f 3857//87 3893//87 3894//87
f 3857//372 3894//372 3858//372
f 3858//372 3894//372 3859//372
f 3860//404 168//404 3861//404
f 3861//613 168//613 184//613
f 3861//406 184//406 3862//406
f 3862//614 184//614 183//614
f 3862//615 183//615 3863//615
f 3863//558 183//558 182//558
f 3863//616 182//616 3864//616
f 3864//411 182//411 181//411
f 3864//412 181//412 3865//412
f 3865//413 181//413 195//413
f 3865//414 195//414 3866//414
f 3866//617 195//617 194//617
f 3866//618 194//618 3867//618
f 3867//417 194//417 193//417
f 3867//308 193//308 3868//308
f 3868//308 193//308 166//308
f 3868//619 166//619 3869//619
f 3869//309 166//309 165//309
f 3869//421 165//421 3870//421
f 3870//620 165//620 164//620
f 3870//621 164//621 3871//621
f 3871//622 164//622 163//622
f 3871//623 163//623 3872//623
f 3872//624 163//624 162//624
f 3872//625 162//625 3873//625
f 3873//626 162//626 197//626
f 3873//627 197//627 3874//627
f 3874//628 197//628 196//628
f 3874//629 196//629 3875//629
f 3875//630 196//630 189//630
f 3875//631 189//631 3876//631
f 3876//632 189//632 188//632
f 3876//633 188//633 3877//633
f 3877//435 188//435 186//435
f 3877//512 186//512 3878//512
f 3878//634 186//634 185//634
f 3878//635 185//635 3879//635
f 3879//636 185//636 213//636
f 3879//637 213//637 3880//637
f 3880//638 213//638 212//638
f 3880//639 212//639 3881//639
f 3881//442 212//442 211//442
f 3881//640 211//640 3882//640
f 3882//641 211//641 210//641
f 3882//642 210//642 3883//642
f 3883//522 210//522 216//522
f 3883//643 216//643 3884//643
f 3884//643 216//643 215//643
f 3884//449 215//449 3885//449
f 3885//450 215//450 214//450
f 3885//451 214//451 3886//451
f 3886//344 214//344 205//344
f 3886//453 205//453 3887//453
f 3887//644 205//644 204//644
f 3887//454 204//454 3888//454
f 3888//645 204//645 203//645
f 3888//646 203//646 3889//646
f 3889//646 203//646 202//646
f 3889//458 202//458 3890//458
f 3890//647 202//647 201//647
f 3890//648 201//648 3891//648
f 3891//649 201//649 199//649
f 3891//650 199//650 3892//650
f 3892//463 199//463 198//463
f 3892//651 198//651 3893//651
f 3893//651 198//651 192//651
f 3893//652 192//652 3894//652
f 3894//653 192//653 191//653
f 3894//654 191//654 3859//654
f 3859//362 191//362 190//362
f 3859//470 190//470 3860//470
f 3860//608 190//608 168//608
f 1438//655 3550//655 1466//655
f 1501//656 3549//656 1438//656
f 1438//656 3549//656 3550//656
f 1501//657 1502//657 3549//657
f 3526//8 3527//8 3895//8
f 3895//8 3527//8 3896//8
f 3897//8 3898//8 3899//8
f 3899//8 3898//8 3900//8
f 3098//8 3901//8 3902//8
f 3542//8 3541//8 3903//8
f 3903//8 3541//8 3904//8
f 3119//8 3905//8 3096//8
f 3096//8 3905//8 3906//8
f 3096//8 3906//8 3097//8
f 3907//8 3908//8 1827//8
f 3909//8 3910//8 3907//8
f 3907//8 3910//8 3906//8
f 3907//8 3906//8 3908//8
f 3908//8 3906//8 3905//8
f 3908//8 3905//8 3538//8
f 3538//8 3905//8 3539//8
f 3547//8 3548//8 3911//8
f 3911//8 3548//8 3912//8
f 3520//8 3521//8 3913//8
f 3913//8 3521//8 3914//8
f 3915//8 3916//8 626//8
f 626//8 3916//8 627//8
f 3533//8 3534//8 3917//8
f 3917//8 3534//8 3918//8
f 1829//8 3117//8 554//8
f 554//8 3117//8 550//8
f 1827//8 555//8 3907//8
f 3907//8 555//8 554//8
f 3907//8 554//8 3919//8
f 3919//8 554//8 550//8
f 550//8 549//8 3919//8
f 3919//8 549//8 3115//8
f 3919//8 3115//8 3920//8
f 3543//8 3544//8 3921//8
f 3921//8 3544//8 3922//8
f 1802//8 3901//8 1807//8
f 1807//8 3901//8 3098//8
f 1807//8 3098//8 1808//8
f 1808//8 3098//8 3134//8
f 621//8 3915//8 622//8
f 622//8 3915//8 626//8
f 622//8 626//8 1831//8
f 1831//8 626//8 3114//8
f 1816//8 3121//8 1814//8
f 1814//8 3121//8 3097//8
f 1814//8 3097//8 3923//8
f 3923//8 3097//8 3906//8
f 3924//8 3133//8 3902//8
f 3902//8 3133//8 3099//8
f 3902//8 3099//8 3098//8
f 3925//8 3926//8 3916//8
f 3916//8 3926//8 3901//8
f 3529//8 3530//8 3927//8
f 3927//8 3530//8 3928//8
f 3929//8 1819//8 3923//8
f 3923//8 1819//8 1820//8
f 3923//8 1820//8 1814//8
f 3536//8 3535//8 3918//8
f 3918//8 3535//8 3929//8
f 3918//8 3929//8 3917//8
f 3917//8 3929//8 3923//8
f 3917//8 3923//8 3928//8
f 3930//8 3931//8 3932//8
f 3932//8 3931//8 3933//8
f 3525//8 3524//8 3912//8
f 3912//8 3524//8 3924//8
f 3912//8 3924//8 3911//8
f 3911//8 3924//8 3902//8
f 3911//8 3902//8 3922//8
f 3922//8 3902//8 3899//8
f 3922//8 3899//8 3921//8
f 3921//8 3899//8 3900//8
f 3921//8 3900//8 3904//8
f 3904//8 3900//8 3919//8
f 3904//8 3919//8 3903//8
f 3903//8 3919//8 3920//8
f 3903//8 3920//8 3934//8
f 3934//8 3920//8 3935//8
f 1802//8 1804//8 3901//8
f 3901//8 1804//8 3913//8
f 3901//8 3913//8 3916//8
f 3916//8 3913//8 3914//8
f 3916//8 3914//8 627//8
f 627//8 3914//8 3113//8
f 3923//8 3932//8 3928//8
f 3928//8 3932//8 3933//8
f 3928//8 3933//8 3927//8
f 3927//8 3933//8 3915//8
f 3927//8 3915//8 3936//8
f 621//8 1833//8 3915//8
f 3915//8 1833//8 3895//8
f 3915//8 3895//8 3936//8
f 3936//8 3895//8 3896//8
f 3936//8 3896//8 3531//8
f 3531//8 3896//8 3532//8
f 1493//658 1492//658 3911//658
f 3911//658 1492//658 3547//658
f 3548//659 1503//659 3912//659
f 3912//659 1503//659 660//659
f 3912//659 660//659 659//659
f 1527//4 1528//4 3921//4
f 3921//4 1528//4 3543//4
f 3922//1 3544//1 1452//1
f 1452//1 3544//1 1454//1
f 1517//660 3542//660 635//660
f 635//660 3542//660 3903//660
f 635//660 3903//660 633//660
f 3904//661 3541//661 1457//661
f 1457//661 3541//661 1458//661
f 3920//662 3116//662 3935//662
f 3935//662 3116//662 563//662
f 3118//662 1543//662 562//662
f 562//662 1543//662 1544//662
f 562//662 1544//662 563//662
f 563//663 1544//663 3540//663
f 563//662 3540//662 3935//662
f 3935//658 3540//658 3934//658
f 3934//658 3540//658 1513//658
f 3934//658 1513//658 1515//658
f 3905//31 3120//31 588//31
f 586//31 1520//31 588//31
f 588//31 1520//31 3539//31
f 588//31 3539//31 3905//31
f 1826//32 3908//32 574//32
f 574//32 3908//32 3538//32
f 574//32 3538//32 564//32
f 564//32 3538//32 1532//32
f 589//664 1545//664 362//664
f 362//664 1545//664 3536//664
f 362//664 3536//664 360//664
f 360//664 3536//664 3918//664
f 1468//665 1817//665 583//665
f 1818//665 3929//665 582//665
f 582//665 3929//665 3535//665
f 582//665 3535//665 583//665
f 583//665 3535//665 1469//665
f 583//666 1469//666 1468//666
f 1533//661 1535//661 3917//661
f 3917//661 1535//661 3533//661
f 360//660 3918//660 361//660
f 361//660 3918//660 3534//660
f 361//660 3534//660 1566//660
f 1566//660 3534//660 1565//660
f 1526//659 1525//659 416//659
f 416//659 1525//659 3532//659
f 416//667 3532//667 414//667
f 414//659 3532//659 3896//659
f 3936//658 3531//658 1547//658
f 1547//658 3531//658 1548//658
f 1498//1 1522//1 3927//1
f 3927//1 1522//1 3529//1
f 3928//4 3530//4 1559//4
f 1559//4 3530//4 1561//4
f 3895//665 1834//665 595//665
f 1832//665 1444//665 594//665
f 594//668 1444//668 1443//668
f 594//665 1443//665 595//665
f 595//665 1443//665 3526//665
f 595//665 3526//665 3895//665
f 414//664 3896//664 415//664
f 415//664 3896//664 3527//664
f 415//664 3527//664 591//664
f 591//664 3527//664 1511//664
f 1478//656 1477//656 661//656
f 661//656 1477//656 3525//656
f 661//656 3525//656 659//656
f 659//656 3525//656 3912//656
f 1481//662 3135//662 611//662
f 3132//662 3924//662 610//662
f 610//662 3924//662 3524//662
f 610//662 3524//662 611//662
f 611//662 3524//662 1482//662
f 611//662 1482//662 1481//662
f 3913//32 1805//32 620//32
f 618//32 1475//32 620//32
f 620//32 1475//32 3520//32
f 620//32 3520//32 3913//32
f 3112//31 3914//31 606//31
f 606//31 3914//31 3521//31
f 606//31 3521//31 596//31
f 596//31 3521//31 1464//31
f 1483//659 1809//659 1808//659
f 1483//659 1808//659 1481//659
f 1481//659 1808//659 3134//659
f 1481//659 3134//659 3135//659
f 3924//659 3132//659 3133//659
f 3899//662 3902//662 541//662
f 541//662 3902//662 526//662
f 526//662 3902//662 525//662
f 525//662 3902//662 127//662
f 525//662 127//662 540//662
f 127//662 143//662 540//662
f 540//662 143//662 496//662
f 540//662 496//662 541//662
f 541//662 496//662 495//662
f 541//662 495//662 3899//662
f 3899//662 495//662 504//662
f 3899//662 504//662 143//662
f 143//662 504//662 503//662
f 143//662 503//662 496//662
f 3922//656 1452//656 1451//656
f 1451//656 3093//656 3922//656
f 3922//656 3093//656 3092//656
f 3922//656 3092//656 3911//656
f 1494//656 1493//656 3094//656
f 3094//656 1493//656 3911//656
f 3094//656 3911//656 3095//656
f 3095//656 3911//656 3092//656
f 3095//656 3092//656 1463//656
f 1463//656 3092//656 1462//656
f 3919//662 3900//662 461//662
f 461//662 3900//662 451//662
f 451//662 3900//662 452//662
f 452//662 3900//662 124//662
f 452//662 124//662 460//662
f 460//662 124//662 123//662
f 460//662 123//662 461//662
f 461//662 123//662 424//662
f 461//662 424//662 3919//662
f 3919//662 424//662 103//662
f 3919//662 103//662 222//662
f 222//662 103//662 104//662
f 222//662 104//662 123//662
f 123//662 104//662 425//662
f 123//662 425//662 424//662
f 3904//656 1457//656 664//656
f 664//656 663//656 3904//656
f 3904//656 663//656 429//656
f 3904//656 429//656 3921//656
f 456//656 1527//656 457//656
f 457//656 1527//656 3921//656
f 457//656 3921//656 469//656
f 469//656 3921//656 429//656
f 469//656 429//656 470//656
f 470//656 429//656 428//656
f 3906//31 3910//31 479//31
f 479//31 3910//31 638//31
f 146//31 257//31 438//31
f 147//31 146//31 479//31
f 479//31 146//31 438//31
f 479//31 438//31 3906//31
f 3906//31 438//31 99//31
f 3906//31 99//31 260//31
f 260//31 99//31 97//31
f 638//1 3910//1 378//1
f 378//1 3910//1 3909//1
f 378//1 3909//1 376//1
f 3925//4 637//4 3926//4
f 3926//4 637//4 366//4
f 3926//4 366//4 368//4
f 3916//31 116//31 4//31
f 325//31 326//31 534//31
f 534//31 326//31 487//31
f 4//31 25//31 3916//31
f 3916//31 25//31 534//31
f 3916//31 534//31 3925//31
f 3925//31 534//31 487//31
f 3925//31 487//31 637//31
f 1470//660 1828//660 3121//660
f 1470//660 3121//660 1468//660
f 1468//660 3121//660 1816//660
f 1468//660 1816//660 1817//660
f 3905//660 3119//660 3120//660
f 1829//660 1830//660 1541//660
f 1543//660 3118//660 1541//660
f 1541//660 3118//660 3117//660
f 1541//660 3117//660 1829//660
f 633//656 3903//656 634//656
f 634//656 3903//656 3934//656
f 634//656 3934//656 1516//656
f 1516//656 3934//656 1515//656
f 3920//660 3115//660 3116//660
f 1832//659 1831//659 1444//659
f 1444//669 1831//669 3114//669
f 1444//659 3114//659 1446//659
f 1446//659 3114//659 1801//659
f 3914//659 3112//659 3113//659
f 47//32 135//32 49//32
f 49//32 135//32 3901//32
f 49//32 3901//32 365//32
f 3926//32 368//32 370//32
f 113//32 112//32 370//32
f 370//32 112//32 365//32
f 370//32 365//32 3926//32
f 3926//32 365//32 3901//32
f 398//665 3933//665 395//665
f 395//665 3933//665 324//665
f 395//668 324//668 394//668
f 324//666 304//666 394//666
f 394//666 304//666 400//666
f 394//665 400//665 399//665
f 399//665 400//665 410//665
f 398//665 399//665 3933//665
f 3933//665 399//665 410//665
f 3933//665 410//665 3915//665
f 3915//665 410//665 107//665
f 3915//665 107//665 304//665
f 304//665 107//665 108//665
f 304//665 108//665 400//665
f 521//664 1498//664 519//664
f 519//664 1498//664 3927//664
f 519//664 3927//664 490//664
f 1547//664 666//664 3936//664
f 3936//664 666//664 668//664
f 3936//664 668//664 535//664
f 537//664 488//664 535//664
f 535//664 488//664 490//664
f 535//664 490//664 3936//664
f 3936//664 490//664 3927//664
f 390//665 391//665 3932//665
f 3932//665 391//665 299//665
f 391//665 386//665 299//665
f 299//665 386//665 387//665
f 299//666 387//666 269//666
f 269//665 387//665 390//665
f 348//665 353//665 3923//665
f 3923//665 353//665 355//665
f 3923//665 266//665 348//665
f 348//670 266//670 269//670
f 348//671 269//671 345//671
f 345//665 269//665 390//665
f 345//665 390//665 355//665
f 355//665 390//665 3932//665
f 355//665 3932//665 3923//665
f 111//32 110//32 374//32
f 376//32 3909//32 374//32
f 374//32 3909//32 3907//32
f 3907//32 221//32 54//32
f 54//32 66//32 3907//32
f 3907//32 66//32 383//32
f 3907//32 383//32 374//32
f 374//32 383//32 217//32
f 374//32 217//32 111//32
f 1534//664 1533//664 1812//664
f 1812//664 1533//664 3917//664
f 1812//664 3917//664 1810//664
f 1559//664 1558//664 3928//664
f 3928//664 1558//664 1822//664
f 3928//664 1822//664 1824//664
f 1448//664 1447//664 1824//664
f 1824//664 1447//664 1810//664
f 1824//664 1810//664 3928//664
f 3928//664 1810//664 3917//664
f 3895//659 1833//659 1834//659
f 3908//660 1826//660 1827//660
f 3929//660 1818//660 1819//660
f 3913//659 1804//659 1805//659
f 266//661 3923//661 259//661
f 259//661 3923//661 3906//661
f 259//661 3906//661 260//661
f 3907//661 3919//661 221//661
f 221//661 3919//661 222//661
f 3900//4 3898//4 124//4
f 124//4 3898//4 125//4
f 3898//31 3897//31 125//31
f 125//31 3897//31 167//31
f 3897//1 3899//1 167//1
f 167//1 3899//1 143//1
f 3902//658 3901//658 127//658
f 127//658 3901//658 135//658
f 116//658 3916//658 117//658
f 117//658 3916//658 3915//658
f 117//658 3915//658 304//658
f 324//1 3933//1 179//1
f 179//1 3933//1 3931//1
f 179//1 3931//1 187//1
f 3931//32 3930//32 187//32
f 187//32 3930//32 301//32
f 3932//4 299//4 3930//4
f 3930//4 299//4 300//4
f 3930//4 300//4 301//4
f 1540//4 3546//4 1539//4
f 1506//32 3545//32 1540//32
f 1540//32 3545//32 3546//32
f 1506//1 1505//1 3545//1
f 1553//660 3537//660 1568//660
f 1553//672 1552//672 3537//672
f 1441//661 1440//661 3528//661
f 3528//673 1440//673 1523//673
f 1488//32 1487//32 3523//32
f 1487//1 1474//1 3523//1
f 3523//1 1474//1 3522//1
f 3522//31 1474//31 1473//31
f 120//4 119//4 373//4
f 381//1 208//1 209//1
