# Blender 4.1.0
# www.blender.org
mtllib marker_v2_14_vis.mtl
o Experiment_Scenario_-_ArUco_ID14_v3-1
v 0.033730 0.046064 -0.082243
v 0.033730 0.045385 -0.082243
v 0.033563 0.042537 -0.082243
v 0.038375 0.045630 -0.082243
v 0.038375 0.046308 -0.082243
v 0.038769 0.049206 -0.082243
v 0.033730 0.049623 -0.082243
v 0.033730 0.049206 -0.082243
v 0.033563 0.049206 -0.082243
v 0.033730 0.048944 -0.082243
v 0.036224 0.047165 -0.082243
v 0.038769 0.042537 -0.082243
v 0.034314 0.049206 -0.082243
v 0.033563 0.050123 -0.082243
v 0.036224 0.047844 -0.082243
v 0.038133 0.049206 -0.082243
v 0.038375 0.049378 -0.082243
v 0.038769 0.050123 -0.082243
v 0.038375 0.049206 -0.082243
v 0.038375 0.048700 -0.082243
v 0.036699 0.047504 -0.082243
v 0.050033 0.035698 -0.082243
v 0.047301 0.037368 -0.082243
v 0.050033 0.039036 -0.082243
v 0.050033 0.039690 -0.082243
v 0.050080 0.042537 -0.082243
v 0.050080 0.034374 -0.082243
v 0.050033 0.035044 -0.082243
v 0.043676 0.041281 -0.082243
v 0.046591 0.041281 -0.082243
v 0.043565 0.040963 -0.082243
v 0.045034 0.039975 -0.082243
v 0.043402 0.040669 -0.082243
v 0.043676 0.037652 -0.082243
v 0.041681 0.039780 -0.082243
v 0.042017 0.039799 -0.082243
v 0.045678 0.039208 -0.082243
v 0.048745 0.041782 -0.082243
v 0.046698 0.037652 -0.082243
v 0.041347 0.039818 -0.082243
v 0.046698 0.037082 -0.082243
v 0.041420 0.034374 -0.082243
v 0.043676 0.037082 -0.082243
v 0.042345 0.039874 -0.082243
v 0.042656 0.040003 -0.082243
v 0.042941 0.040182 -0.082243
v 0.043192 0.040406 -0.082243
v 0.039774 0.041391 -0.082243
v 0.039867 0.041067 -0.082243
v 0.038769 0.034374 -0.082243
v 0.041024 0.039911 -0.082243
v 0.040721 0.040057 -0.082243
v 0.040446 0.040252 -0.082243
v 0.040013 0.040764 -0.082243
v 0.040208 0.040490 -0.082243
v 0.039755 0.042061 -0.082243
v 0.039736 0.041725 -0.082243
v 0.039931 0.045078 -0.082243
v 0.041237 0.046635 -0.082243
v 0.041237 0.043720 -0.082243
v 0.040138 0.042985 -0.082243
v 0.039959 0.042700 -0.082243
v 0.039830 0.042389 -0.082243
v 0.040920 0.043609 -0.082243
v 0.040625 0.043446 -0.082243
v 0.040362 0.043236 -0.082243
v 0.039164 0.045721 -0.082243
v 0.041738 0.048789 -0.082243
v 0.047844 0.042537 -0.082243
v 0.050080 0.049206 -0.082243
v 0.043257 0.043085 -0.082243
v 0.043042 0.043301 -0.082243
v 0.043545 0.045078 -0.082243
v 0.042238 0.043720 -0.082243
v 0.042238 0.046635 -0.082243
v 0.042526 0.043622 -0.082243
v 0.042796 0.043481 -0.082243
v 0.045678 0.044355 -0.082243
v 0.045034 0.043588 -0.082243
v 0.043437 0.042840 -0.082243
v 0.043578 0.042570 -0.082243
v 0.046591 0.042282 -0.082243
v 0.043676 0.042282 -0.082243
v 0.000021 0.033704 -0.082243
v 0.000033 0.025235 -0.082243
v 0.000028 0.000079 -0.082244
v 0.000033 -0.008268 -0.082244
v -0.016666 0.000072 -0.082244
v -0.025009 -0.008268 -0.082244
v -0.016666 0.016766 -0.082244
v -0.033353 0.016892 -0.082244
v 0.000038 -0.016608 -0.082244
v 0.016708 -0.016608 -0.082244
v 0.016713 -0.049979 -0.082244
v 0.000033 -0.049979 -0.082244
v 0.000038 -0.008268 -0.082244
v 0.016708 -0.008268 -0.082244
v 0.016713 -0.008268 -0.082244
v 0.016708 0.000072 -0.082244
v 0.000038 0.000079 -0.082244
v 0.016713 0.025235 -0.082243
v 0.033563 -0.008268 -0.082244
v 0.033563 -0.049979 -0.082244
v 0.038769 -0.008268 -0.082244
v 0.038769 -0.049979 -0.082244
v 0.041420 -0.008268 -0.082244
v 0.041420 -0.049979 -0.082244
v 0.050080 -0.008268 -0.082244
v 0.050080 -0.049979 -0.082244
v -0.016666 -0.016608 -0.082244
v 0.000028 -0.016608 -0.082244
v 0.000028 -0.033295 -0.082244
v -0.016666 -0.033295 -0.082244
v -0.025009 -0.049979 -0.082244
v -0.050023 -0.049979 -0.082244
v -0.050023 -0.008268 -0.082244
v -0.050023 0.025235 -0.082243
v -0.033353 0.025235 -0.082243
v -0.033353 0.033453 -0.082243
v 0.033396 0.000072 -0.082244
v 0.033396 0.016766 -0.082244
v 0.016718 0.000079 -0.082244
v 0.016718 0.016766 -0.082244
v 0.033563 0.025235 -0.082243
v 0.038769 0.025235 -0.082243
v 0.041420 0.025235 -0.082243
v 0.050080 0.025235 -0.082243
v -0.050023 0.034374 -0.082243
v -0.025009 0.034374 -0.082243
v 0.000033 0.034374 -0.082243
v 0.016713 0.034374 -0.082243
v 0.033563 0.034374 -0.082243
v 0.016713 0.042537 -0.082243
v 0.000033 0.042537 -0.082243
v -0.025009 0.042537 -0.082243
v -0.050023 0.042537 -0.082243
v 0.035748 0.047504 -0.082243
v 0.016713 0.049206 -0.082243
v 0.000033 0.049206 -0.082243
v -0.025009 0.049206 -0.082243
v -0.050023 0.049206 -0.082243
v 0.041420 0.049206 -0.082243
v 0.050080 0.050123 -0.082243
v 0.041420 0.050123 -0.082243
v 0.044312 0.045721 -0.082243
v 0.016713 0.050123 -0.082243
v 0.000033 0.050123 -0.082243
v -0.025009 0.050123 -0.082243
v -0.050023 0.050123 -0.082243
v -0.041180 0.044742 -0.077238
v -0.041180 0.045754 -0.077238
v -0.041180 0.044742 -0.078189
v -0.041180 0.045754 -0.078189
v -0.040580 0.044575 -0.078189
v -0.040580 0.044575 -0.081242
v -0.040247 0.044420 -0.081242
v -0.040700 0.044620 -0.077238
v -0.040700 0.044620 -0.078189
v -0.040247 0.044420 -0.077238
v -0.041180 0.038820 -0.078189
v -0.041180 0.038820 -0.077238
v -0.040700 0.038943 -0.078189
v -0.040700 0.038943 -0.077238
v -0.040580 0.038987 -0.078189
v -0.040247 0.039143 -0.077238
v -0.040580 0.038987 -0.081242
v -0.039833 0.044149 -0.077238
v -0.039833 0.044149 -0.081242
v -0.039469 0.043813 -0.077238
v -0.039469 0.043813 -0.081242
v -0.039165 0.043422 -0.077238
v -0.039165 0.043422 -0.081242
v -0.038930 0.042986 -0.077238
v -0.038930 0.042986 -0.081242
v -0.038769 0.042518 -0.077238
v -0.038769 0.042518 -0.081242
v -0.038688 0.042029 -0.077238
v -0.038688 0.042029 -0.081242
v -0.038688 0.041534 -0.077238
v -0.038688 0.041534 -0.081242
v -0.038769 0.041045 -0.077238
v -0.038769 0.041045 -0.081242
v -0.038930 0.040577 -0.077238
v -0.038930 0.040577 -0.081242
v -0.039165 0.040141 -0.077238
v -0.039165 0.040141 -0.081242
v -0.039469 0.039750 -0.077238
v -0.039469 0.039750 -0.081242
v -0.039833 0.039414 -0.077238
v -0.039833 0.039414 -0.081242
v -0.040247 0.039143 -0.081242
v -0.041180 0.037809 -0.077238
v -0.041180 0.037809 -0.078189
v -0.040515 0.037951 -0.077238
v -0.040580 0.037932 -0.078189
v -0.040515 0.045612 -0.081242
v -0.040580 0.045631 -0.081242
v -0.040580 0.045631 -0.078189
v -0.040515 0.045612 -0.077238
v -0.039884 0.045360 -0.077238
v -0.039884 0.045360 -0.081242
v -0.039304 0.045004 -0.077238
v -0.039304 0.045004 -0.081242
v -0.038793 0.044555 -0.077238
v -0.038793 0.044555 -0.081242
v -0.038365 0.044026 -0.077238
v -0.038365 0.044026 -0.081242
v -0.038033 0.043433 -0.077238
v -0.038033 0.043433 -0.081242
v -0.037806 0.042792 -0.077238
v -0.037806 0.042792 -0.081242
v -0.037691 0.042121 -0.077238
v -0.037691 0.042121 -0.081242
v -0.037691 0.041441 -0.077238
v -0.037691 0.041441 -0.081242
v -0.037806 0.040771 -0.077238
v -0.037806 0.040771 -0.081242
v -0.038033 0.040130 -0.077238
v -0.038033 0.040130 -0.081242
v -0.038365 0.039536 -0.077238
v -0.038365 0.039536 -0.081242
v -0.038793 0.039008 -0.077238
v -0.038793 0.039008 -0.081242
v -0.039304 0.038559 -0.077238
v -0.039304 0.038559 -0.081242
v -0.039884 0.038203 -0.077238
v -0.039884 0.038203 -0.081242
v -0.040515 0.037951 -0.081242
v -0.040580 0.037932 -0.081242
v -0.041180 -0.038676 -0.077238
v -0.041180 -0.037664 -0.077238
v -0.041180 -0.038676 -0.078189
v -0.041180 -0.037664 -0.078189
v -0.040580 -0.038843 -0.078189
v -0.040580 -0.038843 -0.081242
v -0.040247 -0.038998 -0.081242
v -0.040700 -0.038798 -0.077238
v -0.040700 -0.038798 -0.078189
v -0.040247 -0.038998 -0.077238
v -0.041180 -0.044598 -0.078189
v -0.041180 -0.044598 -0.077238
v -0.040700 -0.044475 -0.078189
v -0.040700 -0.044475 -0.077238
v -0.040580 -0.044431 -0.078189
v -0.040247 -0.044276 -0.077238
v -0.040580 -0.044431 -0.081242
v -0.039833 -0.039270 -0.077238
v -0.039833 -0.039270 -0.081242
v -0.039469 -0.039605 -0.077238
v -0.039469 -0.039605 -0.081242
v -0.039165 -0.039997 -0.077238
v -0.039165 -0.039997 -0.081242
v -0.038930 -0.040432 -0.077238
v -0.038930 -0.040432 -0.081242
v -0.038769 -0.040901 -0.077238
v -0.038769 -0.040901 -0.081242
v -0.038688 -0.041389 -0.077238
v -0.038688 -0.041389 -0.081242
v -0.038688 -0.041885 -0.077238
v -0.038688 -0.041885 -0.081242
v -0.038769 -0.042373 -0.077238
v -0.038769 -0.042373 -0.081242
v -0.038930 -0.042842 -0.077238
v -0.038930 -0.042842 -0.081242
v -0.039165 -0.043277 -0.077238
v -0.039165 -0.043277 -0.081242
v -0.039469 -0.043668 -0.077238
v -0.039469 -0.043668 -0.081242
v -0.039833 -0.044004 -0.077238
v -0.039833 -0.044004 -0.081242
v -0.040247 -0.044276 -0.081242
v -0.041180 -0.045610 -0.077238
v -0.041180 -0.045610 -0.078189
v -0.040515 -0.045468 -0.077238
v -0.040580 -0.045487 -0.078189
v -0.040515 -0.037806 -0.081242
v -0.040580 -0.037787 -0.081242
v -0.040580 -0.037787 -0.078189
v -0.040515 -0.037806 -0.077238
v -0.039884 -0.038059 -0.077238
v -0.039884 -0.038059 -0.081242
v -0.039304 -0.038415 -0.077238
v -0.039304 -0.038415 -0.081242
v -0.038793 -0.038863 -0.077238
v -0.038793 -0.038863 -0.081242
v -0.038365 -0.039392 -0.077238
v -0.038365 -0.039392 -0.081242
v -0.038033 -0.039985 -0.077238
v -0.038033 -0.039985 -0.081242
v -0.037806 -0.040627 -0.077238
v -0.037806 -0.040627 -0.081242
v -0.037691 -0.041297 -0.077238
v -0.037691 -0.041297 -0.081242
v -0.037691 -0.041977 -0.077238
v -0.037691 -0.041977 -0.081242
v -0.037806 -0.042647 -0.077238
v -0.037806 -0.042647 -0.081242
v -0.038033 -0.043288 -0.077238
v -0.038033 -0.043288 -0.081242
v -0.038365 -0.043882 -0.077238
v -0.038365 -0.043882 -0.081242
v -0.038793 -0.044411 -0.077238
v -0.038793 -0.044411 -0.081242
v -0.039304 -0.044859 -0.077238
v -0.039304 -0.044859 -0.081242
v -0.039884 -0.045215 -0.077238
v -0.039884 -0.045215 -0.081242
v -0.040515 -0.045468 -0.081242
v -0.040580 -0.045487 -0.081242
v 0.000033 -0.035480 -0.081242
v -0.035515 -0.035480 -0.081242
v -0.035515 -0.037726 -0.081242
v 0.035565 -0.008268 -0.081242
v 0.016713 -0.008268 -0.081242
v 0.016713 -0.035480 -0.081242
v 0.041437 0.025235 -0.081242
v 0.035565 0.025235 -0.081242
v -0.047854 0.050123 -0.081242
v -0.050023 0.050123 -0.081242
v -0.050023 0.045693 -0.081242
v -0.035515 0.050123 -0.081242
v -0.041380 0.050123 -0.081242
v -0.041380 0.045693 -0.081242
v -0.042181 -0.044598 -0.081242
v -0.042181 -0.045548 -0.081242
v -0.041380 -0.045548 -0.081242
v 0.042238 0.044742 -0.081242
v 0.042238 0.045693 -0.081242
v 0.041437 0.045693 -0.081242
v 0.041437 0.035756 -0.081242
v 0.042238 0.037809 -0.081242
v 0.042238 0.038820 -0.081242
v 0.044730 0.041534 -0.081242
v 0.044730 0.042029 -0.081242
v 0.043171 0.039143 -0.081242
v 0.042718 0.038943 -0.081242
v 0.050080 0.045693 -0.081242
v 0.043535 0.045360 -0.081242
v 0.044114 0.045004 -0.081242
v 0.044625 0.044555 -0.081242
v 0.045053 0.044026 -0.081242
v 0.045385 0.043433 -0.081242
v 0.045612 0.042792 -0.081242
v 0.045727 0.042121 -0.081242
v 0.050080 0.035756 -0.081242
v 0.045727 0.041441 -0.081242
v 0.045612 0.040771 -0.081242
v 0.045385 0.040130 -0.081242
v 0.045053 0.039536 -0.081242
v 0.044625 0.039008 -0.081242
v 0.044114 0.038559 -0.081242
v 0.043535 0.038203 -0.081242
v 0.042903 0.037951 -0.081242
v 0.044488 0.042986 -0.081242
v 0.044253 0.043422 -0.081242
v 0.044253 0.040141 -0.081242
v 0.043949 0.039750 -0.081242
v 0.043585 0.039414 -0.081242
v 0.044488 0.040577 -0.081242
v 0.044649 0.041045 -0.081242
v 0.044649 0.042518 -0.081242
v 0.043949 0.043813 -0.081242
v 0.043585 0.044149 -0.081242
v 0.043171 0.044420 -0.081242
v 0.041437 0.050123 -0.081242
v 0.042238 0.045754 -0.081242
v 0.042903 0.045612 -0.081242
v 0.050080 0.050123 -0.081242
v 0.041437 -0.049979 -0.081242
v 0.050080 -0.049979 -0.081242
v 0.042903 -0.045468 -0.081242
v 0.050080 -0.045548 -0.081242
v 0.043535 -0.045215 -0.081242
v 0.045053 -0.043882 -0.081242
v 0.045385 -0.043288 -0.081242
v 0.045612 -0.042647 -0.081242
v 0.044114 -0.038415 -0.081242
v 0.044625 -0.038863 -0.081242
v 0.050080 -0.037726 -0.081242
v 0.045053 -0.039392 -0.081242
v 0.045385 -0.039985 -0.081242
v 0.045612 -0.040627 -0.081242
v 0.045727 -0.041297 -0.081242
v 0.045727 -0.041977 -0.081242
v 0.044625 -0.044411 -0.081242
v 0.044114 -0.044859 -0.081242
v 0.042238 -0.037726 -0.081242
v 0.042238 -0.037664 -0.081242
v 0.041437 -0.035480 -0.081242
v 0.042903 -0.037806 -0.081242
v 0.042718 -0.038798 -0.081242
v 0.042238 -0.038676 -0.081242
v 0.042238 -0.044598 -0.081242
v 0.044730 -0.041885 -0.081242
v 0.044730 -0.041389 -0.081242
v 0.043171 -0.044276 -0.081242
v 0.042238 -0.045610 -0.081242
v 0.042238 -0.045548 -0.081242
v 0.041437 -0.045548 -0.081242
v 0.041437 -0.037726 -0.081242
v 0.042718 -0.044475 -0.081242
v 0.044488 -0.040432 -0.081242
v 0.044253 -0.039997 -0.081242
v 0.043949 -0.039605 -0.081242
v 0.044253 -0.043277 -0.081242
v 0.043949 -0.043668 -0.081242
v 0.043585 -0.044004 -0.081242
v 0.044488 -0.042842 -0.081242
v 0.044649 -0.042373 -0.081242
v 0.044649 -0.040901 -0.081242
v 0.043585 -0.039270 -0.081242
v 0.043171 -0.038998 -0.081242
v -0.041380 -0.037726 -0.081242
v -0.042181 -0.038676 -0.081242
v -0.042181 -0.037726 -0.081242
v -0.042661 -0.044475 -0.081242
v -0.043114 -0.038998 -0.081242
v -0.042661 -0.038798 -0.081242
v -0.044674 -0.041389 -0.081242
v -0.044674 -0.041885 -0.081242
v -0.044196 -0.043277 -0.081242
v -0.043892 -0.043668 -0.081242
v -0.044196 -0.039997 -0.081242
v -0.043892 -0.039605 -0.081242
v -0.043529 -0.039270 -0.081242
v -0.044592 -0.042373 -0.081242
v -0.044432 -0.042842 -0.081242
v -0.043529 -0.044004 -0.081242
v -0.043114 -0.044276 -0.081242
v -0.044432 -0.040432 -0.081242
v -0.044592 -0.040901 -0.081242
v -0.042181 -0.037664 -0.081242
v -0.041380 -0.035480 -0.081242
v -0.042846 -0.037806 -0.081242
v -0.045670 -0.041297 -0.081242
v -0.047854 -0.037726 -0.081242
v -0.045670 -0.041977 -0.081242
v -0.047854 -0.045548 -0.081242
v -0.045555 -0.040627 -0.081242
v -0.045328 -0.039985 -0.081242
v -0.044996 -0.039392 -0.081242
v -0.043478 -0.045215 -0.081242
v -0.044057 -0.044859 -0.081242
v -0.044569 -0.044411 -0.081242
v -0.044996 -0.043882 -0.081242
v -0.044569 -0.038863 -0.081242
v -0.044057 -0.038415 -0.081242
v -0.043478 -0.038059 -0.081242
v -0.045328 -0.043288 -0.081242
v -0.045555 -0.042647 -0.081242
v -0.041380 -0.049979 -0.081242
v -0.042181 -0.045610 -0.081242
v -0.042846 -0.045468 -0.081242
v -0.047854 -0.049979 -0.081242
v -0.042181 0.038820 -0.081242
v -0.042181 0.037809 -0.081242
v -0.041380 0.035756 -0.081242
v -0.042181 0.045693 -0.081242
v -0.042181 0.044742 -0.081242
v -0.042661 0.038943 -0.081242
v -0.043114 0.044420 -0.081242
v -0.042846 0.037951 -0.081242
v -0.043478 0.038203 -0.081242
v -0.047854 0.035756 -0.081242
v -0.045670 0.041441 -0.081242
v -0.047854 0.045693 -0.081242
v -0.045670 0.042121 -0.081242
v -0.045555 0.042792 -0.081242
v -0.045328 0.043433 -0.081242
v -0.044996 0.044026 -0.081242
v -0.044569 0.044555 -0.081242
v -0.044674 0.042029 -0.081242
v -0.044674 0.041534 -0.081242
v -0.044057 0.038559 -0.081242
v -0.044569 0.039008 -0.081242
v -0.044996 0.039536 -0.081242
v -0.044057 0.045004 -0.081242
v -0.043478 0.045360 -0.081242
v -0.042846 0.045612 -0.081242
v -0.045328 0.040130 -0.081242
v -0.045555 0.040771 -0.081242
v -0.044196 0.040141 -0.081242
v -0.043892 0.039750 -0.081242
v -0.044196 0.043422 -0.081242
v -0.043892 0.043813 -0.081242
v -0.043529 0.044149 -0.081242
v -0.044592 0.041045 -0.081242
v -0.044432 0.040577 -0.081242
v -0.043529 0.039414 -0.081242
v -0.043114 0.039143 -0.081242
v -0.044432 0.042986 -0.081242
v -0.044592 0.042518 -0.081242
v -0.042181 0.045754 -0.081242
v 0.000033 0.025235 -0.081242
v 0.000021 0.033704 -0.081242
v 0.000028 0.000079 -0.081242
v -0.016666 0.016766 -0.081242
v -0.033353 0.016892 -0.081242
v -0.035515 -0.008268 -0.081242
v -0.035515 0.025235 -0.081242
v -0.033353 0.025235 -0.081242
v -0.035515 0.035756 -0.081242
v -0.033353 0.033453 -0.081242
v 0.000033 0.035756 -0.081242
v 0.000033 -0.008268 -0.081242
v 0.000038 -0.008268 -0.081242
v 0.000038 0.000079 -0.081242
v 0.016708 0.000072 -0.081242
v 0.016713 0.025235 -0.081242
v -0.016666 0.000072 -0.081242
v 0.000038 -0.016608 -0.081242
v 0.016708 -0.016608 -0.081242
v 0.035565 0.045693 -0.081242
v 0.035565 0.050123 -0.081242
v 0.016713 0.045693 -0.081242
v 0.016713 0.050123 -0.081242
v 0.000033 0.045693 -0.081242
v 0.000033 0.050123 -0.081242
v -0.035515 0.045693 -0.081242
v 0.042718 0.044620 -0.081242
v 0.040636 0.038987 -0.081242
v 0.039361 0.038559 -0.081242
v 0.038850 0.039008 -0.081242
v 0.035565 0.035756 -0.081242
v 0.040636 0.037932 -0.081242
v 0.040572 0.037951 -0.081242
v 0.039940 0.038203 -0.081242
v 0.038422 0.039536 -0.081242
v 0.038090 0.040130 -0.081242
v 0.037863 0.040771 -0.081242
v 0.037748 0.041441 -0.081242
v 0.037748 0.042121 -0.081242
v 0.038422 0.044026 -0.081242
v 0.038850 0.044555 -0.081242
v 0.039361 0.045004 -0.081242
v 0.039940 0.045360 -0.081242
v 0.037863 0.042792 -0.081242
v 0.038090 0.043433 -0.081242
v 0.040304 0.044420 -0.081242
v 0.040636 0.044575 -0.081242
v 0.040636 0.045631 -0.081242
v 0.040572 0.045612 -0.081242
v 0.039526 0.039750 -0.081242
v 0.039890 0.039414 -0.081242
v 0.040304 0.039143 -0.081242
v 0.039526 0.043813 -0.081242
v 0.039222 0.043422 -0.081242
v 0.039222 0.040141 -0.081242
v 0.039890 0.044149 -0.081242
v 0.038987 0.042986 -0.081242
v 0.038826 0.042518 -0.081242
v 0.038745 0.042029 -0.081242
v 0.038745 0.041534 -0.081242
v 0.038826 0.041045 -0.081242
v 0.038987 0.040577 -0.081242
v 0.016713 0.035756 -0.081242
v -0.042661 0.044620 -0.081242
v 0.016718 0.016766 -0.081242
v 0.033396 0.016766 -0.081242
v 0.033396 0.000072 -0.081242
v 0.016718 0.000079 -0.081242
v 0.050080 -0.008268 -0.081242
v 0.050080 -0.035480 -0.081242
v 0.043535 -0.038059 -0.081242
v 0.000028 -0.016608 -0.081242
v -0.016666 -0.016608 -0.081242
v -0.016666 -0.033295 -0.081242
v 0.000028 -0.033295 -0.081242
v -0.047854 -0.035480 -0.081242
v -0.041380 -0.008268 -0.081242
v -0.047854 -0.008268 -0.081242
v -0.041380 0.025235 -0.081242
v -0.047854 0.025235 -0.081242
v 0.035565 -0.037726 -0.081242
v 0.016708 -0.008268 -0.081242
v 0.000033 -0.037726 -0.081242
v -0.035515 -0.045548 -0.081242
v 0.040636 -0.044431 -0.081242
v 0.040636 -0.045487 -0.081242
v 0.035565 -0.045548 -0.081242
v 0.040572 -0.045468 -0.081242
v 0.037748 -0.041977 -0.081242
v 0.037748 -0.041297 -0.081242
v 0.038422 -0.039392 -0.081242
v 0.038850 -0.038863 -0.081242
v 0.039361 -0.038415 -0.081242
v 0.039940 -0.038059 -0.081242
v 0.039940 -0.045215 -0.081242
v 0.039361 -0.044859 -0.081242
v 0.038850 -0.044411 -0.081242
v 0.038422 -0.043882 -0.081242
v 0.038090 -0.043288 -0.081242
v 0.037863 -0.042647 -0.081242
v 0.037863 -0.040627 -0.081242
v 0.038090 -0.039985 -0.081242
v 0.040304 -0.038998 -0.081242
v 0.040636 -0.038843 -0.081242
v 0.040636 -0.037787 -0.081242
v 0.040572 -0.037806 -0.081242
v 0.039526 -0.043668 -0.081242
v 0.039890 -0.044004 -0.081242
v 0.040304 -0.044276 -0.081242
v 0.039526 -0.039605 -0.081242
v 0.039222 -0.039997 -0.081242
v 0.039222 -0.043277 -0.081242
v 0.039890 -0.039270 -0.081242
v 0.038987 -0.040432 -0.081242
v 0.038826 -0.040901 -0.081242
v 0.038745 -0.041389 -0.081242
v 0.038745 -0.041885 -0.081242
v 0.038826 -0.042373 -0.081242
v 0.038987 -0.042842 -0.081242
v 0.016713 -0.045548 -0.081242
v 0.000033 -0.045548 -0.081242
v 0.016713 -0.037726 -0.081242
v 0.035565 -0.035480 -0.081242
v 0.041437 -0.008268 -0.081242
v 0.050080 0.025235 -0.081242
v -0.035515 -0.049979 -0.081242
v 0.000033 -0.049979 -0.081242
v 0.016713 -0.049979 -0.081242
v 0.035565 -0.049979 -0.081242
v -0.050023 0.035756 -0.081242
v -0.050023 0.025235 -0.081242
v -0.050023 -0.008268 -0.081242
v -0.050023 -0.035480 -0.081242
v -0.050023 -0.037726 -0.081242
v -0.050023 -0.045548 -0.081242
v -0.050023 -0.049979 -0.081242
v 0.041237 0.045754 -0.077238
v 0.041237 0.044742 -0.077238
v 0.041237 0.045754 -0.078189
v 0.041237 0.044742 -0.078189
v 0.040636 0.037932 -0.078189
v 0.040572 0.045612 -0.077238
v 0.040636 0.045631 -0.078189
v 0.041237 0.037809 -0.078189
v 0.041237 0.037809 -0.077238
v 0.040572 0.037951 -0.077238
v 0.039940 0.038203 -0.077238
v 0.039361 0.038559 -0.077238
v 0.038850 0.039008 -0.077238
v 0.038422 0.039536 -0.077238
v 0.038090 0.040130 -0.077238
v 0.037863 0.040771 -0.077238
v 0.037748 0.041441 -0.077238
v 0.037748 0.042121 -0.077238
v 0.037863 0.042792 -0.077238
v 0.038090 0.043433 -0.077238
v 0.038422 0.044026 -0.077238
v 0.038850 0.044555 -0.077238
v 0.039361 0.045004 -0.077238
v 0.039940 0.045360 -0.077238
v 0.041237 0.038820 -0.077238
v 0.041237 0.038820 -0.078189
v 0.040636 0.038987 -0.078189
v 0.040757 0.038943 -0.077238
v 0.040757 0.038943 -0.078189
v 0.040304 0.039143 -0.077238
v 0.040757 0.044620 -0.078189
v 0.040757 0.044620 -0.077238
v 0.040636 0.044575 -0.078189
v 0.040304 0.044420 -0.077238
v 0.039890 0.039414 -0.077238
v 0.039526 0.039750 -0.077238
v 0.039222 0.040141 -0.077238
v 0.038987 0.040577 -0.077238
v 0.038826 0.041045 -0.077238
v 0.038745 0.041534 -0.077238
v 0.038745 0.042029 -0.077238
v 0.038826 0.042518 -0.077238
v 0.038987 0.042986 -0.077238
v 0.039222 0.043422 -0.077238
v 0.039526 0.043813 -0.077238
v 0.039890 0.044149 -0.077238
v 0.042238 0.037809 -0.077238
v 0.042238 0.038820 -0.077238
v 0.042903 0.037951 -0.077238
v 0.043535 0.038203 -0.077238
v 0.044114 0.038559 -0.077238
v 0.044625 0.039008 -0.077238
v 0.045053 0.039536 -0.077238
v 0.045385 0.040130 -0.077238
v 0.045612 0.040771 -0.077238
v 0.045727 0.041441 -0.077238
v 0.045727 0.042121 -0.077238
v 0.045612 0.042792 -0.077238
v 0.045385 0.043433 -0.077238
v 0.045053 0.044026 -0.077238
v 0.044625 0.044555 -0.077238
v 0.044114 0.045004 -0.077238
v 0.043535 0.045360 -0.077238
v 0.042903 0.045612 -0.077238
v 0.042238 0.045754 -0.077238
v 0.042238 0.044742 -0.077238
v 0.042718 0.044620 -0.077238
v 0.043171 0.044420 -0.077238
v 0.043585 0.044149 -0.077238
v 0.043949 0.043813 -0.077238
v 0.044253 0.043422 -0.077238
v 0.044488 0.042986 -0.077238
v 0.044649 0.042518 -0.077238
v 0.044730 0.042029 -0.077238
v 0.044730 0.041534 -0.077238
v 0.044649 0.041045 -0.077238
v 0.044488 0.040577 -0.077238
v 0.044253 0.040141 -0.077238
v 0.043949 0.039750 -0.077238
v 0.043585 0.039414 -0.077238
v 0.043171 0.039143 -0.077238
v 0.042718 0.038943 -0.077238
v 0.041237 -0.037664 -0.077238
v 0.041237 -0.038676 -0.077238
v 0.041237 -0.037664 -0.078189
v 0.041237 -0.038676 -0.078189
v 0.040636 -0.045487 -0.078189
v 0.040572 -0.037806 -0.077238
v 0.040636 -0.037787 -0.078189
v 0.041237 -0.045610 -0.078189
v 0.041237 -0.045610 -0.077238
v 0.040572 -0.045468 -0.077238
v 0.039940 -0.045215 -0.077238
v 0.039361 -0.044859 -0.077238
v 0.038850 -0.044411 -0.077238
v 0.038422 -0.043882 -0.077238
v 0.038090 -0.043288 -0.077238
v 0.037863 -0.042647 -0.077238
v 0.037748 -0.041977 -0.077238
v 0.037748 -0.041297 -0.077238
v 0.037863 -0.040627 -0.077238
v 0.038090 -0.039985 -0.077238
v 0.038422 -0.039392 -0.077238
v 0.038850 -0.038863 -0.077238
v 0.039361 -0.038415 -0.077238
v 0.039940 -0.038059 -0.077238
v 0.041237 -0.044598 -0.077238
v 0.041237 -0.044598 -0.078189
v 0.040636 -0.044431 -0.078189
v 0.040757 -0.044475 -0.077238
v 0.040757 -0.044475 -0.078189
v 0.040304 -0.044276 -0.077238
v 0.040757 -0.038798 -0.078189
v 0.040757 -0.038798 -0.077238
v 0.040636 -0.038843 -0.078189
v 0.040304 -0.038998 -0.077238
v 0.039890 -0.044004 -0.077238
v 0.039526 -0.043668 -0.077238
v 0.039222 -0.043277 -0.077238
v 0.038987 -0.042842 -0.077238
v 0.038826 -0.042373 -0.077238
v 0.038745 -0.041885 -0.077238
v 0.038745 -0.041389 -0.077238
v 0.038826 -0.040901 -0.077238
v 0.038987 -0.040432 -0.077238
v 0.039222 -0.039997 -0.077238
v 0.039526 -0.039605 -0.077238
v 0.039890 -0.039270 -0.077238
v 0.042238 -0.045610 -0.077238
v 0.042238 -0.044598 -0.077238
v 0.042903 -0.045468 -0.077238
v 0.043535 -0.045215 -0.077238
v 0.044114 -0.044859 -0.077238
v 0.044625 -0.044411 -0.077238
v 0.045053 -0.043882 -0.077238
v 0.045385 -0.043288 -0.077238
v 0.045612 -0.042647 -0.077238
v 0.045727 -0.041977 -0.077238
v 0.045727 -0.041297 -0.077238
v 0.045612 -0.040627 -0.077238
v 0.045385 -0.039985 -0.077238
v 0.045053 -0.039392 -0.077238
v 0.044625 -0.038863 -0.077238
v 0.044114 -0.038415 -0.077238
v 0.043535 -0.038059 -0.077238
v 0.042903 -0.037806 -0.077238
v 0.042238 -0.037664 -0.077238
v 0.042238 -0.038676 -0.077238
v 0.042718 -0.038798 -0.077238
v 0.043171 -0.038998 -0.077238
v 0.043585 -0.039270 -0.077238
v 0.043949 -0.039605 -0.077238
v 0.044253 -0.039997 -0.077238
v 0.044488 -0.040432 -0.077238
v 0.044649 -0.040901 -0.077238
v 0.044730 -0.041389 -0.077238
v 0.044730 -0.041885 -0.077238
v 0.044649 -0.042373 -0.077238
v 0.044488 -0.042842 -0.077238
v 0.044253 -0.043277 -0.077238
v 0.043949 -0.043668 -0.077238
v 0.043585 -0.044004 -0.077238
v 0.043171 -0.044276 -0.077238
v 0.042718 -0.044475 -0.077238
v -0.042181 0.038820 -0.077238
v -0.042181 0.037809 -0.077238
v -0.042661 0.038943 -0.077238
v -0.043114 0.039143 -0.077238
v -0.043529 0.039414 -0.077238
v -0.043892 0.039750 -0.077238
v -0.044196 0.040141 -0.077238
v -0.044432 0.040577 -0.077238
v -0.044592 0.041045 -0.077238
v -0.044674 0.041534 -0.077238
v -0.044674 0.042029 -0.077238
v -0.044592 0.042518 -0.077238
v -0.044432 0.042986 -0.077238
v -0.044196 0.043422 -0.077238
v -0.043892 0.043813 -0.077238
v -0.043529 0.044149 -0.077238
v -0.043114 0.044420 -0.077238
v -0.042661 0.044620 -0.077238
v -0.042181 0.044742 -0.077238
v -0.042181 0.045754 -0.077238
v -0.042846 0.045612 -0.077238
v -0.043478 0.045360 -0.077238
v -0.044057 0.045004 -0.077238
v -0.044569 0.044555 -0.077238
v -0.044996 0.044026 -0.077238
v -0.045328 0.043433 -0.077238
v -0.045555 0.042792 -0.077238
v -0.045670 0.042121 -0.077238
v -0.045670 0.041441 -0.077238
v -0.045555 0.040771 -0.077238
v -0.045328 0.040130 -0.077238
v -0.044996 0.039536 -0.077238
v -0.044569 0.039008 -0.077238
v -0.044057 0.038559 -0.077238
v -0.043478 0.038203 -0.077238
v -0.042846 0.037951 -0.077238
v -0.042181 -0.044598 -0.077238
v -0.042181 -0.045610 -0.077238
v -0.042661 -0.044475 -0.077238
v -0.043114 -0.044276 -0.077238
v -0.043529 -0.044004 -0.077238
v -0.043892 -0.043668 -0.077238
v -0.044196 -0.043277 -0.077238
v -0.044432 -0.042842 -0.077238
v -0.044592 -0.042373 -0.077238
v -0.044674 -0.041885 -0.077238
v -0.044674 -0.041389 -0.077238
v -0.044592 -0.040901 -0.077238
v -0.044432 -0.040432 -0.077238
v -0.044196 -0.039997 -0.077238
v -0.043892 -0.039605 -0.077238
v -0.043529 -0.039270 -0.077238
v -0.043114 -0.038998 -0.077238
v -0.042661 -0.038798 -0.077238
v -0.042181 -0.038676 -0.077238
v -0.042181 -0.037664 -0.077238
v -0.042846 -0.037806 -0.077238
v -0.043478 -0.038059 -0.077238
v -0.044057 -0.038415 -0.077238
v -0.044569 -0.038863 -0.077238
v -0.044996 -0.039392 -0.077238
v -0.045328 -0.039985 -0.077238
v -0.045555 -0.040627 -0.077238
v -0.045670 -0.041297 -0.077238
v -0.045670 -0.041977 -0.077238
v -0.045555 -0.042647 -0.077238
v -0.045328 -0.043288 -0.077238
v -0.044996 -0.043882 -0.077238
v -0.044569 -0.044411 -0.077238
v -0.044057 -0.044859 -0.077238
v -0.043478 -0.045215 -0.077238
v -0.042846 -0.045468 -0.077238
v 0.046698 0.037082 -0.082043
v 0.050033 0.035044 -0.082043
v 0.050033 0.035698 -0.082043
v 0.047301 0.037368 -0.082043
v 0.050033 0.039036 -0.082043
v 0.050033 0.039690 -0.082043
v 0.046698 0.037652 -0.082043
v 0.043676 0.037652 -0.082043
v 0.043676 0.037082 -0.082043
v 0.036224 0.047165 -0.082043
v 0.038375 0.045630 -0.082043
v 0.038375 0.046308 -0.082043
v 0.036699 0.047504 -0.082043
v 0.038375 0.048700 -0.082043
v 0.038375 0.049378 -0.082043
v 0.036224 0.047844 -0.082043
v 0.033730 0.049623 -0.082043
v 0.033730 0.048944 -0.082043
v 0.035748 0.047504 -0.082043
v 0.033730 0.046064 -0.082043
v 0.033730 0.045385 -0.082043
v 0.043676 0.041281 -0.082043
v 0.046591 0.041281 -0.082043
v 0.045034 0.039975 -0.082043
v 0.045678 0.039208 -0.082043
v 0.048745 0.041782 -0.082043
v 0.045678 0.044355 -0.082043
v 0.045034 0.043588 -0.082043
v 0.046591 0.042282 -0.082043
v 0.043676 0.042282 -0.082043
v 0.042238 0.043720 -0.082043
v 0.042526 0.043622 -0.082043
v 0.042796 0.043481 -0.082043
v 0.043042 0.043301 -0.082043
v 0.043257 0.043085 -0.082043
v 0.043437 0.042840 -0.082043
v 0.043578 0.042570 -0.082043
v 0.042238 0.046635 -0.082043
v 0.043545 0.045078 -0.082043
v 0.044312 0.045721 -0.082043
v 0.041738 0.048789 -0.082043
v 0.039164 0.045721 -0.082043
v 0.039931 0.045078 -0.082043
v 0.041237 0.046635 -0.082043
v 0.041237 0.043720 -0.082043
v 0.043565 0.040963 -0.082043
v 0.043402 0.040669 -0.082043
v 0.043192 0.040406 -0.082043
v 0.042941 0.040182 -0.082043
v 0.042656 0.040003 -0.082043
v 0.042345 0.039874 -0.082043
v 0.042017 0.039799 -0.082043
v 0.041681 0.039780 -0.082043
v 0.041347 0.039818 -0.082043
v 0.041024 0.039911 -0.082043
v 0.040721 0.040057 -0.082043
v 0.040446 0.040252 -0.082043
v 0.040208 0.040490 -0.082043
v 0.040013 0.040764 -0.082043
v 0.039867 0.041067 -0.082043
v 0.039774 0.041391 -0.082043
v 0.039736 0.041725 -0.082043
v 0.039755 0.042061 -0.082043
v 0.039830 0.042389 -0.082043
v 0.039959 0.042700 -0.082043
v 0.040138 0.042985 -0.082043
v 0.040362 0.043236 -0.082043
v 0.040625 0.043446 -0.082043
v 0.040920 0.043609 -0.082043
v 0.042739 0.041782 -0.082043
v 0.042381 0.041015 -0.082043
v 0.042505 0.041138 -0.082043
v 0.042605 0.041281 -0.082043
v 0.042678 0.041439 -0.082043
v 0.042724 0.041608 -0.082043
v 0.041738 0.042783 -0.082043
v 0.041564 0.042767 -0.082043
v 0.042724 0.041955 -0.082043
v 0.042678 0.042124 -0.082043
v 0.042605 0.042282 -0.082043
v 0.042505 0.042425 -0.082043
v 0.042381 0.042548 -0.082043
v 0.042238 0.042648 -0.082043
v 0.042080 0.042722 -0.082043
v 0.041912 0.042767 -0.082043
v 0.041395 0.042722 -0.082043
v 0.041237 0.042648 -0.082043
v 0.041094 0.042548 -0.082043
v 0.040971 0.042425 -0.082043
v 0.040871 0.042282 -0.082043
v 0.042080 0.040841 -0.082043
v 0.042238 0.040915 -0.082043
v 0.041912 0.040796 -0.082043
v 0.041738 0.040781 -0.082043
v 0.041564 0.040796 -0.082043
v 0.041395 0.040841 -0.082043
v 0.041237 0.040915 -0.082043
v 0.041094 0.041015 -0.082043
v 0.040971 0.041138 -0.082043
v 0.040871 0.041281 -0.082043
v 0.040797 0.041439 -0.082043
v 0.040752 0.041608 -0.082043
v 0.040737 0.041782 -0.082043
v 0.040752 0.041955 -0.082043
v 0.040797 0.042124 -0.082043
v 0.042739 0.041782 -0.082243
v 0.042724 0.041608 -0.082243
v 0.042678 0.041439 -0.082243
v 0.042605 0.041281 -0.082243
v 0.042505 0.041138 -0.082243
v 0.042381 0.041015 -0.082243
v 0.042238 0.040915 -0.082243
v 0.042080 0.040841 -0.082243
v 0.041912 0.040796 -0.082243
v 0.041738 0.040781 -0.082243
v 0.041564 0.040796 -0.082243
v 0.041395 0.040841 -0.082243
v 0.041237 0.040915 -0.082243
v 0.041094 0.041015 -0.082243
v 0.040971 0.041138 -0.082243
v 0.040871 0.041281 -0.082243
v 0.040797 0.041439 -0.082243
v 0.040752 0.041608 -0.082243
v 0.040737 0.041782 -0.082243
v 0.040752 0.041955 -0.082243
v 0.040797 0.042124 -0.082243
v 0.040871 0.042282 -0.082243
v 0.040971 0.042425 -0.082243
v 0.041094 0.042548 -0.082243
v 0.041237 0.042648 -0.082243
v 0.041395 0.042722 -0.082243
v 0.041564 0.042767 -0.082243
v 0.041738 0.042783 -0.082243
v 0.041912 0.042767 -0.082243
v 0.042080 0.042722 -0.082243
v 0.042238 0.042648 -0.082243
v 0.042381 0.042548 -0.082243
v 0.042505 0.042425 -0.082243
v 0.042605 0.042282 -0.082243
v 0.042678 0.042124 -0.082243
v 0.042724 0.041955 -0.082243
v 0.041738 0.041782 -0.082243
v 0.033730 0.046064 -0.082243
v 0.033730 0.046064 -0.082243
v 0.033730 0.045385 -0.082243
v 0.033730 0.045385 -0.082243
v 0.038375 0.049378 -0.082243
v 0.038375 0.049378 -0.082243
v 0.038375 0.049206 -0.082243
v 0.050033 0.039690 -0.082243
v 0.050033 0.039690 -0.082243
v 0.046698 0.037652 -0.082243
v 0.046698 0.037652 -0.082243
v 0.046698 0.037082 -0.082243
v 0.046698 0.037082 -0.082243
v 0.043676 0.037082 -0.082243
v 0.043676 0.037082 -0.082243
v 0.043402 0.040669 -0.082243
v 0.043192 0.040406 -0.082243
v 0.039867 0.041067 -0.082243
v 0.040013 0.040764 -0.082243
v 0.040625 0.043446 -0.082243
v 0.040362 0.043236 -0.082243
v 0.043545 0.045078 -0.082243
v 0.043545 0.045078 -0.082243
v 0.042238 0.046635 -0.082243
v 0.042238 0.046635 -0.082243
v 0.043578 0.042570 -0.082243
v 0.043676 0.042282 -0.082243
v 0.043676 0.042282 -0.082243
v 0.016708 -0.008268 -0.082244
v 0.016708 0.000072 -0.082244
v 0.016708 0.000072 -0.082244
v 0.038769 -0.049979 -0.082244
v 0.041420 -0.049979 -0.082244
v 0.033396 0.016766 -0.082244
v 0.033396 0.016766 -0.082244
v 0.016718 0.016766 -0.082244
v 0.016718 0.016766 -0.082244
v 0.035748 0.047504 -0.082243
v 0.035748 0.047504 -0.082243
v 0.044312 0.045721 -0.082243
v 0.044312 0.045721 -0.082243
v -0.041180 0.038820 -0.077238
v -0.041180 0.038820 -0.077238
v -0.040700 0.038943 -0.077238
v -0.039469 0.043813 -0.077238
v -0.039165 0.043422 -0.077238
v -0.038688 0.042029 -0.077238
v -0.038688 0.041534 -0.077238
v -0.039165 0.040141 -0.077238
v -0.039469 0.039750 -0.077238
v -0.041180 0.037809 -0.077238
v -0.041180 0.037809 -0.077238
v -0.041180 0.037809 -0.078189
v -0.041180 0.037809 -0.078189
v -0.040580 0.037932 -0.078189
v -0.040580 0.037932 -0.078189
v -0.041180 0.045754 -0.078189
v -0.041180 0.045754 -0.078189
v -0.040580 0.045631 -0.078189
v -0.040580 0.045631 -0.078189
v -0.039884 0.045360 -0.081242
v -0.039304 0.045004 -0.081242
v -0.038033 0.043433 -0.081242
v -0.037806 0.042792 -0.081242
v -0.037806 0.040771 -0.081242
v -0.038033 0.040130 -0.081242
v -0.039304 0.038559 -0.081242
v -0.039884 0.038203 -0.081242
v -0.041180 -0.044598 -0.077238
v -0.041180 -0.044598 -0.077238
v -0.040700 -0.044475 -0.077238
v -0.039469 -0.039605 -0.077238
v -0.039165 -0.039997 -0.077238
v -0.038688 -0.041389 -0.077238
v -0.038688 -0.041885 -0.077238
v -0.039165 -0.043277 -0.077238
v -0.039469 -0.043668 -0.077238
v -0.041180 -0.045610 -0.077238
v -0.041180 -0.045610 -0.077238
v -0.041180 -0.045610 -0.078189
v -0.041180 -0.045610 -0.078189
v -0.040580 -0.045487 -0.078189
v -0.040580 -0.045487 -0.078189
v -0.041180 -0.037664 -0.078189
v -0.041180 -0.037664 -0.078189
v -0.040580 -0.037787 -0.078189
v -0.040580 -0.037787 -0.078189
v -0.039884 -0.038059 -0.081242
v -0.039304 -0.038415 -0.081242
v 0.040636 0.038987 -0.081242
v 0.040636 0.038987 -0.081242
v 0.040636 0.038987 -0.078189
v 0.040636 0.038987 -0.078189
v -0.038033 -0.039985 -0.081242
v -0.037806 -0.040627 -0.081242
v -0.037806 -0.042647 -0.081242
v -0.038033 -0.043288 -0.081242
v -0.039304 -0.044859 -0.081242
v -0.039884 -0.045215 -0.081242
v -0.035515 0.050123 -0.081242
v -0.041380 0.050123 -0.081242
v 0.050080 0.045693 -0.081242
v 0.050080 0.035756 -0.081242
v 0.033730 0.046064 -0.082043
v 0.033730 0.046064 -0.082043
v 0.050080 0.050123 -0.081242
v 0.050080 0.050123 -0.081242
v 0.041437 -0.049979 -0.081242
v 0.050080 -0.049979 -0.081242
v 0.050080 -0.049979 -0.081242
v 0.044114 -0.038415 -0.081242
v 0.044625 -0.038863 -0.081242
v 0.044625 -0.044411 -0.081242
v 0.044114 -0.044859 -0.081242
v 0.042238 -0.044598 -0.081242
v 0.042238 -0.044598 -0.081242
v 0.042238 -0.045548 -0.081242
v 0.042718 -0.044475 -0.081242
v -0.043114 -0.038998 -0.081242
v -0.042661 -0.038798 -0.081242
v -0.043529 -0.039270 -0.081242
v -0.044996 -0.039392 -0.081242
v -0.044569 -0.038863 -0.081242
v -0.045328 -0.043288 -0.081242
v -0.045555 -0.042647 -0.081242
v -0.045670 0.041441 -0.081242
v -0.045670 0.042121 -0.081242
v 0.050033 0.039690 -0.082043
v 0.050033 0.039690 -0.082043
v -0.045555 0.040771 -0.081242
v -0.044674 0.041534 -0.081242
v -0.044592 0.041045 -0.081242
v -0.043529 0.039414 -0.081242
v -0.043114 0.039143 -0.081242
v -0.016666 0.016766 -0.081242
v -0.016666 0.016766 -0.081242
v -0.033353 0.016892 -0.081242
v -0.033353 0.016892 -0.081242
v -0.016666 0.000072 -0.081242
v -0.016666 0.000072 -0.081242
v 0.000033 0.050123 -0.081242
v 0.040636 0.037932 -0.081242
v 0.040636 0.037932 -0.081242
v 0.038090 0.040130 -0.081242
v 0.037863 0.040771 -0.081242
v 0.040304 0.039143 -0.081242
v 0.038745 0.041534 -0.081242
v 0.038826 0.041045 -0.081242
v 0.043535 -0.038059 -0.081242
v -0.016666 -0.033295 -0.082244
v -0.016666 -0.033295 -0.082244
v -0.016666 -0.033295 -0.081242
v -0.016666 -0.033295 -0.081242
v 0.044312 0.045721 -0.082043
v 0.044312 0.045721 -0.082043
v 0.038850 -0.038863 -0.081242
v 0.039361 -0.038415 -0.081242
v 0.039890 -0.044004 -0.081242
v 0.040304 -0.044276 -0.081242
v 0.038745 -0.041389 -0.081242
v 0.038745 -0.041885 -0.081242
v 0.035565 -0.049979 -0.081242
v -0.050023 -0.008268 -0.081242
v -0.050023 -0.035480 -0.081242
v 0.039361 0.038559 -0.077238
v 0.038850 0.039008 -0.077238
v 0.038090 0.043433 -0.077238
v 0.038422 0.044026 -0.077238
v 0.040757 0.038943 -0.077238
v 0.040304 0.039143 -0.077238
v 0.041237 0.044742 -0.078189
v 0.041237 0.044742 -0.078189
v 0.040757 0.044620 -0.078189
v 0.039526 0.039750 -0.077238
v 0.039222 0.040141 -0.077238
v 0.039222 0.043422 -0.077238
v 0.039526 0.043813 -0.077238
v 0.044625 0.039008 -0.077238
v 0.045053 0.039536 -0.077238
v 0.045053 0.044026 -0.077238
v 0.044625 0.044555 -0.077238
v 0.033396 0.016766 -0.081242
v 0.033396 0.016766 -0.081242
v 0.043171 0.044420 -0.077238
v 0.043585 0.044149 -0.077238
v 0.044649 0.041045 -0.077238
v 0.044488 0.040577 -0.077238
v 0.041237 -0.038676 -0.077238
v 0.041237 -0.038676 -0.077238
v 0.041237 -0.038676 -0.078189
v 0.041237 -0.038676 -0.078189
v 0.040572 -0.045468 -0.077238
v 0.039940 -0.045215 -0.077238
v 0.037748 -0.041297 -0.077238
v 0.037863 -0.040627 -0.077238
v 0.050080 0.025235 -0.081242
v 0.041237 -0.044598 -0.078189
v 0.041237 -0.044598 -0.078189
v 0.040757 -0.044475 -0.078189
v 0.040757 -0.038798 -0.077238
v 0.038826 -0.040901 -0.077238
v 0.038987 -0.040432 -0.077238
v 0.040304 -0.038998 -0.077238
v 0.039890 -0.039270 -0.077238
v 0.042238 -0.044598 -0.077238
v 0.042238 -0.044598 -0.077238
v 0.043535 -0.045215 -0.077238
v 0.044114 -0.044859 -0.077238
v 0.045612 -0.040627 -0.077238
v 0.045385 -0.039985 -0.077238
v 0.042238 -0.038676 -0.077238
v 0.042238 -0.038676 -0.077238
v 0.042718 -0.038798 -0.077238
v 0.044730 -0.041389 -0.077238
v 0.044730 -0.041885 -0.077238
v -0.044432 0.040577 -0.077238
v -0.044592 0.041045 -0.077238
v -0.043529 0.044149 -0.077238
v -0.043114 0.044420 -0.077238
v -0.044569 0.044555 -0.077238
v -0.044996 0.044026 -0.077238
v -0.044996 0.039536 -0.077238
v -0.044569 0.039008 -0.077238
v -0.043114 -0.044276 -0.077238
v -0.043529 -0.044004 -0.077238
v -0.044592 -0.040901 -0.077238
v -0.044432 -0.040432 -0.077238
v 0.037863 0.042792 -0.081242
v 0.038090 0.043433 -0.081242
v -0.042181 -0.037664 -0.077238
v -0.042181 -0.037664 -0.077238
v -0.042846 -0.037806 -0.077238
v -0.045670 -0.041297 -0.077238
v -0.045670 -0.041977 -0.077238
v 0.046698 0.037082 -0.082043
v 0.046698 0.037082 -0.082043
v 0.043676 0.037652 -0.082043
v 0.043676 0.037652 -0.082043
v 0.043676 0.037082 -0.082043
v 0.043676 0.037082 -0.082043
v 0.038375 0.049378 -0.082043
v 0.038375 0.049378 -0.082043
v 0.036224 0.047844 -0.082043
v 0.036224 0.047844 -0.082043
v 0.033730 0.049623 -0.082043
v 0.033730 0.049623 -0.082043
v 0.035748 0.047504 -0.082043
v 0.035748 0.047504 -0.082043
v 0.045034 0.039975 -0.082043
v 0.045034 0.039975 -0.082043
v 0.045678 0.039208 -0.082043
v 0.045678 0.039208 -0.082043
v 0.042526 0.043622 -0.082043
v 0.042796 0.043481 -0.082043
v 0.043545 0.045078 -0.082043
v 0.043545 0.045078 -0.082043
v 0.041738 0.048789 -0.082043
v 0.041738 0.048789 -0.082043
v 0.043192 0.040406 -0.082043
v 0.042941 0.040182 -0.082043
v 0.040721 0.040057 -0.082043
v 0.040446 0.040252 -0.082043
v 0.039830 0.042389 -0.082043
v 0.039959 0.042700 -0.082043
v 0.042505 0.041138 -0.082043
v 0.042605 0.041281 -0.082043
v 0.042605 0.042282 -0.082043
v 0.042505 0.042425 -0.082043
v 0.041094 0.042548 -0.082043
v 0.040971 0.042425 -0.082043
v 0.041395 0.040841 -0.082043
v 0.041237 0.040915 -0.082043
v 0.040752 0.041955 -0.082043
v 0.040797 0.042124 -0.082043
v 0.042238 0.040915 -0.082243
v 0.042080 0.040841 -0.082243
v 0.040971 0.041138 -0.082243
v 0.040871 0.041281 -0.082243
v 0.040971 0.042425 -0.082243
v 0.041094 0.042548 -0.082243
v 0.042238 0.042648 -0.082243
v 0.042381 0.042548 -0.082243
v -0.038688 -0.041389 -0.081242
v -0.038688 -0.041885 -0.081242
v -0.039165 -0.043277 -0.081242
v -0.039469 -0.043668 -0.081242
v -0.040580 -0.038843 -0.078189
v -0.040580 -0.038843 -0.078189
v -0.039304 -0.038415 -0.077238
v -0.038793 -0.038863 -0.077238
v -0.037806 -0.040627 -0.077238
v -0.037691 -0.041297 -0.077238
v -0.038033 -0.043288 -0.077238
v -0.038365 -0.043882 -0.077238
v -0.040515 -0.045468 -0.077238
v -0.039884 -0.045215 -0.077238
v 0.043535 0.045360 -0.081242
v 0.044114 0.045004 -0.081242
v 0.045727 0.041441 -0.081242
v 0.045612 0.040771 -0.081242
v 0.044488 0.042986 -0.081242
v 0.044253 0.043422 -0.081242
v 0.044649 0.042518 -0.081242
v 0.043949 0.043813 -0.081242
v 0.043585 0.044149 -0.081242
v 0.042903 0.045612 -0.081242
v 0.050080 -0.045548 -0.081242
v 0.045053 -0.039392 -0.081242
v 0.044730 -0.041885 -0.081242
v 0.044730 -0.041389 -0.081242
v 0.033730 0.048944 -0.082243
v 0.033730 0.048944 -0.082243
v 0.033730 0.048944 -0.082043
v 0.033730 0.048944 -0.082043
v 0.044488 -0.040432 -0.081242
v 0.044253 -0.039997 -0.081242
v 0.044649 -0.042373 -0.081242
v 0.044649 -0.040901 -0.081242
v -0.044592 -0.042373 -0.081242
v -0.044432 -0.042842 -0.081242
v -0.043478 -0.045215 -0.081242
v -0.044057 -0.044859 -0.081242
v -0.042846 -0.037806 -0.081242
v -0.043478 -0.038059 -0.081242
v -0.042846 -0.045468 -0.081242
v -0.042181 0.045693 -0.081242
v -0.042181 0.044742 -0.081242
v -0.042181 0.044742 -0.081242
v 0.040636 -0.044431 -0.081242
v 0.040636 -0.044431 -0.081242
v 0.040636 -0.044431 -0.078189
v 0.040636 -0.044431 -0.078189
v -0.044057 0.038559 -0.081242
v -0.044569 0.039008 -0.081242
v -0.044196 0.040141 -0.081242
v -0.043892 0.039750 -0.081242
v -0.044432 0.040577 -0.081242
v -0.042181 0.045754 -0.081242
v -0.042181 0.045754 -0.081242
v -0.016666 0.016766 -0.082244
v -0.016666 0.016766 -0.082244
v -0.033353 0.025235 -0.081242
v 0.000038 -0.008268 -0.081242
v 0.000038 0.000079 -0.081242
v 0.000038 0.000079 -0.081242
v 0.000038 -0.016608 -0.081242
v 0.000038 -0.016608 -0.081242
v 0.036224 0.047165 -0.082243
v 0.036224 0.047165 -0.082243
v 0.050080 0.042537 -0.082243
v 0.050080 0.034374 -0.082243
v 0.043676 0.037652 -0.082243
v 0.043676 0.037652 -0.082243
v 0.039931 0.045078 -0.082243
v 0.039931 0.045078 -0.082243
v 0.041237 0.046635 -0.082243
v 0.041237 0.046635 -0.082243
v 0.039164 0.045721 -0.082243
v 0.039164 0.045721 -0.082243
v 0.050080 0.049206 -0.082243
v 0.042238 0.043720 -0.082243
v 0.042238 0.043720 -0.082243
v 0.042526 0.043622 -0.082243
v 0.046591 0.042282 -0.082243
v 0.046591 0.042282 -0.082243
v -0.033353 0.016892 -0.082244
v -0.033353 0.016892 -0.082244
v -0.025009 -0.049979 -0.082244
v -0.050023 -0.049979 -0.082244
v -0.050023 -0.049979 -0.082244
v 0.016718 0.000079 -0.082244
v 0.016718 0.000079 -0.082244
v 0.038769 0.050123 -0.082243
v 0.041420 0.050123 -0.082243
v 0.016713 0.050123 -0.082243
v 0.000033 0.050123 -0.082243
v -0.040580 0.044575 -0.078189
v -0.040580 0.044575 -0.078189
v -0.040580 0.044575 -0.081242
v -0.040580 0.044575 -0.081242
v -0.040700 0.044620 -0.078189
v -0.040700 0.038943 -0.078189
v -0.040580 0.038987 -0.078189
v -0.040580 0.038987 -0.078189
v -0.039469 0.043813 -0.081242
v -0.039165 0.043422 -0.081242
v -0.038688 0.042029 -0.081242
v -0.038688 0.041534 -0.081242
v -0.039165 0.040141 -0.081242
v -0.039469 0.039750 -0.081242
v -0.039304 0.045004 -0.077238
v -0.038793 0.044555 -0.077238
v -0.037806 0.042792 -0.077238
v -0.037691 0.042121 -0.077238
v -0.038033 0.040130 -0.077238
v -0.038365 0.039536 -0.077238
v -0.040515 0.037951 -0.077238
v -0.039884 0.038203 -0.077238
v -0.040580 -0.038843 -0.081242
v -0.040580 -0.038843 -0.081242
v -0.040700 -0.038798 -0.078189
v -0.040700 -0.044475 -0.078189
v -0.040580 -0.044431 -0.078189
v -0.040580 -0.044431 -0.078189
v -0.039469 -0.039605 -0.081242
v -0.039165 -0.039997 -0.081242
v 0.045053 -0.039392 -0.077238
v 0.043171 -0.038998 -0.077238
v 0.044649 -0.042373 -0.077238
v -0.042181 0.038820 -0.077238
v -0.042181 0.038820 -0.077238
v -0.042181 0.037809 -0.077238
v -0.042181 0.037809 -0.077238
v -0.042661 0.038943 -0.077238
v 0.038090 -0.039985 -0.077238
v -0.044674 0.041534 -0.077238
v -0.042661 0.044620 -0.077238
v -0.045328 0.043433 -0.077238
v -0.044057 0.038559 -0.077238
v -0.043892 -0.043668 -0.077238
v -0.044196 -0.039997 -0.077238
v -0.043478 -0.038059 -0.077238
v -0.045555 -0.042647 -0.077238
v 0.050033 0.035044 -0.082043
v 0.050033 0.035044 -0.082043
v 0.033730 0.045385 -0.082043
v 0.033730 0.045385 -0.082043
v 0.048745 0.041782 -0.082043
v 0.048745 0.041782 -0.082043
v 0.046591 0.042282 -0.082043
v 0.046591 0.042282 -0.082043
v 0.042238 0.043720 -0.082043
v 0.042238 0.043720 -0.082043
v 0.043042 0.043301 -0.082043
v 0.039164 0.045721 -0.082043
v 0.039164 0.045721 -0.082043
v 0.039931 0.045078 -0.082043
v 0.039931 0.045078 -0.082043
v 0.042656 0.040003 -0.082043
v 0.040208 0.040490 -0.082043
v 0.040138 0.042985 -0.082043
v 0.042678 0.041439 -0.082043
v 0.042381 0.042548 -0.082043
v 0.040871 0.042282 -0.082043
v 0.041094 0.041015 -0.082043
v 0.041912 0.040796 -0.082243
v 0.040797 0.041439 -0.082243
v 0.041237 0.042648 -0.082243
v 0.042505 0.042425 -0.082243
v 0.035565 0.050123 -0.081242
v 0.016713 0.050123 -0.081242
v 0.039361 0.038559 -0.081242
v 0.038850 0.039008 -0.081242
v 0.039940 0.038203 -0.081242
v 0.016718 0.000079 -0.081242
v 0.016718 0.000079 -0.081242
v 0.037748 0.041441 -0.081242
v 0.039526 0.043813 -0.081242
v 0.039222 0.043422 -0.081242
v 0.039890 0.044149 -0.081242
v 0.038987 0.040577 -0.081242
v 0.050080 -0.008268 -0.081242
v 0.050080 -0.035480 -0.081242
v 0.040636 -0.045487 -0.081242
v 0.040636 -0.045487 -0.081242
v 0.039940 -0.038059 -0.081242
v 0.037863 -0.040627 -0.081242
v 0.038090 -0.039985 -0.081242
v 0.038826 -0.042373 -0.081242
v -0.050023 -0.037726 -0.081242
v 0.040636 0.037932 -0.078189
v 0.040636 0.037932 -0.078189
v 0.041237 0.037809 -0.078189
v 0.041237 0.037809 -0.078189
v 0.038422 0.039536 -0.077238
v 0.038850 0.044555 -0.077238
v 0.038987 0.040577 -0.077238
v 0.039890 0.044149 -0.077238
v 0.045385 0.040130 -0.077238
v 0.044114 0.045004 -0.077238
v 0.043949 0.043813 -0.077238
v 0.044253 0.040141 -0.077238
v 0.041237 -0.037664 -0.078189
v 0.041237 -0.037664 -0.078189
v 0.040636 -0.037787 -0.078189
v 0.040636 -0.037787 -0.078189
v 0.039361 -0.044859 -0.077238
v 0.039890 -0.044004 -0.077238
v 0.039526 -0.043668 -0.077238
v 0.039222 -0.039997 -0.077238
v 0.044625 -0.044411 -0.077238
v 0.038422 0.039536 -0.081242
v 0.037748 0.042121 -0.081242
v 0.040304 0.044420 -0.081242
v 0.040636 0.044575 -0.081242
v 0.040636 0.044575 -0.081242
v -0.042181 0.044742 -0.077238
v -0.042181 0.044742 -0.077238
v 0.038987 0.042986 -0.081242
v -0.042661 0.044620 -0.081242
v 0.016718 0.016766 -0.081242
v 0.016718 0.016766 -0.081242
v 0.050080 -0.037726 -0.081242
v 0.040572 -0.045468 -0.081242
v 0.040572 -0.037806 -0.081242
v 0.039526 -0.039605 -0.081242
v 0.039222 -0.039997 -0.081242
v 0.039890 -0.039270 -0.081242
v 0.038987 -0.042842 -0.081242
v -0.041380 -0.049979 -0.081242
v -0.035515 -0.049979 -0.081242
v 0.000033 -0.049979 -0.081242
v -0.050023 -0.045548 -0.081242
v -0.050023 -0.049979 -0.081242
v -0.050023 -0.049979 -0.081242
v 0.038090 0.040130 -0.077238
v 0.039361 0.045004 -0.077238
v 0.040572 0.045612 -0.077238
v 0.039940 0.045360 -0.077238
v 0.039890 0.039414 -0.077238
v 0.038826 0.041045 -0.077238
v 0.042238 0.037809 -0.081242
v 0.042238 0.037809 -0.081242
v 0.042238 0.037809 -0.077238
v 0.042238 0.037809 -0.077238
v 0.045612 0.040771 -0.077238
v 0.043535 0.045360 -0.077238
v 0.044253 0.043422 -0.077238
v 0.043949 0.039750 -0.077238
v 0.040636 -0.045487 -0.078189
v 0.040636 -0.045487 -0.078189
v 0.038850 -0.044411 -0.077238
v 0.040757 -0.044475 -0.077238
v 0.040304 -0.044276 -0.077238
v 0.040757 -0.038798 -0.078189
v 0.039222 -0.043277 -0.077238
v 0.039526 -0.039605 -0.077238
v 0.045053 -0.043882 -0.077238
v 0.044625 -0.038863 -0.077238
v 0.043585 -0.039270 -0.077238
v 0.044488 -0.042842 -0.077238
v -0.045555 0.042792 -0.077238
v -0.043478 0.038203 -0.077238
v -0.042846 0.037951 -0.077238
v -0.044196 -0.043277 -0.077238
v -0.043892 -0.039605 -0.077238
v -0.044057 -0.038415 -0.077238
v -0.045328 -0.043288 -0.077238
v 0.050033 0.035698 -0.082043
v 0.050033 0.035698 -0.082043
v 0.036224 0.047165 -0.082043
v 0.036224 0.047165 -0.082043
v 0.038375 0.045630 -0.082043
v 0.038375 0.045630 -0.082043
v 0.045678 0.044355 -0.082043
v 0.045678 0.044355 -0.082043
v 0.043676 0.042282 -0.082043
v 0.043676 0.042282 -0.082043
v 0.043257 0.043085 -0.082043
v 0.042238 0.046635 -0.082043
v 0.042238 0.046635 -0.082043
v 0.041237 0.046635 -0.082043
v 0.041237 0.046635 -0.082043
v 0.042345 0.039874 -0.082043
v 0.040013 0.040764 -0.082043
v 0.040362 0.043236 -0.082043
v 0.042724 0.041608 -0.082043
v 0.042238 0.042648 -0.082043
v 0.042739 0.041782 -0.082243
v 0.042724 0.041608 -0.082243
v 0.041738 0.040781 -0.082243
v 0.040752 0.041608 -0.082243
v 0.041395 0.042722 -0.082243
v 0.042605 0.042282 -0.082243
v 0.042724 0.041955 -0.082243
v 0.038375 0.048700 -0.082243
v 0.038375 0.048700 -0.082243
v 0.041681 0.039780 -0.082243
v 0.042017 0.039799 -0.082243
v 0.041347 0.039818 -0.082243
v 0.041024 0.039911 -0.082243
v 0.040721 0.040057 -0.082243
v 0.041237 0.043720 -0.082243
v 0.041237 0.043720 -0.082243
v 0.041738 0.048789 -0.082243
v 0.041738 0.048789 -0.082243
v 0.000038 0.000079 -0.082244
v 0.000038 0.000079 -0.082244
v 0.050080 -0.049979 -0.082244
v 0.050080 -0.049979 -0.082244
v -0.050023 -0.008268 -0.082244
v -0.033353 0.025235 -0.082243
v 0.050080 0.025235 -0.082243
v -0.025009 0.050123 -0.082243
v -0.040247 0.044420 -0.081242
v -0.040247 0.039143 -0.077238
v -0.038930 0.042986 -0.077238
v -0.038769 0.041045 -0.077238
v -0.044674 0.042029 -0.077238
v -0.039833 0.039414 -0.077238
v -0.040580 0.045631 -0.081242
v -0.040580 0.045631 -0.081242
v -0.038793 0.044555 -0.081242
v -0.037691 0.042121 -0.081242
v -0.038365 0.039536 -0.081242
v 0.040971 0.041138 -0.082043
v -0.040515 0.037951 -0.081242
v -0.040580 0.037932 -0.081242
v -0.040580 0.037932 -0.081242
v -0.040247 -0.038998 -0.081242
v -0.040247 -0.044276 -0.077238
v -0.038930 -0.040432 -0.077238
v -0.038769 -0.042373 -0.077238
v 0.016708 0.000072 -0.081242
v 0.016708 0.000072 -0.081242
v -0.039833 -0.044004 -0.077238
v 0.038422 -0.039392 -0.077238
v -0.040580 -0.037787 -0.081242
v -0.040580 -0.037787 -0.081242
v -0.038793 -0.038863 -0.081242
v -0.037691 -0.041297 -0.081242
v -0.038365 -0.043882 -0.081242
v -0.040515 -0.045468 -0.081242
v -0.040580 -0.045487 -0.081242
v -0.040580 -0.045487 -0.081242
v 0.042238 0.038820 -0.081242
v 0.042238 0.038820 -0.081242
v 0.044625 0.044555 -0.081242
v 0.045385 0.040130 -0.081242
v 0.042903 0.037951 -0.081242
v 0.043171 0.044420 -0.081242
v 0.042903 -0.045468 -0.081242
v 0.043535 -0.045215 -0.081242
v 0.042238 -0.037726 -0.081242
v 0.042238 -0.037664 -0.081242
v 0.042238 -0.037664 -0.081242
v 0.042238 -0.038676 -0.081242
v 0.042238 -0.038676 -0.081242
v 0.042238 -0.045610 -0.081242
v 0.042238 -0.045610 -0.081242
v 0.043949 -0.039605 -0.081242
v 0.043585 -0.039270 -0.081242
v 0.043171 -0.038998 -0.081242
v -0.044674 -0.041389 -0.081242
v -0.044674 -0.041885 -0.081242
v -0.044592 -0.040901 -0.081242
v -0.045670 -0.041297 -0.081242
v -0.045670 -0.041977 -0.081242
v -0.045555 -0.040627 -0.081242
v -0.044569 -0.044411 -0.081242
v -0.047854 -0.049979 -0.081242
v -0.045555 0.042792 -0.081242
v -0.044996 0.039536 -0.081242
v -0.044432 0.042986 -0.081242
v -0.044592 0.042518 -0.081242
v 0.044114 -0.038415 -0.077238
v 0.042238 -0.037664 -0.077238
v 0.042238 -0.037664 -0.077238
v 0.043949 -0.039605 -0.077238
v 0.044253 -0.043277 -0.077238
v -0.043114 0.039143 -0.077238
v -0.044592 0.042518 -0.077238
v -0.042181 0.045754 -0.077238
v -0.042181 0.045754 -0.077238
v -0.045670 0.042121 -0.077238
v -0.042181 -0.045610 -0.081242
v -0.042181 -0.045610 -0.081242
v -0.042181 -0.045610 -0.077238
v -0.042181 -0.045610 -0.077238
v -0.044432 -0.042842 -0.077238
v -0.043529 -0.039270 -0.077238
v -0.044569 -0.038863 -0.077238
v -0.044996 -0.043882 -0.077238
v 0.047301 0.037368 -0.082043
v 0.047301 0.037368 -0.082043
v 0.038375 0.045630 -0.082243
v 0.038375 0.045630 -0.082243
v 0.038375 0.046308 -0.082043
v 0.038375 0.046308 -0.082043
v 0.038375 0.048700 -0.082043
v 0.038375 0.048700 -0.082043
v 0.042678 0.042124 -0.082243
v 0.045034 0.043588 -0.082043
v 0.045034 0.043588 -0.082043
v 0.043437 0.042840 -0.082043
v 0.041237 0.043720 -0.082043
v 0.041237 0.043720 -0.082043
v 0.042017 0.039799 -0.082043
v 0.039867 0.041067 -0.082043
v 0.040625 0.043446 -0.082043
v 0.042080 0.042722 -0.082043
v 0.040636 0.044575 -0.078189
v 0.040636 0.044575 -0.078189
v 0.042080 0.040841 -0.082043
v 0.042238 0.040915 -0.082043
v 0.040871 0.041281 -0.082043
v 0.039940 -0.045215 -0.081242
v 0.039361 -0.044859 -0.081242
v 0.042678 0.041439 -0.082243
v 0.041564 0.040796 -0.082243
v 0.040737 0.041782 -0.082243
v 0.041564 0.042767 -0.082243
v 0.038987 -0.042842 -0.077238
v 0.042718 0.044620 -0.081242
v 0.040636 0.045631 -0.081242
v 0.040636 0.045631 -0.081242
v 0.039222 0.040141 -0.081242
v 0.016708 -0.008268 -0.081242
v 0.040304 -0.038998 -0.081242
v 0.040636 -0.038843 -0.081242
v 0.040636 -0.038843 -0.081242
v 0.038987 -0.040432 -0.081242
v 0.016713 -0.049979 -0.081242
v 0.041912 0.040796 -0.082043
v 0.037863 0.040771 -0.077238
v 0.038745 0.041534 -0.077238
v 0.042238 0.038820 -0.077238
v 0.042238 0.038820 -0.077238
v 0.042903 0.037951 -0.077238
v 0.045727 0.041441 -0.077238
v 0.042903 0.045612 -0.077238
v 0.044488 0.042986 -0.077238
v 0.043585 0.039414 -0.077238
v 0.041237 -0.045610 -0.078189
v 0.041237 -0.045610 -0.078189
v 0.038422 -0.043882 -0.077238
v 0.038850 -0.038863 -0.077238
v 0.045385 -0.043288 -0.077238
v -0.038769 -0.042373 -0.081242
v -0.039833 -0.044004 -0.081242
v -0.040515 -0.037806 -0.081242
v -0.038365 -0.039392 -0.077238
v -0.037691 -0.041977 -0.077238
v -0.038793 -0.044411 -0.077238
v -0.042181 -0.044598 -0.081242
v -0.042181 -0.044598 -0.081242
v -0.042181 -0.045548 -0.081242
v 0.042718 0.038943 -0.081242
v 0.045053 0.044026 -0.081242
v 0.045053 0.039536 -0.081242
v 0.044253 0.040141 -0.081242
v 0.043949 0.039750 -0.081242
v 0.044488 0.040577 -0.081242
v 0.045385 -0.039985 -0.081242
v 0.042903 -0.037806 -0.081242
v 0.043171 -0.044276 -0.081242
v 0.043585 -0.044004 -0.081242
v -0.042661 -0.044475 -0.081242
v -0.043529 -0.044004 -0.081242
v -0.043114 -0.044276 -0.081242
v 0.050033 0.035044 -0.082243
v 0.050033 0.035044 -0.082243
v -0.044996 -0.043882 -0.081242
v -0.045328 0.043433 -0.081242
v -0.045328 0.040130 -0.081242
v -0.044196 0.043422 -0.081242
v -0.043892 0.043813 -0.081242
v -0.042661 0.038943 -0.081242
v 0.000021 0.033704 -0.082243
v 0.000021 0.033704 -0.082243
v 0.000021 0.033704 -0.081242
v 0.000021 0.033704 -0.081242
v 0.000038 -0.016608 -0.082244
v 0.000038 -0.016608 -0.082244
v 0.038375 0.046308 -0.082243
v 0.038375 0.046308 -0.082243
v 0.036699 0.047504 -0.082243
v 0.036699 0.047504 -0.082243
v 0.042345 0.039874 -0.082243
v 0.042656 0.040003 -0.082243
v -0.042181 -0.044598 -0.077238
v -0.042181 -0.044598 -0.077238
v 0.040446 0.040252 -0.082243
v 0.040920 0.043609 -0.082243
v 0.042796 0.043481 -0.082243
v 0.000028 0.000079 -0.082244
v 0.000028 0.000079 -0.082244
v 0.016708 -0.016608 -0.082244
v 0.016708 -0.016608 -0.082244
v 0.000038 -0.008268 -0.082244
v 0.050080 -0.008268 -0.082244
v -0.050023 0.025235 -0.082243
v -0.033353 0.033453 -0.082243
v -0.033353 0.033453 -0.082243
v -0.050023 0.050123 -0.082243
v -0.050023 0.050123 -0.082243
v -0.040580 0.038987 -0.081242
v -0.040580 0.038987 -0.081242
v -0.039833 0.044149 -0.081242
v -0.038930 0.042986 -0.081242
v -0.038769 0.041045 -0.081242
v 0.040636 0.045631 -0.078189
v 0.040636 0.045631 -0.078189
v -0.039833 0.039414 -0.081242
v -0.040515 0.045612 -0.081242
v -0.038365 0.044026 -0.077238
v -0.037691 0.041441 -0.077238
v -0.038793 0.039008 -0.077238
v -0.040580 -0.044431 -0.081242
v -0.040580 -0.044431 -0.081242
v -0.039833 -0.039270 -0.081242
v -0.038930 -0.040432 -0.081242
v 0.041738 0.042783 -0.082043
v 0.041912 0.042767 -0.082043
v 0.034314 0.049206 -0.082243
v 0.036224 0.047844 -0.082243
v 0.036224 0.047844 -0.082243
v 0.043676 0.041281 -0.082243
v 0.043676 0.041281 -0.082243
v 0.046591 0.041281 -0.082243
v 0.046591 0.041281 -0.082243
v 0.043565 0.040963 -0.082243
v 0.045678 0.039208 -0.082243
v 0.045678 0.039208 -0.082243
v 0.048745 0.041782 -0.082243
v 0.048745 0.041782 -0.082243
v 0.042941 0.040182 -0.082243
v 0.040208 0.040490 -0.082243
v 0.040138 0.042985 -0.082243
v 0.039959 0.042700 -0.082243
v 0.047844 0.042537 -0.082243
v 0.045678 0.044355 -0.082243
v 0.045678 0.044355 -0.082243
v -0.050023 0.034374 -0.082243
v -0.050023 0.049206 -0.082243
v -0.040700 0.044620 -0.077238
v -0.040247 0.044420 -0.077238
v -0.038769 0.042518 -0.077238
v -0.038930 0.040577 -0.077238
v -0.038365 0.044026 -0.081242
v -0.037691 0.041441 -0.081242
v -0.038793 0.039008 -0.081242
v -0.040700 -0.038798 -0.077238
v -0.040247 -0.038998 -0.077238
v -0.038769 -0.040901 -0.077238
v -0.038930 -0.042842 -0.077238
v -0.038365 -0.039392 -0.081242
v -0.037691 -0.041977 -0.081242
v -0.038793 -0.044411 -0.081242
v 0.044730 0.041534 -0.081242
v 0.044730 0.042029 -0.081242
v 0.045385 0.043433 -0.081242
v 0.036699 0.047504 -0.082043
v 0.036699 0.047504 -0.082043
v 0.044625 0.039008 -0.081242
v 0.043585 0.039414 -0.081242
v 0.044649 0.041045 -0.081242
v 0.041437 0.050123 -0.081242
v 0.045612 -0.040627 -0.081242
v 0.044253 -0.043277 -0.081242
v 0.043949 -0.043668 -0.081242
v 0.044488 -0.042842 -0.081242
v -0.044196 -0.043277 -0.081242
v -0.043892 -0.043668 -0.081242
v -0.044996 0.044026 -0.081242
v -0.044057 0.045004 -0.081242
v -0.043478 0.045360 -0.081242
v -0.043529 0.044149 -0.081242
v -0.033353 0.033453 -0.081242
v -0.033353 0.033453 -0.081242
v 0.016708 -0.016608 -0.081242
v 0.016708 -0.016608 -0.081242
v 0.040572 0.037951 -0.081242
v 0.038422 0.044026 -0.081242
v 0.038850 0.044555 -0.081242
v 0.040572 0.045612 -0.081242
v -0.043114 0.044420 -0.081242
v 0.000028 -0.016608 -0.081242
v 0.000028 -0.016608 -0.081242
v -0.016666 -0.016608 -0.081242
v -0.016666 -0.016608 -0.081242
v 0.000028 -0.033295 -0.081242
v 0.000028 -0.033295 -0.081242
v 0.038850 -0.044411 -0.081242
v 0.040636 -0.037787 -0.081242
v 0.040636 -0.037787 -0.081242
v 0.039222 -0.043277 -0.081242
v 0.041237 0.037809 -0.077238
v 0.041237 0.037809 -0.077238
v 0.037748 0.041441 -0.077238
v 0.041237 0.038820 -0.078189
v 0.041237 0.038820 -0.078189
v 0.040757 0.044620 -0.077238
v 0.040304 0.044420 -0.077238
v 0.038745 0.042029 -0.077238
v 0.045727 0.042121 -0.077238
v 0.042238 0.045754 -0.077238
v 0.042238 0.045754 -0.077238
v 0.044649 0.042518 -0.077238
v 0.043171 0.039143 -0.077238
v 0.042718 0.038943 -0.077238
v 0.038090 -0.043288 -0.077238
v 0.039361 -0.038415 -0.077238
v 0.040572 -0.037806 -0.077238
v 0.039940 -0.038059 -0.077238
v -0.050023 0.050123 -0.081242
v -0.050023 0.050123 -0.081242
v 0.040636 -0.038843 -0.078189
v 0.040636 -0.038843 -0.078189
v 0.038826 -0.042373 -0.077238
v 0.042238 -0.045610 -0.077238
v 0.042238 -0.045610 -0.077238
v -0.043114 -0.038998 -0.077238
v 0.043535 -0.038059 -0.077238
v 0.044253 -0.039997 -0.077238
v 0.043949 -0.043668 -0.077238
v -0.043529 0.039414 -0.077238
v -0.044432 0.042986 -0.077238
v -0.042846 0.045612 -0.077238
v -0.045670 0.041441 -0.077238
v -0.044592 -0.042373 -0.077238
v 0.045612 -0.042647 -0.077238
v -0.044996 -0.039392 -0.077238
v -0.044569 -0.044411 -0.077238
v 0.050033 0.039036 -0.082043
v 0.050033 0.039036 -0.082043
v 0.043676 0.041281 -0.082043
v 0.043676 0.041281 -0.082043
v 0.043578 0.042570 -0.082043
v 0.041681 0.039780 -0.082043
v 0.039774 0.041391 -0.082043
v 0.040920 0.043609 -0.082043
v 0.041564 0.042767 -0.082043
v 0.040797 0.041439 -0.082043
v 0.042605 0.041281 -0.082243
v 0.041395 0.040841 -0.082243
v 0.040752 0.041955 -0.082243
v 0.041738 0.042783 -0.082243
v -0.038930 -0.042842 -0.081242
v -0.040247 -0.044276 -0.081242
v -0.038033 -0.039985 -0.077238
v -0.037806 -0.042647 -0.077238
v -0.039304 -0.044859 -0.077238
v -0.047854 0.050123 -0.081242
v 0.045612 0.042792 -0.081242
v -0.043478 0.045360 -0.077238
v 0.044114 0.038559 -0.081242
v 0.042238 0.045754 -0.081242
v 0.042238 0.045754 -0.081242
v 0.045053 -0.043882 -0.081242
v 0.045385 -0.043288 -0.081242
v 0.038745 -0.041885 -0.077238
v 0.045727 -0.041297 -0.081242
v -0.042181 -0.038676 -0.081242
v -0.042181 -0.038676 -0.081242
v -0.042181 -0.037726 -0.081242
v -0.044432 -0.040432 -0.081242
v -0.044057 -0.038415 -0.081242
v -0.042846 0.037951 -0.081242
v -0.043478 0.038203 -0.081242
v -0.044569 0.044555 -0.081242
v -0.042846 0.045612 -0.081242
v 0.033563 0.050123 -0.082243
v 0.050033 0.035698 -0.082243
v 0.050033 0.035698 -0.082243
v 0.047301 0.037368 -0.082243
v 0.047301 0.037368 -0.082243
v 0.045034 0.039975 -0.082243
v 0.045034 0.039975 -0.082243
v 0.039830 0.042389 -0.082243
v 0.045034 0.043588 -0.082243
v 0.045034 0.043588 -0.082243
v -0.016666 0.000072 -0.082244
v -0.016666 0.000072 -0.082244
v 0.016713 -0.049979 -0.082244
v 0.000033 -0.049979 -0.082244
v 0.033563 -0.049979 -0.082244
v -0.016666 -0.016608 -0.082244
v -0.016666 -0.016608 -0.082244
v 0.000028 -0.016608 -0.082244
v 0.000028 -0.016608 -0.082244
v 0.050080 0.050123 -0.082243
v 0.050080 0.050123 -0.082243
v -0.041180 0.044742 -0.077238
v -0.041180 0.044742 -0.077238
v -0.041180 0.045754 -0.077238
v -0.041180 0.045754 -0.077238
v -0.041180 0.044742 -0.078189
v -0.041180 0.044742 -0.078189
v -0.038769 0.042518 -0.081242
v -0.038930 0.040577 -0.081242
v -0.040247 0.039143 -0.081242
v -0.038033 0.043433 -0.077238
v -0.037806 0.040771 -0.077238
v -0.039304 0.038559 -0.077238
v -0.041180 -0.038676 -0.077238
v -0.041180 -0.038676 -0.077238
v -0.041180 -0.037664 -0.077238
v -0.041180 -0.037664 -0.077238
v -0.041180 -0.038676 -0.078189
v -0.041180 -0.038676 -0.078189
v -0.038769 -0.040901 -0.081242
v 0.042903 -0.037806 -0.077238
v 0.044488 -0.040432 -0.077238
v 0.043585 -0.044004 -0.077238
v -0.043892 0.039750 -0.077238
v -0.044196 0.043422 -0.077238
v -0.045555 0.040771 -0.077238
v -0.042661 -0.044475 -0.077238
v -0.044674 -0.041885 -0.077238
v -0.042661 -0.038798 -0.077238
v -0.045328 -0.039985 -0.077238
v 0.046591 0.041281 -0.082043
v 0.046591 0.041281 -0.082043
v 0.041347 0.039818 -0.082043
v 0.039736 0.041725 -0.082043
v 0.041395 0.042722 -0.082043
v 0.041738 0.040781 -0.082043
v 0.040752 0.041608 -0.082043
v -0.044057 -0.044859 -0.077238
v 0.042505 0.041138 -0.082243
v 0.041237 0.040915 -0.082243
v -0.042181 -0.038676 -0.077238
v -0.042181 -0.038676 -0.077238
v 0.040797 0.042124 -0.082243
v 0.041912 0.042767 -0.082243
v 0.039361 0.045004 -0.081242
v 0.038826 0.042518 -0.081242
v 0.037748 -0.041977 -0.081242
v 0.037748 -0.041297 -0.081242
v 0.038422 -0.043882 -0.081242
v 0.037863 -0.042647 -0.081242
v 0.000028 0.000079 -0.081242
v 0.000028 0.000079 -0.081242
v 0.041237 0.045754 -0.077238
v 0.041237 0.045754 -0.077238
v 0.041237 0.044742 -0.077238
v 0.041237 0.044742 -0.077238
v 0.041237 0.045754 -0.078189
v 0.041237 0.045754 -0.078189
v 0.040572 0.037951 -0.077238
v 0.037748 0.042121 -0.077238
v 0.041237 0.038820 -0.077238
v 0.041237 0.038820 -0.077238
v 0.038826 0.042518 -0.077238
v 0.043535 0.038203 -0.077238
v 0.045612 0.042792 -0.077238
v 0.042238 0.044742 -0.077238
v 0.042238 0.044742 -0.077238
v 0.044730 0.042029 -0.077238
v 0.037863 -0.042647 -0.077238
v 0.042903 -0.045468 -0.077238
v 0.045727 -0.041977 -0.077238
v 0.042238 0.044742 -0.081242
v 0.042238 0.044742 -0.081242
v 0.039940 0.045360 -0.081242
v 0.039526 0.039750 -0.081242
v 0.039890 0.039414 -0.081242
v 0.038745 0.042029 -0.081242
v 0.033396 0.000072 -0.081242
v 0.033396 0.000072 -0.081242
v 0.038090 -0.043288 -0.081242
v 0.038826 -0.040901 -0.081242
v -0.050023 0.035756 -0.081242
v -0.050023 0.025235 -0.081242
v 0.039940 0.038203 -0.077238
v 0.037863 0.042792 -0.077238
v 0.040757 0.038943 -0.078189
v 0.038987 0.042986 -0.077238
v 0.044114 0.038559 -0.077238
v 0.045385 0.043433 -0.077238
v 0.042718 0.044620 -0.077238
v 0.044730 0.041534 -0.077238
v 0.041237 -0.045610 -0.077238
v 0.041237 -0.045610 -0.077238
v 0.037748 -0.041977 -0.077238
v 0.038745 -0.041389 -0.077238
v 0.046698 0.037652 -0.082043
v 0.046698 0.037652 -0.082043
v 0.045727 -0.041297 -0.077238
v 0.044649 -0.040901 -0.077238
v 0.043171 -0.044276 -0.077238
v 0.042718 -0.044475 -0.077238
v -0.042181 0.038820 -0.081242
v -0.042181 0.038820 -0.081242
v -0.044196 0.040141 -0.077238
v -0.043892 0.043813 -0.077238
v -0.044057 0.045004 -0.077238
v -0.045328 0.040130 -0.077238
v -0.044674 -0.041389 -0.077238
v -0.045555 -0.040627 -0.077238
v -0.043478 -0.045215 -0.077238
v -0.042846 -0.045468 -0.077238
v 0.033730 0.049623 -0.082243
v 0.033730 0.049623 -0.082243
v 0.043565 0.040963 -0.082043
v 0.043402 0.040669 -0.082043
v 0.042739 0.041782 -0.082043
v 0.042724 0.041955 -0.082043
v 0.041024 0.039911 -0.082043
v 0.039755 0.042061 -0.082043
v 0.042678 0.042124 -0.082043
v 0.041237 0.042648 -0.082043
v 0.041564 0.040796 -0.082043
v 0.040737 0.041782 -0.082043
v 0.042381 0.041015 -0.082243
v 0.041094 0.041015 -0.082243
v 0.040871 0.042282 -0.082243
v 0.042080 0.042722 -0.082243
v 0.033730 0.049206 -0.082243
v 0.038133 0.049206 -0.082243
v 0.050033 0.039036 -0.082243
v 0.050033 0.039036 -0.082243
v 0.043257 0.043085 -0.082243
v 0.043042 0.043301 -0.082243
v 0.043437 0.042840 -0.082243
v 0.000028 -0.033295 -0.082244
v 0.000028 -0.033295 -0.082244
v -0.039833 0.044149 -0.077238
v -0.040515 0.045612 -0.077238
v -0.039884 0.045360 -0.077238
v -0.039833 -0.039270 -0.077238
v -0.040515 -0.037806 -0.077238
v -0.039884 -0.038059 -0.077238
v -0.050023 0.045693 -0.081242
v 0.042238 0.045693 -0.081242
v 0.043171 0.039143 -0.081242
v 0.045727 0.042121 -0.081242
v 0.043535 0.038203 -0.081242
v 0.045612 -0.042647 -0.081242
v 0.045727 -0.041977 -0.081242
v 0.042718 -0.038798 -0.081242
v -0.044196 -0.039997 -0.081242
v -0.043892 -0.039605 -0.081242
v -0.042181 -0.037664 -0.081242
v -0.042181 -0.037664 -0.081242
v -0.045328 -0.039985 -0.081242
v -0.042181 0.037809 -0.081242
v -0.042181 0.037809 -0.081242
v 0.042381 0.041015 -0.082043
v 0.033396 0.000072 -0.082244
v 0.033396 0.000072 -0.082244
v 0.038422 -0.039392 -0.081242
v 0.039526 -0.043668 -0.081242
v 0.039774 0.041391 -0.082243
v 0.039736 0.041725 -0.082243
v -0.041180 -0.044598 -0.078189
v -0.041180 -0.044598 -0.078189
v 0.041237 -0.037664 -0.077238
v 0.041237 -0.037664 -0.077238
v 0.041237 -0.044598 -0.077238
v 0.041237 -0.044598 -0.077238
v -0.044674 0.042029 -0.081242
v 0.039755 0.042061 -0.082243
v -0.050023 0.042537 -0.082243
v -0.041180 0.038820 -0.078189
v -0.041180 0.038820 -0.078189
vn 1.0000 -0.0000 -0.0000
vn -0.0000 -0.0000 -1.0000
vn -1.0000 -0.0000 -0.0000
vn 0.5809 0.8140 -0.0000
vn -0.5809 0.8140 -0.0000
vn -0.5806 -0.8142 0.0004
vn -0.0000 1.0000 -0.0000
vn -0.5806 -0.8142 -0.0000
vn 0.5808 -0.8140 0.0003
vn 0.5809 -0.8139 -0.0000
vn -0.5218 -0.8531 -0.0000
vn -0.5212 0.8534 -0.0000
vn 0.5213 -0.8533 -0.0000
vn 0.5213 0.8533 -0.0000
vn -0.9439 0.3302 -0.0000
vn 0.6428 -0.7661 -0.0000
vn -0.9127 0.4085 -0.0000
vn -0.8313 0.5558 -0.0000
vn 0.0280 0.9996 -0.0000
vn -0.1396 0.9902 -0.0000
vn -0.6428 0.7660 -0.0000
vn -0.6428 -0.7660 -0.0000
vn -0.0000 -1.0000 -0.0000
vn 0.1951 0.9808 -0.0000
vn -0.3035 0.9528 -0.0000
vn -0.4590 0.8884 -0.0000
vn -0.6012 0.7991 -0.0000
vn -0.7265 0.6872 -0.0000
vn 0.9808 0.1952 -0.0000
vn 0.9342 0.3567 -0.0000
vn 0.3568 0.9342 -0.0000
vn 0.5081 0.8613 -0.0000
vn 0.6451 0.7641 -0.0000
vn 0.8613 0.5081 -0.0000
vn 0.7641 0.6451 -0.0000
vn 0.9902 -0.1398 -0.0000
vn -0.7660 0.6428 -0.0000
vn 0.3305 -0.9438 -0.0000
vn 0.7991 -0.6013 -0.0000
vn 0.8886 -0.4588 -0.0000
vn 0.9528 -0.3034 -0.0000
vn 0.4087 -0.9127 -0.0000
vn 0.5558 -0.8313 -0.0000
vn 0.6871 -0.7266 -0.0000
vn 0.6428 0.7660 -0.0000
vn 0.7660 -0.6428 -0.0000
vn -0.6428 -0.7661 -0.0001
vn -0.6513 -0.7588 -0.0000
vn -0.6428 0.7661 -0.0000
vn 0.7661 0.6428 -0.0000
vn -0.3940 -0.9191 -0.0000
vn -0.5288 -0.8488 -0.0000
vn 0.6428 0.7661 -0.0000
vn -0.8488 -0.5288 -0.0000
vn -0.9192 -0.3938 -0.0000
vn -0.9465 -0.3227 -0.0000
vn 0.0075 -1.0000 -0.0000
vn -1.0000 -0.0002 -0.0000
vn -0.0004 1.0000 -0.0000
vn -0.0004 -1.0000 -0.0000
vn 0.0004 1.0000 -0.0000
vn 0.5808 -0.8140 -0.0000
vn -0.7661 -0.6428 -0.0000
vn -0.0000 -0.0000 1.0000
vn -0.3060 -0.9520 -0.0112
vn -0.9160 -0.4011 -0.0000
vn -0.9695 -0.2451 -0.0000
vn -0.9966 -0.0824 -0.0000
vn -0.9695 0.2451 -0.0000
vn -0.9160 0.4011 -0.0000
vn -0.6152 0.7883 -0.0000
vn -0.4868 0.8735 -0.0000
vn 0.2088 -0.9780 -0.0000
vn 0.3278 0.9448 -0.0000
vn 0.2834 0.9590 -0.0000
vn 0.4488 0.8936 -0.0000
vn 0.7212 0.6927 -0.0000
vn 0.8280 0.5607 -0.0000
vn 0.9110 0.4124 -0.0000
vn 0.9964 0.0849 -0.0000
vn 0.9964 -0.0849 -0.0000
vn 0.9676 -0.2523 -0.0000
vn 0.8280 -0.5607 -0.0000
vn 0.7212 -0.6927 -0.0000
vn 0.5936 -0.8048 -0.0000
vn -0.3916 -0.9200 -0.0133
vn -0.3060 -0.9520 -0.0113
vn -0.2476 0.9689 -0.0000
vn -0.9161 -0.4011 -0.0000
vn -0.9161 0.4011 -0.0000
vn -0.6153 0.7883 -0.0000
vn -0.4869 0.8735 -0.0000
vn 0.2087 -0.9780 -0.0000
vn 0.2830 0.9591 -0.0000
vn -0.2475 -0.9689 -0.0000
vn -0.2474 0.9689 -0.0000
vn -0.9966 0.0824 -0.0000
vn -0.4773 0.8787 -0.0000
vn -0.3265 0.9452 -0.0000
vn 0.5936 0.8048 -0.0000
vn 0.9676 0.2523 -0.0000
vn 0.9110 -0.4124 -0.0000
vn 0.4488 -0.8936 -0.0000
vn -0.8376 -0.5462 -0.0000
vn -0.7364 0.6765 -0.0000
vn -0.7364 -0.6765 -0.0000
vn -0.6152 -0.7883 -0.0000
vn -0.4773 -0.8787 -0.0000
vn 0.2911 0.9567 -0.0000
vn 0.2911 -0.9567 -0.0000
vn 0.9677 -0.2523 -0.0000
vn 0.5935 0.8048 -0.0000
vn -0.2474 -0.9689 -0.0000
vn -0.8376 0.5462 -0.0000
vn 0.3265 0.9452 -0.0000
vn 0.3264 -0.9452 -0.0000
vn 0.9966 -0.0825 -0.0000
vn 0.9966 0.0825 -0.0000
vn 0.8377 0.5462 -0.0000
vn 0.7365 0.6765 -0.0000
vn 0.8377 -0.5462 -0.0000
vn 0.7365 -0.6765 -0.0000
vn 0.6152 -0.7883 -0.0000
vn 0.9695 0.2452 -0.0000
vn 0.9161 0.4011 -0.0000
vn 0.6153 0.7883 -0.0000
vn 0.4773 0.8787 -0.0000
vn 0.9161 -0.4011 -0.0000
vn 0.9695 -0.2452 -0.0000
vn -0.2087 0.9780 -0.0000
vn -0.2911 0.9567 -0.0000
vn -0.9964 -0.0850 -0.0000
vn -0.9676 0.2523 -0.0000
vn -0.9110 0.4124 -0.0000
vn -0.8281 0.5606 -0.0000
vn -0.4489 -0.8936 -0.0000
vn -0.5935 -0.8048 -0.0000
vn -0.7212 -0.6928 -0.0000
vn -0.8281 -0.5607 -0.0000
vn -0.7211 0.6928 -0.0000
vn -0.5935 0.8048 -0.0000
vn -0.4489 0.8936 -0.0000
vn -0.9110 -0.4124 -0.0000
vn -0.9676 -0.2523 -0.0000
vn -0.2087 -0.9780 -0.0000
vn -0.2911 -0.9567 -0.0000
vn 0.2473 0.9689 -0.0000
vn 0.4773 -0.8787 -0.0000
vn -0.9964 0.0850 -0.0000
vn -0.8280 0.5607 -0.0000
vn -0.7212 0.6928 -0.0000
vn 0.7364 -0.6765 -0.0000
vn 0.9695 0.2451 -0.0000
vn 0.9160 0.4011 -0.0000
vn 0.6152 0.7883 -0.0000
vn -0.3265 -0.9452 -0.0000
vn -0.5936 -0.8048 -0.0000
vn -0.3275 -0.9448 -0.0000
vn -0.8280 -0.5607 -0.0000
vn -0.5936 0.8048 -0.0000
vn 0.4868 -0.8735 -0.0000
vn -0.2830 0.9591 -0.0000
vn -0.3275 0.9448 -0.0000
vn 0.7364 0.6765 -0.0000
vn 0.9161 -0.4010 -0.0000
vn 0.9695 -0.2451 -0.0000
vn 0.9966 -0.0824 -0.0000
vn 0.9966 0.0824 -0.0000
vn 0.9161 0.4010 -0.0000
vn 0.4489 0.8936 -0.0000
vn -0.3273 -0.9449 -0.0000
vn -0.2826 0.9592 -0.0000
vn -0.3274 0.9449 -0.0000
vn 0.4868 0.8735 -0.0000
vn 0.4776 0.8786 -0.0011
vn 0.3239 -0.9461 -0.0038
vn 0.2473 -0.9689 -0.0000
vn -0.2927 -0.9562 0.0026
vn 0.2476 0.9689 -0.0000
vn 0.4776 0.8786 -0.0012
vn 0.6430 -0.7659 -0.0000
vn 0.7661 -0.6427 -0.0000
vn 0.8661 -0.4999 -0.0000
vn 0.9396 -0.3423 -0.0000
vn 0.9848 -0.1740 -0.0000
vn -0.1736 0.9848 -0.0000
vn 0.9847 0.1740 -0.0000
vn 0.9396 0.3422 -0.0000
vn 0.8661 0.4998 -0.0000
vn 0.7659 0.6430 -0.0000
vn 0.5002 0.8659 -0.0000
vn 0.3420 0.9397 -0.0000
vn 0.1737 0.9848 -0.0000
vn -0.3421 0.9397 -0.0000
vn -0.5002 0.8659 -0.0000
vn -0.7659 0.6430 -0.0000
vn -0.8661 0.4998 -0.0000
vn 0.3418 -0.9398 -0.0000
vn 0.5000 -0.8661 -0.0000
vn 0.1737 -0.9848 -0.0000
vn -0.1736 -0.9848 -0.0000
vn -0.3419 -0.9397 -0.0000
vn -0.4999 -0.8661 -0.0000
vn -0.7661 -0.6427 -0.0000
vn -0.8661 -0.4999 -0.0000
vn -0.9396 -0.3423 -0.0000
vn -0.9848 -0.1736 -0.0000
vn -0.9848 0.1736 -0.0000
vn -0.9396 0.3421 -0.0000
vn 0.4999 -0.8661 -0.0000
vn -0.2475 0.9689 -0.0000
vn -0.3240 0.9461 -0.0038
vn 0.2038 -0.9790 0.0036
vn 0.2548 -0.9670 0.0021
vn 0.2004 0.9797 -0.0000
vn 0.2559 0.9667 0.0007
vn -0.3240 0.9460 -0.0039
vn 0.2037 -0.9790 0.0036
vn 0.2545 -0.9671 0.0021
vn 0.2005 0.9797 -0.0000
vn 0.2556 0.9668 0.0007
vn 0.4229 0.9062 -0.0000
vn 0.3917 0.9200 -0.0132
vn 0.0075 1.0000 -0.0000
vn -0.2830 -0.9591 -0.0000
vn 0.3264 0.9452 -0.0000
vn 0.2475 -0.9689 -0.0000
vn 0.2971 -0.9548 -0.0000
vn 0.3061 0.9519 -0.0112
vn 0.4795 -0.8775 -0.0032
vn -0.8281 0.5607 -0.0000
vn 0.5809 -0.8140 0.0001
vn -0.5807 -0.8141 0.0001
vn 0.7660 0.6428 -0.0000
vn -0.6426 0.7662 -0.0000
vn 0.3417 -0.9398 -0.0000
vn 0.2913 -0.9566 0.0011
vn 0.2474 -0.9689 -0.0000
vn 0.3916 0.9201 -0.0132
vn 0.5811 0.8138 -0.0000
vn -0.3230 -0.9464 -0.0000
vn -0.3915 -0.9201 -0.0133
vn -0.4231 -0.9061 -0.0000
vn -0.2971 0.9549 -0.0000
vn -0.3977 0.9175 -0.0009
vn -0.4232 -0.9060 -0.0000
vn -0.2970 0.9549 -0.0000
vn -0.3976 0.9175 -0.0009
vn 0.7990 -0.6013 -0.0000
vn -0.2826 -0.9592 -0.0000
vn -0.2555 -0.9668 0.0007
vn -0.2005 -0.9797 -0.0000
vn -0.2037 0.9790 0.0036
vn -0.2542 0.9672 0.0021
vn 0.4229 -0.9062 -0.0000
vn -0.2913 0.9566 0.0011
vn -0.2553 -0.9669 0.0007
vn 0.2970 -0.9549 -0.0000
vn -0.6428 -0.7661 -0.0000
vn -0.7588 -0.6513 -0.0000
vn -0.4869 -0.8735 -0.0000
vn -0.4795 0.8775 -0.0032
vn 0.3278 -0.9448 -0.0000
vn 0.2834 -0.9590 -0.0000
vn -0.4796 0.8775 -0.0032
vn 0.3275 -0.9448 -0.0000
vn 0.2830 -0.9591 -0.0000
vn 0.2087 0.9780 -0.0000
vn 0.9160 -0.4011 -0.0000
vn -0.5808 -0.8140 -0.0000
vn 0.3976 -0.9175 -0.0009
vn 0.4231 -0.9061 -0.0000
vn 0.3276 0.9448 -0.0000
vn 0.2475 0.9689 -0.0000
vn -0.4231 0.9061 -0.0000
vn -0.2544 0.9671 0.0021
vn 0.5808 -0.8141 -0.0000
vn -0.4776 -0.8786 -0.0012
vn -0.2057 -0.9786 0.0034
vn 0.2474 0.9689 -0.0000
vn 0.3977 -0.9175 -0.0009
vn -0.0001 -0.0000 -1.0000
vn 0.2057 0.9786 0.0035
vn 0.2057 0.9786 0.0034
vn 0.9996 0.0281 -0.0000
vn -0.9396 0.3422 -0.0000
vn -0.5807 -0.8141 -0.0000
vn 0.2927 0.9562 0.0026
vn 0.2928 0.9562 0.0026
s 1
usemtl Material.001
f 1008//2 1010//2 3//2
f 1683//2 1772//2 6//2
f 2092//2 2107//2 9//2
f 9//2 2107//2 1318//2
f 1010//2 1355//2 3//2
f 3//2 1355//2 1683//2
f 3//2 1683//2 12//2
f 12//2 1683//2 6//2
f 1812//2 2092//2 1960//2
f 1813//2 1812//2 2108//2
f 2108//2 1812//2 1960//2
f 2108//2 1960//2 1012//2
f 1012//2 1960//2 1380//2
f 1012//2 1380//2 1014//2
f 1014//2 1380//2 6//2
f 1014//2 6//2 1583//2
f 1583//2 6//2 1772//2
f 1583//2 1772//2 1774//2
f 1961//2 1963//2 2109//2
f 1015//2 1357//2 2109//2
f 2109//2 1357//2 1358//2
f 2109//2 1358//2 1961//2
f 1961//2 1358//2 1758//2
f 1815//2 1817//2 1819//2
f 1819//2 1817//2 1965//2
f 1819//2 1965//2 1023//2
f 1359//2 1585//2 1586//2
f 1820//2 1822//2 1017//2
f 1017//2 1822//2 1015//2
f 1585//2 1359//2 1587//2
f 1758//2 1358//2 1019//2
f 1019//2 1358//2 42//2
f 1019//2 42//2 1021//2
f 1586//2 1776//2 1359//2
f 1359//2 1776//2 1777//2
f 1359//2 1777//2 1824//2
f 1017//2 1359//2 1820//2
f 1820//2 1359//2 1824//2
f 1820//2 1824//2 1965//2
f 1965//2 1824//2 1024//2
f 1965//2 1024//2 1023//2
f 2142//2 1025//2 50//2
f 1359//2 1021//2 1587//2
f 1587//2 1021//2 42//2
f 1587//2 42//2 1588//2
f 1588//2 42//2 50//2
f 1588//2 50//2 1589//2
f 1589//2 50//2 1780//2
f 1025//2 1026//2 50//2
f 50//2 1026//2 1825//2
f 50//2 1825//2 1780//2
f 2151//2 57//2 12//2
f 12//2 57//2 2142//2
f 1361//2 1363//2 1590//2
f 1826//2 1827//2 12//2
f 12//2 1827//2 1967//2
f 12//2 1967//2 2151//2
f 1590//2 1781//2 1361//2
f 1361//2 1781//2 1027//2
f 1361//2 1027//2 1028//2
f 1028//2 1826//2 1361//2
f 1361//2 1826//2 12//2
f 1361//2 12//2 1365//2
f 1365//2 12//2 6//2
f 1365//2 6//2 1592//2
f 1015//2 1822//2 1357//2
f 1357//2 1822//2 1828//2
f 1357//2 1828//2 1367//2
f 71//2 2112//2 1029//2
f 1368//2 1031//2 1370//2
f 1370//2 1031//2 1029//2
f 1370//2 1029//2 1782//2
f 1782//2 1029//2 2112//2
f 1829//2 1968//2 1029//2
f 71//2 1029//2 2113//2
f 2113//2 1029//2 1968//2
f 2113//2 1968//2 1033//2
f 1033//2 1968//2 1371//2
f 1033//2 1371//2 1034//2
f 1767//2 85//2 1783//2
f 1783//2 85//2 87//2
f 1783//2 87//2 1970//2
f 1970//2 87//2 89//2
f 1970//2 89//2 1347//2
f 1347//2 89//2 1373//2
f 92//2 1785//2 1972//2
f 1972//2 1973//2 92//2
f 92//2 1973//2 87//2
f 92//2 87//2 1787//2
f 1785//2 1036//2 98//2
f 98//2 1036//2 1037//2
f 1787//2 87//2 1594//2
f 1594//2 87//2 85//2
f 1594//2 85//2 1037//2
f 1037//2 85//2 101//2
f 1037//2 101//2 98//2
f 1785//2 98//2 1972//2
f 1972//2 98//2 102//2
f 1972//2 102//2 1974//2
f 1974//2 102//2 104//2
f 1974//2 104//2 1039//2
f 1039//2 104//2 106//2
f 1039//2 106//2 1040//2
f 1040//2 106//2 1788//2
f 1040//2 1788//2 1596//2
f 1975//2 89//2 1977//282
f 1977//282 89//2 87//2
f 1977//282 87//2 2114//2
f 2114//2 87//2 1973//2
f 2114//2 1973//2 1157//2
f 1157//2 1973//2 1375//2
f 1157//2 1375//2 1975//2
f 1975//2 1375//2 89//2
f 1375//2 1376//2 89//2
f 89//2 1376//2 1598//2
f 89//2 1598//2 1373//2
f 1373//2 1598//2 1789//2
f 1373//2 1789//2 1599//2
f 1599//2 1789//2 1790//2
f 102//2 2138//2 1041//2
f 2138//2 102//2 1378//2
f 1378//2 102//2 98//2
f 1378//2 98//2 1043//2
f 1043//2 98//2 101//2
f 1043//2 101//2 1041//2
f 1041//2 101//2 124//2
f 1041//2 124//2 102//2
f 102//2 124//2 125//2
f 102//2 125//2 104//2
f 104//2 125//2 126//2
f 104//2 126//2 106//2
f 106//2 126//2 1600//2
f 106//2 1600//2 1788//2
f 1789//2 1831//2 1790//2
f 1790//2 1831//2 129//2
f 1790//2 129//2 1767//2
f 1767//2 129//2 130//2
f 1767//2 130//2 85//2
f 85//2 130//2 131//2
f 85//2 131//2 101//2
f 101//2 131//2 132//2
f 101//2 132//2 124//2
f 124//2 132//2 50//2
f 124//2 50//2 125//2
f 125//2 50//2 42//2
f 125//2 42//2 126//2
f 126//2 42//2 1358//2
f 126//2 1358//2 1600//2
f 2142//2 50//2 12//2
f 12//2 50//2 132//2
f 12//2 132//2 3//2
f 3//2 132//2 131//2
f 3//2 131//2 133//2
f 133//2 131//2 130//2
f 133//2 130//2 134//2
f 134//2 130//2 129//2
f 134//2 129//2 135//2
f 135//2 129//2 1831//2
f 135//2 1831//2 2152//2
f 1045//2 1008//2 1318//2
f 1318//2 1008//2 3//2
f 1318//2 3//2 9//2
f 9//2 3//2 133//2
f 9//2 133//2 138//2
f 138//2 133//2 134//2
f 138//2 134//2 139//2
f 139//2 134//2 135//2
f 139//2 135//2 140//2
f 140//2 135//2 2152//2
f 140//2 2152//2 1832//2
f 1828//2 1829//2 1367//2
f 1367//2 1829//2 142//2
f 1367//2 142//2 1979//2
f 1979//2 142//2 1381//2
f 1029//2 1047//2 1829//2
f 1829//2 1047//2 1592//2
f 1829//2 1592//2 142//2
f 142//2 1592//2 6//2
f 142//2 6//2 1381//2
f 1381//2 6//2 1380//2
f 2092//2 9//2 1960//2
f 1960//2 9//2 138//2
f 1960//2 138//2 1382//2
f 1382//2 138//2 139//2
f 1382//2 139//2 1383//2
f 1383//2 139//2 140//2
f 1383//2 140//2 1601//2
f 1601//2 140//2 1832//2
f 1601//2 1832//2 1792//2
f 1981//3 1983//3 1985//3
f 1985//3 1983//3 153//3
f 1384//242 1386//243 1602//261
f 1982//95 1986//95 1833//156
f 1833//156 1986//95 158//65
f 1833//156 158//65 1834//278
f 2154//211 1049//211 1389//244
f 1389//244 1049//211 1051//212
f 1389//244 1051//212 1390//245
f 1390//245 1051//212 1603//262
f 1390//245 1603//262 1795//275
f 158//65 1384//242 1834//278
f 1834//278 1384//242 1602//261
f 1834//278 1602//261 2116//107
f 2116//107 1602//261 1796//107
f 2116//107 1796//107 1052//106
f 1052//106 1796//107 1392//106
f 1052//106 1392//106 1053//104
f 1053//104 1392//106 1393//104
f 1053//104 1393//104 1604//66
f 1604//66 1393//104 174//66
f 1604//66 174//66 1835//67
f 1835//67 174//66 176//67
f 1835//67 176//67 177//68
f 177//68 176//67 1394//68
f 177//68 1394//68 1055//97
f 1055//97 1394//68 1395//97
f 1055//97 1395//97 1605//69
f 1605//69 1395//97 182//69
f 1605//69 182//69 1836//70
f 1836//70 182//69 184//70
f 1836//70 184//70 1056//114
f 1056//114 184//70 1396//114
f 1056//114 1396//114 1057//105
f 1057//105 1396//114 1397//105
f 1057//105 1397//105 1607//71
f 1607//71 1397//105 190//71
f 1607//71 190//71 1603//262
f 1603//262 190//71 191//72
f 1603//262 191//72 1795//275
f 1058//3 1050//3 1060//3
f 1060//3 1050//3 160//3
f 192//73 1061//213 1404//237
f 1404//237 1061//213 1062//214
f 196//74 197//75 1066//216
f 1065//215 1984//283 1066//216
f 1066//216 1984//283 2117//288
f 1066//216 2117//288 196//74
f 196//74 2117//288 2118//76
f 196//74 2118//76 201//76
f 201//76 2118//76 1398//100
f 201//76 1398//100 1069//100
f 1069//100 1398//100 204//77
f 1069//100 204//77 1610//77
f 1610//77 204//77 206//78
f 1610//77 206//78 1837//78
f 1837//78 206//78 208//79
f 1837//78 208//79 209//79
f 209//79 208//79 1400//101
f 209//79 1400//101 1071//101
f 1071//101 1400//101 212//80
f 1071//101 212//80 1611//80
f 1611//80 212//80 214//81
f 1611//80 214//81 1838//81
f 1838//81 214//81 216//82
f 1838//81 216//82 1072//82
f 1072//82 216//82 1402//102
f 1072//82 1402//102 1073//102
f 1073//102 1402//102 220//83
f 1073//102 220//83 1612//83
f 1612//83 220//83 222//84
f 1612//83 222//84 1839//84
f 1839//84 222//84 224//85
f 1839//84 224//85 225//85
f 225//85 224//85 1405//103
f 225//85 1405//103 1075//103
f 1075//103 1405//103 1404//237
f 1075//103 1404//237 1614//263
f 1614//263 1404//237 1062//214
f 1614//263 1062//214 1615//264
f 1993//3 1995//3 1997//3
f 1997//3 1995//3 233//3
f 234//86 1406//246 1617//261
f 1994//113 1998//113 1840//156
f 1840//156 1998//113 238//87
f 1840//156 238//87 1841//278
f 240//88 1076//88 1409//247
f 1409//247 1076//88 1078//217
f 1409//247 1078//217 1410//248
f 1410//248 1078//217 1618//265
f 1410//248 1618//265 1807//275
f 238//87 234//86 1841//278
f 1841//278 234//86 1617//261
f 1841//278 1617//261 2119//107
f 2119//107 1617//261 1808//107
f 2119//107 1808//107 1079//106
f 1079//106 1808//107 1412//106
f 1079//106 1412//106 1080//104
f 1080//104 1412//106 1413//104
f 1080//104 1413//104 1619//89
f 1619//89 1413//104 254//89
f 1619//89 254//89 1842//67
f 1842//67 254//89 256//67
f 1842//67 256//67 1081//68
f 1081//68 256//67 1290//68
f 1081//68 1290//68 1082//97
f 1082//97 1290//68 1291//97
f 1082//97 1291//97 1620//69
f 1620//69 1291//97 262//69
f 1620//69 262//69 1843//90
f 1843//90 262//69 264//90
f 1843//90 264//90 1083//114
f 1083//114 264//90 1292//114
f 1083//114 1292//114 1084//105
f 1084//105 1292//114 1293//105
f 1084//105 1293//105 1623//91
f 1623//91 1293//105 270//91
f 1623//91 270//91 1618//265
f 1618//265 270//91 271//92
f 1618//265 271//92 1807//275
f 1085//3 1077//3 1087//3
f 1087//3 1077//3 2144//3
f 272//93 1088//218 1302//237
f 1302//237 1088//218 1089//219
f 1738//273 277//94 1093//221
f 1092//220 1996//284 1093//221
f 1093//221 1996//284 2120//289
f 1093//221 2120//289 1738//273
f 1738//273 2120//289 2121//170
f 1738//273 2121//170 1095//170
f 1095//170 2121//170 1296//112
f 1095//170 1296//112 1096//112
f 1096//112 1296//112 284//77
f 1096//112 284//77 1627//77
f 1627//77 284//77 286//78
f 1627//77 286//78 1844//78
f 1844//78 286//78 288//79
f 1844//78 288//79 1101//79
f 1101//79 288//79 1298//101
f 1101//79 1298//101 1102//101
f 1102//101 1298//101 292//80
f 1102//101 292//80 1628//80
f 1628//80 292//80 294//81
f 1628//80 294//81 1845//81
f 1845//81 294//81 296//82
f 1845//81 296//82 1103//82
f 1103//82 296//82 1300//102
f 1103//82 1300//102 1104//102
f 1104//102 1300//102 300//83
f 1104//102 300//83 1629//83
f 1629//83 300//83 302//84
f 1629//83 302//84 1846//84
f 1846//84 302//84 304//85
f 1846//84 304//85 305//85
f 305//85 304//85 1303//103
f 305//85 1303//103 1106//103
f 1106//103 1303//103 1302//237
f 1106//103 1302//237 1630//266
f 1630//266 1302//237 1089//219
f 1630//266 1089//219 1631//267
f 310//64 311//64 312//64
f 313//64 314//64 315//64
f 316//64 317//64 313//64
f 318//64 1904//64 320//64
f 1107//64 1108//64 323//64
f 1743//64 1744//64 326//64
f 2051//64 2123//64 329//64
f 330//64 1529//64 1633//64
f 1847//64 1848//64 2124//64
f 2124//64 1848//64 1745//64
f 1109//64 1304//64 1305//64
f 1305//64 1635//64 1109//64
f 1109//64 1635//64 1746//64
f 1109//64 1746//64 1849//64
f 1849//64 1942//64 1109//64
f 1109//64 1942//64 2125//64
f 1109//64 2125//64 1110//64
f 1110//64 2125//64 1306//64
f 1110//64 1306//64 1307//64
f 1307//64 1636//64 1110//64
f 1110//64 1636//64 1747//64
f 1110//64 1747//64 1852//64
f 1852//64 1944//64 1110//64
f 1110//64 1944//64 2126//64
f 1110//64 2126//64 330//64
f 330//64 2126//64 353//64
f 330//64 353//64 1529//64
f 1308//64 1309//64 1633//64
f 356//64 2124//64 1749//64
f 1749//64 2124//64 1853//64
f 356//64 1750//64 2124//64
f 2124//64 1750//64 1854//64
f 2124//64 1854//64 1847//64
f 1745//64 1848//64 1633//64
f 1633//64 1848//64 361//64
f 1633//64 361//64 1308//64
f 1309//64 1311//64 1633//64
f 1633//64 1311//64 1312//64
f 1633//64 1312//64 1638//64
f 1855//64 1945//64 1313//64
f 1304//64 1109//64 1313//64
f 1313//64 1109//64 1113//64
f 1313//64 1113//64 1855//64
f 369//64 1116//64 1639//64
f 1639//64 1116//64 1314//64
f 1639//64 1314//64 1640//64
f 1947//64 1314//64 1948//64
f 1948//64 1314//64 2127//64
f 1118//64 1119//64 1510//64
f 1510//64 1119//64 1315//64
f 1510//64 1315//64 1751//64
f 1751//64 1856//64 1510//64
f 1510//64 1856//64 1950//64
f 1510//64 1950//64 1314//64
f 1314//64 1950//64 2128//64
f 1314//64 2128//64 2127//64
f 1947//64 1120//64 1314//64
f 1314//64 1120//64 1121//64
f 1314//64 1121//64 1640//64
f 387//64 1642//64 389//64
f 389//64 1642//64 1752//64
f 391//64 1644//64 1122//64
f 1316//64 1317//64 1753//64
f 1646//64 1124//64 399//64
f 399//64 1124//64 1122//64
f 399//64 1122//64 400//64
f 400//64 1122//64 1644//64
f 1753//64 1317//64 1125//64
f 1322//64 1323//64 1122//64
f 1122//64 1323//64 1648//64
f 1857//64 1753//64 1858//64
f 1858//64 1753//64 1754//64
f 1857//64 1859//64 1753//64
f 1753//64 1859//64 409//64
f 1753//64 409//64 1316//64
f 1125//64 1317//64 1122//64
f 1122//64 1317//64 1325//64
f 1122//64 1325//64 1322//64
f 1648//64 1649//64 1122//64
f 1122//64 1649//64 1650//64
f 1122//64 1650//64 391//64
f 326//64 413//64 1951//64
f 1951//64 413//64 1953//64
f 1755//64 1743//64 417//64
f 326//64 1951//64 1743//64
f 1743//64 1951//64 1127//64
f 1743//64 1127//64 417//64
f 1651//64 1652//64 417//64
f 417//64 1860//64 1861//64
f 2130//64 417//64 2131//64
f 2131//64 417//64 1128//64
f 1652//64 1326//64 417//64
f 417//64 1326//64 1327//64
f 417//64 1327//64 1860//64
f 1861//64 1756//64 417//64
f 417//64 1756//64 1757//64
f 417//64 1757//64 1755//64
f 2130//64 1954//64 417//64
f 417//64 1954//64 1653//64
f 417//64 1653//64 1651//64
f 1953//64 413//64 2132//64
f 2132//64 413//64 433//64
f 2132//64 433//64 1330//64
f 435//64 436//64 1655//64
f 1655//64 436//64 438//64
f 435//64 1656//64 436//64
f 436//64 1656//64 2134//64
f 436//64 2134//64 1129//64
f 1328//64 1329//64 438//64
f 438//64 1329//64 1657//64
f 438//64 1657//64 1760//64
f 1129//64 1130//64 436//64
f 436//64 1130//64 1955//64
f 436//64 1955//64 1331//64
f 1760//64 1131//64 438//64
f 438//64 1131//64 1132//64
f 438//64 1132//64 1655//64
f 1517//64 1673//64 1332//64
f 1328//64 438//64 1332//64
f 1332//64 438//64 454//64
f 1332//64 454//64 1517//64
f 2081//64 2135//64 457//64
f 323//64 1333//64 1334//64
f 460//64 2081//64 1874//64
f 1956//64 1957//64 464//64
f 464//64 1133//64 466//64
f 466//64 1133//64 1134//64
f 466//64 1134//64 1659//64
f 1659//64 1761//64 466//64
f 466//64 1761//64 1862//64
f 466//64 1862//64 1958//64
f 2150//64 1138//64 1874//64
f 1957//64 1340//64 464//64
f 464//64 1340//64 1341//64
f 464//64 1341//64 1660//64
f 1958//64 1863//64 466//64
f 466//64 1863//64 1864//64
f 466//64 1864//64 1959//64
f 1660//64 1762//64 464//64
f 464//64 1762//64 481//64
f 464//64 481//64 1133//64
f 1874//64 1342//64 1343//64
f 484//64 1874//64 1764//64
f 1764//64 1874//64 1865//64
f 1138//64 1139//64 1874//64
f 1874//64 1139//64 1344//64
f 1874//64 1344//64 1342//64
f 1343//64 1140//64 1874//64
f 1874//64 1140//64 1141//64
f 1874//64 1141//64 460//64
f 484//64 491//64 1874//64
f 1874//64 491//64 1662//64
f 1874//64 1662//64 2150//64
f 1333//64 323//64 1345//64
f 1345//64 323//64 1108//64
f 1345//64 1108//64 1959//64
f 1959//64 1108//64 318//64
f 1959//64 318//64 466//64
f 494//64 1769//64 2031//64
f 1142//64 1144//64 499//64
f 499//64 1144//64 500//64
f 500//64 1144//64 1349//64
f 500//64 1349//64 502//64
f 502//64 1349//64 1866//64
f 502//64 1866//64 504//64
f 505//64 1350//64 1351//64
f 1621//64 509//64 1351//64
f 1351//64 509//64 494//64
f 1351//64 494//64 505//64
f 505//64 494//64 2031//64
f 505//64 2031//64 499//64
f 499//64 2031//64 1146//64
f 499//64 1146//64 1142//64
f 1350//64 505//64 1353//64
f 1353//64 505//64 310//64
f 1353//64 310//64 1869//64
f 2123//64 1945//64 329//64
f 329//64 1945//64 1855//64
f 329//64 1855//64 513//64
f 513//64 1855//64 1457//64
f 513//64 1457//64 515//64
f 515//64 1457//64 1458//64
f 515//64 1458//64 517//64
f 517//64 1458//64 1148//64
f 517//64 1148//64 519//64
f 1638//64 1711//64 1633//64
f 1633//64 1711//64 2051//64
f 1633//64 2051//64 330//64
f 330//64 2051//64 329//64
f 330//64 329//64 1098//64
f 1459//64 1460//64 524//64
f 1098//64 1149//64 330//64
f 330//64 1149//64 1870//64
f 330//64 1870//64 524//64
f 524//64 1870//64 1461//64
f 524//64 1461//64 1459//64
f 1460//64 1499//64 524//64
f 524//64 1499//64 1151//64
f 524//64 1151//64 1152//64
f 1464//64 1500//64 513//64
f 1871//64 1872//64 513//64
f 513//64 1872//64 2024//64
f 513//64 2024//64 2053//64
f 1500//64 1235//64 513//64
f 513//64 1235//64 1236//64
f 513//64 1236//64 1871//64
f 1501//64 1098//64 1502//64
f 1502//64 1098//64 329//64
f 1502//64 329//64 1712//64
f 1712//64 329//64 513//64
f 1712//64 513//64 1873//64
f 1873//64 513//64 2053//64
f 2054//64 2055//64 1501//64
f 1501//64 2055//64 545//64
f 1501//64 545//64 1098//64
f 1465//64 1466//64 1714//64
f 2054//64 1501//64 1714//64
f 1714//64 1501//64 1467//64
f 1714//64 1467//64 1465//64
f 1466//64 1506//64 1714//64
f 1714//64 1506//64 2025//64
f 1714//64 2025//64 2056//64
f 2056//64 1154//64 1714//64
f 1714//64 1154//64 1155//64
f 1714//64 1155//64 1468//64
f 519//64 502//64 517//64
f 517//64 502//64 504//64
f 517//64 504//64 515//64
f 515//64 504//64 556//64
f 515//64 556//64 513//64
f 513//64 556//64 524//64
f 513//64 524//64 1464//64
f 1464//64 524//64 1152//64
f 1387//64 1609//64 323//64
f 323//64 1609//64 519//64
f 323//64 519//64 1107//64
f 1107//64 519//64 1148//64
f 170//64 168//64 156//64
f 156//64 1387//64 1794//64
f 1794//64 1387//64 323//64
f 1794//64 323//64 457//64
f 457//64 323//64 1334//64
f 457//64 1334//64 2081//64
f 2081//64 1334//64 1507//64
f 2081//64 1507//64 1874//64
f 1609//64 1802//64 519//64
f 519//64 1802//64 1068//64
f 519//64 1068//64 203//64
f 217//64 219//64 502//64
f 502//64 219//64 221//64
f 203//64 205//64 519//64
f 519//64 205//64 207//64
f 519//64 207//64 1070//64
f 221//64 223//64 502//64
f 502//64 223//64 1074//64
f 502//64 1074//64 227//64
f 1070//64 211//64 519//64
f 519//64 211//64 213//64
f 519//64 213//64 502//64
f 502//64 213//64 215//64
f 502//64 215//64 217//64
f 1794//64 1989//64 156//64
f 156//64 1989//64 1801//64
f 156//64 1801//64 188//64
f 227//64 228//64 457//64
f 457//64 228//64 1616//64
f 457//64 1616//64 1794//64
f 188//64 186//64 156//64
f 156//64 186//64 1988//64
f 156//64 1988//64 1798//64
f 1798//64 180//64 156//64
f 156//64 180//64 178//64
f 156//64 178//64 1987//64
f 1987//64 1797//64 156//64
f 156//64 1797//64 172//64
f 156//64 172//64 170//64
f 1866//64 1769//64 504//64
f 504//64 1769//64 494//64
f 504//64 494//64 556//64
f 556//64 494//64 509//64
f 556//64 509//64 524//64
f 524//64 509//64 317//64
f 524//64 317//64 330//64
f 330//64 317//64 316//64
f 330//64 316//64 1110//64
f 1621//64 314//64 509//64
f 509//64 314//64 1509//64
f 509//64 1509//64 317//64
f 317//64 1509//64 1189//64
f 317//64 1189//64 313//64
f 313//64 1189//64 2058//64
f 313//64 2058//64 314//64
f 314//64 2058//64 1463//64
f 314//64 1463//64 1509//64
f 1469//64 389//64 1470//64
f 1470//64 389//64 1752//64
f 1470//64 1752//64 1510//64
f 1510//64 1752//64 1156//64
f 1510//64 1156//64 1118//64
f 1875//64 505//64 1877//64
f 1877//64 505//64 499//64
f 1877//64 499//64 1160//64
f 1160//64 499//64 311//64
f 1160//64 311//64 1879//64
f 1879//64 311//64 310//64
f 1879//64 310//64 1875//64
f 1875//64 310//64 505//64
f 1331//64 1330//64 436//64
f 436//64 1330//64 433//64
f 436//64 433//64 569//64
f 569//64 433//64 570//64
f 569//64 570//64 571//64
f 571//64 570//64 572//64
f 571//64 572//64 573//64
f 573//64 572//64 457//64
f 573//64 457//64 464//64
f 464//64 457//64 2135//64
f 464//64 2135//64 1956//64
f 1644//64 387//64 400//64
f 400//64 387//64 389//64
f 400//64 389//64 574//64
f 1621//64 575//64 314//64
f 314//64 575//64 1869//64
f 314//64 1869//64 315//64
f 315//64 1869//64 310//64
f 315//64 310//64 576//64
f 576//64 310//64 312//64
f 576//64 312//64 577//64
f 400//64 1337//64 399//64
f 399//64 1337//64 1471//64
f 399//64 1471//64 580//64
f 580//64 1471//64 1511//64
f 2026//64 2027//64 574//64
f 2140//64 1163//64 574//64
f 574//64 1163//64 1164//64
f 574//64 1164//64 1473//64
f 1511//64 1704//64 580//64
f 580//64 1704//64 1705//64
f 580//64 1705//64 1881//64
f 1881//64 2028//64 580//64
f 580//64 2028//64 2059//64
f 580//64 2059//64 593//64
f 2027//64 1474//64 574//64
f 574//64 1474//64 1475//64
f 574//64 1475//64 2140//64
f 1716//64 1337//64 1717//64
f 1717//64 1337//64 400//64
f 1717//64 400//64 1882//64
f 1882//64 400//64 574//64
f 1882//64 574//64 1512//64
f 1512//64 574//64 1473//64
f 2141//64 1165//64 1716//64
f 1716//64 1165//64 1166//64
f 1716//64 1166//64 1337//64
f 1513//64 1514//64 1884//64
f 2141//64 1716//64 1884//64
f 1884//64 1716//64 1515//64
f 1884//64 1515//64 1513//64
f 1514//64 1719//64 1884//64
f 1884//64 1719//64 2060//64
f 1884//64 2060//64 1167//64
f 1167//64 1168//64 1884//64
f 1884//64 1168//64 1476//64
f 1884//64 1476//64 1516//64
f 593//64 2026//64 580//64
f 580//64 2026//64 574//64
f 580//64 574//64 613//64
f 614//64 613//64 615//64
f 615//64 613//64 574//64
f 615//64 574//64 616//64
f 616//64 574//64 389//64
f 616//64 389//64 617//64
f 617//64 389//64 1469//64
f 617//64 1469//64 1203//64
f 577//64 614//64 576//64
f 576//64 614//64 615//64
f 576//64 615//64 315//64
f 315//64 615//64 616//64
f 315//64 616//64 313//64
f 313//64 616//64 617//64
f 313//64 617//64 316//64
f 316//64 617//64 1203//64
f 316//64 1203//64 1110//64
f 236//64 1407//64 1806//64
f 281//64 283//64 312//64
f 250//64 248//64 236//64
f 281//64 312//64 276//64
f 227//64 457//64 502//64
f 502//64 457//64 572//64
f 502//64 572//64 500//64
f 500//64 572//64 570//64
f 500//64 570//64 499//64
f 499//64 570//64 433//64
f 499//64 433//64 311//64
f 311//64 433//64 413//64
f 311//64 413//64 312//64
f 312//64 413//64 1626//64
f 312//64 1626//64 276//64
f 299//64 301//64 577//64
f 283//64 285//64 312//64
f 312//64 285//64 287//64
f 312//64 287//64 289//64
f 299//64 577//64 297//64
f 301//64 303//64 577//64
f 577//64 303//64 1105//64
f 577//64 1105//64 307//64
f 307//64 308//64 577//64
f 577//64 308//64 1632//64
f 577//64 1632//64 326//64
f 326//64 1632//64 1806//64
f 326//64 1806//64 413//64
f 413//64 1806//64 1407//64
f 413//64 1407//64 1626//64
f 1806//64 1937//64 236//64
f 236//64 1937//64 1737//64
f 236//64 1737//64 268//64
f 289//64 291//64 312//64
f 312//64 291//64 293//64
f 312//64 293//64 577//64
f 577//64 293//64 295//64
f 577//64 295//64 297//64
f 268//64 266//64 236//64
f 236//64 266//64 1936//64
f 236//64 1936//64 1736//64
f 1736//64 260//64 236//64
f 236//64 260//64 258//64
f 236//64 258//64 1999//64
f 1999//64 1809//64 236//64
f 236//64 1809//64 252//64
f 236//64 252//64 250//64
f 1744//64 1673//64 326//64
f 326//64 1673//64 1517//64
f 326//64 1517//64 577//64
f 577//64 1517//64 1518//64
f 577//64 1518//64 614//64
f 614//64 1518//64 620//64
f 614//64 620//64 613//64
f 613//64 620//64 1720//64
f 613//64 1720//64 580//64
f 580//64 1720//64 1169//64
f 580//64 1169//64 399//64
f 399//64 1169//64 369//64
f 399//64 369//64 1646//64
f 1646//64 369//64 1639//64
f 318//64 320//64 466//64
f 466//64 320//64 2061//64
f 466//64 2061//64 464//64
f 464//64 2061//64 2062//64
f 464//64 2062//64 573//64
f 573//64 2062//64 1170//64
f 573//64 1170//64 571//64
f 571//64 1170//64 1171//64
f 571//64 1171//64 569//64
f 569//64 1171//64 1477//64
f 569//64 1477//64 436//64
f 436//64 1477//64 1520//64
f 436//64 1520//64 438//64
f 438//64 1520//64 1522//64
f 438//64 1522//64 454//64
f 1658//23 1521//23 115//23
f 109//23 1117//23 107//23
f 107//23 1117//23 1115//23
f 107//23 1115//23 105//23
f 105//23 1115//23 103//23
f 103//23 1115//23 622//23
f 103//23 622//23 94//23
f 94//23 622//23 621//23
f 94//23 621//23 95//23
f 95//23 621//23 1519//23
f 95//23 1519//23 114//23
f 114//23 1519//23 619//23
f 114//23 619//23 115//23
f 115//23 619//23 451//23
f 115//23 451//23 1658//23
f 1377//3 629//3 628//3
f 628//3 627//3 1377//3
f 1377//3 627//3 626//3
f 1377//3 626//3 116//3
f 116//3 626//3 625//3
f 116//3 625//3 117//3
f 117//3 625//3 624//3
f 117//3 624//3 128//3
f 128//3 624//3 623//3
f 128//3 623//3 136//3
f 136//3 623//3 2122//3
f 136//3 2122//3 141//3
f 141//3 2122//3 1903//3
f 141//3 1903//3 149//3
f 365//7 368//7 1980//7
f 1793//7 319//7 1941//7
f 1941//7 322//7 1793//7
f 1793//7 322//7 321//7
f 1793//7 321//7 148//7
f 148//7 321//7 518//7
f 1980//7 144//7 365//7
f 365//7 144//7 18//7
f 365//7 18//7 514//7
f 514//7 18//7 14//7
f 514//7 14//7 516//7
f 516//7 14//7 146//7
f 516//7 146//7 518//7
f 518//7 146//7 147//7
f 518//7 147//7 148//7
f 372//1 370//1 1597//1
f 143//1 1114//1 70//1
f 70//1 1114//1 337//1
f 70//1 337//1 26//1
f 26//1 337//1 345//1
f 26//1 345//1 27//1
f 27//1 345//1 127//1
f 127//1 345//1 618//1
f 127//1 618//1 108//1
f 618//1 562//1 108//1
f 108//1 562//1 563//1
f 108//1 563//1 1597//1
f 1597//1 563//1 379//1
f 1597//1 379//1 372//1
f 2032//1 2034//1 2036//1
f 2036//1 2034//1 633//1
f 526//158 1150//225 1479//251
f 2033//130 2037//253 1525//256
f 1525//256 2037//253 1800//276
f 1480//252 1885//279 1479//251
f 1479//251 1885//279 2038//178
f 1479//251 2038//178 526//158
f 526//158 2038//178 2063//136
f 526//158 2063//136 527//136
f 527//136 2063//136 641//157
f 527//136 641//157 522//157
f 522//157 641//157 1173//138
f 522//157 1173//138 523//138
f 523//138 1173//138 1482//159
f 523//138 1482//159 528//159
f 528//159 1482//159 1523//143
f 528//159 1523//143 529//143
f 529//143 1523//143 1722//144
f 529//143 1722//144 530//144
f 530//144 1722//144 1887//132
f 530//144 1887//132 531//132
f 531//132 1887//132 2039//149
f 531//132 2039//149 532//149
f 532//149 2039//149 2064//133
f 532//149 2064//133 537//133
f 537//133 2064//133 1174//134
f 537//133 1174//134 538//134
f 538//134 1174//134 1175//150
f 538//134 1175//150 533//150
f 533//150 1175//150 1483//151
f 533//150 1483//151 534//151
f 534//151 1483//151 1524//160
f 534//151 1524//160 535//160
f 535//160 1524//160 1526//142
f 535//160 1526//142 536//142
f 536//142 1526//142 1525//256
f 536//142 1525//256 542//163
f 542//163 1525//256 1800//276
f 542//163 1800//276 541//162
f 2040//1 1886//1 1888//1
f 1888//1 1886//1 1481//1
f 1099//223 1097//222 1153//174
f 2041//280 1889//280 1176//226
f 1176//226 1889//280 2065//229
f 1176//226 2065//229 659//175
f 1179//227 2035//227 1180//228
f 1180//228 2035//227 661//176
f 1180//228 661//176 1699//271
f 1699//271 661//176 1891//230
f 1699//271 1891//230 1503//255
f 2065//229 1099//223 659//175
f 659//175 1099//223 1153//174
f 659//175 1153//174 664//155
f 664//155 1153//174 544//155
f 664//155 544//155 1181//164
f 1181//164 544//155 543//164
f 1181//164 543//164 1182//119
f 1182//119 543//164 548//119
f 1182//119 548//119 1484//169
f 1484//169 548//119 555//169
f 1484//169 555//169 1528//153
f 1528//153 555//169 554//153
f 1528//153 554//153 1723//168
f 1723//168 554//153 553//168
f 1723//168 553//168 1892//167
f 1892//167 553//168 552//167
f 1892//167 552//167 671//166
f 671//166 552//167 551//166
f 671//166 551//166 672//165
f 672//165 551//166 550//165
f 672//165 550//165 1183//121
f 1183//121 550//165 547//121
f 1183//121 547//121 1184//152
f 1184//152 547//121 546//152
f 1184//152 546//152 1485//123
f 1485//123 546//152 549//123
f 1485//123 549//123 1891//230
f 1891//230 549//123 539//161
f 1891//230 539//161 1503//255
f 631//64 630//64 1890//64
f 1890//64 630//64 635//64
f 1890//64 635//64 663//64
f 663//64 635//64 653//64
f 663//64 653//64 675//64
f 675//64 653//64 652//64
f 675//64 652//64 674//64
f 674//64 652//64 651//64
f 674//64 651//64 673//64
f 673//64 651//64 650//64
f 673//64 650//64 2066//64
f 2066//64 650//64 649//64
f 2066//64 649//64 2042//64
f 2042//64 649//64 648//64
f 2042//64 648//64 670//64
f 670//64 648//64 647//64
f 670//64 647//64 669//64
f 669//64 647//64 646//64
f 669//64 646//64 668//64
f 668//64 646//64 645//64
f 668//64 645//64 667//64
f 667//64 645//64 644//64
f 667//64 644//64 666//64
f 666//64 644//64 643//64
f 666//64 643//64 665//64
f 665//64 643//64 642//64
f 665//64 642//64 1527//64
f 1527//64 642//64 1172//64
f 1527//64 1172//64 1177//64
f 1177//64 1172//64 640//64
f 1177//64 640//64 657//64
f 657//64 640//64 639//64
f 657//64 639//64 654//64
f 654//64 639//64 638//64
f 1532//3 1724//3 1530//3
f 1530//3 1724//3 1634//3
f 1531//93 331//93 1637//110
f 1531//93 1637//110 1726//110
f 1726//110 1637//110 352//103
f 1726//110 352//103 2043//103
f 2043//103 352//103 351//85
f 2043//103 351//85 2067//85
f 2067//85 351//85 350//84
f 2067//85 350//84 1185//84
f 1185//84 350//84 349//83
f 1185//84 349//83 1186//83
f 1186//83 349//83 348//102
f 1186//83 348//102 1486//102
f 1486//102 348//102 347//82
f 1486//102 347//82 1533//82
f 1533//82 347//82 346//81
f 1533//82 346//81 1727//81
f 1727//81 346//81 344//80
f 1727//81 344//80 1893//80
f 1893//80 344//80 343//101
f 1893//80 343//101 2044//101
f 2044//101 343//101 342//79
f 2044//101 342//79 2068//79
f 2068//79 342//79 341//78
f 2068//79 341//78 1187//78
f 1187//78 341//78 340//77
f 1187//78 340//77 1188//77
f 1188//77 340//77 339//100
f 1188//77 339//100 1487//100
f 1487//100 339//100 338//76
f 1487//100 338//76 1534//76
f 1534//76 338//76 367//109
f 1534//76 367//109 1728//109
f 1728//109 367//109 1946//268
f 1728//109 1946//268 1894//268
f 2052//3 2046//3 328//3
f 328//3 2046//3 1895//3
f 328//3 1895//3 366//3
f 695//95 327//95 696//156
f 696//156 327//95 520//156
f 696//156 520//156 1191//108
f 1191//108 520//156 364//108
f 1191//108 364//108 1192//107
f 1192//107 364//108 363//107
f 1192//107 363//107 699//106
f 699//106 363//107 362//106
f 699//106 362//106 700//104
f 700//104 362//106 355//104
f 700//104 355//104 1729//66
f 1729//66 355//104 354//66
f 1729//66 354//66 1896//67
f 1896//67 354//66 1310//67
f 1896//67 1310//67 2047//68
f 2047//68 1310//67 334//68
f 2047//68 334//68 704//97
f 704//97 334//68 333//97
f 704//97 333//97 1193//69
f 1193//69 333//97 360//69
f 1193//69 360//69 1194//70
f 1194//70 360//69 359//70
f 1194//70 359//70 707//114
f 707//114 359//70 1748//114
f 707//114 1748//114 708//105
f 708//105 1748//114 357//105
f 708//105 357//105 1730//71
f 1730//71 357//105 358//71
f 1730//71 358//71 1897//98
f 1897//98 358//71 335//98
f 1897//98 335//98 711//99
f 711//99 335//98 336//99
f 711//99 336//99 1725//96
f 1725//96 336//99 332//96
f 677//64 676//64 1898//64
f 1898//64 676//64 678//64
f 1898//64 678//64 710//64
f 710//64 678//64 679//64
f 710//64 679//64 709//64
f 709//64 679//64 680//64
f 709//64 680//64 1536//64
f 1536//64 680//64 681//64
f 1536//64 681//64 1489//64
f 1489//64 681//64 682//64
f 1489//64 682//64 706//64
f 706//64 682//64 683//64
f 706//64 683//64 705//64
f 705//64 683//64 684//64
f 705//64 684//64 2070//64
f 2070//64 684//64 685//64
f 2070//64 685//64 703//64
f 703//64 685//64 686//64
f 703//64 686//64 702//64
f 702//64 686//64 687//64
f 702//64 687//64 701//64
f 701//64 687//64 688//64
f 701//64 688//64 1535//64
f 1535//64 688//64 689//64
f 1535//64 689//64 1488//64
f 1488//64 689//64 690//64
f 1488//64 690//64 698//64
f 698//64 690//64 691//64
f 698//64 691//64 697//64
f 697//64 691//64 692//64
f 697//64 692//64 2069//64
f 2069//64 692//64 693//64
f 2069//64 693//64 2045//64
f 2045//64 693//64 694//64
f 540//1 1713//1 1700//1
f 1700//1 1713//1 636//1
f 632//2 1178//2 1799//2
f 1799//2 1178//2 660//2
f 1799//2 660//2 662//2
f 655//2 637//2 658//2
f 658//2 637//2 634//2
f 658//2 634//2 1100//2
f 656//1 1478//1 521//1
f 521//1 1478//1 525//1
f 2146//1 1195//1 1490//1
f 1490//1 1195//1 1197//1
f 581//171 1472//250 1538//257
f 2147//130 1491//253 1901//256
f 1901//256 1491//253 1492//254
f 1731//252 2071//279 1538//257
f 1538//257 2071//279 721//178
f 1538//257 721//178 581//171
f 581//171 721//178 1200//136
f 581//171 1200//136 588//136
f 588//136 1200//136 1494//157
f 588//136 1494//157 589//157
f 589//157 1494//157 1539//138
f 589//157 1539//138 590//138
f 590//138 1539//138 1733//159
f 590//138 1733//159 591//159
f 591//159 1733//159 1899//143
f 591//159 1899//143 592//143
f 592//143 1899//143 2048//144
f 592//143 2048//144 2029//144
f 2029//144 2048//144 2073//132
f 2029//144 2073//132 582//132
f 582//132 2073//132 729//149
f 582//132 729//149 583//149
f 583//149 729//149 1202//133
f 583//149 1202//133 594//133
f 594//133 1202//133 1422//134
f 594//133 1422//134 595//134
f 595//134 1422//134 1624//150
f 595//134 1624//150 584//150
f 584//150 1624//150 1734//140
f 584//150 1734//140 585//140
f 585//140 1734//140 1900//141
f 585//140 1900//141 586//141
f 586//141 1900//141 1902//142
f 586//141 1902//142 587//142
f 587//142 1902//142 1901//256
f 587//142 1901//256 599//173
f 599//173 1901//256 1492//254
f 599//173 1492//254 598//172
f 2149//1 2072//1 1205//1
f 1205//1 2072//1 1732//1
f 1338//239 1336//222 602//174
f 736//179 1204//179 739//115
f 739//115 1204//179 1206//229
f 739//115 1206//229 741//180
f 715//177 1196//177 1542//258
f 1542//258 1196//177 1207//176
f 1542//258 1207//176 1905//281
f 1905//281 1207//176 1210//230
f 1905//281 1210//230 1718//272
f 1206//229 1338//239 741//180
f 741//180 1338//239 602//174
f 741//180 602//174 1495//126
f 1495//126 602//174 601//126
f 1495//126 601//126 1496//164
f 1496//164 601//126 600//164
f 1496//164 600//164 1543//119
f 1543//119 600//164 605//119
f 1543//119 605//119 1710//169
f 1710//169 605//119 612//169
f 1710//169 612//169 1907//153
f 1907//153 612//169 611//153
f 1907//153 611//153 751//168
f 751//168 611//153 610//168
f 751//168 610//168 752//167
f 752//167 610//168 609//167
f 752//167 609//167 1208//166
f 1208//166 609//167 608//166
f 1208//166 608//166 1209//165
f 1209//165 608//166 607//165
f 1209//165 607//165 1497//121
f 1497//121 607//165 604//121
f 1497//121 604//121 1544//152
f 1544//152 604//121 603//152
f 1544//152 603//152 1211//123
f 1211//123 603//152 606//123
f 1211//123 606//123 1210//230
f 1210//230 606//123 596//161
f 1210//230 596//161 1718//272
f 713//64 712//64 743//64
f 743//64 712//64 717//64
f 743//64 717//64 745//64
f 745//64 717//64 735//64
f 745//64 735//64 757//64
f 757//64 735//64 734//64
f 757//64 734//64 756//64
f 756//64 734//64 733//64
f 756//64 733//64 755//64
f 755//64 733//64 732//64
f 755//64 732//64 754//64
f 754//64 732//64 731//64
f 754//64 731//64 753//64
f 753//64 731//64 730//64
f 753//64 730//64 2074//64
f 2074//64 730//64 1201//64
f 2074//64 1201//64 1949//64
f 1949//64 1201//64 728//64
f 1949//64 728//64 750//64
f 750//64 728//64 727//64
f 750//64 727//64 749//64
f 749//64 727//64 726//64
f 749//64 726//64 748//64
f 748//64 726//64 725//64
f 748//64 725//64 747//64
f 747//64 725//64 724//64
f 747//64 724//64 746//64
f 746//64 724//64 723//64
f 746//64 723//64 1541//64
f 1541//64 723//64 722//64
f 1541//64 722//64 1540//64
f 1540//64 722//64 1199//64
f 1540//64 1199//64 2148//64
f 2148//64 1199//64 720//64
f 1647//3 1909//3 398//3
f 398//3 1909//3 1212//3
f 398//3 1212//3 1123//3
f 1908//93 397//93 371//110
f 1908//93 371//110 2049//110
f 2049//110 371//110 373//103
f 2049//110 373//103 1214//103
f 1214//103 373//103 386//85
f 1214//103 386//85 1215//85
f 1215//85 386//85 385//84
f 1215//85 385//84 1498//84
f 1498//84 385//84 374//83
f 1498//84 374//83 1545//83
f 1545//83 374//83 375//102
f 1545//83 375//102 1735//102
f 1735//102 375//102 376//111
f 1735//102 376//111 1919//82
f 1919//82 376//111 384//81
f 1919//82 384//81 2050//81
f 2050//81 384//81 383//80
f 2050//81 383//80 2077//80
f 2077//80 383//80 382//101
f 2077//80 382//101 1216//101
f 1216//101 382//101 381//79
f 1216//101 381//79 1217//79
f 1217//79 381//79 380//78
f 1217//79 380//78 1414//78
f 1414//78 380//78 378//77
f 1414//78 378//77 1546//77
f 1546//77 378//77 377//112
f 1546//77 377//112 1663//112
f 1663//112 377//112 564//170
f 1663//112 564//170 1911//170
f 1911//170 564//170 390//109
f 1911//170 390//109 2000//109
f 2000//109 390//109 1643//268
f 2000//109 1643//268 1665//268
f 1645//3 1219//3 1641//3
f 1641//3 1219//3 1664//3
f 1641//3 1664//3 388//3
f 1218//113 392//113 1220//156
f 1220//156 392//113 2129//156
f 1220//156 2129//156 1415//108
f 1415//108 2129//156 412//108
f 1415//108 412//108 1547//107
f 1547//107 412//108 411//107
f 1547//107 411//107 1666//106
f 1666//106 411//107 404//106
f 1666//106 404//106 782//104
f 782//104 404//106 403//104
f 782//104 403//104 783//89
f 783//89 403//104 402//89
f 783//89 402//89 784//67
f 784//67 402//89 410//67
f 784//67 410//67 1221//68
f 1221//68 410//67 395//68
f 1221//68 395//68 1222//97
f 1222//97 395//68 394//97
f 1222//97 394//97 1416//69
f 1416//69 394//97 1324//69
f 1416//69 1324//69 1548//90
f 1548//90 1324//69 408//90
f 1548//90 408//90 789//114
f 789//114 408//90 405//114
f 789//114 405//114 790//105
f 790//105 405//114 406//105
f 790//105 406//105 791//91
f 791//91 406//105 407//91
f 791//91 407//91 792//98
f 792//98 407//91 396//98
f 792//98 396//98 2080//99
f 2080//99 396//98 401//99
f 2080//99 401//99 1213//88
f 1213//88 401//99 393//88
f 759//64 758//64 793//64
f 793//64 758//64 760//64
f 793//64 760//64 2079//64
f 2079//64 760//64 761//64
f 2079//64 761//64 2002//64
f 2002//64 761//64 762//64
f 2002//64 762//64 1913//64
f 1913//64 762//64 763//64
f 1913//64 763//64 1667//64
f 1667//64 763//64 764//64
f 1667//64 764//64 788//64
f 788//64 764//64 765//64
f 788//64 765//64 787//64
f 787//64 765//64 766//64
f 787//64 766//64 786//64
f 786//64 766//64 767//64
f 786//64 767//64 785//64
f 785//64 767//64 768//64
f 785//64 768//64 2078//64
f 2078//64 768//64 769//64
f 2078//64 769//64 2001//64
f 2001//64 769//64 770//64
f 2001//64 770//64 1912//64
f 1912//64 770//64 771//64
f 1912//64 771//64 781//64
f 781//64 771//64 772//64
f 781//64 772//64 780//64
f 780//64 772//64 773//64
f 780//64 773//64 779//64
f 779//64 773//64 774//64
f 779//64 774//64 778//64
f 778//64 774//64 775//64
f 778//64 775//64 777//64
f 777//64 775//64 776//64
f 597//1 1883//1 1906//1
f 1906//1 1883//1 718//1
f 714//2 1198//2 1493//2
f 1493//2 1198//2 742//2
f 1493//2 742//2 744//2
f 737//2 719//2 740//2
f 740//2 719//2 716//2
f 740//2 716//2 1339//2
f 738//1 1537//1 578//1
f 578//1 1537//1 579//1
f 161//64 1059//64 163//64
f 163//64 1059//64 194//64
f 163//64 194//64 165//64
f 165//64 194//64 226//64
f 165//64 226//64 189//64
f 189//64 226//64 1992//64
f 189//64 1992//64 187//64
f 187//64 1992//64 1805//64
f 187//64 1805//64 185//64
f 185//64 1805//64 1403//64
f 185//64 1403//64 183//64
f 183//64 1403//64 218//64
f 183//64 218//64 181//64
f 181//64 218//64 1991//64
f 181//64 1991//64 179//64
f 179//64 1991//64 1804//64
f 179//64 1804//64 1054//64
f 1054//64 1804//64 1401//64
f 1054//64 1401//64 175//64
f 175//64 1401//64 210//64
f 175//64 210//64 173//64
f 173//64 210//64 1990//64
f 173//64 1990//64 171//64
f 171//64 1990//64 1803//64
f 171//64 1803//64 169//64
f 169//64 1803//64 1399//64
f 169//64 1399//64 167//64
f 167//64 1399//64 202//64
f 167//64 202//64 159//64
f 159//64 202//64 200//64
f 159//64 200//64 157//64
f 157//64 200//64 199//64
f 157//64 199//64 150//64
f 150//64 199//64 151//64
f 1417//1 1419//1 2082//1
f 2082//1 1419//1 2136//1
f 1418//147 455//147 1421//226
f 1421//226 455//147 1765//226
f 1421//226 1765//226 1668//127
f 1668//127 1765//226 490//127
f 1668//127 490//127 1914//155
f 1914//155 490//127 489//155
f 1914//155 489//155 2003//120
f 2003//120 489//155 483//120
f 2003//120 483//120 2083//119
f 2083//119 483//120 482//119
f 2083//119 482//119 801//154
f 801//154 482//119 488//154
f 801//154 488//154 1224//124
f 1224//124 488//154 487//153
f 1224//124 487//153 1423//118
f 1423//118 487//153 473//118
f 1423//118 473//118 1606//117
f 1606//117 473//118 472//117
f 1606//117 472//117 1669//129
f 1669//129 472//117 492//129
f 1669//129 492//129 1915//269
f 1915//269 492//129 1661//269
f 1915//269 1661//269 2004//121
f 2004//121 1661//269 1763//121
f 2004//121 1763//121 2084//152
f 2084//152 1763//121 485//152
f 2084//152 485//152 1225//123
f 1225//123 485//152 486//123
f 1225//123 486//123 1226//148
f 1226//148 486//123 461//148
f 1226//148 461//148 1424//116
f 1424//116 461//148 557//116
f 1424//116 557//116 1505//238
f 1505//238 557//116 1335//238
f 1346//1 1670//1 458//1
f 458//1 1670//1 1504//1
f 458//1 1504//1 459//1
f 813//130 493//130 479//131
f 813//130 479//131 814//131
f 814//131 479//131 478//142
f 814//131 478//142 815//142
f 815//142 478//142 477//141
f 815//142 477//141 816//141
f 816//141 477//141 471//151
f 816//141 471//151 1227//151
f 1227//151 471//151 470//150
f 1227//151 470//150 1228//231
f 1228//231 470//150 469//134
f 1228//231 469//134 1425//134
f 1425//134 469//134 468//133
f 1425//134 468//133 1549//133
f 1549//133 468//133 467//149
f 1549//133 467//149 1672//149
f 1672//149 467//149 465//132
f 1672//149 465//132 1917//132
f 1917//132 465//132 1137//144
f 1917//132 1137//144 823//144
f 823//144 1137//144 480//143
f 823//144 480//143 824//143
f 824//143 480//143 476//139
f 824//143 476//139 1229//159
f 1229//159 476//139 475//138
f 1229//159 475//138 1230//138
f 1230//138 475//138 474//137
f 1230//138 474//137 1426//137
f 1426//137 474//137 463//136
f 1426//137 463//136 1550//136
f 1550//136 463//136 462//146
f 1550//136 462//146 829//146
f 829//146 462//146 456//145
f 829//146 456//145 1420//145
f 812//64 1671//64 811//64
f 811//64 1671//64 1916//64
f 811//64 1916//64 810//64
f 810//64 1916//64 1943//64
f 810//64 1943//64 809//64
f 809//64 1943//64 2085//64
f 809//64 2085//64 808//64
f 808//64 2085//64 817//64
f 808//64 817//64 807//64
f 807//64 817//64 818//64
f 807//64 818//64 806//64
f 806//64 818//64 819//64
f 806//64 819//64 805//64
f 805//64 819//64 820//64
f 805//64 820//64 804//64
f 804//64 820//64 821//64
f 804//64 821//64 803//64
f 803//64 821//64 822//64
f 803//64 822//64 802//64
f 802//64 822//64 2005//64
f 802//64 2005//64 1223//64
f 1223//64 2005//64 2086//64
f 1223//64 2086//64 800//64
f 800//64 2086//64 825//64
f 800//64 825//64 799//64
f 799//64 825//64 826//64
f 799//64 826//64 798//64
f 798//64 826//64 827//64
f 798//64 827//64 797//64
f 797//64 827//64 828//64
f 797//64 828//64 796//64
f 796//64 828//64 1551//64
f 796//64 1551//64 794//64
f 794//64 1551//64 795//64
f 241//64 1086//64 243//64
f 243//64 1086//64 274//64
f 243//64 274//64 245//64
f 245//64 274//64 306//64
f 245//64 306//64 269//64
f 269//64 306//64 1940//64
f 269//64 1940//64 267//64
f 267//64 1940//64 1741//64
f 267//64 1741//64 265//64
f 265//64 1741//64 1301//64
f 265//64 1301//64 263//64
f 263//64 1301//64 298//64
f 263//64 298//64 261//64
f 261//64 298//64 1939//64
f 261//64 1939//64 259//64
f 259//64 1939//64 1740//64
f 259//64 1740//64 257//64
f 257//64 1740//64 1299//64
f 257//64 1299//64 255//64
f 255//64 1299//64 290//64
f 255//64 290//64 253//64
f 253//64 290//64 1938//64
f 253//64 1938//64 251//64
f 251//64 1938//64 1739//64
f 251//64 1739//64 249//64
f 249//64 1739//64 1297//64
f 249//64 1297//64 247//64
f 247//64 1297//64 282//64
f 247//64 282//64 239//64
f 239//64 282//64 280//64
f 239//64 280//64 237//64
f 237//64 280//64 279//64
f 237//64 279//64 230//64
f 230//64 279//64 231//64
f 324//1 1778//1 325//1
f 325//1 1778//1 1675//1
f 325//1 1675//1 1674//1
f 1779//274 1742//274 2006//115
f 2006//115 1742//274 416//115
f 2006//115 416//115 1231//127
f 1231//127 416//115 429//127
f 1231//127 429//127 1232//126
f 1232//126 429//127 428//126
f 1232//126 428//126 1427//120
f 1427//120 428//126 422//120
f 1427//120 422//120 1552//119
f 1552//119 422//120 421//119
f 1552//119 421//119 1677//125
f 1677//125 421//119 427//125
f 1677//125 427//125 1918//124
f 1918//124 427//125 426//124
f 1918//124 426//124 2007//118
f 2007//118 426//124 420//118
f 2007//118 420//118 2087//117
f 2087//117 420//118 419//117
f 2087//117 419//117 1233//129
f 1233//129 419//117 431//129
f 1233//129 431//129 1234//128
f 1234//128 431//129 430//128
f 1234//128 430//128 1428//121
f 1428//121 430//128 423//121
f 1428//121 423//121 1553//122
f 1553//122 423//121 424//122
f 1553//122 424//122 1678//123
f 1678//123 424//122 425//123
f 1678//123 425//123 1910//148
f 1910//148 425//123 1126//148
f 1910//148 1126//148 2008//116
f 2008//116 1126//148 418//116
f 2008//116 418//116 2020//177
f 2020//177 418//116 1952//177
f 2133//1 1238//1 415//1
f 415//1 1238//1 2021//1
f 415//1 2021//1 414//1
f 1237//130 432//130 434//131
f 1237//130 434//131 1239//131
f 1239//131 434//131 448//142
f 1239//131 448//142 1429//142
f 1429//142 448//142 447//141
f 1429//142 447//141 1554//141
f 1554//141 447//141 446//140
f 1554//141 446//140 1679//140
f 1679//140 446//140 441//135
f 1679//140 441//135 1920//135
f 1920//135 441//135 440//134
f 1920//135 440//134 855//134
f 855//134 440//134 439//133
f 855//134 439//133 856//133
f 856//133 439//133 1654//149
f 856//133 1654//149 1240//149
f 1240//149 1654//149 437//132
f 1240//149 437//132 1241//132
f 1241//132 437//132 450//144
f 1241//132 450//144 1430//144
f 1430//144 450//144 449//143
f 1430//144 449//143 1555//143
f 1555//143 449//143 445//139
f 1555//143 445//139 861//139
f 861//139 445//139 444//138
f 861//139 444//138 862//138
f 862//138 444//138 443//137
f 862//138 443//137 863//137
f 863//137 443//137 442//136
f 863//137 442//136 864//136
f 864//136 442//136 453//146
f 864//136 453//146 2090//146
f 2090//146 453//146 452//145
f 2090//146 452//145 1676//145
f 848//64 849//64 847//64
f 847//64 849//64 850//64
f 847//64 850//64 846//64
f 846//64 850//64 851//64
f 846//64 851//64 845//64
f 845//64 851//64 852//64
f 845//64 852//64 844//64
f 844//64 852//64 853//64
f 844//64 853//64 843//64
f 843//64 853//64 854//64
f 843//64 854//64 842//64
f 842//64 854//64 2009//64
f 842//64 2009//64 841//64
f 841//64 2009//64 2088//64
f 841//64 2088//64 840//64
f 840//64 2088//64 857//64
f 840//64 857//64 839//64
f 839//64 857//64 858//64
f 839//64 858//64 838//64
f 838//64 858//64 859//64
f 838//64 859//64 837//64
f 837//64 859//64 860//64
f 837//64 860//64 836//64
f 836//64 860//64 1680//64
f 836//64 1680//64 835//64
f 835//64 1680//64 1921//64
f 835//64 1921//64 834//64
f 834//64 1921//64 2017//64
f 834//64 2017//64 833//64
f 833//64 2017//64 2089//64
f 833//64 2089//64 832//64
f 832//64 2089//64 865//64
f 832//64 865//64 830//64
f 830//64 865//64 831//64
f 273//2 2145//2 1090//2
f 1090//2 2145//2 242//2
f 1090//2 242//2 1411//2
f 309//3 275//3 246//3
f 246//3 275//3 244//3
f 232//2 1091//2 1408//2
f 1408//2 1091//2 1094//2
f 1408//2 1094//2 1295//2
f 278//3 1625//3 1294//3
f 1294//3 1625//3 235//3
f 193//2 2153//2 1063//2
f 1063//2 2153//2 162//2
f 1063//2 162//2 1391//2
f 229//3 195//3 166//3
f 166//3 195//3 164//3
f 1067//3 1608//3 1385//3
f 1385//3 1608//3 155//3
f 152//2 1064//2 1388//2
f 1388//2 1064//2 198//2
f 1388//2 198//2 154//2
f 1242//14 1431//14 1020//14
f 1020//14 1431//14 28//14
f 1432//3 1556//3 1759//3
f 1759//3 1556//3 1962//3
f 1557//11 1682//11 22//11
f 22//11 1682//11 1964//11
f 869//12 1922//12 23//12
f 23//12 1922//12 2110//12
f 1923//3 1135//3 24//3
f 24//3 1135//3 1016//3
f 1136//13 2075//13 25//13
f 25//13 2075//13 1018//13
f 872//23 873//23 39//23
f 39//23 873//23 1360//23
f 1244//1 1246//1 34//1
f 34//1 1246//1 43//1
f 1247//7 866//7 1022//7
f 1022//7 866//7 41//7
f 868//2 867//2 1681//2
f 1681//2 867//2 1243//2
f 871//2 870//2 2076//2
f 2076//2 870//2 1681//2
f 2076//2 1681//2 1245//2
f 1245//2 1681//2 1243//2
f 1245//2 1243//2 874//2
f 1559//240 1560//240 1356//240
f 1356//240 1560//240 1684//240
f 1561//3 1685//3 4//3
f 4//3 1685//3 5//3
f 1686//270 1851//270 1773//270
f 1773//270 1851//270 1775//270
f 878//5 1688//5 21//5
f 21//5 1688//5 1584//5
f 20//3 1687//3 19//3
f 19//3 1687//3 1248//3
f 19//3 1248//3 1013//3
f 881//62 1814//277 1249//232
f 1249//232 1814//277 16//9
f 1249//232 16//9 17//10
f 15//8 1251//8 13//6
f 13//6 1251//8 1252//233
f 13//6 1252//233 2091//287
f 7//1 1253//1 8//1
f 8//1 1253//1 1320//1
f 8//1 1320//1 1319//1
f 1321//4 1255//4 10//4
f 10//4 1255//4 1046//4
f 884//62 1111//62 137//62
f 137//62 1111//62 1009//62
f 885//1 1433//1 1//1
f 1//1 1433//1 2//1
f 1434//5 1558//5 1011//5
f 1011//5 1558//5 11//5
f 877//2 876//2 1850//2
f 1850//2 876//2 875//2
f 883//2 882//2 1254//2
f 1254//2 882//2 1250//2
f 886//2 1112//2 875//2
f 875//2 1112//2 1254//2
f 875//2 1254//2 1850//2
f 1850//2 1254//2 1250//2
f 1850//2 1250//2 879//2
f 879//2 1250//2 880//2
f 1924//7 2010//7 1816//7
f 1816//7 2010//7 1818//7
f 2011//16 889//16 30//16
f 30//16 889//16 32//16
f 1256//234 1258//234 1966//234
f 1966//234 1258//234 1821//234
f 1259//21 1436//21 37//21
f 37//21 1436//21 1823//21
f 38//22 891//22 69//47
f 69//47 891//22 1562//259
f 69//47 1562//259 1830//259
f 1563//46 1690//46 78//46
f 78//46 1690//46 1969//46
f 1691//53 1437//53 79//53
f 79//53 1437//53 1372//53
f 894//23 1565//23 82//23
f 82//23 1565//23 1035//23
f 1439//241 1369//241 1260//51
f 1260//51 1369//241 76//51
f 1260//51 76//51 1261//52
f 1261//52 76//51 77//52
f 1261//52 77//52 1441//48
f 1441//48 77//52 72//48
f 1441//48 72//48 1566//260
f 1566//260 72//48 2111//260
f 1566//260 2111//260 1692//54
f 1692//54 2111//260 80//54
f 1692//54 80//54 1926//55
f 1926//55 80//54 81//55
f 1926//55 81//55 1564//56
f 1564//56 81//55 83//56
f 1440//3 1567//3 74//3
f 74//3 1567//3 1032//3
f 1568//50 1262//50 75//50
f 75//50 1262//50 1030//50
f 1263//49 1161//49 73//49
f 73//49 1161//49 1048//49
f 1162//63 1264//63 145//63
f 145//63 1264//63 1593//63
f 906//46 1442//46 68//46
f 68//46 1442//46 1366//46
f 907//45 1444//45 67//45
f 67//45 1444//45 1362//45
f 1445//37 1570//37 58//37
f 58//37 1570//37 1364//37
f 909//1 1693//1 59//1
f 59//1 1693//1 1591//1
f 887//15 29//15 2093//17
f 2093//17 29//15 31//17
f 2093//17 31//17 2094//18
f 2094//18 31//17 33//18
f 2094//18 33//18 1266//28
f 1266//28 33//18 47//28
f 1266//28 47//28 1267//27
f 1267//27 47//28 46//27
f 1267//27 46//27 1446//26
f 1446//26 46//27 45//26
f 1446//26 45//26 1571//25
f 1571//25 45//26 44//25
f 1571//25 44//25 1695//20
f 1695//20 44//25 36//20
f 1695//20 36//20 1927//19
f 1927//19 36//20 35//19
f 1927//19 35//19 2012//24
f 2012//24 35//19 40//24
f 2012//24 40//24 2097//31
f 2097//31 40//24 51//31
f 2097//31 51//31 921//32
f 921//32 51//31 52//32
f 921//32 52//32 1269//33
f 1269//33 52//32 53//33
f 1269//33 53//33 1447//35
f 1447//35 53//33 55//35
f 1447//35 55//35 1572//34
f 1572//34 55//35 54//34
f 1572//34 54//34 1696//30
f 1696//30 54//34 49//30
f 1696//30 49//30 1928//29
f 1928//29 49//30 48//29
f 1928//29 48//29 2013//285
f 2013//285 48//29 2143//285
f 2013//285 2143//285 2098//36
f 2098//36 2143//285 56//36
f 2098//36 56//36 1270//41
f 1270//41 56//36 63//41
f 1270//41 63//41 1271//40
f 1271//40 63//41 62//40
f 1271//40 62//40 1448//249
f 1448//249 62//40 61//39
f 1448//249 61//39 1573//44
f 1573//44 61//39 66//44
f 1573//44 66//44 1697//43
f 1697//43 66//44 65//43
f 1697//43 65//43 1929//42
f 1929//42 65//43 64//42
f 1929//42 64//42 1694//38
f 1694//38 64//42 60//38
f 1438//2 893//2 892//2
f 905//2 904//2 1265//2
f 1265//2 904//2 903//2
f 1569//2 908//2 1443//2
f 890//2 1257//2 1435//2
f 1435//2 1257//2 888//2
f 1435//2 888//2 2095//2
f 932//2 933//2 896//2
f 896//2 928//2 929//2
f 933//2 934//2 896//2
f 896//2 934//2 910//2
f 896//2 910//2 903//2
f 903//2 910//2 1569//2
f 903//2 1569//2 1265//2
f 1265//2 1569//2 1443//2
f 1925//2 2137//2 1272//2
f 1272//2 1273//2 1925//2
f 1925//2 1273//2 1449//2
f 1925//2 1449//2 888//2
f 888//2 1449//2 1574//2
f 888//2 1574//2 2095//2
f 896//2 1810//2 1930//2
f 929//2 930//2 896//2
f 896//2 930//2 931//2
f 896//2 931//2 932//2
f 892//2 1435//2 1438//2
f 1438//2 1435//2 2095//2
f 1438//2 2095//2 895//2
f 895//2 2095//2 2096//2
f 895//2 2096//2 902//2
f 902//2 2096//2 2099//2
f 902//2 2099//2 901//2
f 901//2 2099//2 1274//2
f 901//2 1274//2 900//2
f 900//2 1274//2 1275//2
f 900//2 1275//2 899//2
f 899//2 1275//2 1450//2
f 899//2 1450//2 898//2
f 898//2 1450//2 1575//2
f 898//2 1575//2 897//2
f 897//2 1575//2 1698//2
f 897//2 1698//2 896//2
f 896//2 1698//2 1811//2
f 896//2 1811//2 1810//2
f 1930//2 2014//2 896//2
f 896//2 2014//2 2100//2
f 896//2 2100//2 928//2
f 2100//2 953//2 928//2
f 928//2 953//2 1277//2
f 928//2 1277//2 1451//2
f 911//2 1701//2 1925//2
f 1925//2 1701//2 1702//2
f 1925//2 1702//2 2137//2
f 911//2 912//2 1701//2
f 1701//2 912//2 913//2
f 1701//2 913//2 914//2
f 914//2 915//2 1701//2
f 1701//2 915//2 916//2
f 1701//2 916//2 1721//2
f 1721//2 916//2 917//2
f 1721//2 917//2 2015//2
f 2015//2 917//2 918//2
f 2015//2 918//2 2101//2
f 2101//2 918//2 919//2
f 2101//2 919//2 1278//2
f 1278//2 919//2 920//2
f 1278//2 920//2 1279//2
f 1279//2 920//2 1268//2
f 1279//2 1268//2 1452//2
f 1452//2 1268//2 922//2
f 1452//2 922//2 1613//2
f 1613//2 922//2 923//2
f 1613//2 923//2 1703//2
f 1703//2 923//2 924//2
f 1703//2 924//2 1931//2
f 1931//2 924//2 925//2
f 1931//2 925//2 2016//2
f 2016//2 925//2 926//2
f 2016//2 926//2 2102//2
f 2102//2 926//2 927//2
f 2102//2 927//2 1280//2
f 1280//2 927//2 928//2
f 1280//2 928//2 1281//2
f 1281//2 928//2 1451//2
f 1576//1 940//185 1577//185
f 1577//185 940//185 939//184
f 1577//185 939//184 1706//184
f 1706//184 939//184 938//183
f 1706//184 938//183 1932//183
f 1932//183 938//183 937//182
f 1932//183 937//182 2018//182
f 2018//182 937//182 936//181
f 2018//182 936//181 2103//181
f 2103//181 936//181 957//199
f 2103//181 957//199 977//210
f 977//210 957//199 956//198
f 977//210 956//198 1283//236
f 1283//236 956//198 958//200
f 1283//236 958//200 1453//200
f 1453//200 958//200 959//23
f 1453//200 959//23 1578//23
f 1578//23 959//23 960//201
f 1578//23 960//201 1707//201
f 1707//201 960//201 961//202
f 1707//201 961//202 1933//202
f 1933//202 961//202 962//203
f 1933//202 962//203 2019//203
f 2019//203 962//203 963//22
f 2019//203 963//22 2104//22
f 2104//22 963//22 964//204
f 2104//22 964//204 985//204
f 985//204 964//204 965//205
f 985//204 965//205 1285//205
f 1285//205 965//205 966//206
f 1285//205 966//206 1454//206
f 1454//206 966//206 967//207
f 1454//206 967//207 1579//207
f 1579//207 967//207 968//3
f 1579//207 968//3 1708//3
f 1708//3 968//3 969//208
f 1708//3 969//208 1934//208
f 1934//208 969//208 970//209
f 1934//208 970//209 2022//286
f 2022//286 970//209 955//197
f 2022//286 955//197 2105//197
f 2105//197 955//197 954//196
f 2105//197 954//196 993//196
f 993//196 954//196 1276//235
f 993//196 1276//235 1287//235
f 1287//235 1276//235 952//195
f 1287//235 952//195 1455//195
f 1455//195 952//195 951//194
f 1455//195 951//194 1580//194
f 1580//194 951//194 942//186
f 1580//194 942//186 1709//186
f 1709//186 942//186 941//7
f 1709//186 941//7 1935//7
f 1935//7 941//7 950//193
f 1935//7 950//193 2023//193
f 2023//193 950//193 949//192
f 2023//193 949//192 2106//192
f 2106//192 949//192 948//191
f 2106//192 948//191 1288//191
f 1288//191 948//191 947//45
f 1288//191 947//45 1289//45
f 1289//45 947//45 946//190
f 1289//45 946//190 1456//190
f 1456//190 946//190 945//189
f 1456//190 945//189 1581//189
f 1581//189 945//189 944//188
f 1581//189 944//188 1689//188
f 1689//188 944//188 943//187
f 1689//188 943//187 1582//187
f 1582//187 943//187 935//1
f 1582//187 935//1 1576//1
f 1576//1 935//1 940//185
f 1005//2 1006//2 1007//2
f 1007//2 1006//2 971//2
f 1007//2 971//2 972//2
f 1002//2 1003//2 1007//2
f 1007//2 1003//2 1004//2
f 1007//2 1004//2 1005//2
f 999//2 1000//2 1007//2
f 1007//2 1000//2 1001//2
f 1007//2 1001//2 1002//2
f 996//2 997//2 1007//2
f 1007//2 997//2 998//2
f 1007//2 998//2 999//2
f 1286//2 994//2 1007//2
f 1007//2 994//2 995//2
f 1007//2 995//2 996//2
f 990//2 991//2 1007//2
f 1007//2 991//2 992//2
f 1007//2 992//2 1286//2
f 987//2 988//2 1007//2
f 1007//2 988//2 989//2
f 1007//2 989//2 990//2
f 984//2 1284//2 1007//2
f 1007//2 1284//2 986//2
f 1007//2 986//2 987//2
f 981//2 982//2 1007//2
f 1007//2 982//2 983//2
f 1007//2 983//2 984//2
f 978//2 979//2 1007//2
f 1007//2 979//2 980//2
f 1007//2 980//2 981//2
f 975//2 976//2 1007//2
f 1007//2 976//2 1282//2
f 1007//2 1282//2 978//2
f 972//2 973//2 1007//2
f 1007//2 973//2 974//2
f 1007//2 974//2 975//2
f 1158//7 1159//7 2115//7
f 2115//7 1159//7 568//7
f 112//3 1880//3 1978//3
f 1978//3 1880//3 565//3
f 111//23 1876//23 1976//23
f 1976//23 1876//23 566//23
f 110//1 1878//1 113//1
f 113//1 1878//1 567//1
f 1374//224 1145//224 1348//224
f 1348//224 1145//224 1143//224
f 90//1 497//1 1971//1
f 1971//1 497//1 510//1
f 88//59 1147//59 1784//59
f 1784//59 1147//59 496//59
f 86//58 2030//58 1766//58
f 1766//58 2030//58 1768//58
f 84//57 495//57 1791//57
f 1791//57 495//57 503//57
f 119//1 1867//1 118//1
f 118//1 1867//1 501//1
f 118//1 501//1 91//1
f 91//1 501//1 498//1
f 1771//7 1354//7 1786//7
f 1786//7 1354//7 512//7
f 93//3 1868//3 97//3
f 97//3 1868//3 1715//3
f 97//3 1715//3 1038//3
f 1038//3 1715//3 1622//3
f 99//60 508//60 1595//60
f 1595//60 508//60 1352//60
f 100//1 507//1 96//1
f 96//1 507//1 506//1
f 96//1 506//1 1770//1
f 1770//1 506//1 511//1
f 122//61 1462//61 2139//61
f 2139//61 1462//61 560//61
f 120//3 2057//3 1042//3
f 1042//3 2057//3 1190//3
f 121//23 559//23 1044//23
f 1044//23 559//23 558//23
f 123//1 1508//1 1379//1
f 1379//1 1508//1 561//1
