# Blender 4.1.0
# www.blender.org
mtllib marker_v2_15_vis.mtl
o Experiment_Scenario_-_ArUco_ID15_v3-1
v 0.039166 0.045705 -0.083245
v 0.039933 0.045061 -0.083245
v 0.040627 0.043429 -0.083245
v 0.038377 0.049362 -0.083245
v 0.036226 0.047827 -0.083245
v 0.033732 0.049606 -0.083245
v 0.043678 0.041264 -0.083245
v 0.046593 0.041264 -0.083245
v 0.043567 0.040947 -0.083245
v 0.045036 0.039958 -0.083245
v 0.043404 0.040652 -0.083245
v 0.050035 0.039673 -0.083245
v 0.046700 0.037636 -0.083245
v 0.045680 0.039191 -0.083245
v 0.041239 0.046618 -0.083245
v 0.041239 0.043703 -0.083245
v 0.040922 0.043592 -0.083245
v 0.040016 0.040748 -0.083245
v 0.040210 0.040473 -0.083245
v 0.000031 0.016749 -0.083245
v 0.040448 0.040235 -0.083245
v 0.038377 0.045613 -0.083245
v 0.041740 0.048772 -0.083245
v 0.038377 0.046292 -0.083245
v 0.036701 0.047488 -0.083245
v -0.050021 -0.049995 -0.083245
v -0.050021 0.050107 -0.083245
v -0.033351 0.016887 -0.083245
v -0.016663 0.033437 -0.083245
v -0.016663 0.016749 -0.083245
v 0.043678 0.037065 -0.083245
v 0.046700 0.037065 -0.083245
v 0.033398 0.016749 -0.083245
v 0.050035 0.035028 -0.083245
v 0.033398 0.000056 -0.083245
v 0.050082 0.050107 -0.083245
v 0.045680 0.044339 -0.083245
v 0.048747 0.041765 -0.083245
v 0.044314 0.045705 -0.083245
v 0.045036 0.043572 -0.083245
v 0.043547 0.045061 -0.083245
v 0.046593 0.042266 -0.083245
v 0.043678 0.042266 -0.083245
v 0.038377 0.048683 -0.083245
v 0.000031 0.033437 -0.083245
v 0.033732 0.048928 -0.083245
v 0.035750 0.047488 -0.083245
v 0.033732 0.046047 -0.083245
v 0.042020 0.039783 -0.083245
v 0.042348 0.039857 -0.083245
v 0.043678 0.037636 -0.083245
v 0.042659 0.039986 -0.083245
v 0.042944 0.040165 -0.083245
v 0.039758 0.042045 -0.083245
v 0.039739 0.041709 -0.083245
v 0.040723 0.040041 -0.083245
v 0.041026 0.039895 -0.083245
v 0.042241 0.043703 -0.083245
v 0.042241 0.046618 -0.083245
v 0.042529 0.043605 -0.083245
v 0.042798 0.043464 -0.083245
v 0.043044 0.043284 -0.083245
v 0.043580 0.042554 -0.083245
v 0.043439 0.042824 -0.083245
v 0.043259 0.043069 -0.083245
v -0.016663 0.000056 -0.083245
v 0.000024 0.000056 -0.083245
v -0.016663 -0.033312 -0.083245
v 0.000031 -0.016625 -0.083245
v -0.033351 -0.033312 -0.083245
v 0.050082 -0.049995 -0.083245
v 0.016711 -0.016625 -0.083245
v 0.041349 0.039801 -0.083245
v 0.041684 0.039764 -0.083245
v 0.043194 0.040389 -0.083245
v 0.039776 0.041374 -0.083245
v 0.039870 0.041051 -0.083245
v 0.050035 0.039020 -0.083245
v 0.047304 0.037352 -0.083245
v 0.050035 0.035681 -0.083245
v 0.016711 0.000056 -0.083245
v 0.040364 0.043220 -0.083245
v 0.036226 0.047149 -0.083245
v 0.040140 0.042969 -0.083245
v 0.033732 0.045369 -0.083245
v 0.039961 0.042684 -0.083245
v 0.039832 0.042373 -0.083245
v -0.041178 0.044726 -0.077238
v -0.041178 0.046745 -0.077238
v -0.041178 0.044726 -0.078189
v -0.041178 0.046745 -0.078189
v -0.040577 0.044559 -0.078189
v -0.040577 0.044559 -0.081242
v -0.040245 0.044404 -0.081242
v -0.040698 0.044603 -0.077238
v -0.040698 0.044603 -0.078189
v -0.040245 0.044404 -0.077238
v -0.041178 0.038804 -0.078189
v -0.041178 0.038804 -0.077238
v -0.040698 0.038926 -0.078189
v -0.040698 0.038926 -0.077238
v -0.040577 0.038971 -0.078189
v -0.040245 0.039126 -0.077238
v -0.040577 0.038971 -0.081242
v -0.039831 0.044132 -0.077238
v -0.039831 0.044132 -0.081242
v -0.039467 0.043796 -0.077238
v -0.039467 0.043796 -0.081242
v -0.039163 0.043405 -0.077238
v -0.039163 0.043405 -0.081242
v -0.038928 0.042969 -0.077238
v -0.038928 0.042969 -0.081242
v -0.038767 0.042501 -0.077238
v -0.038767 0.042501 -0.081242
v -0.038686 0.042012 -0.077238
v -0.038686 0.042012 -0.081242
v -0.038686 0.041517 -0.077238
v -0.038686 0.041517 -0.081242
v -0.038767 0.041029 -0.077238
v -0.038767 0.041029 -0.081242
v -0.038928 0.040560 -0.077238
v -0.038928 0.040560 -0.081242
v -0.039163 0.040124 -0.077238
v -0.039163 0.040124 -0.081242
v -0.039467 0.039733 -0.077238
v -0.039467 0.039733 -0.081242
v -0.039831 0.039398 -0.077238
v -0.039831 0.039398 -0.081242
v -0.040245 0.039126 -0.081242
v -0.041178 0.036785 -0.077238
v -0.041178 0.036785 -0.078189
v -0.040328 0.036945 -0.077238
v -0.040577 0.036882 -0.078189
v -0.040328 0.046584 -0.081242
v -0.040577 0.046647 -0.081242
v -0.040577 0.046647 -0.078189
v -0.040328 0.046584 -0.077238
v -0.039519 0.046280 -0.077238
v -0.039519 0.046280 -0.081242
v -0.038774 0.045841 -0.077238
v -0.038774 0.045841 -0.081242
v -0.038115 0.045280 -0.077238
v -0.038115 0.045280 -0.081242
v -0.037563 0.044614 -0.077238
v -0.037563 0.044614 -0.081242
v -0.037134 0.043863 -0.077238
v -0.037134 0.043863 -0.081242
v -0.036841 0.043049 -0.077238
v -0.036841 0.043049 -0.081242
v -0.036692 0.042197 -0.077238
v -0.036692 0.042197 -0.081242
v -0.036692 0.041332 -0.077238
v -0.036692 0.041332 -0.081242
v -0.036841 0.040480 -0.077238
v -0.036841 0.040480 -0.081242
v -0.037134 0.039667 -0.077238
v -0.037134 0.039667 -0.081242
v -0.037563 0.038916 -0.077238
v -0.037563 0.038916 -0.081242
v -0.038115 0.038250 -0.077238
v -0.038115 0.038250 -0.081242
v -0.038774 0.037689 -0.077238
v -0.038774 0.037689 -0.081242
v -0.039519 0.037250 -0.077238
v -0.039519 0.037250 -0.081242
v -0.040328 0.036945 -0.081242
v -0.040577 0.036882 -0.081242
v -0.041178 -0.038692 -0.077238
v -0.041178 -0.036673 -0.077238
v -0.041178 -0.038692 -0.078189
v -0.041178 -0.036673 -0.078189
v -0.040577 -0.038859 -0.078189
v -0.040577 -0.038859 -0.081243
v -0.040245 -0.039015 -0.081243
v -0.040698 -0.038815 -0.077238
v -0.040698 -0.038815 -0.078189
v -0.040245 -0.039015 -0.077238
v -0.041178 -0.044614 -0.078189
v -0.041178 -0.044614 -0.077238
v -0.040698 -0.044492 -0.078189
v -0.040698 -0.044492 -0.077238
v -0.040577 -0.044447 -0.078189
v -0.040245 -0.044292 -0.077238
v -0.040577 -0.044447 -0.081243
v -0.039831 -0.039286 -0.077238
v -0.039831 -0.039286 -0.081243
v -0.039467 -0.039622 -0.077238
v -0.039467 -0.039622 -0.081243
v -0.039163 -0.040013 -0.077238
v -0.039163 -0.040013 -0.081243
v -0.038928 -0.040449 -0.077238
v -0.038928 -0.040449 -0.081243
v -0.038767 -0.040917 -0.077238
v -0.038767 -0.040917 -0.081243
v -0.038686 -0.041406 -0.077238
v -0.038686 -0.041406 -0.081243
v -0.038686 -0.041901 -0.077238
v -0.038686 -0.041901 -0.081243
v -0.038767 -0.042390 -0.077238
v -0.038767 -0.042390 -0.081243
v -0.038928 -0.042858 -0.077238
v -0.038928 -0.042858 -0.081243
v -0.039163 -0.043294 -0.077238
v -0.039163 -0.043294 -0.081243
v -0.039467 -0.043685 -0.077238
v -0.039467 -0.043685 -0.081243
v -0.039831 -0.044021 -0.077238
v -0.039831 -0.044021 -0.081243
v -0.040245 -0.044292 -0.081243
v -0.041178 -0.046633 -0.077238
v -0.041178 -0.046633 -0.078189
v -0.040328 -0.046473 -0.077238
v -0.040577 -0.046536 -0.078189
v -0.040328 -0.036834 -0.081243
v -0.040577 -0.036771 -0.081243
v -0.040577 -0.036771 -0.078189
v -0.040328 -0.036834 -0.077238
v -0.039519 -0.037138 -0.077238
v -0.039519 -0.037138 -0.081243
v -0.038774 -0.037578 -0.077238
v -0.038774 -0.037578 -0.081243
v -0.038115 -0.038139 -0.077238
v -0.038115 -0.038139 -0.081243
v -0.037563 -0.038804 -0.077238
v -0.037563 -0.038804 -0.081243
v -0.037134 -0.039555 -0.077238
v -0.037134 -0.039555 -0.081243
v -0.036841 -0.040369 -0.077238
v -0.036841 -0.040369 -0.081243
v -0.036692 -0.041221 -0.077238
v -0.036692 -0.041221 -0.081243
v -0.036692 -0.042086 -0.077238
v -0.036692 -0.042086 -0.081243
v -0.036841 -0.042938 -0.077238
v -0.036841 -0.042938 -0.081243
v -0.037134 -0.043752 -0.077238
v -0.037134 -0.043752 -0.081243
v -0.037563 -0.044502 -0.077238
v -0.037563 -0.044502 -0.081243
v -0.038115 -0.045168 -0.077238
v -0.038115 -0.045168 -0.081243
v -0.038774 -0.045729 -0.077238
v -0.038774 -0.045729 -0.081243
v -0.039519 -0.046169 -0.077238
v -0.039519 -0.046169 -0.081243
v -0.040328 -0.046473 -0.081243
v -0.040577 -0.046536 -0.081243
v -0.048352 0.050107 -0.081242
v -0.050021 0.050107 -0.081242
v -0.050021 0.046696 -0.081242
v -0.042179 -0.044614 -0.081243
v -0.042179 -0.046585 -0.081243
v -0.041378 -0.046585 -0.081243
v 0.043090 0.036945 -0.081242
v 0.042240 0.036785 -0.081242
v 0.041439 0.035111 -0.081242
v 0.043900 0.046280 -0.081242
v 0.044645 0.045841 -0.081242
v 0.050082 0.046696 -0.081242
v 0.042720 0.044603 -0.081242
v 0.042240 0.044726 -0.081242
v 0.042240 0.038804 -0.081242
v 0.042240 0.046696 -0.081242
v 0.041439 0.046696 -0.081242
v 0.044733 0.041517 -0.081242
v 0.044733 0.042012 -0.081242
v 0.043173 0.039126 -0.081242
v 0.045303 0.038250 -0.081242
v 0.044645 0.037689 -0.081242
v 0.050082 0.035111 -0.081242
v 0.043900 0.037250 -0.081242
v 0.042720 0.038926 -0.081242
v 0.045303 0.045280 -0.081242
v 0.045855 0.044614 -0.081242
v 0.046284 0.043863 -0.081242
v 0.046577 0.043049 -0.081242
v 0.046726 0.042197 -0.081242
v 0.046726 0.041332 -0.081242
v 0.046577 0.040480 -0.081242
v 0.044491 0.042969 -0.081242
v 0.044255 0.043405 -0.081242
v 0.043951 0.043796 -0.081242
v 0.044255 0.040124 -0.081242
v 0.043951 0.039733 -0.081242
v 0.043587 0.039398 -0.081242
v 0.044491 0.040560 -0.081242
v 0.044651 0.041029 -0.081242
v 0.044651 0.042501 -0.081242
v 0.043587 0.044132 -0.081242
v 0.043173 0.044404 -0.081242
v 0.046284 0.039667 -0.081242
v 0.045855 0.038916 -0.081242
v 0.041439 0.050107 -0.081242
v 0.042240 0.046745 -0.081242
v 0.043090 0.046584 -0.081242
v 0.050082 0.050107 -0.081242
v 0.043900 -0.037138 -0.081243
v 0.044645 -0.037578 -0.081243
v 0.050082 -0.036722 -0.081243
v 0.050082 -0.046585 -0.081243
v 0.045303 -0.045168 -0.081243
v 0.044645 -0.045729 -0.081243
v 0.041439 -0.049995 -0.081243
v 0.050082 -0.049995 -0.081243
v 0.043090 -0.046473 -0.081243
v 0.043900 -0.046169 -0.081243
v 0.045303 -0.038139 -0.081243
v 0.045855 -0.038804 -0.081243
v 0.046284 -0.039555 -0.081243
v 0.046577 -0.040369 -0.081243
v 0.046726 -0.041221 -0.081243
v 0.046726 -0.042086 -0.081243
v 0.046577 -0.042938 -0.081243
v 0.046284 -0.043752 -0.081243
v 0.045855 -0.044502 -0.081243
v 0.041439 -0.034993 -0.081243
v 0.042240 -0.036673 -0.081243
v 0.043090 -0.036834 -0.081243
v 0.042240 -0.046633 -0.081243
v 0.042240 -0.046585 -0.081243
v 0.041439 -0.046585 -0.081243
v 0.042240 -0.044614 -0.081243
v 0.041439 -0.036722 -0.081243
v 0.044733 -0.041901 -0.081243
v 0.044733 -0.041406 -0.081243
v 0.043173 -0.044292 -0.081243
v 0.042240 -0.036722 -0.081243
v 0.042240 -0.038692 -0.081243
v 0.042720 -0.038815 -0.081243
v 0.042720 -0.044492 -0.081243
v 0.044491 -0.040449 -0.081243
v 0.044255 -0.040013 -0.081243
v 0.043951 -0.039622 -0.081243
v 0.044255 -0.043294 -0.081243
v 0.043951 -0.043685 -0.081243
v 0.043587 -0.044021 -0.081243
v 0.044491 -0.042858 -0.081243
v 0.044651 -0.042390 -0.081243
v 0.044651 -0.040917 -0.081243
v 0.043587 -0.039286 -0.081243
v 0.043173 -0.039015 -0.081243
v -0.041378 -0.036722 -0.081243
v -0.042179 -0.038692 -0.081243
v -0.042179 -0.036722 -0.081243
v -0.042659 -0.044492 -0.081243
v -0.043112 -0.039015 -0.081243
v -0.042659 -0.038815 -0.081243
v -0.044671 -0.041406 -0.081243
v -0.044671 -0.041901 -0.081243
v -0.044194 -0.043294 -0.081243
v -0.043890 -0.043685 -0.081243
v -0.044194 -0.040013 -0.081243
v -0.043890 -0.039622 -0.081243
v -0.043526 -0.039286 -0.081243
v -0.044590 -0.042390 -0.081243
v -0.044429 -0.042858 -0.081243
v -0.043526 -0.044021 -0.081243
v -0.043112 -0.044292 -0.081243
v -0.044429 -0.040449 -0.081243
v -0.044590 -0.040917 -0.081243
v -0.042179 -0.036673 -0.081243
v -0.041378 -0.034993 -0.081243
v -0.043029 -0.036834 -0.081243
v -0.043838 -0.046169 -0.081243
v -0.044583 -0.045729 -0.081243
v -0.048352 -0.046585 -0.081243
v -0.046665 -0.041221 -0.081243
v -0.048352 -0.036722 -0.081243
v -0.046665 -0.042086 -0.081243
v -0.046516 -0.042938 -0.081243
v -0.046223 -0.043752 -0.081243
v -0.045242 -0.045168 -0.081243
v -0.045794 -0.044502 -0.081243
v -0.046516 -0.040369 -0.081243
v -0.046223 -0.039555 -0.081243
v -0.045794 -0.038804 -0.081243
v -0.045242 -0.038139 -0.081243
v -0.044583 -0.037578 -0.081243
v -0.043838 -0.037138 -0.081243
v -0.041378 -0.049995 -0.081243
v -0.042179 -0.046633 -0.081243
v -0.043029 -0.046473 -0.081243
v -0.048352 -0.049995 -0.081243
v -0.042179 0.038804 -0.081242
v -0.042179 0.036785 -0.081242
v -0.041378 0.035111 -0.081242
v -0.042179 0.046745 -0.081242
v -0.042179 0.046696 -0.081242
v -0.041378 0.046696 -0.081242
v -0.042179 0.044726 -0.081242
v -0.042659 0.038926 -0.081242
v -0.043112 0.044404 -0.081242
v -0.046516 0.043049 -0.081242
v -0.046223 0.043863 -0.081242
v -0.048352 0.046696 -0.081242
v -0.044671 0.042012 -0.081242
v -0.044671 0.041517 -0.081242
v -0.046223 0.039667 -0.081242
v -0.046516 0.040480 -0.081242
v -0.048352 0.035111 -0.081242
v -0.046665 0.041332 -0.081242
v -0.046665 0.042197 -0.081242
v -0.045794 0.044614 -0.081242
v -0.045242 0.045280 -0.081242
v -0.044583 0.045841 -0.081242
v -0.044583 0.037689 -0.081242
v -0.043838 0.037250 -0.081242
v -0.043029 0.036945 -0.081242
v -0.045242 0.038250 -0.081242
v -0.045794 0.038916 -0.081242
v -0.044194 0.040124 -0.081242
v -0.043890 0.039733 -0.081242
v -0.044194 0.043405 -0.081242
v -0.043890 0.043796 -0.081242
v -0.043526 0.044132 -0.081242
v -0.044590 0.041029 -0.081242
v -0.044429 0.040560 -0.081242
v -0.043526 0.039398 -0.081242
v -0.043112 0.039126 -0.081242
v -0.044429 0.042969 -0.081242
v -0.044590 0.042501 -0.081242
v -0.043838 0.046280 -0.081242
v -0.043029 0.046584 -0.081242
v -0.041378 0.050107 -0.081242
v 0.035066 0.050107 -0.081242
v 0.035066 0.046696 -0.081242
v -0.035012 0.050107 -0.081242
v -0.035012 0.046696 -0.081242
v 0.039580 0.037250 -0.081242
v 0.038835 0.037689 -0.081242
v 0.035066 0.035111 -0.081242
v 0.040389 0.036945 -0.081242
v 0.040639 0.038971 -0.081242
v 0.040639 0.036882 -0.081242
v 0.038177 0.038250 -0.081242
v 0.037625 0.038916 -0.081242
v 0.037196 0.039667 -0.081242
v 0.036902 0.040480 -0.081242
v 0.036753 0.041332 -0.081242
v 0.038835 0.045841 -0.081242
v 0.039580 0.046280 -0.081242
v 0.036753 0.042197 -0.081242
v 0.036902 0.043049 -0.081242
v 0.037196 0.043863 -0.081242
v 0.040306 0.044404 -0.081242
v 0.040639 0.044559 -0.081242
v 0.040639 0.046647 -0.081242
v 0.040389 0.046584 -0.081242
v 0.039528 0.039733 -0.081242
v 0.039892 0.039398 -0.081242
v 0.040306 0.039126 -0.081242
v 0.037625 0.044614 -0.081242
v 0.038177 0.045280 -0.081242
v 0.039528 0.043796 -0.081242
v 0.039224 0.043405 -0.081242
v 0.039224 0.040124 -0.081242
v 0.039892 0.044132 -0.081242
v 0.038989 0.042969 -0.081242
v 0.038828 0.042501 -0.081242
v 0.038747 0.042012 -0.081242
v 0.038747 0.041517 -0.081242
v 0.038828 0.041029 -0.081242
v 0.038989 0.040560 -0.081242
v -0.042659 0.044603 -0.081242
v -0.035012 0.035111 -0.081242
v 0.050082 -0.034993 -0.081243
v -0.016663 -0.033312 -0.081243
v -0.033351 -0.033312 -0.081243
v -0.035012 -0.034993 -0.081243
v -0.033351 0.016887 -0.081243
v -0.016663 0.016749 -0.081243
v -0.016663 0.033437 -0.081242
v 0.000031 0.033437 -0.081242
v 0.000031 0.016749 -0.081243
v 0.033398 0.016749 -0.081243
v 0.033398 0.000056 -0.081243
v 0.035066 -0.034993 -0.081243
v 0.000024 0.000056 -0.081243
v -0.016663 0.000056 -0.081243
v 0.000031 -0.016625 -0.081243
v 0.016711 -0.016625 -0.081243
v 0.016711 0.000056 -0.081243
v -0.048352 -0.034993 -0.081243
v 0.035066 -0.036722 -0.081243
v 0.035066 -0.046585 -0.081243
v 0.036753 -0.042086 -0.081243
v 0.039580 -0.046169 -0.081243
v 0.038835 -0.045729 -0.081243
v 0.038177 -0.045168 -0.081243
v 0.037625 -0.044502 -0.081243
v 0.038835 -0.037578 -0.081243
v 0.039580 -0.037138 -0.081243
v 0.040639 -0.044447 -0.081243
v 0.040639 -0.046536 -0.081243
v 0.040389 -0.046473 -0.081243
v 0.037196 -0.043752 -0.081243
v 0.036902 -0.042938 -0.081243
v 0.036753 -0.041221 -0.081243
v 0.036902 -0.040369 -0.081243
v 0.037196 -0.039555 -0.081243
v 0.040306 -0.039015 -0.081243
v 0.040639 -0.038859 -0.081243
v 0.040639 -0.036771 -0.081243
v 0.040389 -0.036834 -0.081243
v 0.039528 -0.043685 -0.081243
v 0.039892 -0.044021 -0.081243
v 0.040306 -0.044292 -0.081243
v 0.037625 -0.038804 -0.081243
v 0.038177 -0.038139 -0.081243
v 0.039528 -0.039622 -0.081243
v 0.039224 -0.040013 -0.081243
v 0.039224 -0.043294 -0.081243
v 0.039892 -0.039286 -0.081243
v 0.038989 -0.040449 -0.081243
v 0.038828 -0.040917 -0.081243
v 0.038747 -0.041406 -0.081243
v 0.038747 -0.041901 -0.081243
v 0.038828 -0.042390 -0.081243
v 0.038989 -0.042858 -0.081243
v -0.035012 -0.036722 -0.081243
v -0.035012 -0.046585 -0.081243
v -0.035012 -0.049995 -0.081243
v 0.035066 -0.049995 -0.081243
v -0.050021 0.035111 -0.081242
v -0.050021 -0.034993 -0.081243
v -0.050021 -0.036722 -0.081243
v -0.050021 -0.046585 -0.081243
v -0.050021 -0.049995 -0.081243
v 0.041239 0.046745 -0.077238
v 0.041239 0.044726 -0.077238
v 0.041239 0.046745 -0.078189
v 0.041239 0.044726 -0.078189
v 0.040639 0.036882 -0.078189
v 0.040389 0.046584 -0.077238
v 0.040639 0.046647 -0.078189
v 0.041239 0.036785 -0.078189
v 0.041239 0.036785 -0.077238
v 0.040389 0.036945 -0.077238
v 0.039580 0.037250 -0.077238
v 0.038835 0.037689 -0.077238
v 0.038177 0.038250 -0.077238
v 0.037625 0.038916 -0.077238
v 0.037196 0.039667 -0.077238
v 0.036902 0.040480 -0.077238
v 0.036753 0.041332 -0.077238
v 0.036753 0.042197 -0.077238
v 0.036902 0.043049 -0.077238
v 0.037196 0.043863 -0.077238
v 0.037625 0.044614 -0.077238
v 0.038177 0.045280 -0.077238
v 0.038835 0.045841 -0.077238
v 0.039580 0.046280 -0.077238
v 0.041239 0.038804 -0.077238
v 0.041239 0.038804 -0.078189
v 0.040639 0.038971 -0.078189
v 0.040759 0.038926 -0.077238
v 0.040759 0.038926 -0.078189
v 0.040306 0.039126 -0.077238
v 0.040759 0.044603 -0.078189
v 0.040759 0.044603 -0.077238
v 0.040639 0.044559 -0.078189
v 0.040306 0.044404 -0.077238
v 0.039892 0.039398 -0.077238
v 0.039528 0.039733 -0.077238
v 0.039224 0.040124 -0.077238
v 0.038989 0.040560 -0.077238
v 0.038828 0.041029 -0.077238
v 0.038747 0.041517 -0.077238
v 0.038747 0.042012 -0.077238
v 0.038828 0.042501 -0.077238
v 0.038989 0.042969 -0.077238
v 0.039224 0.043405 -0.077238
v 0.039528 0.043796 -0.077238
v 0.039892 0.044132 -0.077238
v 0.042240 0.036785 -0.077238
v 0.042240 0.038804 -0.077238
v 0.043090 0.036945 -0.077238
v 0.043900 0.037250 -0.077238
v 0.044645 0.037689 -0.077238
v 0.045303 0.038250 -0.077238
v 0.045855 0.038916 -0.077238
v 0.046284 0.039667 -0.077238
v 0.046577 0.040480 -0.077238
v 0.046726 0.041332 -0.077238
v 0.046726 0.042197 -0.077238
v 0.046577 0.043049 -0.077238
v 0.046284 0.043863 -0.077238
v 0.045855 0.044614 -0.077238
v 0.045303 0.045280 -0.077238
v 0.044645 0.045841 -0.077238
v 0.043900 0.046280 -0.077238
v 0.043090 0.046584 -0.077238
v 0.042240 0.046745 -0.077238
v 0.042240 0.044726 -0.077238
v 0.042720 0.044603 -0.077238
v 0.043173 0.044404 -0.077238
v 0.043587 0.044132 -0.077238
v 0.043951 0.043796 -0.077238
v 0.044255 0.043405 -0.077238
v 0.044491 0.042969 -0.077238
v 0.044651 0.042501 -0.077238
v 0.044733 0.042012 -0.077238
v 0.044733 0.041517 -0.077238
v 0.044651 0.041029 -0.077238
v 0.044491 0.040560 -0.077238
v 0.044255 0.040124 -0.077238
v 0.043951 0.039733 -0.077238
v 0.043587 0.039398 -0.077238
v 0.043173 0.039126 -0.077238
v 0.042720 0.038926 -0.077238
v 0.041239 -0.036673 -0.077238
v 0.041239 -0.038692 -0.077238
v 0.041239 -0.036673 -0.078189
v 0.041239 -0.038692 -0.078189
v 0.040639 -0.046536 -0.078189
v 0.040389 -0.036834 -0.077238
v 0.040639 -0.036771 -0.078189
v 0.041239 -0.046633 -0.078189
v 0.041239 -0.046633 -0.077238
v 0.040389 -0.046473 -0.077238
v 0.039580 -0.046169 -0.077238
v 0.038835 -0.045729 -0.077238
v 0.038177 -0.045168 -0.077238
v 0.037625 -0.044502 -0.077238
v 0.037196 -0.043752 -0.077238
v 0.036902 -0.042938 -0.077238
v 0.036753 -0.042086 -0.077238
v 0.036753 -0.041221 -0.077238
v 0.036902 -0.040369 -0.077238
v 0.037196 -0.039555 -0.077238
v 0.037625 -0.038804 -0.077238
v 0.038177 -0.038139 -0.077238
v 0.038835 -0.037578 -0.077238
v 0.039580 -0.037138 -0.077238
v 0.041239 -0.044614 -0.077238
v 0.041239 -0.044614 -0.078189
v 0.040639 -0.044447 -0.078189
v 0.040759 -0.044492 -0.077238
v 0.040759 -0.044492 -0.078189
v 0.040306 -0.044292 -0.077238
v 0.040759 -0.038815 -0.078189
v 0.040759 -0.038815 -0.077238
v 0.040639 -0.038859 -0.078189
v 0.040306 -0.039015 -0.077238
v 0.039892 -0.044021 -0.077238
v 0.039528 -0.043685 -0.077238
v 0.039224 -0.043294 -0.077238
v 0.038989 -0.042858 -0.077238
v 0.038828 -0.042390 -0.077238
v 0.038747 -0.041901 -0.077238
v 0.038747 -0.041406 -0.077238
v 0.038828 -0.040917 -0.077238
v 0.038989 -0.040449 -0.077238
v 0.039224 -0.040013 -0.077238
v 0.039528 -0.039622 -0.077238
v 0.039892 -0.039286 -0.077238
v 0.042240 -0.046633 -0.077238
v 0.042240 -0.044614 -0.077238
v 0.043090 -0.046473 -0.077238
v 0.043900 -0.046169 -0.077238
v 0.044645 -0.045729 -0.077238
v 0.045303 -0.045168 -0.077238
v 0.045855 -0.044502 -0.077238
v 0.046284 -0.043752 -0.077238
v 0.046577 -0.042938 -0.077238
v 0.046726 -0.042086 -0.077238
v 0.046726 -0.041221 -0.077238
v 0.046577 -0.040369 -0.077238
v 0.046284 -0.039555 -0.077238
v 0.045855 -0.038804 -0.077238
v 0.045303 -0.038139 -0.077238
v 0.044645 -0.037578 -0.077238
v 0.043900 -0.037138 -0.077238
v 0.043090 -0.036834 -0.077238
v 0.042240 -0.036673 -0.077238
v 0.042240 -0.038692 -0.077238
v 0.042720 -0.038815 -0.077238
v 0.043173 -0.039015 -0.077238
v 0.043587 -0.039286 -0.077238
v 0.043951 -0.039622 -0.077238
v 0.044255 -0.040013 -0.077238
v 0.044491 -0.040449 -0.077238
v 0.044651 -0.040917 -0.077238
v 0.044733 -0.041406 -0.077238
v 0.044733 -0.041901 -0.077238
v 0.044651 -0.042390 -0.077238
v 0.044491 -0.042858 -0.077238
v 0.044255 -0.043294 -0.077238
v 0.043951 -0.043685 -0.077238
v 0.043587 -0.044021 -0.077238
v 0.043173 -0.044292 -0.077238
v 0.042720 -0.044492 -0.077238
v -0.042179 0.038804 -0.077238
v -0.042179 0.036785 -0.077238
v -0.042659 0.038926 -0.077238
v -0.043112 0.039126 -0.077238
v -0.043526 0.039398 -0.077238
v -0.043890 0.039733 -0.077238
v -0.044194 0.040124 -0.077238
v -0.044429 0.040560 -0.077238
v -0.044590 0.041029 -0.077238
v -0.044671 0.041517 -0.077238
v -0.044671 0.042012 -0.077238
v -0.044590 0.042501 -0.077238
v -0.044429 0.042969 -0.077238
v -0.044194 0.043405 -0.077238
v -0.043890 0.043796 -0.077238
v -0.043526 0.044132 -0.077238
v -0.043112 0.044404 -0.077238
v -0.042659 0.044603 -0.077238
v -0.042179 0.044726 -0.077238
v -0.042179 0.046745 -0.077238
v -0.043029 0.046584 -0.077238
v -0.043838 0.046280 -0.077238
v -0.044583 0.045841 -0.077238
v -0.045242 0.045280 -0.077238
v -0.045794 0.044614 -0.077238
v -0.046223 0.043863 -0.077238
v -0.046516 0.043049 -0.077238
v -0.046665 0.042197 -0.077238
v -0.046665 0.041332 -0.077238
v -0.046516 0.040480 -0.077238
v -0.046223 0.039667 -0.077238
v -0.045794 0.038916 -0.077238
v -0.045242 0.038250 -0.077238
v -0.044583 0.037689 -0.077238
v -0.043838 0.037250 -0.077238
v -0.043029 0.036945 -0.077238
v -0.042179 -0.044614 -0.077238
v -0.042179 -0.046633 -0.077238
v -0.042659 -0.044492 -0.077238
v -0.043112 -0.044292 -0.077238
v -0.043526 -0.044021 -0.077238
v -0.043890 -0.043685 -0.077238
v -0.044194 -0.043294 -0.077238
v -0.044429 -0.042858 -0.077238
v -0.044590 -0.042390 -0.077238
v -0.044671 -0.041901 -0.077238
v -0.044671 -0.041406 -0.077238
v -0.044590 -0.040917 -0.077238
v -0.044429 -0.040449 -0.077238
v -0.044194 -0.040013 -0.077238
v -0.043890 -0.039622 -0.077238
v -0.043526 -0.039286 -0.077238
v -0.043112 -0.039015 -0.077238
v -0.042659 -0.038815 -0.077238
v -0.042179 -0.038692 -0.077238
v -0.042179 -0.036673 -0.077238
v -0.043029 -0.036834 -0.077238
v -0.043838 -0.037138 -0.077238
v -0.044583 -0.037578 -0.077238
v -0.045242 -0.038139 -0.077238
v -0.045794 -0.038804 -0.077238
v -0.046223 -0.039555 -0.077238
v -0.046516 -0.040369 -0.077238
v -0.046665 -0.041221 -0.077238
v -0.046665 -0.042086 -0.077238
v -0.046516 -0.042938 -0.077238
v -0.046223 -0.043752 -0.077238
v -0.045794 -0.044502 -0.077238
v -0.045242 -0.045168 -0.077238
v -0.044583 -0.045729 -0.077238
v -0.043838 -0.046169 -0.077238
v -0.043029 -0.046473 -0.077238
v 0.046700 0.037065 -0.083044
v 0.050035 0.035028 -0.083044
v 0.050035 0.035681 -0.083044
v 0.047304 0.037352 -0.083044
v 0.050035 0.039020 -0.083044
v 0.050035 0.039673 -0.083044
v 0.046700 0.037636 -0.083044
v 0.043678 0.037636 -0.083044
v 0.043678 0.037065 -0.083044
v 0.036226 0.047149 -0.083044
v 0.038377 0.045613 -0.083044
v 0.038377 0.046292 -0.083044
v 0.036701 0.047488 -0.083044
v 0.038377 0.048683 -0.083044
v 0.038377 0.049362 -0.083044
v 0.036226 0.047827 -0.083044
v 0.033732 0.049606 -0.083044
v 0.033732 0.048928 -0.083044
v 0.035750 0.047488 -0.083044
v 0.033732 0.046047 -0.083044
v 0.033732 0.045369 -0.083044
v 0.043678 0.041264 -0.083044
v 0.046593 0.041264 -0.083044
v 0.045036 0.039958 -0.083044
v 0.045680 0.039191 -0.083044
v 0.048747 0.041765 -0.083044
v 0.045680 0.044339 -0.083044
v 0.045036 0.043572 -0.083044
v 0.046593 0.042266 -0.083044
v 0.043678 0.042266 -0.083044
v 0.042241 0.043703 -0.083044
v 0.042529 0.043605 -0.083044
v 0.042798 0.043464 -0.083044
v 0.043044 0.043284 -0.083044
v 0.043259 0.043069 -0.083044
v 0.043439 0.042824 -0.083044
v 0.043580 0.042554 -0.083044
v 0.042241 0.046618 -0.083044
v 0.043547 0.045061 -0.083044
v 0.044314 0.045705 -0.083044
v 0.041740 0.048772 -0.083044
v 0.039166 0.045705 -0.083044
v 0.039933 0.045061 -0.083044
v 0.041239 0.046618 -0.083044
v 0.041239 0.043703 -0.083044
v 0.043567 0.040947 -0.083044
v 0.043404 0.040652 -0.083044
v 0.043194 0.040389 -0.083044
v 0.042944 0.040165 -0.083044
v 0.042659 0.039986 -0.083044
v 0.042348 0.039857 -0.083044
v 0.042020 0.039783 -0.083044
v 0.041684 0.039764 -0.083044
v 0.041349 0.039801 -0.083044
v 0.041026 0.039895 -0.083044
v 0.040723 0.040041 -0.083044
v 0.040448 0.040235 -0.083044
v 0.040210 0.040473 -0.083044
v 0.040016 0.040748 -0.083044
v 0.039870 0.041051 -0.083044
v 0.039776 0.041374 -0.083044
v 0.039739 0.041709 -0.083044
v 0.039758 0.042045 -0.083044
v 0.039832 0.042373 -0.083044
v 0.039961 0.042684 -0.083044
v 0.040140 0.042969 -0.083044
v 0.040364 0.043220 -0.083044
v 0.040627 0.043429 -0.083044
v 0.040922 0.043592 -0.083044
v 0.042741 0.041765 -0.083044
v 0.042383 0.040998 -0.083044
v 0.042507 0.041122 -0.083044
v 0.042607 0.041264 -0.083044
v 0.042681 0.041423 -0.083044
v 0.042726 0.041591 -0.083044
v 0.041740 0.042766 -0.083044
v 0.041566 0.042751 -0.083044
v 0.042726 0.041939 -0.083044
v 0.042681 0.042107 -0.083044
v 0.042607 0.042266 -0.083044
v 0.042507 0.042408 -0.083044
v 0.042383 0.042532 -0.083044
v 0.042241 0.042632 -0.083044
v 0.042082 0.042706 -0.083044
v 0.041914 0.042751 -0.083044
v 0.041398 0.042706 -0.083044
v 0.041239 0.042632 -0.083044
v 0.041097 0.042532 -0.083044
v 0.040973 0.042408 -0.083044
v 0.040873 0.042266 -0.083044
v 0.042082 0.040824 -0.083044
v 0.042241 0.040898 -0.083044
v 0.041914 0.040779 -0.083044
v 0.041740 0.040764 -0.083044
v 0.041566 0.040779 -0.083044
v 0.041398 0.040824 -0.083044
v 0.041239 0.040898 -0.083044
v 0.041097 0.040998 -0.083044
v 0.040973 0.041122 -0.083044
v 0.040873 0.041264 -0.083044
v 0.040799 0.041423 -0.083044
v 0.040754 0.041591 -0.083044
v 0.040739 0.041765 -0.083044
v 0.040754 0.041939 -0.083044
v 0.040799 0.042107 -0.083044
v 0.042741 0.041765 -0.083245
v 0.042726 0.041591 -0.083245
v 0.042681 0.041423 -0.083245
v 0.042607 0.041264 -0.083245
v 0.042507 0.041122 -0.083245
v 0.042383 0.040998 -0.083245
v 0.042241 0.040898 -0.083245
v 0.042082 0.040824 -0.083245
v 0.041914 0.040779 -0.083245
v 0.041740 0.040764 -0.083245
v 0.041566 0.040779 -0.083245
v 0.041398 0.040824 -0.083245
v 0.041239 0.040898 -0.083245
v 0.041097 0.040998 -0.083245
v 0.040973 0.041122 -0.083245
v 0.040873 0.041264 -0.083245
v 0.040799 0.041423 -0.083245
v 0.040754 0.041591 -0.083245
v 0.040739 0.041765 -0.083245
v 0.040754 0.041939 -0.083245
v 0.040799 0.042107 -0.083245
v 0.040873 0.042266 -0.083245
v 0.040973 0.042408 -0.083245
v 0.041097 0.042532 -0.083245
v 0.041239 0.042632 -0.083245
v 0.041398 0.042706 -0.083245
v 0.041566 0.042751 -0.083245
v 0.041740 0.042766 -0.083245
v 0.041914 0.042751 -0.083245
v 0.042082 0.042706 -0.083245
v 0.042241 0.042632 -0.083245
v 0.042383 0.042532 -0.083245
v 0.042507 0.042408 -0.083245
v 0.042607 0.042266 -0.083245
v 0.042681 0.042107 -0.083245
v 0.042726 0.041939 -0.083245
v 0.041740 0.041765 -0.083245
v 0.039166 0.045705 -0.083245
v 0.039166 0.045705 -0.083245
v 0.039933 0.045061 -0.083245
v 0.039933 0.045061 -0.083245
v 0.043567 0.040947 -0.083245
v 0.043404 0.040652 -0.083245
v 0.041740 0.048772 -0.083245
v 0.041740 0.048772 -0.083245
v 0.033398 0.016749 -0.083245
v 0.033398 0.016749 -0.083245
v 0.033398 0.000056 -0.083245
v 0.033398 0.000056 -0.083245
v 0.036701 0.047488 -0.083245
v 0.036701 0.047488 -0.083245
v 0.038377 0.048683 -0.083245
v 0.038377 0.048683 -0.083245
v 0.042020 0.039783 -0.083245
v 0.042348 0.039857 -0.083245
v 0.043547 0.045061 -0.083245
v 0.043547 0.045061 -0.083245
v 0.042241 0.046618 -0.083245
v 0.042241 0.046618 -0.083245
v 0.041026 0.039895 -0.083245
v 0.041349 0.039801 -0.083245
v 0.041684 0.039764 -0.083245
v -0.041178 0.046745 -0.077238
v -0.041178 0.046745 -0.077238
v -0.041178 0.046745 -0.078189
v -0.041178 0.046745 -0.078189
v -0.040245 0.044404 -0.077238
v -0.039831 0.044132 -0.077238
v -0.039467 0.043796 -0.077238
v -0.038767 0.042501 -0.077238
v -0.038686 0.042012 -0.077238
v -0.038928 0.040560 -0.077238
v -0.039163 0.040124 -0.077238
v -0.040328 0.046584 -0.077238
v -0.039519 0.046280 -0.077238
v -0.037563 0.044614 -0.081242
v -0.037134 0.043863 -0.081242
v -0.036692 0.041332 -0.081242
v -0.036841 0.040480 -0.081242
v -0.038115 0.038250 -0.081242
v -0.038774 0.037689 -0.081242
v -0.041178 -0.036673 -0.077238
v -0.041178 -0.036673 -0.077238
v -0.041178 -0.036673 -0.078189
v -0.041178 -0.036673 -0.078189
v -0.040245 -0.039015 -0.077238
v -0.039831 -0.039286 -0.077238
v -0.039467 -0.039622 -0.077238
v -0.038767 -0.040917 -0.077238
v -0.038686 -0.041406 -0.077238
v -0.038928 -0.042858 -0.077238
v -0.039163 -0.043294 -0.077238
v -0.040328 -0.036834 -0.077238
v -0.039519 -0.037138 -0.077238
v -0.037563 -0.038804 -0.081243
v -0.037134 -0.039555 -0.081243
v -0.036692 -0.042086 -0.081243
v -0.036841 -0.042938 -0.081243
v -0.038115 -0.045168 -0.081243
v -0.038774 -0.045729 -0.081243
v -0.050021 0.050107 -0.081242
v -0.050021 0.050107 -0.081242
v -0.050021 0.046696 -0.081242
v 0.043900 0.046280 -0.081242
v 0.044645 0.045841 -0.081242
v 0.044733 0.041517 -0.081242
v 0.044733 0.042012 -0.081242
v -0.046516 0.043049 -0.081242
v -0.046665 0.042197 -0.081242
v 0.045303 0.045280 -0.081242
v 0.045855 0.044614 -0.081242
v 0.044255 0.043405 -0.081242
v 0.043951 0.043796 -0.081242
v 0.044651 0.041029 -0.081242
v 0.043587 0.044132 -0.081242
v 0.043173 0.044404 -0.081242
v 0.043090 0.046584 -0.081242
v 0.043900 -0.037138 -0.081243
v 0.044645 -0.037578 -0.081243
v 0.043090 -0.046473 -0.081243
v 0.043900 -0.046169 -0.081243
v 0.046577 -0.042938 -0.081243
v 0.046284 -0.043752 -0.081243
v 0.043090 -0.036834 -0.081243
v 0.042240 -0.046633 -0.081243
v 0.042240 -0.046633 -0.081243
v 0.044491 -0.042858 -0.081243
v 0.044651 -0.042390 -0.081243
v 0.042720 -0.038815 -0.081243
v 0.043173 -0.039015 -0.081243
v -0.043890 -0.039622 -0.081243
v -0.043526 -0.039286 -0.081243
v -0.042659 -0.044492 -0.081243
v -0.043112 -0.044292 -0.081243
v -0.042179 -0.036673 -0.081243
v -0.042179 -0.036673 -0.081243
v -0.043029 -0.036834 -0.081243
v -0.046665 -0.042086 -0.081243
v -0.046516 -0.042938 -0.081243
v -0.045242 -0.038139 -0.081243
v -0.044583 -0.037578 -0.081243
v -0.046223 0.043863 -0.081242
v -0.046665 0.041332 -0.081242
v -0.042179 0.036785 -0.081242
v -0.042179 0.036785 -0.081242
v -0.043029 0.036945 -0.081242
v -0.045242 0.038250 -0.081242
v -0.045794 0.038916 -0.081242
v 0.041239 0.043703 -0.083044
v 0.041239 0.043703 -0.083044
v 0.040922 0.043592 -0.083044
v 0.035066 0.050107 -0.081242
v -0.035012 0.050107 -0.081242
v 0.040639 0.038971 -0.081242
v 0.040639 0.038971 -0.081242
v 0.040639 0.036882 -0.081242
v 0.040639 0.036882 -0.081242
v 0.039580 0.046280 -0.081242
v 0.040389 0.046584 -0.081242
v 0.039528 0.039733 -0.081242
v 0.039892 0.039398 -0.081242
v 0.040306 0.039126 -0.081242
v 0.039224 0.040124 -0.081242
v 0.000031 0.033437 -0.081242
v 0.000031 0.033437 -0.081242
v 0.000031 0.016749 -0.081243
v 0.000031 0.016749 -0.081243
v 0.033398 0.016749 -0.081243
v 0.033398 0.016749 -0.081243
v 0.016711 -0.016625 -0.081243
v 0.016711 -0.016625 -0.081243
v 0.016711 0.000056 -0.081243
v 0.016711 0.000056 -0.081243
v 0.038177 -0.045168 -0.081243
v 0.037625 -0.044502 -0.081243
v 0.039528 -0.043685 -0.081243
v 0.039892 -0.044021 -0.081243
v 0.039224 -0.043294 -0.081243
v 0.041239 0.046745 -0.077238
v 0.041239 0.046745 -0.077238
v 0.041239 0.044726 -0.077238
v 0.041239 0.044726 -0.077238
v 0.041239 0.046745 -0.078189
v 0.041239 0.046745 -0.078189
v 0.040389 0.046584 -0.077238
v 0.041239 0.036785 -0.077238
v 0.041239 0.036785 -0.077238
v 0.040389 0.036945 -0.077238
v 0.036753 0.041332 -0.077238
v 0.036753 0.042197 -0.077238
v 0.041239 0.038804 -0.077238
v 0.041239 0.038804 -0.077238
v 0.041239 0.038804 -0.078189
v 0.041239 0.038804 -0.078189
v 0.040639 0.038971 -0.078189
v 0.040639 0.038971 -0.078189
v 0.040759 0.038926 -0.077238
v 0.038747 0.042012 -0.077238
v 0.038828 0.042501 -0.077238
v 0.043090 0.036945 -0.077238
v 0.043900 0.037250 -0.077238
v 0.046726 0.042197 -0.077238
v 0.046577 0.043049 -0.077238
v 0.042240 0.046745 -0.077238
v 0.042240 0.046745 -0.077238
v 0.042240 0.044726 -0.077238
v 0.042240 0.044726 -0.077238
v 0.044651 0.042501 -0.077238
v 0.044733 0.042012 -0.077238
v 0.043173 0.039126 -0.077238
v 0.042720 0.038926 -0.077238
v 0.037196 -0.043752 -0.077238
v 0.036902 -0.042938 -0.077238
v 0.038835 -0.037578 -0.077238
v 0.039580 -0.037138 -0.077238
v 0.040759 -0.038815 -0.078189
v 0.040639 -0.038859 -0.078189
v 0.040639 -0.038859 -0.078189
v 0.038828 -0.042390 -0.077238
v 0.038747 -0.041901 -0.077238
v 0.042240 -0.046633 -0.077238
v 0.042240 -0.046633 -0.077238
v 0.042240 -0.044614 -0.077238
v 0.042240 -0.044614 -0.077238
v 0.043090 -0.046473 -0.077238
v 0.046577 -0.042938 -0.077238
v 0.046726 -0.042086 -0.077238
v 0.043900 -0.037138 -0.077238
v 0.043090 -0.036834 -0.077238
v 0.044255 -0.040013 -0.077238
v 0.044491 -0.040449 -0.077238
v 0.043951 -0.043685 -0.077238
v 0.043587 -0.044021 -0.077238
v -0.042179 0.036785 -0.077238
v -0.042179 0.036785 -0.077238
v -0.043526 0.039398 -0.077238
v -0.043890 0.039733 -0.077238
v -0.044429 0.042969 -0.077238
v -0.044194 0.043405 -0.077238
v -0.043029 0.046584 -0.077238
v -0.043838 0.046280 -0.077238
v -0.046665 0.041332 -0.077238
v -0.046516 0.040480 -0.077238
v -0.042179 -0.044614 -0.077238
v -0.042179 -0.044614 -0.077238
v -0.042179 -0.046633 -0.077238
v -0.042179 -0.046633 -0.077238
v -0.042659 -0.044492 -0.077238
v -0.044590 -0.042390 -0.077238
v -0.044671 -0.041901 -0.077238
v -0.043112 -0.039015 -0.077238
v -0.042659 -0.038815 -0.077238
v -0.042179 -0.036673 -0.077238
v -0.042179 -0.036673 -0.077238
v -0.045794 -0.038804 -0.077238
v -0.046223 -0.039555 -0.077238
v -0.045242 -0.045168 -0.077238
v -0.044583 -0.045729 -0.077238
v 0.050035 0.039020 -0.083044
v 0.050035 0.039020 -0.083044
v 0.050035 0.039673 -0.083044
v 0.050035 0.039673 -0.083044
v 0.036701 0.047488 -0.083044
v 0.036701 0.047488 -0.083044
v 0.038377 0.048683 -0.083044
v 0.038377 0.048683 -0.083044
v 0.046593 0.042266 -0.083044
v 0.046593 0.042266 -0.083044
v 0.043678 0.042266 -0.083044
v 0.043678 0.042266 -0.083044
v 0.043547 0.045061 -0.083044
v 0.043547 0.045061 -0.083044
v 0.039166 0.045705 -0.083044
v 0.039166 0.045705 -0.083044
v 0.041684 0.039764 -0.083044
v 0.041349 0.039801 -0.083044
v 0.039776 0.041374 -0.083044
v 0.039739 0.041709 -0.083044
v 0.041566 0.042751 -0.083044
v 0.041398 0.042706 -0.083044
v 0.041914 0.040779 -0.083044
v 0.041740 0.040764 -0.083044
v 0.040799 0.041423 -0.083044
v 0.040754 0.041591 -0.083044
v 0.042607 0.041264 -0.083245
v 0.042507 0.041122 -0.083245
v 0.041398 0.040824 -0.083245
v 0.041239 0.040898 -0.083245
v 0.040754 0.041939 -0.083245
v 0.040799 0.042107 -0.083245
v 0.041740 0.042766 -0.083245
v 0.041914 0.042751 -0.083245
v 0.040639 -0.036771 -0.078189
v 0.040639 -0.036771 -0.078189
v 0.016711 0.000056 -0.083245
v 0.016711 0.000056 -0.083245
v 0.046284 0.043863 -0.081242
v 0.044651 0.042501 -0.081242
v 0.045303 -0.038139 -0.081243
v 0.045855 -0.044502 -0.081243
v 0.042240 -0.044614 -0.081243
v 0.042240 -0.044614 -0.081243
v 0.042720 -0.044492 -0.081243
v -0.043112 -0.039015 -0.081243
v -0.042659 -0.038815 -0.081243
v -0.046223 -0.043752 -0.081243
v -0.043838 -0.037138 -0.081243
v -0.045794 0.044614 -0.081242
v -0.043526 0.039398 -0.081242
v -0.043112 0.039126 -0.081242
v 0.038989 0.042969 -0.081242
v 0.038828 0.042501 -0.081242
v -0.016663 0.000056 -0.083245
v -0.016663 0.000056 -0.083245
v -0.016663 0.000056 -0.081243
v -0.016663 0.000056 -0.081243
v 0.037196 -0.043752 -0.081243
v 0.036753 -0.041221 -0.081243
v 0.036902 -0.040369 -0.081243
v 0.040306 -0.044292 -0.081243
v 0.045036 0.039958 -0.083245
v 0.045036 0.039958 -0.083245
v 0.045680 0.039191 -0.083245
v 0.045680 0.039191 -0.083245
v 0.041239 0.046618 -0.083245
v 0.041239 0.046618 -0.083245
v 0.040016 0.040748 -0.083245
v 0.040210 0.040473 -0.083245
v -0.050021 -0.049995 -0.083245
v -0.050021 -0.049995 -0.083245
v -0.050021 0.050107 -0.083245
v -0.050021 0.050107 -0.083245
v 0.046593 0.042266 -0.083245
v 0.046593 0.042266 -0.083245
v 0.043678 0.042266 -0.083245
v 0.043678 0.042266 -0.083245
v 0.042659 0.039986 -0.083245
v 0.042241 0.043703 -0.083245
v 0.042241 0.043703 -0.083245
v 0.042529 0.043605 -0.083245
v 0.000024 0.000056 -0.083245
v 0.000024 0.000056 -0.083245
v -0.016663 -0.033312 -0.083245
v -0.016663 -0.033312 -0.083245
v 0.050082 -0.049995 -0.083245
v 0.050082 -0.049995 -0.083245
v 0.039870 0.041051 -0.083245
v 0.050035 0.035028 -0.083245
v 0.050035 0.035028 -0.083245
v 0.050035 0.035681 -0.083245
v 0.050035 0.035681 -0.083245
v 0.040364 0.043220 -0.083245
v 0.040140 0.042969 -0.083245
v -0.041178 0.044726 -0.078189
v -0.041178 0.044726 -0.078189
v -0.040698 0.044603 -0.078189
v -0.041178 0.038804 -0.078189
v -0.041178 0.038804 -0.078189
v -0.041178 0.038804 -0.077238
v -0.041178 0.038804 -0.077238
v -0.040698 0.038926 -0.078189
v 0.036753 0.042197 -0.081242
v 0.036902 0.043049 -0.081242
v -0.039831 0.044132 -0.081242
v -0.039467 0.043796 -0.081242
v -0.038767 0.042501 -0.081242
v -0.038686 0.042012 -0.081242
v -0.038928 0.040560 -0.081242
v -0.039163 0.040124 -0.081242
v 0.042741 0.041765 -0.083044
v 0.042726 0.041939 -0.083044
v -0.041178 0.036785 -0.077238
v -0.041178 0.036785 -0.077238
v -0.041178 0.036785 -0.078189
v -0.041178 0.036785 -0.078189
v -0.040328 0.036945 -0.077238
v -0.038774 0.045841 -0.077238
v -0.037134 0.043863 -0.077238
v -0.036841 0.043049 -0.077238
v -0.036841 0.040480 -0.077238
v -0.037134 0.039667 -0.077238
v -0.038774 0.037689 -0.077238
v -0.039519 0.037250 -0.077238
v -0.041178 -0.038692 -0.078189
v -0.041178 -0.038692 -0.078189
v -0.040698 -0.038815 -0.078189
v -0.041178 -0.044614 -0.078189
v -0.041178 -0.044614 -0.078189
v -0.041178 -0.044614 -0.077238
v -0.041178 -0.044614 -0.077238
v -0.040698 -0.044492 -0.078189
v -0.039831 -0.039286 -0.081243
v -0.039467 -0.039622 -0.081243
v -0.038767 -0.040917 -0.081243
v -0.038686 -0.041406 -0.081243
v -0.038928 -0.042858 -0.081243
v -0.039163 -0.043294 -0.081243
v -0.041178 -0.046633 -0.077238
v -0.041178 -0.046633 -0.077238
v -0.041178 -0.046633 -0.078189
v -0.041178 -0.046633 -0.078189
v -0.040328 -0.046473 -0.077238
v 0.036902 0.043049 -0.077238
v -0.038774 -0.037578 -0.077238
v -0.037134 -0.039555 -0.077238
v -0.036841 -0.040369 -0.077238
v -0.036841 -0.042938 -0.077238
v -0.037134 -0.043752 -0.077238
v -0.038774 -0.045729 -0.077238
v -0.039519 -0.046169 -0.077238
v 0.046700 0.037636 -0.083044
v 0.046700 0.037636 -0.083044
v 0.038377 0.049362 -0.083044
v 0.038377 0.049362 -0.083044
v 0.043678 0.041264 -0.083044
v 0.043678 0.041264 -0.083044
v 0.046593 0.041264 -0.083044
v 0.046593 0.041264 -0.083044
v 0.045036 0.039958 -0.083044
v 0.045036 0.039958 -0.083044
v 0.042241 0.043703 -0.083044
v 0.042241 0.043703 -0.083044
v 0.043580 0.042554 -0.083044
v 0.042241 0.046618 -0.083044
v 0.042241 0.046618 -0.083044
v 0.039933 0.045061 -0.083044
v 0.039933 0.045061 -0.083044
v 0.043567 0.040947 -0.083044
v 0.043404 0.040652 -0.083044
v 0.041026 0.039895 -0.083044
v 0.039758 0.042045 -0.083044
v 0.042726 0.041591 -0.083044
v 0.042681 0.042107 -0.083044
v 0.039580 0.037250 -0.077238
v 0.041239 0.042632 -0.083044
v 0.041566 0.040779 -0.083044
v 0.040739 0.041765 -0.083044
v 0.042383 0.040998 -0.083245
v 0.041097 0.040998 -0.083245
v 0.040873 0.042266 -0.083245
v 0.042082 0.042706 -0.083245
v 0.038989 -0.040449 -0.081243
v 0.038828 -0.040917 -0.081243
v -0.035012 -0.049995 -0.081243
v 0.035066 -0.049995 -0.081243
v -0.050021 0.035111 -0.081242
v -0.050021 -0.049995 -0.081243
v -0.050021 -0.049995 -0.081243
v 0.041239 0.044726 -0.078189
v 0.041239 0.044726 -0.078189
v 0.040639 0.036882 -0.078189
v 0.040639 0.036882 -0.078189
v 0.042720 -0.044492 -0.077238
v 0.040759 0.038926 -0.078189
v 0.040759 0.044603 -0.077238
v 0.038989 0.042969 -0.077238
v 0.040306 0.044404 -0.077238
v 0.039892 0.044132 -0.077238
v 0.044645 0.037689 -0.077238
v 0.046284 0.043863 -0.077238
v 0.042720 0.044603 -0.077238
v 0.044733 0.041517 -0.077238
v 0.041239 -0.046633 -0.078189
v 0.041239 -0.046633 -0.078189
v 0.041239 -0.046633 -0.077238
v 0.041239 -0.046633 -0.077238
v 0.036753 -0.042086 -0.077238
v 0.041239 -0.044614 -0.078189
v 0.041239 -0.044614 -0.078189
v 0.040759 -0.038815 -0.077238
v 0.040306 -0.039015 -0.077238
v 0.038747 -0.041406 -0.077238
v 0.046726 -0.041221 -0.077238
v 0.042240 -0.036673 -0.077238
v 0.042240 -0.036673 -0.077238
v 0.044651 -0.040917 -0.077238
v 0.043173 -0.044292 -0.077238
v -0.044194 0.040124 -0.077238
v -0.043890 0.043796 -0.077238
v -0.044583 0.045841 -0.077238
v -0.046223 0.039667 -0.077238
v -0.044671 -0.041406 -0.077238
v -0.042179 -0.038692 -0.077238
v -0.042179 -0.038692 -0.077238
v -0.046516 -0.040369 -0.077238
v -0.043838 -0.046169 -0.077238
v -0.043029 -0.046473 -0.077238
v 0.050035 0.035028 -0.083044
v 0.050035 0.035028 -0.083044
v 0.038747 -0.041406 -0.081243
v 0.040639 0.046647 -0.078189
v 0.040639 0.046647 -0.078189
v 0.038835 0.037689 -0.077238
v 0.039892 0.039398 -0.077238
v 0.039528 0.039733 -0.077238
v 0.039224 0.043405 -0.077238
v 0.045303 0.038250 -0.077238
v 0.045855 0.044614 -0.077238
v 0.043173 0.044404 -0.077238
v 0.044651 0.041029 -0.077238
v 0.041239 -0.036673 -0.077238
v 0.041239 -0.036673 -0.077238
v 0.041239 -0.038692 -0.077238
v 0.041239 -0.038692 -0.077238
v 0.041239 -0.036673 -0.078189
v 0.041239 -0.036673 -0.078189
v 0.033398 0.000056 -0.081243
v 0.033398 0.000056 -0.081243
v 0.040389 -0.036834 -0.077238
v 0.040389 -0.046473 -0.077238
v 0.036753 -0.041221 -0.077238
v 0.041239 -0.044614 -0.077238
v 0.041239 -0.044614 -0.077238
v 0.040759 -0.044492 -0.077238
v 0.038828 -0.040917 -0.077238
v 0.043900 -0.046169 -0.077238
v 0.046577 -0.040369 -0.077238
v 0.042240 -0.038692 -0.077238
v 0.042240 -0.038692 -0.077238
v 0.044733 -0.041406 -0.077238
v -0.044429 0.040560 -0.077238
v -0.043526 0.044132 -0.077238
v -0.042179 0.046745 -0.081242
v -0.042179 0.046745 -0.081242
v -0.042179 0.046745 -0.077238
v -0.042179 0.046745 -0.077238
v -0.045242 0.045280 -0.077238
v -0.045242 0.045280 -0.081242
v -0.045794 0.038916 -0.077238
v -0.042179 -0.044614 -0.081243
v -0.042179 -0.044614 -0.081243
v -0.043112 -0.044292 -0.077238
v -0.044590 -0.040917 -0.077238
v -0.046665 -0.041221 -0.077238
v 0.043678 0.037636 -0.083044
v 0.043678 0.037636 -0.083044
v 0.036226 0.047149 -0.083245
v 0.036226 0.047149 -0.083245
v 0.036226 0.047149 -0.083044
v 0.036226 0.047149 -0.083044
v 0.036226 0.047827 -0.083044
v 0.036226 0.047827 -0.083044
v 0.042529 0.043605 -0.083044
v 0.044314 0.045705 -0.083044
v 0.044314 0.045705 -0.083044
v 0.043194 0.040389 -0.083044
v 0.040723 0.040041 -0.083044
v 0.039832 0.042373 -0.083044
v 0.042383 0.040998 -0.083044
v 0.042507 0.041122 -0.083044
v 0.042607 0.042266 -0.083044
v 0.041097 0.042532 -0.083044
v 0.042241 0.040898 -0.083044
v 0.041398 0.040824 -0.083044
v 0.040754 0.041939 -0.083044
v 0.042241 0.040898 -0.083245
v 0.040973 0.041122 -0.083245
v 0.040973 0.042408 -0.083245
v 0.042241 0.042632 -0.083245
v 0.045855 -0.038804 -0.081243
v 0.037196 0.043863 -0.077238
v 0.040627 0.043429 -0.083245
v 0.040922 0.043592 -0.083245
v 0.040448 0.040235 -0.083245
v 0.050082 0.050107 -0.083245
v 0.050082 0.050107 -0.083245
v 0.043580 0.042554 -0.083245
v 0.000031 -0.016625 -0.083245
v 0.000031 -0.016625 -0.083245
v 0.043194 0.040389 -0.083245
v 0.033732 0.045369 -0.083245
v 0.033732 0.045369 -0.083245
v -0.043029 0.046584 -0.081242
v -0.040698 0.038926 -0.077238
v -0.039163 0.043405 -0.077238
v -0.038686 0.041517 -0.077238
v -0.039467 0.039733 -0.077238
v -0.040577 0.036882 -0.078189
v -0.040577 0.036882 -0.078189
v -0.040577 0.046647 -0.078189
v -0.040577 0.046647 -0.078189
v -0.039519 0.046280 -0.081242
v -0.038774 0.045841 -0.081242
v -0.036841 0.043049 -0.081242
v 0.043678 0.037636 -0.083245
v 0.043678 0.037636 -0.083245
v -0.037134 0.039667 -0.081242
v -0.039519 0.037250 -0.081242
v -0.040698 -0.044492 -0.077238
v -0.039163 -0.040013 -0.077238
v -0.038686 -0.041901 -0.077238
v -0.039467 -0.043685 -0.077238
v -0.040577 -0.046536 -0.078189
v -0.040577 -0.046536 -0.078189
v -0.040577 -0.036771 -0.078189
v -0.040577 -0.036771 -0.078189
v -0.039519 -0.037138 -0.081243
v -0.038774 -0.037578 -0.081243
v -0.036841 -0.040369 -0.081243
v -0.037134 -0.043752 -0.081243
v -0.039519 -0.046169 -0.081243
v -0.042179 -0.046585 -0.081243
v 0.050082 0.046696 -0.081242
v 0.050082 0.035111 -0.081242
v 0.043173 0.039126 -0.081242
v 0.042720 0.038926 -0.081242
v 0.046577 0.043049 -0.081242
v 0.044255 0.040124 -0.081242
v 0.043951 0.039733 -0.081242
v 0.043587 0.039398 -0.081242
v 0.044491 0.040560 -0.081242
v 0.046284 0.039667 -0.081242
v 0.045855 0.038916 -0.081242
v 0.050082 0.050107 -0.081242
v 0.050082 0.050107 -0.081242
v 0.050082 -0.036722 -0.081243
v 0.050082 -0.046585 -0.081243
v 0.044491 -0.040449 -0.081243
v 0.044255 -0.040013 -0.081243
v 0.044651 -0.040917 -0.081243
v -0.044590 -0.042390 -0.081243
v -0.044429 -0.042858 -0.081243
v -0.045794 -0.044502 -0.081243
v -0.042179 0.046696 -0.081242
v -0.044194 0.040124 -0.081242
v -0.043890 0.039733 -0.081242
v -0.044429 0.040560 -0.081242
v 0.038177 0.038250 -0.081242
v 0.037625 0.038916 -0.081242
v 0.037196 0.043863 -0.081242
v 0.038747 0.042012 -0.081242
v 0.050082 -0.034993 -0.081243
v -0.016663 -0.033312 -0.081243
v -0.016663 -0.033312 -0.081243
v -0.033351 -0.033312 -0.081243
v -0.033351 -0.033312 -0.081243
v 0.000024 0.000056 -0.081243
v 0.000024 0.000056 -0.081243
v 0.038835 -0.037578 -0.081243
v 0.039580 -0.037138 -0.081243
v 0.037196 -0.039555 -0.081243
v 0.038177 -0.038139 -0.081243
v 0.050035 0.039673 -0.083245
v 0.050035 0.039673 -0.083245
v 0.043678 0.037065 -0.083044
v 0.043678 0.037065 -0.083044
v -0.043838 -0.046169 -0.081243
v -0.043029 -0.046473 -0.081243
v 0.033732 0.049606 -0.083044
v 0.033732 0.049606 -0.083044
v 0.045680 0.039191 -0.083044
v 0.045680 0.039191 -0.083044
v 0.042798 0.043464 -0.083044
v 0.041740 0.048772 -0.083044
v 0.041740 0.048772 -0.083044
v 0.042944 0.040165 -0.083044
v 0.038377 0.049362 -0.083245
v 0.038377 0.049362 -0.083245
v 0.040448 0.040235 -0.083044
v 0.039961 0.042684 -0.083044
v -0.042179 -0.046633 -0.081243
v -0.042179 -0.046633 -0.081243
v 0.042607 0.041264 -0.083044
v 0.042507 0.042408 -0.083044
v 0.040973 0.042408 -0.083044
v 0.041239 0.040898 -0.083044
v 0.040799 0.042107 -0.083044
v 0.042082 0.040824 -0.083245
v 0.040873 0.041264 -0.083245
v 0.041097 0.042532 -0.083245
v 0.042383 0.042532 -0.083245
v 0.046284 -0.039555 -0.077238
v 0.038747 -0.041901 -0.081243
v -0.041378 -0.049995 -0.081243
v -0.050021 -0.034993 -0.081243
v 0.038177 0.038250 -0.077238
v 0.040306 0.039126 -0.077238
v 0.040759 0.044603 -0.078189
v 0.039224 0.040124 -0.077238
v 0.039528 0.043796 -0.077238
v 0.045855 0.038916 -0.077238
v 0.045303 0.045280 -0.077238
v 0.043587 0.044132 -0.077238
v 0.044491 0.040560 -0.077238
v 0.041239 -0.038692 -0.078189
v 0.041239 -0.038692 -0.078189
v 0.039580 -0.046169 -0.077238
v 0.036902 -0.040369 -0.077238
v 0.040759 -0.044492 -0.078189
v -0.044671 0.042012 -0.081242
v -0.044590 0.042501 -0.081242
v 0.038989 -0.040449 -0.077238
v 0.039892 -0.039286 -0.077238
v 0.044645 -0.045729 -0.077238
v 0.042720 -0.038815 -0.077238
v 0.044733 -0.041901 -0.077238
v -0.044590 0.041029 -0.077238
v -0.043112 0.044404 -0.077238
v -0.045794 0.044614 -0.077238
v -0.045242 0.038250 -0.077238
v -0.043526 -0.044021 -0.077238
v -0.044429 -0.040449 -0.077238
v -0.043029 -0.036834 -0.077238
v -0.046665 -0.042086 -0.077238
v 0.042720 0.044603 -0.081242
v 0.042240 0.044726 -0.081242
v 0.042240 0.044726 -0.081242
v 0.045303 0.038250 -0.081242
v 0.044645 0.037689 -0.081242
v 0.046726 0.042197 -0.081242
v 0.040389 -0.036834 -0.081243
v 0.050082 -0.049995 -0.081243
v 0.050082 -0.049995 -0.081243
v 0.046284 -0.039555 -0.081243
v 0.044733 -0.041901 -0.081243
v 0.044733 -0.041406 -0.081243
v 0.043951 -0.039622 -0.081243
v 0.037625 -0.038804 -0.081243
v 0.043587 -0.039286 -0.081243
v -0.044671 -0.041406 -0.081243
v -0.044671 -0.041901 -0.081243
v -0.044590 -0.040917 -0.081243
v -0.044583 -0.045729 -0.081243
v -0.033351 -0.033312 -0.083245
v -0.033351 -0.033312 -0.083245
v -0.048352 -0.049995 -0.081243
v -0.042179 0.044726 -0.081242
v -0.042179 0.044726 -0.081242
v -0.044671 0.041517 -0.081242
v -0.044583 0.045841 -0.081242
v -0.044429 0.042969 -0.081242
v 0.037196 0.039667 -0.081242
v 0.037625 0.044614 -0.077238
v 0.037625 0.044614 -0.081242
v 0.038177 0.045280 -0.081242
v 0.038747 0.041517 -0.081242
v -0.033351 0.016887 -0.081243
v -0.033351 0.016887 -0.081243
v 0.039776 0.041374 -0.083245
v 0.000031 0.016749 -0.083245
v 0.000031 0.016749 -0.083245
v -0.033351 0.016887 -0.083245
v -0.033351 0.016887 -0.083245
v 0.036226 0.047827 -0.083245
v 0.036226 0.047827 -0.083245
v 0.046700 0.037636 -0.083245
v 0.046700 0.037636 -0.083245
v -0.016663 0.016749 -0.083245
v -0.016663 0.016749 -0.083245
v 0.000031 0.033437 -0.083245
v 0.000031 0.033437 -0.083245
v 0.042944 0.040165 -0.083245
v 0.042798 0.043464 -0.083245
v 0.050035 0.039020 -0.083245
v 0.050035 0.039020 -0.083245
v 0.039961 0.042684 -0.083245
v -0.040577 0.044559 -0.078189
v -0.040577 0.044559 -0.078189
v -0.040577 0.044559 -0.081242
v -0.040577 0.044559 -0.081242
v -0.040577 0.038971 -0.078189
v -0.040577 0.038971 -0.078189
v -0.039163 0.043405 -0.081242
v -0.038686 0.041517 -0.081242
v -0.039467 0.039733 -0.081242
v -0.038115 0.045280 -0.077238
v -0.036692 0.042197 -0.077238
v -0.037563 0.038916 -0.077238
v -0.040577 -0.038859 -0.078189
v -0.040577 -0.038859 -0.078189
v -0.040577 -0.038859 -0.081243
v -0.040577 -0.038859 -0.081243
v -0.040577 -0.044447 -0.078189
v -0.040577 -0.044447 -0.078189
v -0.039163 -0.040013 -0.081243
v -0.038686 -0.041901 -0.081243
v -0.039467 -0.043685 -0.081243
v -0.045242 -0.045168 -0.081243
v -0.038115 -0.038139 -0.077238
v -0.036692 -0.041221 -0.077238
v -0.037563 -0.044502 -0.077238
v 0.033732 0.049606 -0.083245
v 0.033732 0.049606 -0.083245
v -0.016663 0.033437 -0.083245
v -0.016663 0.033437 -0.083245
v 0.045680 0.044339 -0.083245
v 0.045680 0.044339 -0.083245
v 0.048747 0.041765 -0.083245
v 0.048747 0.041765 -0.083245
v 0.045036 0.043572 -0.083245
v 0.045036 0.043572 -0.083245
v 0.040723 0.040041 -0.083245
v 0.043044 0.043284 -0.083245
v 0.016711 -0.016625 -0.083245
v 0.016711 -0.016625 -0.083245
v -0.040245 0.044404 -0.081242
v -0.040245 0.039126 -0.077238
v -0.038928 0.042969 -0.077238
v -0.038767 0.041029 -0.077238
v -0.039831 0.039398 -0.077238
v -0.040577 0.046647 -0.081242
v -0.040577 0.046647 -0.081242
v -0.038115 0.045280 -0.081242
v -0.036692 0.042197 -0.081242
v -0.037563 0.038916 -0.081242
v -0.040328 0.036945 -0.081242
v -0.040577 0.036882 -0.081242
v -0.040577 0.036882 -0.081242
v -0.040245 -0.039015 -0.081243
v -0.040245 -0.044292 -0.077238
v -0.038928 -0.040449 -0.077238
v -0.038767 -0.042390 -0.077238
v -0.039831 -0.044021 -0.077238
v -0.040577 -0.036771 -0.081243
v -0.040577 -0.036771 -0.081243
v -0.038115 -0.038139 -0.081243
v -0.036692 -0.041221 -0.081243
v -0.037563 -0.044502 -0.081243
v -0.040328 -0.046473 -0.081243
v -0.040577 -0.046536 -0.081243
v -0.040577 -0.046536 -0.081243
v 0.042240 0.046696 -0.081242
v 0.043900 0.037250 -0.081242
v 0.046726 0.041332 -0.081242
v 0.041439 0.050107 -0.081242
v 0.045303 -0.045168 -0.081243
v 0.044645 -0.045729 -0.081243
v 0.046577 -0.040369 -0.081243
v 0.042240 -0.036673 -0.081243
v 0.042240 -0.036673 -0.081243
v 0.042240 -0.036722 -0.081243
v -0.043526 -0.044021 -0.081243
v -0.044194 0.043405 -0.081242
v -0.043890 0.043796 -0.081242
v -0.044590 0.041029 -0.081242
v -0.043838 0.046280 -0.081242
v 0.039580 0.037250 -0.081242
v 0.038835 0.037689 -0.081242
v 0.040389 0.036945 -0.081242
v 0.036902 0.040480 -0.081242
v 0.040306 0.044404 -0.081242
v 0.040639 0.044559 -0.081242
v 0.040639 0.044559 -0.081242
v 0.039892 0.044132 -0.081242
v 0.038828 0.041029 -0.081242
v -0.016663 0.033437 -0.081242
v -0.016663 0.033437 -0.081242
v 0.000031 -0.016625 -0.081243
v 0.000031 -0.016625 -0.081243
v 0.040639 -0.044447 -0.081243
v 0.040639 -0.044447 -0.081243
v 0.040639 -0.046536 -0.081243
v 0.040639 -0.046536 -0.081243
v 0.040306 -0.039015 -0.081243
v 0.040639 -0.038859 -0.081243
v 0.040639 -0.038859 -0.081243
v 0.039892 -0.039286 -0.081243
v 0.038828 -0.042390 -0.081243
v -0.050021 -0.036722 -0.081243
v 0.041239 0.036785 -0.078189
v 0.041239 0.036785 -0.078189
v 0.037625 0.038916 -0.077238
v 0.038177 0.045280 -0.077238
v 0.038989 0.040560 -0.077238
v 0.046284 0.039667 -0.077238
v 0.044645 0.045841 -0.077238
v 0.043951 0.043796 -0.077238
v 0.044255 0.040124 -0.077238
v 0.038835 -0.045729 -0.077238
v 0.037196 -0.039555 -0.077238
v 0.040639 -0.044447 -0.078189
v 0.040639 -0.044447 -0.078189
v 0.039892 -0.044021 -0.077238
v 0.039528 -0.043685 -0.077238
v 0.039224 -0.040013 -0.077238
v 0.045303 -0.045168 -0.077238
v 0.045855 -0.038804 -0.077238
v 0.043173 -0.039015 -0.077238
v 0.044651 -0.042390 -0.077238
v -0.042179 0.038804 -0.077238
v -0.042179 0.038804 -0.077238
v -0.042659 0.038926 -0.077238
v -0.044671 0.041517 -0.077238
v -0.042659 0.044603 -0.077238
v -0.046223 0.043863 -0.077238
v -0.044583 0.037689 -0.077238
v -0.043890 -0.043685 -0.077238
v -0.044194 -0.040013 -0.077238
v -0.043838 -0.037138 -0.077238
v -0.046516 -0.042938 -0.077238
v 0.042383 0.042532 -0.083044
v 0.046700 0.037065 -0.083044
v 0.046700 0.037065 -0.083044
v 0.033732 0.048928 -0.083044
v 0.033732 0.048928 -0.083044
v 0.033732 0.045369 -0.083044
v 0.033732 0.045369 -0.083044
v 0.048747 0.041765 -0.083044
v 0.048747 0.041765 -0.083044
v 0.043044 0.043284 -0.083044
v 0.042659 0.039986 -0.083044
v 0.040210 0.040473 -0.083044
v 0.040140 0.042969 -0.083044
v 0.042681 0.041423 -0.083044
v 0.045680 0.044339 -0.083044
v 0.045680 0.044339 -0.083044
v 0.040873 0.042266 -0.083044
v 0.041097 0.040998 -0.083044
v 0.041914 0.040779 -0.083245
v 0.040799 0.041423 -0.083245
v 0.041239 0.042632 -0.083245
v 0.042507 0.042408 -0.083245
v 0.042240 0.038804 -0.081242
v 0.042240 0.038804 -0.081242
v 0.042240 0.046745 -0.081242
v 0.042240 0.046745 -0.081242
v 0.043090 0.036945 -0.081242
v 0.046726 -0.041221 -0.081243
v 0.043173 -0.044292 -0.081243
v -0.016663 0.016749 -0.081243
v -0.016663 0.016749 -0.081243
v 0.044255 -0.043294 -0.081243
v 0.043951 -0.043685 -0.081243
v 0.043587 -0.044021 -0.081243
v 0.039758 0.042045 -0.083245
v 0.039832 0.042373 -0.083245
v -0.044194 -0.043294 -0.081243
v -0.043890 -0.043685 -0.081243
v -0.046516 -0.040369 -0.081243
v -0.046223 -0.039555 -0.081243
v -0.046223 0.039667 -0.081242
v -0.046516 0.040480 -0.081242
v -0.044583 0.037689 -0.081242
v -0.043838 0.037250 -0.081242
v -0.043526 0.044132 -0.081242
v 0.036753 0.041332 -0.081242
v 0.040639 0.046647 -0.081242
v 0.040639 0.046647 -0.081242
v 0.039528 0.043796 -0.081242
v 0.039224 0.043405 -0.081242
v 0.038989 0.040560 -0.081242
v -0.042659 0.044603 -0.081242
v 0.042607 0.042266 -0.083245
v 0.040389 -0.046473 -0.081243
v 0.036753 -0.042086 -0.081243
v 0.036902 -0.042938 -0.081243
v 0.040639 -0.036771 -0.081243
v 0.040639 -0.036771 -0.081243
v 0.039528 -0.039622 -0.081243
v 0.039224 -0.040013 -0.081243
v 0.046577 0.040480 -0.081242
v 0.038377 0.045613 -0.083245
v 0.038377 0.045613 -0.083245
v 0.038377 0.046292 -0.083245
v 0.038377 0.046292 -0.083245
v 0.040364 0.043220 -0.083044
v 0.033732 0.048928 -0.083245
v 0.033732 0.048928 -0.083245
v 0.035750 0.047488 -0.083245
v 0.035750 0.047488 -0.083245
v 0.039739 0.041709 -0.083245
v 0.043259 0.043069 -0.083245
v 0.047304 0.037352 -0.083245
v 0.047304 0.037352 -0.083245
v -0.040577 0.038971 -0.081242
v -0.040577 0.038971 -0.081242
v -0.038928 0.042969 -0.081242
v -0.038767 0.041029 -0.081242
v -0.039831 0.039398 -0.081242
v -0.040328 0.046584 -0.081242
v -0.037563 0.044614 -0.077238
v -0.036692 0.041332 -0.077238
v -0.038115 0.038250 -0.077238
v -0.040577 -0.044447 -0.081243
v -0.040577 -0.044447 -0.081243
v -0.038928 -0.040449 -0.081243
v -0.038767 -0.042390 -0.081243
v -0.039831 -0.044021 -0.081243
v -0.040328 -0.036834 -0.081243
v -0.037563 -0.038804 -0.077238
v -0.036692 -0.042086 -0.077238
v -0.038115 -0.045168 -0.077238
v 0.042240 0.036785 -0.081242
v 0.042240 0.036785 -0.081242
v 0.038377 0.045613 -0.083044
v 0.038377 0.045613 -0.083044
v 0.035750 0.047488 -0.083044
v 0.035750 0.047488 -0.083044
v 0.043259 0.043069 -0.083044
v 0.042348 0.039857 -0.083044
v 0.040016 0.040748 -0.083044
v 0.042241 0.042632 -0.083044
v 0.040973 0.041122 -0.083044
v 0.042741 0.041765 -0.083245
v 0.042726 0.041591 -0.083245
v 0.041740 0.040764 -0.083245
v 0.040754 0.041591 -0.083245
v 0.041398 0.042706 -0.083245
v 0.038989 -0.042858 -0.081243
v -0.050021 -0.046585 -0.081243
v -0.042179 0.044726 -0.077238
v -0.042179 0.044726 -0.077238
v 0.037196 0.039667 -0.077238
v 0.038835 0.045841 -0.077238
v 0.039580 0.046280 -0.077238
v 0.040639 0.044559 -0.078189
v 0.040639 0.044559 -0.078189
v 0.038828 0.041029 -0.077238
v 0.042240 0.038804 -0.077238
v 0.042240 0.038804 -0.077238
v 0.046577 0.040480 -0.077238
v 0.043900 0.046280 -0.077238
v 0.044255 0.043405 -0.077238
v 0.043951 0.039733 -0.077238
v 0.040639 -0.046536 -0.078189
v 0.040639 -0.046536 -0.078189
v 0.038177 -0.045168 -0.077238
v 0.037625 -0.038804 -0.077238
v 0.040306 -0.044292 -0.077238
v 0.039224 -0.043294 -0.077238
v 0.039528 -0.039622 -0.077238
v 0.045855 -0.044502 -0.077238
v 0.045303 -0.038139 -0.077238
v 0.043587 -0.039286 -0.077238
v 0.044491 -0.042858 -0.077238
v -0.044671 0.042012 -0.077238
v -0.046516 0.043049 -0.077238
v -0.043838 0.037250 -0.077238
v -0.043029 0.036945 -0.077238
v 0.042726 0.041939 -0.083245
v -0.044194 -0.043294 -0.077238
v -0.043890 -0.039622 -0.077238
v -0.044583 -0.037578 -0.077238
v -0.046223 -0.043752 -0.077238
v 0.050035 0.035681 -0.083044
v 0.050035 0.035681 -0.083044
v 0.041439 -0.049995 -0.081243
v 0.036902 0.040480 -0.077238
v 0.038747 0.041517 -0.077238
v 0.042240 0.036785 -0.077238
v 0.042240 0.036785 -0.077238
v 0.046726 0.041332 -0.077238
v 0.043090 0.046584 -0.077238
v 0.044491 0.042969 -0.077238
v 0.043587 0.039398 -0.077238
v 0.037625 -0.044502 -0.077238
v 0.038177 -0.038139 -0.077238
v 0.038989 -0.042858 -0.077238
v 0.046284 -0.043752 -0.077238
v 0.044645 -0.037578 -0.077238
v 0.043951 -0.039622 -0.077238
v 0.044255 -0.043294 -0.077238
v -0.043112 0.039126 -0.077238
v -0.044590 0.042501 -0.077238
v -0.046665 0.042197 -0.077238
v -0.044429 -0.042858 -0.077238
v -0.043526 -0.039286 -0.077238
v -0.042179 -0.038692 -0.081243
v -0.042179 -0.038692 -0.081243
v -0.045242 -0.038139 -0.077238
v -0.045794 -0.044502 -0.077238
v 0.047304 0.037352 -0.083044
v 0.047304 0.037352 -0.083044
v 0.043678 0.037065 -0.083245
v 0.043678 0.037065 -0.083245
v 0.038377 0.046292 -0.083044
v 0.038377 0.046292 -0.083044
v 0.033732 0.046047 -0.083044
v 0.033732 0.046047 -0.083044
v 0.043678 0.041264 -0.083245
v 0.043678 0.041264 -0.083245
v 0.045036 0.043572 -0.083044
v 0.045036 0.043572 -0.083044
v 0.043439 0.042824 -0.083044
v 0.044314 0.045705 -0.083245
v 0.044314 0.045705 -0.083245
v 0.041239 0.046618 -0.083044
v 0.041239 0.046618 -0.083044
v 0.042020 0.039783 -0.083044
v 0.040627 0.043429 -0.083044
v 0.042082 0.042706 -0.083044
v 0.042082 0.040824 -0.083044
v 0.040873 0.041264 -0.083044
v 0.042681 0.041423 -0.083245
v 0.041566 0.040779 -0.083245
v 0.040739 0.041765 -0.083245
v 0.041566 0.042751 -0.083245
v 0.042681 0.042107 -0.083245
v 0.046593 0.041264 -0.083245
v 0.046593 0.041264 -0.083245
v 0.041239 0.043703 -0.083245
v 0.041239 0.043703 -0.083245
v 0.046700 0.037065 -0.083245
v 0.046700 0.037065 -0.083245
v 0.033732 0.046047 -0.083245
v 0.033732 0.046047 -0.083245
v 0.043439 0.042824 -0.083245
v -0.040698 0.044603 -0.077238
v -0.040698 -0.038815 -0.077238
v 0.046726 -0.042086 -0.081243
v 0.042240 -0.046585 -0.081243
v 0.042240 -0.038692 -0.081243
v 0.042240 -0.038692 -0.081243
v -0.042179 -0.036722 -0.081243
v -0.044429 -0.040449 -0.081243
v -0.046665 -0.041221 -0.081243
v -0.045794 -0.038804 -0.081243
v -0.042659 0.038926 -0.081242
v 0.039870 0.041051 -0.083044
v 0.039580 -0.046169 -0.081243
v 0.038835 -0.045729 -0.081243
v 0.041740 0.042766 -0.083044
v 0.041914 0.042751 -0.083044
v -0.040245 0.039126 -0.081242
v -0.040245 -0.044292 -0.081243
v -0.042179 0.038804 -0.081242
v -0.042179 0.038804 -0.081242
v 0.044491 0.042969 -0.081242
v -0.043112 0.044404 -0.081242
v -0.044194 -0.040013 -0.081243
v -0.048352 0.050107 -0.081242
v -0.041378 0.050107 -0.081242
v 0.038835 0.045841 -0.081242
v -0.041178 0.044726 -0.077238
v -0.041178 0.044726 -0.077238
v -0.041178 -0.038692 -0.077238
v -0.041178 -0.038692 -0.077238
vn 0.6428 0.7660 -0.0000
vn -0.7660 0.6428 -0.0000
vn 0.5557 -0.8314 -0.0000
vn -0.0000 -0.0000 -1.0000
vn -0.5806 -0.8142 -0.0000
vn 1.0000 -0.0000 -0.0000
vn 0.6428 -0.7661 -0.0000
vn -0.9127 0.4085 -0.0000
vn 0.7660 0.6428 -0.0000
vn -0.8313 0.5558 -0.0000
vn -0.0000 -1.0000 -0.0000
vn -0.6428 0.7660 -0.0000
vn 0.3305 -0.9438 -0.0000
vn 0.8613 0.5081 -0.0000
vn 0.7641 0.6451 -0.0000
vn -1.0000 -0.0000 -0.0000
vn 0.6451 0.7641 -0.0000
vn 0.5811 0.8138 -0.0000
vn 0.7660 -0.6428 -0.0000
vn -0.5808 -0.8140 -0.0000
vn -0.0000 1.0000 -0.0000
vn -0.0083 -1.0000 -0.0000
vn -0.6428 -0.7660 -0.0000
vn -0.7661 -0.6428 -0.0000
vn 0.6428 0.7661 -0.0000
vn -0.9465 -0.3226 -0.0000
vn -0.5808 0.8140 -0.0000
vn 0.5809 0.8140 -0.0000
vn 0.5809 -0.8140 -0.0000
vn -0.1397 0.9902 -0.0000
vn -0.3036 0.9528 -0.0000
vn -0.4589 0.8885 -0.0000
vn -0.6012 0.7991 -0.0000
vn 0.9902 -0.1397 -0.0000
vn 0.9996 0.0281 -0.0000
vn 0.5081 0.8613 -0.0000
vn 0.3567 0.9342 -0.0000
vn -0.3939 -0.9191 -0.0000
vn -0.5287 -0.8488 -0.0000
vn -0.6513 -0.7588 -0.0000
vn -0.9192 -0.3938 -0.0000
vn -0.8488 -0.5288 -0.0000
vn -0.7588 -0.6514 -0.0000
vn 1.0000 0.0004 -0.0000
vn 0.1952 0.9808 -0.0000
vn 0.0282 0.9996 -0.0000
vn -0.7265 0.6872 -0.0000
vn 0.9342 0.3567 -0.0000
vn -0.5218 -0.8531 -0.0000
vn 0.6871 -0.7266 -0.0000
vn -0.5809 0.8140 -0.0000
vn 0.7991 -0.6012 -0.0000
vn 0.8885 -0.4588 -0.0000
vn 0.9528 -0.3035 -0.0000
vn -0.2473 -0.9689 -0.0000
vn -0.0000 -0.0000 1.0000
vn 0.1603 0.9871 -0.0000
vn -0.4868 0.8735 -0.0000
vn 0.2989 0.9543 -0.0000
vn 0.2449 0.9696 -0.0000
vn 0.5804 0.8143 -0.0000
vn 0.7119 0.7022 -0.0000
vn 0.8222 0.5692 -0.0000
vn 0.9665 0.2566 -0.0000
vn 0.9963 0.0864 -0.0000
vn 0.9963 -0.0864 -0.0000
vn 0.9079 -0.4192 -0.0000
vn 0.8222 -0.5692 -0.0000
vn 0.7119 -0.7023 -0.0000
vn -0.2475 -0.9689 -0.0000
vn 0.1602 0.9871 -0.0000
vn -0.9695 -0.2451 -0.0000
vn 0.2451 0.9695 -0.0000
vn 0.7119 -0.7022 -0.0000
vn 0.2698 -0.9629 -0.0000
vn 0.1856 -0.9826 -0.0000
vn 0.4315 0.9021 -0.0000
vn 0.5804 0.8144 -0.0000
vn -0.2474 -0.9689 -0.0000
vn -0.2475 0.9689 -0.0000
vn -0.9966 0.0825 -0.0000
vn -0.9966 -0.0825 -0.0000
vn -0.4774 0.8787 -0.0000
vn 0.5804 -0.8143 -0.0000
vn 0.4315 -0.9021 -0.0000
vn -0.3265 0.9452 -0.0000
vn 0.7119 0.7023 -0.0000
vn 0.9079 0.4192 -0.0000
vn 0.9665 -0.2566 -0.0000
vn -0.9160 -0.4011 -0.0000
vn -0.8377 -0.5462 -0.0000
vn -0.7365 -0.6765 -0.0000
vn -0.7364 0.6765 -0.0000
vn -0.6153 0.7883 -0.0000
vn -0.9161 0.4011 -0.0000
vn -0.9695 0.2451 -0.0000
vn -0.6153 -0.7883 -0.0000
vn -0.4774 -0.8787 -0.0000
vn 0.2698 0.9629 -0.0000
vn 0.9079 -0.4191 -0.0000
vn -0.2474 0.9689 -0.0000
vn -0.3265 -0.9452 -0.0000
vn -0.9161 -0.4011 -0.0000
vn -0.8376 -0.5462 -0.0000
vn -0.7364 -0.6765 -0.0000
vn -0.8377 0.5462 -0.0000
vn -0.6152 0.7883 -0.0000
vn -0.9160 0.4011 -0.0000
vn -0.6152 -0.7883 -0.0000
vn -0.4773 -0.8787 -0.0000
vn 0.4773 -0.8787 -0.0000
vn 0.3265 -0.9452 -0.0000
vn 0.9966 -0.0825 -0.0000
vn 0.9966 0.0825 -0.0000
vn 0.8376 0.5462 -0.0000
vn 0.7364 0.6765 -0.0000
vn 0.8376 -0.5462 -0.0000
vn 0.7365 -0.6765 -0.0000
vn 0.6153 -0.7883 -0.0000
vn 0.9695 0.2451 -0.0000
vn 0.9160 0.4011 -0.0000
vn 0.6153 0.7883 -0.0000
vn 0.4774 0.8787 -0.0000
vn 0.9160 -0.4011 -0.0000
vn 0.9695 -0.2452 -0.0000
vn -0.1855 0.9826 -0.0000
vn -0.2698 0.9629 -0.0000
vn -0.4315 -0.9021 -0.0000
vn -0.5804 -0.8143 -0.0000
vn -0.9963 -0.0864 -0.0000
vn -0.9665 -0.2566 -0.0000
vn -0.9079 -0.4192 -0.0000
vn -0.8222 -0.5692 -0.0000
vn -0.9665 0.2566 -0.0000
vn -0.9079 0.4192 -0.0000
vn -0.8222 0.5692 -0.0000
vn -0.7119 0.7023 -0.0000
vn -0.5804 0.8143 -0.0000
vn -0.4316 0.9021 -0.0000
vn -0.1856 -0.9826 -0.0000
vn -0.2698 -0.9629 -0.0000
vn -0.1856 0.9826 -0.0000
vn 0.4774 -0.8787 -0.0000
vn -0.9963 0.0864 -0.0000
vn -0.5804 0.8144 -0.0000
vn -0.7119 -0.7023 -0.0000
vn 0.7365 0.6765 -0.0000
vn 0.9695 0.2452 -0.0000
vn 0.9695 -0.2451 -0.0000
vn -0.2990 -0.9543 -0.0000
vn 0.4228 0.9062 -0.0000
vn -0.9079 -0.4191 -0.0000
vn -0.4315 0.9021 -0.0000
vn -0.9079 0.4191 -0.0000
vn 0.4868 -0.8735 -0.0000
vn -0.2989 0.9543 -0.0000
vn 0.4867 0.8735 -0.0000
vn 0.8377 -0.5462 -0.0000
vn 0.8377 0.5462 -0.0000
vn 0.9161 0.4011 -0.0000
vn 0.3264 -0.9452 -0.0000
vn -0.8222 -0.5693 -0.0000
vn 0.4229 0.9062 -0.0000
vn -0.2990 0.9543 -0.0000
vn 0.6152 0.7883 -0.0000
vn 0.4868 0.8735 -0.0000
vn 0.7364 -0.6765 -0.0000
vn 0.9161 -0.4011 -0.0000
vn 0.2473 -0.9689 -0.0000
vn 0.3240 -0.9461 -0.0038
vn 0.2474 -0.9689 -0.0000
vn -0.2122 0.9772 0.0091
vn 0.3062 0.9519 -0.0111
vn 0.2971 -0.9548 -0.0000
vn 0.6152 -0.7884 -0.0000
vn -0.5212 0.8534 -0.0000
vn -0.9439 0.3303 -0.0000
vn 0.9808 0.1952 -0.0000
vn 0.6428 -0.7660 -0.0000
vn 0.7659 -0.6429 -0.0000
vn 0.8661 -0.4999 -0.0000
vn 0.9397 -0.3420 -0.0000
vn 0.9848 -0.1739 -0.0000
vn -0.1736 0.9848 -0.0000
vn 0.9848 0.1738 -0.0000
vn 0.9397 0.3421 -0.0000
vn 0.8661 0.5000 -0.0000
vn 0.7659 0.6429 -0.0000
vn 0.5001 0.8660 -0.0000
vn 0.3420 0.9397 -0.0000
vn -0.3421 0.9397 -0.0000
vn -0.5000 0.8660 -0.0000
vn -0.6427 0.7661 -0.0000
vn -0.7660 0.6429 -0.0000
vn -0.8661 0.5000 -0.0000
vn 0.3420 -0.9397 -0.0000
vn 0.5001 -0.8660 -0.0000
vn 0.1737 -0.9848 -0.0000
vn -0.1736 -0.9848 -0.0000
vn -0.3421 -0.9397 -0.0000
vn -0.5000 -0.8660 -0.0000
vn -0.6427 -0.7661 -0.0000
vn -0.7660 -0.6429 -0.0000
vn -0.8661 -0.4999 -0.0000
vn -0.9397 -0.3420 -0.0000
vn -0.9848 -0.1736 -0.0000
vn -0.9848 0.1736 -0.0000
vn -0.9397 0.3421 -0.0000
vn 0.7661 0.6428 -0.0000
vn 0.1764 0.9843 0.0105
vn -0.4777 -0.8785 -0.0011
vn -0.9966 -0.0824 -0.0000
vn -0.8376 0.5462 -0.0000
vn 0.2747 0.9615 0.0068
vn 0.1763 0.9843 0.0105
vn -0.4776 -0.8786 -0.0012
vn 0.2747 0.9615 0.0069
vn 0.3264 0.9452 -0.0000
vn 0.4086 -0.9127 -0.0000
vn -0.2451 -0.9695 -0.0000
vn -0.1722 0.9850 0.0124
vn -0.2710 0.9626 0.0035
vn -0.1764 -0.9843 0.0105
vn -0.2747 -0.9615 0.0069
vn 0.2474 0.9689 -0.0000
vn 0.3918 0.9199 -0.0131
vn 0.3265 0.9452 -0.0000
vn 0.1856 0.9826 -0.0000
vn 0.3977 -0.9175 -0.0009
vn 0.2473 0.9689 -0.0000
vn 0.5213 -0.8534 -0.0000
vn 0.1737 0.9848 -0.0000
vn -0.3229 -0.9464 -0.0000
vn 0.5213 0.8534 -0.0000
vn -0.3063 -0.9519 -0.0111
vn -0.2974 0.9547 -0.0000
vn 0.1722 -0.9850 0.0124
vn 0.2710 -0.9626 0.0035
vn -0.3060 -0.9520 -0.0112
vn -0.2473 0.9689 -0.0000
vn -0.2972 0.9548 -0.0000
vn 0.5808 -0.8141 -0.0000
vn -0.8660 0.5000 -0.0000
vn -0.2167 -0.9762 0.0029
vn 0.3064 0.9518 -0.0110
vn 0.4796 -0.8775 -0.0032
vn -0.1603 -0.9871 -0.0000
vn -0.2121 0.9772 0.0091
vn -0.1721 0.9850 0.0124
vn -0.2709 0.9626 0.0036
vn -0.3240 0.9461 -0.0038
vn -0.9966 0.0824 -0.0000
vn -0.7365 0.6765 -0.0000
vn 0.2123 -0.9772 0.0091
vn 0.2166 0.9763 0.0029
vn -0.3239 0.9461 -0.0038
vn 0.2167 0.9762 0.0029
vn 0.4777 0.8785 -0.0011
vn 0.2975 -0.9547 -0.0000
vn 0.5804 -0.8144 -0.0000
vn -0.3918 -0.9200 -0.0131
vn -0.4228 -0.9062 -0.0000
vn -0.3978 0.9175 -0.0009
vn -0.3916 -0.9200 -0.0133
vn -0.4231 -0.9061 -0.0000
vn -0.3977 0.9175 -0.0009
vn 0.7661 -0.6428 -0.0000
vn -0.4868 -0.8735 -0.0000
vn -0.4796 0.8775 -0.0032
vn 0.2990 -0.9543 -0.0000
vn 0.2451 -0.9695 -0.0000
vn 0.4228 -0.9062 -0.0000
vn 0.4230 -0.9061 -0.0000
vn 0.3918 0.9200 -0.0131
vn -0.2449 0.9696 -0.0000
vn 0.8660 0.5000 -0.0000
vn -0.2451 0.9695 -0.0000
vn -0.4228 0.9062 -0.0000
vn -0.4229 0.9062 -0.0000
vn 0.2990 0.9543 -0.0000
vn 0.3978 -0.9175 -0.0009
vn -0.4316 -0.9021 -0.0000
vn -0.3264 -0.9452 -0.0000
s 1
f 907//4 909//4 1431//4
f 4//4 1613//4 1651//4
f 7//4 1958//4 911//4
f 911//4 1958//4 1190//4
f 911//4 1190//4 912//4
f 12//4 1615//4 1192//4
f 1194//4 1960//4 909//4
f 909//4 1960//4 17//4
f 909//4 17//4 1431//4
f 1196//4 1197//4 1609//4
f 1609//4 1197//4 1433//4
f 907//4 1821//4 913//4
f 913//4 1821//4 1823//4
f 913//4 1823//4 920//4
f 1199//4 1200//4 1611//4
f 1611//4 1200//4 1653//4
f 1611//4 1653//4 1617//4
f 1933//4 1962//4 915//4
f 915//4 1962//4 1217//4
f 915//4 1217//4 917//4
f 913//4 1434//4 1655//4
f 1655//4 1434//4 1657//4
f 913//4 1655//4 1944//4
f 1944//4 1655//4 1659//4
f 1944//4 1659//4 925//4
f 1659//4 1202//4 1204//4
f 920//4 921//4 913//4
f 913//4 921//4 4//4
f 913//4 4//4 1434//4
f 1434//4 4//4 1651//4
f 1434//4 1651//4 1200//4
f 1200//4 1651//4 1619//4
f 1200//4 1619//4 1653//4
f 1826//4 1828//4 1964//4
f 923//4 924//4 1454//4
f 1454//4 924//4 1206//4
f 1454//4 1206//4 1621//4
f 1794//4 1830//4 1609//4
f 915//4 1609//4 1933//4
f 1933//4 1609//4 1433//4
f 1933//4 1433//4 1454//4
f 1454//4 1433//4 1661//4
f 1454//4 1661//4 929//4
f 1207//4 927//4 1209//4
f 1209//4 927//4 925//4
f 1209//4 925//4 1622//4
f 1622//4 925//4 1662//4
f 1204//4 1436//4 1659//4
f 1659//4 1436//4 1966//4
f 1659//4 1966//4 925//4
f 925//4 1966//4 1831//4
f 925//4 1831//4 1662//4
f 1183//4 1210//4 1212//4
f 1212//4 1210//4 1437//4
f 1611//4 1593//4 1199//4
f 1199//4 1593//4 1212//4
f 1199//4 1212//4 1214//4
f 1214//4 1212//4 1437//4
f 1214//4 1437//4 1663//4
f 929//4 930//4 1454//4
f 1454//4 930//4 931//4
f 1454//4 931//4 923//4
f 1615//4 1454//4 1192//4
f 1192//4 1454//4 1621//4
f 1192//4 1621//4 1190//4
f 1190//4 1621//4 1439//4
f 1190//4 1439//4 912//4
f 1830//4 76//4 1609//4
f 1609//4 76//4 1216//4
f 1609//4 1216//4 1196//4
f 1192//4 1657//4 12//4
f 12//4 1657//4 1434//4
f 12//4 1434//4 1623//4
f 1832//4 1623//4 1219//4
f 1219//4 1623//4 1434//4
f 1219//4 1434//4 1217//4
f 1217//4 1434//4 1214//4
f 1217//4 1214//4 917//4
f 917//4 1214//4 1663//4
f 917//4 1663//4 1165//4
f 907//4 1431//4 1821//4
f 1821//4 1431//4 1221//4
f 1821//4 1221//4 1406//4
f 1406//4 1221//4 1222//4
f 1406//4 1222//4 1440//4
f 1440//4 1222//4 1625//4
f 1440//4 1625//4 1795//4
f 1795//4 1794//4 1440//4
f 1440//4 1794//4 1609//4
f 1440//4 1609//4 1964//4
f 1964//4 1609//4 1619//4
f 1964//4 1619//4 1826//4
f 1826//4 1619//4 1651//4
f 1994//16 932//16 1223//16
f 1223//16 932//16 934//16
f 1626//261 1628//262 1665//268
f 88//55 1224//55 1967//283
f 1967//283 1224//55 1225//235
f 1967//283 1225//235 936//211
f 1226//80 1228//80 1230//236
f 1230//236 1228//80 1443//251
f 1230//236 1443//251 1630//263
f 1630//263 1443//251 1666//269
f 1630//263 1666//269 1835//278
f 1225//235 1626//261 936//211
f 936//211 1626//261 1665//268
f 936//211 1665//268 937//97
f 937//97 1665//268 1233//97
f 937//97 1233//97 938//92
f 938//92 1233//97 1234//92
f 938//92 1234//92 1444//104
f 1444//104 1234//92 1632//104
f 1444//104 1632//104 1667//90
f 1667//90 1632//104 1836//90
f 1667//90 1836//90 939//72
f 939//72 1836//90 1235//72
f 939//72 1235//72 940//212
f 940//212 1235//72 1236//212
f 940//212 1236//212 1445//252
f 1445//252 1236//212 1633//252
f 1445//252 1633//252 1668//96
f 1668//96 1633//252 1837//96
f 1668//96 1837//96 941//108
f 941//108 1837//96 1237//108
f 941//108 1237//108 942//213
f 942//213 1237//108 1238//213
f 942//213 1238//213 1446//253
f 1446//253 1238//213 1634//253
f 1446//253 1634//253 1669//94
f 1669//94 1634//253 1838//94
f 1669//94 1838//94 1666//269
f 1666//269 1838//94 129//58
f 1666//269 129//58 1835//278
f 1241//16 1229//16 1243//16
f 1243//16 1229//16 98//16
f 1242//76 1244//237 1245//238
f 1245//238 1244//237 1448//254
f 134//59 135//60 1449//255
f 91//57 933//210 1449//255
f 1449//255 933//210 943//214
f 1449//255 943//214 134//59
f 134//59 943//214 944//77
f 134//59 944//77 1451//77
f 1451//77 944//77 140//61
f 1451//77 140//61 1452//61
f 1452//61 140//61 142//62
f 1452//61 142//62 1672//87
f 1672//87 142//62 144//63
f 1672//87 144//63 945//63
f 945//63 144//63 1247//88
f 945//63 1247//88 946//88
f 946//88 1247//88 148//64
f 946//88 148//64 1453//64
f 1453//64 148//64 150//65
f 1453//64 150//65 1673//65
f 1673//65 150//65 152//66
f 1673//65 152//66 947//66
f 947//66 152//66 1249//89
f 947//66 1249//89 948//89
f 948//89 1249//89 156//67
f 948//89 156//67 1456//67
f 1456//67 156//67 158//68
f 1456//67 158//68 1674//68
f 1674//68 158//68 160//69
f 1674//68 160//69 949//74
f 949//74 160//69 1251//84
f 949//74 1251//84 950//84
f 950//84 1251//84 1252//85
f 950//84 1252//85 1457//85
f 1457//85 1252//85 1245//238
f 1457//85 1245//238 1675//270
f 1675//270 1245//238 1448//254
f 1675//270 1448//254 1676//271
f 1996//16 951//16 1253//16
f 1253//16 951//16 953//16
f 1638//264 1640//265 1678//268
f 168//70 1254//70 1968//102
f 1968//102 1254//70 1255//239
f 1968//102 1255//239 955//216
f 1256//240 1258//240 1260//241
f 1260//241 1258//240 1458//256
f 1260//241 1458//256 1642//266
f 1642//266 1458//256 1679//269
f 1642//266 1679//269 1844//279
f 1255//239 1638//264 955//216
f 955//216 1638//264 1678//268
f 955//216 1678//268 956//97
f 956//97 1678//268 1261//97
f 956//97 1261//97 957//92
f 957//92 1261//97 1262//92
f 957//92 1262//92 1459//104
f 1459//104 1262//92 1644//104
f 1459//104 1644//104 1680//90
f 1680//90 1644//104 1845//90
f 1680//90 1845//90 193//72
f 193//72 1845//90 1263//72
f 193//72 1263//72 959//212
f 959//212 1263//72 1264//212
f 959//212 1264//212 1460//252
f 1460//252 1264//212 1645//252
f 1460//252 1645//252 1681//96
f 1681//96 1645//252 1846//96
f 1681//96 1846//96 960//108
f 960//108 1846//96 1265//108
f 960//108 1265//108 961//213
f 961//213 1265//108 1266//213
f 961//213 1266//213 1461//93
f 1461//93 1266//213 1646//93
f 1461//93 1646//93 1682//94
f 1682//94 1646//93 1847//94
f 1682//94 1847//94 1679//269
f 1679//269 1847//94 209//58
f 1679//269 209//58 1844//279
f 1267//16 1259//16 1269//16
f 1269//16 1259//16 178//16
f 1268//76 1270//237 1271//238
f 1271//238 1270//237 1463//254
f 1848//280 215//73 1464//257
f 171//71 952//215 1464//257
f 1464//257 952//215 962//217
f 1464//257 962//217 1848//280
f 1848//280 962//217 963//77
f 1848//280 963//77 1466//77
f 1466//77 963//77 220//61
f 1466//77 220//61 1467//61
f 1467//61 220//61 222//62
f 1467//61 222//62 1685//87
f 1685//87 222//62 224//63
f 1685//87 224//63 964//63
f 964//63 224//63 1274//88
f 964//63 1274//88 965//88
f 965//88 1274//88 228//64
f 965//88 228//64 1468//64
f 1468//64 228//64 230//65
f 1468//64 230//65 1686//65
f 1686//65 230//65 232//66
f 1686//65 232//66 966//66
f 966//66 232//66 1276//89
f 966//66 1276//89 967//89
f 967//89 1276//89 236//67
f 967//89 236//67 1469//67
f 1469//67 236//67 238//68
f 1469//67 238//68 1687//68
f 1687//68 238//68 240//74
f 1687//68 240//74 968//74
f 968//74 240//74 1278//84
f 968//74 1278//84 969//84
f 969//84 1278//84 1279//85
f 969//84 1279//85 1470//85
f 1470//85 1279//85 1271//238
f 1470//85 1271//238 1688//270
f 1688//270 1271//238 1463//254
f 1688//270 1463//254 1689//271
f 248//56 970//56 972//56
f 251//56 1471//56 253//56
f 1786//56 1852//56 256//56
f 973//56 974//56 1472//56
f 260//56 1575//56 1782//56
f 1691//56 264//56 1575//56
f 1575//56 264//56 256//56
f 1575//56 256//56 1782//56
f 1782//56 256//56 1852//56
f 975//56 976//56 1474//56
f 268//56 1578//56 1473//56
f 1473//56 1578//56 1692//56
f 1474//56 976//56 1475//56
f 974//56 979//56 1472//56
f 1472//56 979//56 980//56
f 1472//56 980//56 1166//56
f 1166//56 1476//56 1472//56
f 1472//56 1476//56 1579//56
f 1472//56 1579//56 1473//56
f 1473//56 1579//56 1693//56
f 1473//56 1693//56 1820//56
f 1987//56 981//56 1782//56
f 1782//56 981//56 982//56
f 283//56 1474//56 1478//56
f 1478//56 1474//56 1479//56
f 283//56 1480//56 1474//56
f 1474//56 1480//56 983//56
f 1474//56 983//56 975//56
f 1475//56 976//56 1782//56
f 1782//56 976//56 1167//56
f 1782//56 1167//56 1987//56
f 982//56 984//56 1782//56
f 1782//56 984//56 985//56
f 1782//56 985//56 260//56
f 1820//56 291//56 1473//56
f 1473//56 291//56 1482//56
f 1473//56 1482//56 268//56
f 293//56 1784//56 986//56
f 973//56 1472//56 986//56
f 986//56 1472//56 1483//56
f 986//56 1483//56 293//56
f 987//56 988//56 1485//56
f 1486//56 1695//56 1696//56
f 1906//56 1581//56 305//56
f 305//56 1581//56 1486//56
f 305//56 1486//56 990//56
f 990//56 1486//56 1696//56
f 988//56 1168//56 1485//56
f 1485//56 1168//56 1429//56
f 1485//56 1429//56 1583//56
f 1583//56 1697//56 1485//56
f 1485//56 1697//56 1787//56
f 1485//56 1787//56 1486//56
f 1486//56 1787//56 1969//56
f 1486//56 1969//56 991//56
f 991//56 992//56 1486//56
f 1486//56 992//56 1169//56
f 1486//56 1169//56 1695//56
f 316//56 1698//56 993//56
f 994//56 1970//56 321//56
f 321//56 1970//56 1170//56
f 321//56 1170//56 323//56
f 324//56 1585//56 1788//56
f 1698//56 316//56 1700//56
f 1700//56 316//56 323//56
f 1700//56 323//56 1971//56
f 1971//56 323//56 1170//56
f 1971//56 1170//56 998//56
f 1788//56 1585//56 1172//56
f 1487//56 1488//56 1170//56
f 1170//56 1488//56 1586//56
f 1791//56 1788//56 1792//56
f 1792//56 1788//56 1793//56
f 1791//56 996//56 1788//56
f 1788//56 996//56 997//56
f 1788//56 997//56 324//56
f 1172//56 1585//56 1170//56
f 1170//56 1585//56 1489//56
f 1170//56 1489//56 1487//56
f 1586//56 1588//56 1170//56
f 1170//56 1588//56 999//56
f 1170//56 999//56 998//56
f 253//56 342//56 1927//56
f 1927//56 342//56 1973//56
f 345//56 251//56 1173//56
f 253//56 1927//56 251//56
f 251//56 1927//56 1174//56
f 251//56 1174//56 1173//56
f 1589//56 1590//56 1173//56
f 1173//56 1796//56 1797//56
f 1989//56 1173//56 1000//56
f 1000//56 1173//56 1001//56
f 1590//56 1490//56 1173//56
f 1173//56 1490//56 1491//56
f 1173//56 1491//56 1796//56
f 1797//56 1701//56 1173//56
f 1173//56 1701//56 1003//56
f 1173//56 1003//56 345//56
f 1989//56 1974//56 1173//56
f 1173//56 1974//56 1591//56
f 1173//56 1591//56 1589//56
f 1973//56 342//56 1004//56
f 1004//56 342//56 362//56
f 1004//56 362//56 1006//56
f 1516//56 1592//56 366//56
f 367//56 368//56 1007//56
f 1007//56 368//56 366//56
f 1007//56 366//56 1008//56
f 1008//56 366//56 1175//56
f 1592//56 372//56 366//56
f 366//56 372//56 1492//56
f 366//56 1492//56 1175//56
f 367//56 1798//56 368//56
f 368//56 1798//56 1799//56
f 368//56 1799//56 1976//56
f 1976//56 1009//56 368//56
f 368//56 1009//56 1010//56
f 368//56 1010//56 1176//56
f 380//56 1530//56 1517//56
f 1516//56 366//56 1517//56
f 1517//56 366//56 383//56
f 1517//56 383//56 380//56
f 384//56 1013//56 386//56
f 1393//56 1493//56 389//56
f 389//56 1493//56 1596//56
f 391//56 384//56 1988//56
f 977//56 1011//56 395//56
f 1559//56 1598//56 1988//56
f 1800//56 1801//56 400//56
f 400//56 1801//56 1012//56
f 400//56 1012//56 395//56
f 395//56 1012//56 978//56
f 395//56 978//56 977//56
f 1011//56 1177//56 395//56
f 395//56 1177//56 1397//56
f 395//56 1397//56 1599//56
f 1802//56 400//56 1803//56
f 1803//56 400//56 1015//56
f 1802//56 1016//56 400//56
f 400//56 1016//56 1017//56
f 400//56 1017//56 1800//56
f 1988//56 411//56 1495//56
f 1702//56 1988//56 1703//56
f 1703//56 1988//56 1804//56
f 1598//56 1704//56 1988//56
f 1988//56 1704//56 417//56
f 1988//56 417//56 411//56
f 1495//56 1178//56 1988//56
f 1988//56 1178//56 1179//56
f 1988//56 1179//56 391//56
f 1702//56 420//56 1988//56
f 1988//56 420//56 1560//56
f 1988//56 1560//56 1559//56
f 1599//56 1705//56 395//56
f 395//56 1705//56 1442//56
f 395//56 1442//56 248//56
f 248//56 1442//56 424//56
f 1021//56 426//56 293//56
f 293//56 426//56 264//56
f 293//56 264//56 1784//56
f 1784//56 264//56 1691//56
f 1442//56 1393//56 424//56
f 424//56 1393//56 389//56
f 424//56 389//56 1022//56
f 1022//56 389//56 428//56
f 1022//56 428//56 1021//56
f 1706//56 1707//56 431//56
f 1706//56 431//56 1708//56
f 264//56 1023//56 256//56
f 256//56 1023//56 1025//56
f 256//56 1025//56 1708//56
f 1707//56 435//56 431//56
f 431//56 435//56 1498//56
f 431//56 1498//56 1601//56
f 1601//56 1709//56 431//56
f 431//56 1709//56 1805//56
f 431//56 1805//56 426//56
f 426//56 1992//56 1027//56
f 1805//56 1231//56 426//56
f 426//56 1231//56 1232//56
f 426//56 1232//56 1499//56
f 1710//56 1023//56 1711//56
f 1711//56 1023//56 264//56
f 1711//56 264//56 1806//56
f 1806//56 264//56 426//56
f 1806//56 426//56 1028//56
f 1028//56 426//56 1027//56
f 1029//56 1030//56 1710//56
f 1710//56 1030//56 1031//56
f 1710//56 1031//56 1023//56
f 1499//56 1603//56 426//56
f 426//56 1603//56 1604//56
f 426//56 1604//56 1992//56
f 1808//56 1809//56 1032//56
f 1029//56 1710//56 1032//56
f 1032//56 1710//56 457//56
f 1032//56 457//56 1808//56
f 1809//56 1180//56 1032//56
f 1032//56 1180//56 1181//56
f 1032//56 1181//56 1500//56
f 1500//56 1605//56 1032//56
f 1032//56 1605//56 1714//56
f 1032//56 1714//56 1810//56
f 1834//56 389//56 386//56
f 386//56 389//56 1596//56
f 386//56 1596//56 384//56
f 384//56 1596//56 1811//56
f 384//56 1811//56 1988//56
f 94//56 1629//56 1834//56
f 153//56 465//56 428//56
f 108//56 106//56 94//56
f 1834//56 1629//56 389//56
f 389//56 1629//56 1671//56
f 389//56 1671//56 428//56
f 428//56 1671//56 1839//56
f 428//56 1839//56 139//56
f 428//56 145//56 147//56
f 139//56 141//56 428//56
f 428//56 141//56 143//56
f 428//56 143//56 145//56
f 147//56 149//56 428//56
f 428//56 149//56 151//56
f 428//56 151//56 153//56
f 153//56 155//56 465//56
f 465//56 155//56 157//56
f 465//56 157//56 159//56
f 159//56 161//56 465//56
f 465//56 161//56 163//56
f 465//56 163//56 165//56
f 1834//56 1983//56 94//56
f 94//56 1983//56 128//56
f 94//56 128//56 126//56
f 165//56 166//56 386//56
f 386//56 166//56 1677//56
f 386//56 1677//56 1834//56
f 126//56 124//56 94//56
f 94//56 124//56 122//56
f 94//56 122//56 120//56
f 120//56 118//56 94//56
f 94//56 118//56 116//56
f 94//56 116//56 114//56
f 114//56 112//56 94//56
f 94//56 112//56 110//56
f 94//56 110//56 108//56
f 987//56 1485//56 993//56
f 993//56 1485//56 1501//56
f 993//56 1501//56 316//56
f 316//56 1501//56 1473//56
f 316//56 1473//56 256//56
f 256//56 1473//56 1692//56
f 256//56 1692//56 1786//56
f 1503//56 1504//56 469//56
f 469//56 1504//56 1606//56
f 469//56 1606//56 465//56
f 1606//56 1789//56 465//56
f 465//56 1789//56 1715//56
f 465//56 1715//56 1033//56
f 1021//56 428//56 426//56
f 426//56 428//56 465//56
f 426//56 465//56 431//56
f 431//56 465//56 1033//56
f 431//56 1033//56 1035//56
f 1035//56 1038//56 431//56
f 431//56 1038//56 476//56
f 431//56 476//56 477//56
f 478//56 479//56 1717//56
f 1717//56 479//56 1503//56
f 1717//56 1503//56 1040//56
f 1040//56 1503//56 477//56
f 1040//56 477//56 1041//56
f 1041//56 477//56 476//56
f 1176//56 1006//56 368//56
f 368//56 1006//56 362//56
f 368//56 362//56 483//56
f 483//56 362//56 386//56
f 483//56 386//56 400//56
f 400//56 386//56 1013//56
f 400//56 1013//56 1015//56
f 1708//56 431//56 256//56
f 256//56 431//56 477//56
f 256//56 477//56 316//56
f 316//56 477//56 484//56
f 316//56 484//56 323//56
f 484//56 485//56 1814//56
f 1979//56 1980//56 485//56
f 485//56 1980//56 1043//56
f 485//56 1043//56 1044//56
f 484//56 491//56 1509//56
f 323//56 1719//56 321//56
f 321//56 1719//56 1721//56
f 321//56 1721//56 485//56
f 485//56 1721//56 1813//56
f 485//56 1813//56 1979//56
f 1044//56 1186//56 485//56
f 485//56 1186//56 497//56
f 485//56 497//56 1814//56
f 1814//56 1187//56 484//56
f 484//56 1187//56 1188//56
f 484//56 1188//56 1510//56
f 1723//56 1719//56 1724//56
f 1724//56 1719//56 323//56
f 1724//56 323//56 1816//56
f 1816//56 323//56 484//56
f 1816//56 484//56 1580//56
f 1580//56 484//56 1509//56
f 1045//56 1046//56 1723//56
f 1723//56 1046//56 1189//56
f 1723//56 1189//56 1719//56
f 1510//56 508//56 484//56
f 484//56 508//56 1511//56
f 484//56 1511//56 491//56
f 1818//56 1819//56 1047//56
f 1045//56 1723//56 1047//56
f 1047//56 1723//56 513//56
f 1047//56 513//56 1818//56
f 1819//56 1311//56 1047//56
f 1047//56 1311//56 1312//56
f 1047//56 1312//56 1359//56
f 1359//56 1542//56 1047//56
f 1047//56 1542//56 1727//56
f 1047//56 1727//56 1868//56
f 1503//56 469//56 477//56
f 477//56 469//56 520//56
f 477//56 520//56 484//56
f 484//56 520//56 521//56
f 484//56 521//56 485//56
f 174//56 1641//56 1843//56
f 235//56 237//56 521//56
f 188//56 186//56 174//56
f 214//56 219//56 520//56
f 521//56 243//56 245//56
f 165//56 386//56 465//56
f 465//56 386//56 362//56
f 465//56 362//56 469//56
f 469//56 362//56 342//56
f 469//56 342//56 520//56
f 520//56 342//56 1684//56
f 520//56 1684//56 214//56
f 237//56 239//56 521//56
f 521//56 239//56 241//56
f 521//56 241//56 243//56
f 245//56 246//56 521//56
f 521//56 246//56 1690//56
f 521//56 1690//56 253//56
f 253//56 1690//56 1843//56
f 253//56 1843//56 342//56
f 342//56 1843//56 1641//56
f 342//56 1641//56 1684//56
f 520//56 225//56 227//56
f 1843//56 1984//56 174//56
f 174//56 1984//56 208//56
f 174//56 208//56 206//56
f 219//56 221//56 520//56
f 520//56 221//56 223//56
f 520//56 223//56 225//56
f 227//56 229//56 520//56
f 520//56 229//56 231//56
f 520//56 231//56 521//56
f 521//56 231//56 233//56
f 521//56 233//56 235//56
f 206//56 204//56 174//56
f 174//56 204//56 202//56
f 174//56 202//56 200//56
f 200//56 198//56 174//56
f 174//56 198//56 196//56
f 174//56 196//56 194//56
f 194//56 192//56 174//56
f 174//56 192//56 190//56
f 174//56 190//56 188//56
f 1471//56 1530//56 253//56
f 253//56 1530//56 380//56
f 253//56 380//56 521//56
f 521//56 380//56 1313//56
f 521//56 1313//56 485//56
f 485//56 1313//56 1314//56
f 485//56 1314//56 321//56
f 321//56 1314//56 1906//56
f 321//56 1906//56 994//56
f 994//56 1906//56 305//56
f 248//56 972//56 395//56
f 395//56 972//56 1315//56
f 395//56 1315//56 400//56
f 400//56 1315//56 525//56
f 400//56 525//56 483//56
f 483//56 525//56 526//56
f 483//56 526//56 368//56
f 368//56 526//56 527//56
f 368//56 527//56 366//56
f 366//56 527//56 1317//56
f 366//56 1317//56 383//56
f 522//11 1198//11 523//11
f 523//11 1198//11 71//11
f 523//11 71//11 303//11
f 303//11 71//11 1582//11
f 522//11 1543//11 1198//11
f 1198//11 1543//11 1595//11
f 1198//11 1595//11 1316//11
f 250//16 971//16 1201//16
f 26//16 528//16 1869//16
f 1869//16 1728//16 26//16
f 26//16 1728//16 1544//16
f 26//16 1544//16 1201//16
f 1201//16 1544//16 524//16
f 1201//16 524//16 250//16
f 249//21 1990//21 27//21
f 27//21 1990//21 1991//21
f 1991//21 427//21 27//21
f 27//21 427//21 425//21
f 27//21 425//21 36//21
f 36//21 425//21 1694//21
f 36//21 1694//21 1484//21
f 300//6 304//6 1215//6
f 1435//6 296//6 259//6
f 259//6 270//6 1435//6
f 1435//6 270//6 466//6
f 1435//6 466//6 1215//6
f 1215//6 466//6 299//6
f 1215//6 299//6 300//6
f 1048//6 1050//6 1052//6
f 1052//6 1050//6 1318//6
f 432//150 1026//220 1321//244
f 1049//142 1053//221 1054//222
f 1054//222 1053//221 1360//248
f 1729//247 1055//223 1321//244
f 1321//244 1055//223 1057//224
f 1321//244 1057//224 432//150
f 432//150 1057//224 1303//128
f 432//150 1303//128 429//128
f 429//128 1303//128 1362//129
f 429//128 1362//129 430//129
f 430//129 1362//129 1545//146
f 430//129 1545//146 1497//146
f 1497//146 1545//146 1731//133
f 1497//146 1731//133 436//133
f 436//133 1731//133 1872//152
f 436//133 1872//152 437//152
f 437//152 1872//152 1907//131
f 437//152 1907//131 438//131
f 438//131 1907//131 1058//130
f 438//131 1058//130 439//130
f 439//130 1058//130 1059//144
f 439//130 1059//144 442//144
f 442//144 1059//144 1272//134
f 442//144 1272//134 443//134
f 443//134 1272//134 1430//154
f 443//134 1430//154 444//154
f 444//154 1430//154 1602//136
f 444//154 1602//136 452//136
f 452//136 1602//136 1732//137
f 452//136 1732//137 453//137
f 453//137 1732//137 1873//138
f 453//137 1873//138 440//138
f 440//138 1873//138 1874//153
f 440//138 1874//153 441//153
f 441//153 1874//153 1054//222
f 441//153 1054//222 448//156
f 448//156 1054//222 1360//248
f 448//156 1360//248 1807//275
f 1060//6 1056//6 1062//6
f 1062//6 1056//6 1730//6
f 1064//226 433//151 451//157
f 1061//225 1063//225 1066//227
f 1066//227 1063//225 1323//245
f 1066//227 1323//245 1546//258
f 532//169 1051//169 1547//259
f 1547//259 1051//169 560//170
f 1547//259 560//170 1875//281
f 1875//281 560//170 1326//246
f 1875//281 1326//246 1712//272
f 1323//245 1064//226 1546//258
f 1546//258 1064//226 451//157
f 1546//258 451//157 1363//122
f 1363//122 451//157 450//122
f 1363//122 450//122 1364//116
f 1364//116 450//122 449//116
f 1364//116 449//116 1548//159
f 1548//159 449//116 456//159
f 1548//159 456//159 1733//160
f 1733//160 456//159 463//160
f 1733//160 463//160 567//148
f 567//148 463//160 462//148
f 567//148 462//148 568//114
f 568//114 462//148 461//114
f 568//114 461//114 1067//113
f 1067//113 461//114 460//113
f 1067//113 460//113 1068//149
f 1068//149 460//113 459//125
f 1068//149 459//125 1325//124
f 1325//124 459//125 458//124
f 1325//124 458//124 1365//158
f 1365//158 458//124 455//158
f 1365//158 455//158 1549//118
f 1549//118 455//158 454//118
f 1549//118 454//118 1327//119
f 1327//119 454//118 1713//119
f 1327//119 1713//119 1326//246
f 1326//246 1713//119 445//155
f 1326//246 445//155 1712//272
f 530//56 529//56 1324//56
f 1324//56 529//56 534//56
f 1324//56 534//56 562//56
f 562//56 534//56 552//56
f 562//56 552//56 574//56
f 574//56 552//56 551//56
f 574//56 551//56 573//56
f 573//56 551//56 550//56
f 573//56 550//56 572//56
f 572//56 550//56 549//56
f 572//56 549//56 571//56
f 571//56 549//56 548//56
f 571//56 548//56 570//56
f 570//56 548//56 547//56
f 570//56 547//56 569//56
f 569//56 547//56 546//56
f 569//56 546//56 1908//56
f 1908//56 546//56 545//56
f 1908//56 545//56 1877//56
f 1877//56 545//56 544//56
f 1877//56 544//56 566//56
f 566//56 544//56 543//56
f 566//56 543//56 565//56
f 565//56 543//56 542//56
f 565//56 542//56 564//56
f 564//56 542//56 541//56
f 564//56 541//56 563//56
f 563//56 541//56 540//56
f 563//56 540//56 558//56
f 558//56 540//56 539//56
f 558//56 539//56 556//56
f 556//56 539//56 538//56
f 556//56 538//56 553//56
f 553//56 538//56 537//56
f 1910//16 1878//16 1853//16
f 1853//16 1878//16 1783//16
f 1909//76 255//76 254//75
f 1909//76 254//75 1069//75
f 1069//75 254//75 271//85
f 1069//75 271//85 1070//85
f 1070//85 271//85 269//84
f 1070//85 269//84 1328//84
f 1328//84 269//84 1577//69
f 1328//84 1577//69 1366//69
f 1366//69 1577//69 292//68
f 1366//69 292//68 1550//68
f 1550//68 292//68 1481//67
f 1550//68 1481//67 1734//67
f 1734//67 1481//67 279//89
f 1734//67 279//89 1880//89
f 1880//89 279//89 278//66
f 1880//89 278//66 1911//66
f 1911//66 278//66 277//65
f 1911//66 277//65 585//65
f 585//65 277//65 276//64
f 585//65 276//64 1072//64
f 1072//64 276//64 275//88
f 1072//64 275//88 1329//88
f 1329//88 275//88 274//63
f 1329//88 274//63 1367//63
f 1367//63 274//63 273//87
f 1367//63 273//87 1551//87
f 1551//87 273//87 258//78
f 1551//87 258//78 1735//78
f 1735//78 258//78 257//77
f 1735//78 257//77 1881//77
f 1881//77 257//77 295//99
f 1881//77 295//99 1912//99
f 1912//99 295//99 1785//228
f 1912//99 1785//228 1074//228
f 1576//16 1075//16 263//16
f 263//16 1075//16 1073//16
f 263//16 1073//16 294//16
f 1076//79 261//79 1330//102
f 1330//102 261//79 1574//102
f 1330//102 1574//102 1368//98
f 1368//98 1574//102 290//98
f 1368//98 290//98 1552//97
f 1552//97 290//98 289//97
f 1552//97 289//97 1736//92
f 1736//92 289//97 282//92
f 1736//92 282//92 1882//91
f 1882//91 282//92 281//91
f 1882//91 281//91 1913//90
f 1913//90 281//91 280//90
f 1913//90 280//90 601//72
f 601//72 280//90 288//72
f 601//72 288//72 602//82
f 602//82 288//72 266//82
f 602//82 266//82 1331//81
f 1331//81 266//82 265//81
f 1331//81 265//81 1369//96
f 1369//96 265//81 287//96
f 1369//96 287//96 1553//95
f 1553//95 287//96 286//95
f 1553//95 286//95 1737//213
f 1737//213 286//95 1477//213
f 1737//213 1477//213 1883//93
f 1883//93 1477//213 284//93
f 1883//93 284//93 608//94
f 608//94 284//93 285//94
f 608//94 285//94 609//83
f 609//83 285//94 267//83
f 609//83 267//83 1080//86
f 1080//86 267//83 272//86
f 1080//86 272//86 1879//80
f 1879//80 272//86 262//80
f 576//56 575//56 610//56
f 610//56 575//56 577//56
f 610//56 577//56 1079//56
f 1079//56 577//56 578//56
f 1079//56 578//56 1914//56
f 1914//56 578//56 579//56
f 1914//56 579//56 607//56
f 607//56 579//56 580//56
f 607//56 580//56 606//56
f 606//56 580//56 581//56
f 606//56 581//56 605//56
f 605//56 581//56 582//56
f 605//56 582//56 604//56
f 604//56 582//56 583//56
f 604//56 583//56 603//56
f 603//56 583//56 584//56
f 603//56 584//56 1078//56
f 1078//56 584//56 1071//56
f 1078//56 1071//56 1077//56
f 1077//56 1071//56 586//56
f 1077//56 586//56 600//56
f 600//56 586//56 587//56
f 600//56 587//56 599//56
f 599//56 587//56 588//56
f 599//56 588//56 598//56
f 598//56 588//56 589//56
f 598//56 589//56 597//56
f 597//56 589//56 590//56
f 597//56 590//56 596//56
f 596//56 590//56 591//56
f 596//56 591//56 595//56
f 595//56 591//56 592//56
f 595//56 592//56 594//56
f 594//56 592//56 593//56
f 446//6 447//6 1876//6
f 1876//6 447//6 535//6
f 531//4 1319//4 1361//4
f 1361//4 1319//4 559//4
f 1361//4 559//4 561//4
f 554//4 536//4 557//4
f 557//4 536//4 533//4
f 557//4 533//4 1065//4
f 555//6 1320//6 1024//6
f 1024//6 1320//6 434//6
f 1370//6 1372//6 1374//6
f 1374//6 1372//6 1554//6
f 495//150 1722//220 1885//244
f 1371//126 1375//249 1378//250
f 1378//250 1375//249 617//172
f 1332//247 1334//223 1885//244
f 1885//244 1334//223 1379//224
f 1885//244 1379//224 495//150
f 495//150 1379//224 1556//128
f 495//150 1556//128 487//128
f 487//128 1556//128 1738//129
f 487//128 1738//129 488//129
f 488//129 1738//129 1886//146
f 488//129 1886//146 489//146
f 489//146 1886//146 1915//162
f 489//146 1915//162 490//162
f 490//162 1915//162 625//152
f 490//162 625//152 496//152
f 496//152 625//152 1082//131
f 496//152 1082//131 1815//131
f 1815//131 1082//131 1336//130
f 1815//131 1336//130 486//130
f 486//130 1336//130 1380//144
f 486//130 1380//144 498//144
f 498//144 1380//144 1557//134
f 498//144 1557//134 499//134
f 499//134 1557//134 1739//154
f 499//134 1739//154 500//154
f 500//154 1739//154 1887//136
f 500//154 1887//136 1587//136
f 1587//136 1887//136 1916//137
f 1587//136 1916//137 509//137
f 509//137 1916//137 633//138
f 509//137 633//138 1508//138
f 1508//138 633//138 1084//153
f 1508//138 1084//153 492//153
f 492//153 1084//153 1378//250
f 492//153 1378//250 504//164
f 504//164 1378//250 617//172
f 504//164 617//172 1817//277
f 1381//6 1335//6 1337//6
f 1337//6 1335//6 1333//6
f 1740//274 493//163 507//166
f 1382//230 1338//230 1383//218
f 1383//218 1338//230 639//173
f 1383//218 639//173 1888//258
f 614//171 1373//171 641//174
f 641//174 1373//171 1339//170
f 641//174 1339//170 1086//229
f 1086//229 1339//170 1340//246
f 1086//229 1340//246 1725//273
f 639//173 1740//274 1888//258
f 1888//258 1740//274 507//166
f 1888//258 507//166 1742//165
f 1742//165 507//166 506//165
f 1742//165 506//165 1743//116
f 1743//116 506//165 505//116
f 1743//116 505//116 647//159
f 647//159 505//116 512//159
f 647//159 512//159 648//121
f 648//121 512//159 519//121
f 648//121 519//121 1088//148
f 1088//148 519//121 518//120
f 1088//148 518//120 1089//114
f 1089//114 518//120 517//114
f 1089//114 517//114 1341//113
f 1341//113 517//114 516//113
f 1341//113 516//113 1384//125
f 1384//125 516//113 515//125
f 1384//125 515//125 1561//168
f 1561//168 515//125 514//168
f 1561//168 514//168 1744//158
f 1744//158 514//168 511//158
f 1744//158 511//158 655//167
f 655//167 511//158 510//167
f 655//167 510//167 656//175
f 656//175 510//167 1726//175
f 656//175 1726//175 1340//246
f 1340//246 1726//175 501//155
f 1340//246 501//155 1725//273
f 612//56 611//56 642//56
f 642//56 611//56 616//56
f 642//56 616//56 644//56
f 644//56 616//56 634//56
f 644//56 634//56 1562//56
f 1562//56 634//56 1083//56
f 1562//56 1083//56 1890//56
f 1890//56 1083//56 632//56
f 1890//56 632//56 654//56
f 654//56 632//56 631//56
f 654//56 631//56 653//56
f 653//56 631//56 630//56
f 653//56 630//56 652//56
f 652//56 630//56 629//56
f 652//56 629//56 651//56
f 651//56 629//56 628//56
f 651//56 628//56 650//56
f 650//56 628//56 627//56
f 650//56 627//56 649//56
f 649//56 627//56 626//56
f 649//56 626//56 1917//56
f 1917//56 626//56 1081//56
f 1917//56 1081//56 1889//56
f 1889//56 1081//56 624//56
f 1889//56 624//56 646//56
f 646//56 624//56 623//56
f 646//56 623//56 645//56
f 645//56 623//56 622//56
f 645//56 622//56 640//56
f 640//56 622//56 621//56
f 640//56 621//56 638//56
f 638//56 621//56 620//56
f 638//56 620//56 635//56
f 635//56 620//56 619//56
f 995//16 1091//16 320//16
f 320//16 1091//16 1092//16
f 320//16 1092//16 1171//16
f 1090//76 319//76 989//75
f 1090//76 989//75 1094//75
f 1094//75 989//75 306//85
f 1094//75 306//85 1385//85
f 1385//85 306//85 302//84
f 1385//85 302//84 1563//260
f 1563//260 302//84 301//69
f 1563//260 301//69 1745//69
f 1745//69 301//69 315//68
f 1745//69 315//68 1891//68
f 1891//68 315//68 314//100
f 1891//68 314//100 1918//67
f 1918//67 314//100 313//89
f 1918//67 313//89 1095//89
f 1095//89 313//89 312//66
f 1095//89 312//66 1096//66
f 1096//66 312//66 311//65
f 1096//66 311//65 1342//65
f 1342//65 311//65 310//64
f 1342//65 310//64 1386//64
f 1386//64 310//64 309//88
f 1386//64 309//88 1541//88
f 1541//88 309//88 308//63
f 1541//88 308//63 1746//63
f 1746//63 308//63 307//87
f 1746//63 307//87 1892//87
f 1892//87 307//87 298//61
f 1892//87 298//61 1919//61
f 1919//61 298//61 297//77
f 1919//61 297//77 673//77
f 673//77 297//77 318//99
f 673//77 318//99 1098//99
f 1098//99 318//99 1699//228
f 1098//99 1699//228 1343//228
f 1972//16 1388//16 327//16
f 327//16 1388//16 1344//16
f 327//16 1344//16 317//16
f 676//70 328//70 677//102
f 677//102 328//70 329//102
f 677//102 329//102 678//110
f 678//110 329//102 341//110
f 678//110 341//110 1893//109
f 1893//109 341//110 340//109
f 1893//109 340//109 1920//105
f 1920//105 340//109 333//105
f 1920//105 333//105 1099//104
f 1099//104 333//105 332//104
f 1099//104 332//104 1100//103
f 1100//103 332//104 331//103
f 1100//103 331//103 1345//72
f 1345//72 331//103 339//72
f 1345//72 339//72 684//82
f 684//82 339//72 325//82
f 684//82 325//82 685//81
f 685//81 325//82 1584//81
f 685//81 1584//81 686//96
f 686//96 1584//81 338//96
f 686//96 338//96 1894//108
f 1894//108 338//96 337//108
f 1894//108 337//108 1921//106
f 1921//106 337//108 334//106
f 1921//106 334//106 1101//93
f 1101//93 334//106 335//93
f 1101//93 335//93 1102//107
f 1102//107 335//93 336//107
f 1102//107 336//107 1346//83
f 1346//83 336//107 326//83
f 1346//83 326//83 692//86
f 692//86 326//83 330//86
f 692//86 330//86 1093//101
f 1093//101 330//86 322//101
f 658//56 657//56 1322//56
f 1322//56 657//56 659//56
f 1322//56 659//56 691//56
f 691//56 659//56 660//56
f 691//56 660//56 690//56
f 690//56 660//56 661//56
f 690//56 661//56 689//56
f 689//56 661//56 662//56
f 689//56 662//56 688//56
f 688//56 662//56 663//56
f 688//56 663//56 687//56
f 687//56 663//56 664//56
f 687//56 664//56 1748//56
f 1748//56 664//56 665//56
f 1748//56 665//56 1565//56
f 1565//56 665//56 666//56
f 1565//56 666//56 1389//56
f 1389//56 666//56 667//56
f 1389//56 667//56 683//56
f 683//56 667//56 668//56
f 683//56 668//56 682//56
f 682//56 668//56 669//56
f 682//56 669//56 681//56
f 681//56 669//56 670//56
f 681//56 670//56 680//56
f 680//56 670//56 671//56
f 680//56 671//56 679//56
f 679//56 671//56 672//56
f 679//56 672//56 1747//56
f 1747//56 672//56 1097//56
f 1747//56 1097//56 1564//56
f 1564//56 1097//56 674//56
f 1564//56 674//56 1387//56
f 1387//56 674//56 675//56
f 502//6 503//6 1087//6
f 1087//6 503//6 1163//6
f 613//4 1555//4 1162//4
f 1162//4 1555//4 1085//4
f 1162//4 1085//4 643//4
f 636//4 618//4 1558//4
f 1558//4 618//4 615//4
f 1558//4 615//4 1741//4
f 637//6 1884//6 1720//6
f 1720//6 1884//6 494//6
f 99//56 130//56 101//56
f 101//56 130//56 132//56
f 101//56 132//56 103//56
f 103//56 132//56 164//56
f 103//56 164//56 127//56
f 127//56 164//56 162//56
f 127//56 162//56 125//56
f 125//56 162//56 1842//56
f 125//56 1842//56 123//56
f 123//56 1842//56 1637//56
f 123//56 1637//56 121//56
f 121//56 1637//56 1250//56
f 121//56 1250//56 119//56
f 119//56 1250//56 154//56
f 119//56 154//56 117//56
f 117//56 154//56 1841//56
f 117//56 1841//56 115//56
f 115//56 1841//56 1636//56
f 115//56 1636//56 113//56
f 113//56 1636//56 1248//56
f 113//56 1248//56 111//56
f 111//56 1248//56 146//56
f 111//56 146//56 109//56
f 109//56 146//56 1840//56
f 109//56 1840//56 107//56
f 107//56 1840//56 1635//56
f 107//56 1635//56 105//56
f 105//56 1635//56 1246//56
f 105//56 1246//56 97//56
f 97//56 1246//56 138//56
f 97//56 138//56 95//56
f 95//56 138//56 137//56
f 95//56 137//56 1993//56
f 1993//56 137//56 89//56
f 1749//6 1103//6 1985//6
f 1985//6 1103//6 1014//6
f 1750//225 1986//225 1751//227
f 1751//227 1986//225 1977//227
f 1751//227 1977//227 1922//123
f 1922//123 1977//227 419//123
f 1922//123 419//123 1105//122
f 1105//122 419//123 418//122
f 1105//122 418//122 1106//147
f 1106//147 418//122 412//147
f 1106//147 412//147 1347//115
f 1347//115 412//147 1494//115
f 1347//115 1494//115 1390//121
f 1390//121 1494//115 1496//121
f 1390//121 1496//121 1566//148
f 1566//148 1496//121 416//148
f 1566//148 416//148 1752//114
f 1752//114 416//148 397//114
f 1752//114 397//114 1895//113
f 1895//113 397//114 396//113
f 1895//113 396//113 1923//149
f 1923//149 396//113 421//149
f 1923//149 421//149 705//124
f 705//124 421//149 1600//124
f 705//124 1600//124 1108//117
f 1108//117 1600//124 413//117
f 1108//117 413//117 1348//118
f 1348//118 413//117 414//118
f 1348//118 414//118 1391//119
f 1391//119 414//118 415//119
f 1391//119 415//119 1567//143
f 1567//143 415//119 392//143
f 1567//143 392//143 1753//161
f 1753//161 392//143 464//161
f 1753//161 464//161 1871//169
f 1871//169 464//161 1597//169
f 1392//6 1394//6 388//6
f 388//6 1394//6 1870//6
f 388//6 1870//6 390//6
f 712//142 387//142 423//127
f 712//142 423//127 1109//127
f 1109//127 423//127 422//139
f 1109//127 422//139 1110//139
f 1110//139 422//139 405//145
f 1110//139 405//145 1349//145
f 1349//145 405//145 404//137
f 1349//145 404//137 716//137
f 716//137 404//137 403//136
f 716//137 403//136 717//136
f 717//136 403//136 394//135
f 717//136 394//135 718//135
f 718//135 394//135 393//134
f 718//135 393//134 1896//134
f 1896//134 393//134 402//144
f 1896//134 402//144 1924//144
f 1924//144 402//144 401//130
f 1924//144 401//130 1111//130
f 1111//130 401//130 399//131
f 1111//130 399//131 1112//131
f 1112//131 399//131 398//132
f 1112//131 398//132 1350//132
f 1350//132 398//132 410//133
f 1350//132 410//133 1398//133
f 1398//133 410//133 409//146
f 1398//133 409//146 1569//146
f 1569//146 409//146 406//129
f 1569//146 406//129 726//129
f 726//129 406//129 407//128
f 726//129 407//128 1897//282
f 1897//282 407//128 408//141
f 1897//282 408//141 1898//141
f 1898//141 408//141 385//140
f 1898//141 385//140 1104//140
f 711//56 1395//56 710//56
f 710//56 1395//56 713//56
f 710//56 713//56 709//56
f 709//56 713//56 714//56
f 709//56 714//56 708//56
f 708//56 714//56 715//56
f 708//56 715//56 707//56
f 707//56 715//56 1396//56
f 707//56 1396//56 706//56
f 706//56 1396//56 1568//56
f 706//56 1568//56 1107//56
f 1107//56 1568//56 1754//56
f 1107//56 1754//56 704//56
f 704//56 1754//56 719//56
f 704//56 719//56 703//56
f 703//56 719//56 720//56
f 703//56 720//56 702//56
f 702//56 720//56 721//56
f 702//56 721//56 701//56
f 701//56 721//56 722//56
f 701//56 722//56 700//56
f 700//56 722//56 723//56
f 700//56 723//56 699//56
f 699//56 723//56 724//56
f 699//56 724//56 698//56
f 698//56 724//56 725//56
f 698//56 725//56 697//56
f 697//56 725//56 1755//56
f 697//56 1755//56 696//56
f 696//56 1755//56 727//56
f 696//56 727//56 695//56
f 695//56 727//56 728//56
f 695//56 728//56 693//56
f 693//56 728//56 694//56
f 179//56 210//56 181//56
f 181//56 210//56 212//56
f 181//56 212//56 183//56
f 183//56 212//56 244//56
f 183//56 244//56 207//56
f 207//56 244//56 242//56
f 207//56 242//56 205//56
f 205//56 242//56 1851//56
f 205//56 1851//56 203//56
f 203//56 1851//56 1650//56
f 203//56 1650//56 201//56
f 201//56 1650//56 1277//56
f 201//56 1277//56 199//56
f 199//56 1277//56 234//56
f 199//56 234//56 197//56
f 197//56 234//56 1850//56
f 197//56 1850//56 195//56
f 195//56 1850//56 1649//56
f 195//56 1649//56 958//56
f 958//56 1649//56 1275//56
f 958//56 1275//56 191//56
f 191//56 1275//56 226//56
f 191//56 226//56 189//56
f 189//56 226//56 1849//56
f 189//56 1849//56 187//56
f 187//56 1849//56 1648//56
f 187//56 1648//56 185//56
f 185//56 1648//56 1273//56
f 185//56 1273//56 177//56
f 177//56 1273//56 218//56
f 177//56 218//56 175//56
f 175//56 218//56 217//56
f 175//56 217//56 1995//56
f 1995//56 217//56 169//56
f 1399//6 1113//6 252//6
f 252//6 1113//6 1115//6
f 252//6 1115//6 1531//6
f 1114//230 1400//230 1117//218
f 1117//218 1400//230 1002//218
f 1117//218 1002//218 1401//123
f 1401//123 1002//218 358//123
f 1401//123 358//123 1570//122
f 1570//122 358//123 357//122
f 1570//122 357//122 1756//116
f 1756//116 357//122 351//116
f 1756//116 351//116 1900//115
f 1900//115 351//116 350//115
f 1900//115 350//115 1925//121
f 1925//121 350//115 356//121
f 1925//121 356//121 737//120
f 737//120 356//121 355//120
f 737//120 355//120 1119//114
f 1119//114 355//120 349//114
f 1119//114 349//114 1351//113
f 1351//113 349//114 348//113
f 1351//113 348//113 1402//125
f 1402//125 348//113 360//125
f 1402//125 360//125 1571//124
f 1571//124 360//125 359//124
f 1571//124 359//124 1757//117
f 1757//117 359//124 352//117
f 1757//117 352//117 1901//118
f 1901//118 352//117 353//118
f 1901//118 353//118 1926//119
f 1926//119 353//118 354//119
f 1926//119 354//119 1120//111
f 1120//111 354//119 346//111
f 1120//111 346//111 1121//112
f 1121//112 346//111 347//112
f 1121//112 347//112 1352//171
f 1352//171 347//112 1928//171
f 1005//6 1122//6 344//6
f 344//6 1122//6 1353//6
f 344//6 1353//6 343//6
f 748//126 361//126 363//127
f 748//126 363//127 749//127
f 749//127 363//127 379//139
f 749//127 379//139 750//153
f 750//153 379//139 378//138
f 750//153 378//138 1902//138
f 1902//138 378//138 377//137
f 1902//138 377//137 1929//137
f 1929//137 377//137 376//136
f 1929//137 376//136 1124//136
f 1124//136 376//136 375//135
f 1124//136 375//135 1125//135
f 1125//135 375//135 374//134
f 1125//135 374//134 1354//134
f 1354//134 374//134 1975//144
f 1354//134 1975//144 1403//144
f 1403//144 1975//144 369//130
f 1403//144 369//130 757//130
f 757//130 369//130 370//131
f 757//130 370//131 758//131
f 758//131 370//131 371//132
f 758//131 371//132 1903//132
f 1903//132 371//132 373//133
f 1903//132 373//133 1930//133
f 1930//133 373//133 1647//146
f 1930//133 1647//146 1126//146
f 1126//146 1647//146 365//129
f 1126//146 365//129 1127//129
f 1127//129 365//129 364//128
f 1127//129 364//128 1355//128
f 1355//128 364//128 382//141
f 1355//128 382//141 764//141
f 764//141 382//141 381//140
f 764//141 381//140 1116//140
f 747//56 1123//56 746//56
f 746//56 1123//56 1572//56
f 746//56 1572//56 745//56
f 745//56 1572//56 1758//56
f 745//56 1758//56 744//56
f 744//56 1758//56 751//56
f 744//56 751//56 743//56
f 743//56 751//56 752//56
f 743//56 752//56 742//56
f 742//56 752//56 753//56
f 742//56 753//56 741//56
f 741//56 753//56 754//56
f 741//56 754//56 740//56
f 740//56 754//56 755//56
f 740//56 755//56 739//56
f 739//56 755//56 756//56
f 739//56 756//56 738//56
f 738//56 756//56 1573//56
f 738//56 1573//56 1118//56
f 1118//56 1573//56 1759//56
f 1118//56 1759//56 736//56
f 736//56 1759//56 759//56
f 736//56 759//56 735//56
f 735//56 759//56 760//56
f 735//56 760//56 734//56
f 734//56 760//56 761//56
f 734//56 761//56 733//56
f 733//56 761//56 762//56
f 733//56 762//56 732//56
f 732//56 762//56 763//56
f 732//56 763//56 731//56
f 731//56 763//56 1356//56
f 731//56 1356//56 729//56
f 729//56 1356//56 730//56
f 211//4 1257//4 1462//4
f 1462//4 1257//4 180//4
f 1462//4 180//4 1643//4
f 247//16 213//16 184//16
f 184//16 213//16 182//16
f 170//4 954//4 176//4
f 176//4 954//4 1465//4
f 176//4 1465//4 172//4
f 216//16 1683//16 1639//16
f 1639//16 1683//16 173//16
f 131//4 1227//4 1447//4
f 1447//4 1227//4 100//4
f 1447//4 100//4 1631//4
f 167//16 133//16 104//16
f 104//16 133//16 102//16
f 1450//16 1670//16 1627//16
f 1627//16 1670//16 93//16
f 90//4 935//4 96//4
f 96//4 935//4 136//4
f 96//4 136//4 92//4
f 1761//234 1357//234 1963//234
f 1963//234 1357//234 1218//234
f 1358//16 1904//16 34//16
f 34//16 1904//16 1220//16
f 1905//49 1932//49 80//49
f 80//49 1932//49 79//49
f 768//176 769//176 1833//176
f 1833//176 769//176 1624//176
f 1128//16 1130//16 78//16
f 78//16 1130//16 1512//16
f 1131//231 1281//231 1513//231
f 1513//231 1281//231 1616//231
f 771//11 1404//11 13//11
f 13//11 1404//11 51//11
f 1405//6 1514//6 1455//6
f 1455//6 1514//6 31//6
f 1515//21 765//21 1934//21
f 1934//21 765//21 32//21
f 767//4 766//4 1931//4
f 1931//4 766//4 1762//4
f 770//4 1129//4 1280//4
f 1280//4 1129//4 1931//4
f 1280//4 1931//4 772//4
f 772//4 1931//4 1762//4
f 772//4 1762//4 773//4
f 1408//18 1854//18 1407//18
f 1407//18 1854//18 22//18
f 1855//16 1935//16 1822//16
f 1822//16 1935//16 1824//16
f 1936//20 1132//20 24//20
f 24//20 1132//20 25//20
f 1133//27 1134//27 919//27
f 919//27 1134//27 44//27
f 1135//16 1282//16 922//16
f 922//16 1282//16 1527//16
f 1283//242 1411//242 1526//242
f 1526//242 1411//242 1614//242
f 780//5 1518//5 5//5
f 5//5 1518//5 1652//5
f 1519//6 1763//6 6//6
f 6//6 1763//6 1827//6
f 1764//28 1857//28 46//28
f 46//28 1857//28 1829//28
f 783//29 1938//29 47//29
f 47//29 1938//29 1965//29
f 784//6 1765//6 48//6
f 48//6 1765//6 85//6
f 1766//51 1409//51 1441//51
f 1441//51 1409//51 83//51
f 776//4 775//4 777//4
f 777//4 775//4 774//4
f 782//4 781//4 1856//4
f 1856//4 781//4 1410//4
f 785//4 1937//4 774//4
f 774//4 1937//4 1856//4
f 774//4 1856//4 777//4
f 777//4 1856//4 1410//4
f 777//4 1410//4 778//4
f 778//4 1410//4 779//4
f 1285//21 1286//21 1939//21
f 1939//21 1286//21 1959//21
f 1287//7 1288//7 8//7
f 8//7 1288//7 1191//7
f 1289//9 1520//9 10//9
f 10//9 1520//9 1193//9
f 1521//12 1768//12 14//12
f 14//12 1768//12 1658//12
f 790//23 1774//23 38//23
f 38//23 1774//23 37//23
f 1775//267 1941//267 1656//267
f 1656//267 1941//267 1660//267
f 1942//25 793//25 40//25
f 40//25 793//25 1203//25
f 1136//11 1138//11 42//11
f 42//11 1138//11 1205//11
f 1290//233 1208//233 1412//38
f 1412//38 1208//233 60//38
f 1412//38 60//38 1522//39
f 1522//39 60//38 61//39
f 1522//39 61//39 1769//40
f 1769//40 61//39 62//40
f 1769//40 62//40 1858//43
f 1858//43 62//40 65//43
f 1858//43 65//43 1943//42
f 1943//42 65//43 64//42
f 1943//42 64//42 801//41
f 801//41 64//42 63//41
f 801//41 63//41 1139//26
f 1139//26 63//41 43//26
f 795//16 1293//16 58//16
f 58//16 1293//16 59//16
f 1294//209 1140//209 928//209
f 928//209 1140//209 926//209
f 1141//12 1413//12 41//12
f 41//12 1413//12 1945//12
f 1414//24 1524//24 39//24
f 39//24 1524//24 914//24
f 805//19 1142//19 23//19
f 23//19 1142//19 908//19
f 1143//1 1295//1 1//1
f 1//1 1295//1 910//1
f 1296//2 1946//2 2//2
f 2//2 1946//2 15//2
f 808//6 809//6 1195//6
f 1195//6 809//6 1961//6
f 786//177 1940//177 1297//8
f 1297//8 1940//177 9//8
f 1297//8 9//8 1298//10
f 1298//10 9//8 11//10
f 1298//10 11//10 1415//47
f 1415//47 11//10 75//47
f 1415//47 75//47 1525//33
f 1525//33 75//47 53//33
f 1525//33 53//33 1770//32
f 1770//32 53//33 52//32
f 1770//32 52//32 1859//31
f 1859//31 52//32 50//31
f 1859//31 50//31 1948//30
f 1948//30 50//31 49//30
f 1948//30 49//30 817//46
f 817//46 49//30 74//46
f 817//46 74//46 1145//45
f 1145//45 74//46 73//45
f 1145//45 73//45 1299//37
f 1299//37 73//45 57//37
f 1299//37 57//37 1416//36
f 1416//36 57//37 56//36
f 1416//36 56//36 1528//17
f 1528//17 56//36 21//17
f 1528//17 21//17 1771//15
f 1771//15 21//17 19//15
f 1771//15 19//15 1860//14
f 1860//14 19//15 18//14
f 1860//14 18//14 1978//48
f 1978//48 18//14 77//48
f 1978//48 77//48 825//178
f 825//178 77//48 1608//178
f 825//178 1608//178 1147//35
f 1147//35 1608//178 55//35
f 1147//35 55//35 1300//34
f 1300//34 55//35 54//34
f 1300//34 54//34 1417//54
f 1417//54 54//34 87//54
f 1417//54 87//54 829//53
f 829//53 87//54 86//53
f 829//53 86//53 830//52
f 830//52 86//53 84//52
f 830//52 84//52 1825//50
f 1825//50 84//52 82//50
f 1825//50 82//50 1949//3
f 1949//3 82//50 3//3
f 1949//3 3//3 1020//219
f 1020//219 3//3 1432//219
f 1020//219 1432//219 1018//13
f 1018//13 1432//219 16//13
f 1137//4 792//4 791//4
f 804//4 803//4 1523//4
f 1523//4 803//4 802//4
f 1947//4 807//4 806//4
f 789//4 788//4 1767//4
f 1767//4 788//4 787//4
f 1767//4 787//4 1239//4
f 831//4 832//4 1291//4
f 1291//4 827//4 828//4
f 832//4 833//4 1291//4
f 1291//4 833//4 1019//4
f 1291//4 1019//4 802//4
f 802//4 1019//4 1947//4
f 802//4 1947//4 1523//4
f 1523//4 1947//4 806//4
f 1284//4 1418//4 1419//4
f 1419//4 1532//4 1284//4
f 1284//4 1532//4 1773//4
f 1284//4 1773//4 787//4
f 787//4 1773//4 1301//4
f 787//4 1301//4 1239//4
f 1291//4 1981//4 1148//4
f 828//4 1529//4 1291//4
f 1291//4 1529//4 1772//4
f 1291//4 1772//4 831//4
f 791//4 1767//4 1137//4
f 1137//4 1767//4 1239//4
f 1137//4 1239//4 794//4
f 794//4 1239//4 1240//4
f 794//4 1240//4 1292//4
f 1292//4 1240//4 1302//4
f 1292//4 1302//4 800//4
f 800//4 1302//4 1420//4
f 800//4 1420//4 799//4
f 799//4 1420//4 1533//4
f 799//4 1533//4 798//4
f 798//4 1533//4 1760//4
f 798//4 1760//4 797//4
f 797//4 1760//4 1861//4
f 797//4 1861//4 796//4
f 796//4 1861//4 1950//4
f 796//4 1950//4 1291//4
f 1291//4 1950//4 849//4
f 1291//4 849//4 1981//4
f 1148//4 1149//4 1291//4
f 1291//4 1149//4 1304//4
f 1291//4 1304//4 827//4
f 1304//4 1421//4 827//4
f 827//4 1421//4 1534//4
f 827//4 1534//4 1776//4
f 810//4 1951//4 1284//4
f 1284//4 1951//4 1422//4
f 1284//4 1422//4 1418//4
f 810//4 811//4 1951//4
f 1951//4 811//4 812//4
f 1951//4 812//4 813//4
f 813//4 814//4 1951//4
f 1951//4 814//4 815//4
f 1951//4 815//4 1150//4
f 1150//4 815//4 816//4
f 1150//4 816//4 1151//4
f 1151//4 816//4 1144//4
f 1151//4 1144//4 1305//4
f 1305//4 1144//4 818//4
f 1305//4 818//4 1423//4
f 1423//4 818//4 819//4
f 1423//4 819//4 1535//4
f 1535//4 819//4 820//4
f 1535//4 820//4 1777//4
f 1777//4 820//4 821//4
f 1777//4 821//4 1862//4
f 1862//4 821//4 822//4
f 1862//4 822//4 1952//4
f 1952//4 822//4 823//4
f 1952//4 823//4 1152//4
f 1152//4 823//4 824//4
f 1152//4 824//4 1153//4
f 1153//4 824//4 1146//4
f 1153//4 1146//4 1306//4
f 1306//4 1146//4 826//4
f 1306//4 826//4 1424//4
f 1424//4 826//4 827//4
f 1424//4 827//4 1536//4
f 1536//4 827//4 1776//4
f 1863//6 839//183 1864//183
f 1864//183 839//183 838//182
f 1864//183 838//182 1953//182
f 1953//182 838//182 837//181
f 1953//182 837//181 873//181
f 873//181 837//181 836//180
f 873//181 836//180 1155//180
f 1155//180 836//180 835//179
f 1155//180 835//179 1307//179
f 1307//179 835//179 856//197
f 1307//179 856//197 1425//197
f 1425//197 856//197 855//196
f 1425//197 855//196 1537//196
f 1537//196 855//196 857//198
f 1537//196 857//198 1778//198
f 1778//198 857//198 858//11
f 1778//198 858//11 1865//11
f 1865//11 858//11 859//199
f 1865//11 859//199 1954//199
f 1954//199 859//199 860//200
f 1954//199 860//200 881//200
f 881//200 860//200 861//201
f 881//200 861//201 1157//201
f 1157//201 861//201 862//202
f 1157//201 862//202 1308//202
f 1308//202 862//202 863//203
f 1308//202 863//203 1426//203
f 1426//203 863//203 864//204
f 1426//203 864//204 1538//204
f 1538//204 864//204 865//205
f 1538//204 865//205 1779//205
f 1779//205 865//205 866//206
f 1779//205 866//206 1866//206
f 1866//206 866//206 867//16
f 1866//206 867//16 1955//16
f 1955//16 867//16 868//207
f 1955//16 868//207 889//207
f 889//207 868//207 869//208
f 889//207 869//208 1159//208
f 1159//208 869//208 854//195
f 1159//208 854//195 1309//243
f 1309//243 854//195 853//194
f 1309//243 853//194 1427//194
f 1427//194 853//194 852//193
f 1427//194 852//193 1539//193
f 1539//193 852//193 851//192
f 1539//193 851//192 1780//192
f 1780//192 851//192 850//191
f 1780//192 850//191 1867//191
f 1867//191 850//191 841//184
f 1867//191 841//184 1956//184
f 1956//184 841//184 840//21
f 1956//184 840//21 897//21
f 897//21 840//21 1982//232
f 897//21 1982//232 1161//232
f 1161//232 1982//232 848//190
f 1161//232 848//190 1310//190
f 1310//190 848//190 847//189
f 1310//190 847//189 1428//189
f 1428//189 847//189 846//1
f 1428//189 846//1 1540//1
f 1540//1 846//1 845//188
f 1540//1 845//188 1781//188
f 1781//188 845//188 844//187
f 1781//188 844//187 1812//276
f 1812//276 844//187 843//186
f 1812//276 843//186 1957//186
f 1957//186 843//186 842//185
f 1957//186 842//185 905//185
f 905//185 842//185 834//6
f 905//185 834//6 1863//6
f 1863//6 834//6 839//183
f 904//4 1899//4 906//4
f 906//4 1899//4 870//4
f 906//4 870//4 871//4
f 901//4 902//4 906//4
f 906//4 902//4 903//4
f 906//4 903//4 904//4
f 898//4 899//4 906//4
f 906//4 899//4 900//4
f 906//4 900//4 901//4
f 895//4 896//4 906//4
f 906//4 896//4 1160//4
f 906//4 1160//4 898//4
f 892//4 893//4 906//4
f 906//4 893//4 894//4
f 906//4 894//4 895//4
f 1158//4 890//4 906//4
f 906//4 890//4 891//4
f 906//4 891//4 892//4
f 886//4 887//4 906//4
f 906//4 887//4 888//4
f 906//4 888//4 1158//4
f 883//4 884//4 906//4
f 906//4 884//4 885//4
f 906//4 885//4 886//4
f 880//4 1156//4 906//4
f 906//4 1156//4 882//4
f 906//4 882//4 883//4
f 877//4 878//4 906//4
f 906//4 878//4 879//4
f 906//4 879//4 880//4
f 874//4 875//4 906//4
f 906//4 875//4 876//4
f 906//4 876//4 877//4
f 871//4 872//4 906//4
f 906//4 872//4 1154//4
f 906//4 1154//4 874//4
f 1213//16 1502//16 1182//16
f 1182//16 1502//16 1184//16
f 66//21 1185//21 1211//21
f 1211//21 1185//21 1506//21
f 67//44 1507//44 1438//44
f 1438//44 1507//44 1718//44
f 69//21 480//21 1664//21
f 1664//21 480//21 481//21
f 72//16 1039//16 1164//16
f 1164//16 1039//16 1042//16
f 81//21 482//21 918//21
f 918//21 482//21 1377//21
f 35//16 1376//16 916//16
f 916//16 1376//16 1037//16
f 33//11 475//11 1610//11
f 1610//11 475//11 1036//11
f 20//16 474//16 1620//16
f 1620//16 474//16 1034//16
f 45//11 473//11 1654//11
f 1654//11 473//11 1716//11
f 29//6 472//6 1618//6
f 1618//6 472//6 471//6
f 30//22 1790//22 1612//22
f 1612//22 1790//22 1607//22
f 28//6 470//6 1594//6
f 1594//6 470//6 468//6
f 70//21 1505//21 68//21
f 68//21 1505//21 467//21
