# Blender 3.4.1
# www.blender.org
o Frontside_vis
v 0.962217 -1.145957 -0.224955
v 0.962217 -1.147957 -0.224955
v 0.962217 -1.147957 -0.588955
v 0.962217 -1.145957 -0.970139
v 0.962217 -1.147957 -1.218705
v 0.962217 -1.145957 -1.456705
v 0.962217 -1.147957 -1.568955
v 0.962217 -1.145957 -1.736955
v 0.962217 -1.147957 -1.736955
v 0.956217 -1.145957 -1.742955
v 0.956217 -1.147957 -1.742955
v 0.905217 -1.145957 -1.742955
v 0.905217 -1.147957 -1.742955
v 0.771217 -1.145957 -1.742955
v 0.771217 -1.147957 -1.742955
v 0.665217 -1.145957 -1.742955
v 0.445467 -1.145957 -1.742955
v 0.445467 -1.147957 -1.742955
v 0.182161 -1.145957 -1.742955
v 0.182161 -1.147957 -1.742955
v 0.031328 -1.147957 -1.742955
v -0.101450 -1.145957 -1.742955
v -0.101450 -1.147957 -1.742955
v -0.284783 -1.147957 -1.742954
v -0.462283 -1.145957 -1.742954
v -0.490533 -1.145957 -1.742954
v -0.490533 -1.147957 -1.742954
v -0.546158 -1.147957 -1.742954
v -0.955783 -1.145957 -1.742954
v -0.955783 -1.147957 -1.742954
v -0.961783 -1.147957 -0.224954
v -0.961783 -1.145957 -0.224954
v -0.961783 -1.147957 -0.412954
v -0.961783 -1.145957 -0.412954
v -0.961783 -1.147957 -0.505204
v -0.961783 -1.145957 -0.505204
v -0.961783 -1.147957 -0.723704
v -0.961783 -1.145957 -0.863402
v -0.961783 -1.147957 -0.970138
v -0.961783 -1.145957 -0.970138
v -0.961783 -1.145957 -1.089617
v -0.961783 -1.147957 -1.274954
v -0.961783 -1.147957 -1.372954
v -0.961783 -1.145957 -1.456704
v -0.961783 -1.147957 -1.495204
v -0.961783 -1.147957 -1.678954
v -0.961783 -1.147957 -1.736954
v -0.961783 -1.145957 -1.736954
v -0.955783 -1.145957 -0.218954
v -0.955783 -1.147957 -0.218954
v 0.107995 -1.147957 -0.218955
v 0.182162 -1.145957 -0.218955
v 0.445467 -1.147957 -0.218955
v 0.905217 -1.145957 -0.218955
v 0.956217 -1.145957 -0.218955
v 0.956217 -1.147957 -0.218955
v 0.241614 -1.145957 -1.733205
v 0.242217 -1.145957 -1.730955
v -0.233386 -1.145957 -1.733205
v -0.232783 -1.145957 -1.730955
v -0.462283 -1.145957 -1.089618
v 0.954114 -1.145957 -0.483205
v 0.954717 -1.145957 -0.480955
v 0.035771 -1.145957 -1.128544
v 0.042873 -1.145957 -1.129965
v 0.035567 -1.145957 -1.132514
v -0.155682 -1.145957 -1.019382
v -0.155338 -1.145957 -1.017864
v -0.139731 -1.145957 -1.020955
v 0.185132 -1.145957 -0.803261
v 0.181328 -1.145957 -0.817083
v 0.241614 -1.145957 -0.233205
v 0.242217 -1.145957 -0.230955
v 0.322717 -1.145957 -0.330964
v 0.050217 -1.145957 -0.524955
v 0.031328 -1.145957 -0.524955
v 0.810217 -1.145957 -1.602955
v 0.810217 -1.145957 -1.112955
v 0.240217 -1.145957 -1.406955
v 0.959217 -1.145957 -0.219759
v 0.958467 -1.145957 -0.222705
v 0.961413 -1.145957 -1.739955
v 0.959217 -1.145957 -1.742151
v -0.712283 -1.145957 -1.735454
v -0.918386 -1.145957 -1.733204
v -0.712283 -1.145957 -1.726454
v -0.920033 -1.145957 -1.734851
v -0.714533 -1.145957 -1.727057
v -0.922283 -1.145957 -1.735454
v -0.716180 -1.145957 -1.728704
v -0.958783 -1.145957 -1.742150
v -0.960979 -1.145957 -1.739954
v -0.587533 -1.145957 -1.730955
v -0.588337 -1.145957 -1.727955
v -0.590533 -1.145957 -1.725758
v -0.593533 -1.145957 -1.724954
v -0.926783 -1.145957 -1.730954
v -0.926180 -1.145957 -1.728704
v -0.924533 -1.145957 -1.727057
v -0.926180 -1.145957 -1.733204
v -0.924533 -1.145957 -1.734851
v -0.596533 -1.145957 -1.725758
v -0.707783 -1.145957 -1.730955
v -0.708386 -1.145957 -1.728704
v -0.710033 -1.145957 -1.727057
v -0.716783 -1.145957 -1.730955
v -0.716180 -1.145957 -1.733204
v -0.714533 -1.145957 -1.734852
v -0.598729 -1.145957 -1.727955
v -0.599533 -1.145957 -1.730955
v -0.708386 -1.145957 -1.733204
v -0.598729 -1.145957 -1.733954
v -0.710033 -1.145957 -1.734852
v -0.596533 -1.145957 -1.736151
v -0.593533 -1.145957 -1.736954
v -0.590533 -1.145957 -1.736151
v -0.588337 -1.145957 -1.733954
v -0.917783 -1.145957 -1.730954
v -0.918386 -1.145957 -1.728704
v -0.920033 -1.145957 -1.727057
v -0.922283 -1.145957 -1.726454
v 0.924967 -1.145957 -1.727058
v 0.922717 -1.145957 -1.726455
v 0.920467 -1.145957 -1.727058
v 0.918820 -1.145957 -1.728705
v 0.918217 -1.145957 -1.730955
v 0.918820 -1.145957 -1.733205
v 0.927217 -1.145957 -1.730955
v 0.926614 -1.145957 -1.728705
v 0.920467 -1.145957 -1.734852
v 0.922717 -1.145957 -1.735455
v 0.924967 -1.145957 -1.734852
v 0.926614 -1.145957 -1.733205
v 0.961413 -1.145957 -0.221955
v -0.716180 -1.145957 -0.228704
v -0.922283 -1.145957 -0.235454
v -0.714533 -1.145957 -0.227057
v -0.920033 -1.145957 -0.234851
v -0.712283 -1.145957 -0.226454
v -0.918386 -1.145957 -0.233204
v -0.917783 -1.145957 -0.230954
v -0.708386 -1.145957 -0.233204
v -0.707783 -1.145957 -0.230954
v -0.546158 -1.145957 -0.222704
v -0.708386 -1.145957 -0.228704
v -0.710033 -1.145957 -0.234852
v -0.546158 -1.145957 -0.268954
v -0.712283 -1.145957 -0.235454
v -0.871783 -1.145957 -0.268954
v -0.960979 -1.145957 -0.221954
v -0.926180 -1.145957 -0.228704
v -0.716783 -1.145957 -0.230954
v -0.716180 -1.145957 -0.233204
v -0.714533 -1.145957 -0.234852
v -0.710033 -1.145957 -0.227057
v -0.918386 -1.145957 -0.228704
v -0.920033 -1.145957 -0.227057
v -0.922283 -1.145957 -0.226454
v -0.924533 -1.145957 -0.227057
v -0.926783 -1.145957 -0.230954
v -0.926180 -1.145957 -0.233204
v -0.924533 -1.145957 -0.234851
v 0.240217 -1.145957 -1.436955
v 0.247717 -1.145957 -1.434945
v 0.445467 -1.145957 -1.456705
v 0.253207 -1.145957 -1.429455
v 0.443207 -1.145957 -1.414455
v 0.445467 -1.145957 -1.372955
v 0.445217 -1.145957 -1.421955
v 0.443207 -1.145957 -1.429455
v 0.437717 -1.145957 -1.434945
v 0.247717 -1.145957 -1.408964
v 0.437717 -1.145957 -1.408964
v 0.430217 -1.145957 -1.406955
v 0.330217 -1.145957 -1.406955
v 0.317227 -1.145957 -1.429455
v 0.315217 -1.145957 -1.421955
v 0.255217 -1.145957 -1.421955
v 0.317227 -1.145957 -1.414455
v 0.253207 -1.145957 -1.414455
v 0.322717 -1.145957 -1.408964
v 0.322717 -1.145957 -1.434945
v 0.330217 -1.145957 -1.436955
v 0.430217 -1.145957 -1.436955
v 0.107995 -1.145957 -1.372955
v 0.140217 -1.145957 -1.406955
v 0.132717 -1.145957 -1.408964
v 0.127227 -1.145957 -1.414455
v 0.125217 -1.145957 -1.421955
v 0.127227 -1.145957 -1.429455
v 0.140217 -1.145957 -1.436955
v 0.132717 -1.145957 -1.434945
v 0.810217 -1.145957 -0.456955
v 0.817717 -1.145957 -0.454945
v 0.823208 -1.145957 -0.449455
v 0.905217 -1.145957 -0.412955
v 0.825217 -1.145957 -0.441955
v 0.823208 -1.145957 -0.434455
v 0.710217 -1.145957 -0.426955
v 0.817717 -1.145957 -0.428964
v 0.810217 -1.145957 -0.426955
v 0.695217 -1.145957 -0.441955
v 0.697227 -1.145957 -0.449455
v 0.665217 -1.145957 -0.505205
v 0.702717 -1.145957 -0.454945
v 0.710217 -1.145957 -0.456955
v 0.702717 -1.145957 -0.428964
v 0.697227 -1.145957 -0.434455
v 0.057717 -1.145957 -1.434945
v 0.050217 -1.145957 -1.436955
v 0.063207 -1.145957 -1.429455
v 0.065217 -1.145957 -1.421955
v 0.063207 -1.145957 -1.414455
v 0.057717 -1.145957 -1.408964
v 0.050217 -1.145957 -1.406955
v -0.101450 -1.145957 -1.372955
v -0.049783 -1.145957 -1.406955
v -0.057283 -1.145957 -1.408964
v -0.062773 -1.145957 -1.414455
v -0.064783 -1.145957 -1.421955
v -0.062773 -1.145957 -1.429455
v -0.057283 -1.145957 -1.434945
v -0.049783 -1.145957 -1.436955
v -0.049783 -1.145957 -1.534955
v 0.050217 -1.145957 -1.534955
v 0.063207 -1.145957 -1.512455
v 0.057717 -1.145957 -1.506964
v 0.107995 -1.145957 -1.495205
v 0.050217 -1.145957 -1.504955
v 0.057717 -1.145957 -1.532945
v 0.107995 -1.145957 -1.568955
v 0.063207 -1.145957 -1.527455
v 0.065217 -1.145957 -1.519955
v -0.062773 -1.145957 -1.527455
v -0.057283 -1.145957 -1.532945
v -0.062773 -1.145957 -1.512455
v -0.064783 -1.145957 -1.519955
v -0.049783 -1.145957 -1.504955
v -0.057283 -1.145957 -1.506964
v 0.240217 -1.145957 -1.534955
v 0.437717 -1.145957 -1.532945
v 0.443207 -1.145957 -1.527455
v 0.445467 -1.145957 -1.568955
v 0.445217 -1.145957 -1.519955
v 0.445467 -1.145957 -1.495205
v 0.443207 -1.145957 -1.512455
v 0.247717 -1.145957 -1.532945
v 0.253207 -1.145957 -1.527455
v 0.437717 -1.145957 -1.506964
v 0.430217 -1.145957 -1.504955
v 0.330217 -1.145957 -1.504955
v 0.317227 -1.145957 -1.527455
v 0.322717 -1.145957 -1.532945
v 0.330217 -1.145957 -1.534955
v 0.430217 -1.145957 -1.534955
v 0.315217 -1.145957 -1.519955
v 0.255217 -1.145957 -1.519955
v 0.317227 -1.145957 -1.512455
v 0.253207 -1.145957 -1.512455
v 0.322717 -1.145957 -1.506964
v 0.132717 -1.145957 -1.506964
v 0.140217 -1.145957 -1.504955
v 0.247717 -1.145957 -1.506964
v 0.240217 -1.145957 -1.504955
v 0.140217 -1.145957 -1.534955
v 0.132717 -1.145957 -1.532945
v 0.127227 -1.145957 -1.512455
v 0.125217 -1.145957 -1.519955
v 0.127227 -1.145957 -1.527455
v -0.506793 -1.145957 -1.512455
v -0.512283 -1.145957 -1.506964
v -0.512283 -1.145957 -1.532945
v -0.506793 -1.145957 -1.527455
v -0.504783 -1.145957 -1.519955
v -0.809783 -1.145957 -1.504954
v -0.817283 -1.145957 -1.506964
v -0.702283 -1.145957 -1.506964
v -0.627283 -1.145957 -1.506964
v -0.632773 -1.145957 -1.512454
v -0.632773 -1.145957 -1.527454
v -0.627283 -1.145957 -1.532945
v -0.696793 -1.145957 -1.527454
v -0.619783 -1.145957 -1.534954
v -0.519783 -1.145957 -1.534955
v -0.519783 -1.145957 -1.504955
v -0.546158 -1.145957 -1.495205
v -0.619783 -1.145957 -1.504954
v -0.634783 -1.145957 -1.519954
v -0.694783 -1.145957 -1.519954
v -0.696793 -1.145957 -1.512454
v -0.709783 -1.145957 -1.504954
v -0.822773 -1.145957 -1.512454
v -0.824783 -1.145957 -1.519954
v -0.822773 -1.145957 -1.527454
v -0.817283 -1.145957 -1.532945
v -0.809783 -1.145957 -1.534954
v -0.709783 -1.145957 -1.534954
v -0.702283 -1.145957 -1.532945
v 0.445467 -1.145957 -1.089618
v 0.445217 -1.145957 -1.127955
v 0.443207 -1.145957 -1.120455
v 0.185217 -1.145957 -1.095972
v 0.187159 -1.145957 -1.096896
v 0.188707 -1.145957 -1.098368
v 0.188899 -1.145957 -1.162074
v 0.187222 -1.145957 -1.164450
v 0.189661 -1.145957 -1.157639
v 0.184106 -1.145957 -1.165955
v 0.189476 -1.145957 -1.100720
v 0.437717 -1.145957 -1.140945
v 0.443207 -1.145957 -1.135455
v 0.322717 -1.145957 -1.140945
v 0.330217 -1.145957 -1.142955
v 0.437717 -1.145957 -1.212964
v 0.430217 -1.145957 -1.142955
v 0.443207 -1.145957 -1.218455
v 0.317227 -1.145957 -1.120455
v 0.315217 -1.145957 -1.127955
v 0.247717 -1.145957 -1.212964
v 0.317227 -1.145957 -1.135455
v 0.253207 -1.145957 -1.218455
v 0.212405 -1.145957 -1.107673
v 0.204228 -1.145957 -1.097397
v 0.322717 -1.145957 -1.114964
v 0.437717 -1.145957 -1.114964
v 0.430217 -1.145957 -1.112955
v 0.330217 -1.145957 -1.112955
v 0.240217 -1.145957 -1.210955
v 0.213467 -1.145957 -1.150970
v 0.200009 -1.145957 -1.167326
v 0.203451 -1.145957 -1.164756
v 0.208225 -1.145957 -1.159821
v 0.217439 -1.145957 -1.130000
v 0.216291 -1.145957 -1.118519
v 0.184106 -1.145957 -1.172535
v 0.186851 -1.145957 -1.172415
v 0.189557 -1.145957 -1.171944
v 0.194978 -1.145957 -1.170077
v 0.445467 -1.145957 -1.274955
v 0.247717 -1.145957 -1.238945
v 0.253207 -1.145957 -1.233455
v 0.240217 -1.145957 -1.240955
v 0.437717 -1.145957 -1.238945
v 0.443207 -1.145957 -1.233455
v 0.445217 -1.145957 -1.225955
v 0.430217 -1.145957 -1.210955
v 0.330217 -1.145957 -1.210955
v 0.322717 -1.145957 -1.212964
v 0.317227 -1.145957 -1.218455
v 0.253339 -1.145957 -1.218688
v 0.317095 -1.145957 -1.218688
v 0.255217 -1.145957 -1.225955
v 0.315217 -1.145957 -1.225955
v 0.317227 -1.145957 -1.233455
v 0.322717 -1.145957 -1.238945
v 0.330217 -1.145957 -1.240955
v 0.430217 -1.145957 -1.240955
v -0.506793 -1.145957 -1.331455
v -0.504783 -1.145957 -1.323955
v -0.506793 -1.145957 -1.316455
v -0.512283 -1.145957 -1.310964
v -0.490533 -1.145957 -1.274955
v -0.519783 -1.145957 -1.308954
v -0.546158 -1.145957 -1.338954
v -0.519783 -1.145957 -1.338954
v -0.512283 -1.145957 -1.336945
v -0.696793 -1.145957 -1.316454
v -0.632773 -1.145957 -1.316454
v -0.694783 -1.145957 -1.323954
v -0.634783 -1.145957 -1.323954
v -0.696793 -1.145957 -1.331454
v -0.632773 -1.145957 -1.331454
v -0.619783 -1.145957 -1.308954
v -0.627283 -1.145957 -1.310964
v -0.817283 -1.145957 -1.310964
v -0.822773 -1.145957 -1.316454
v -0.627283 -1.145957 -1.336945
v -0.619783 -1.145957 -1.338954
v -0.824783 -1.145957 -1.323954
v -0.822773 -1.145957 -1.331454
v -0.817283 -1.145957 -1.336945
v -0.702283 -1.145957 -1.310964
v -0.709783 -1.145957 -1.308954
v -0.809783 -1.145957 -1.308954
v -0.809783 -1.145957 -1.338954
v -0.709783 -1.145957 -1.338954
v -0.702283 -1.145957 -1.336945
v 0.140217 -1.145957 -1.240955
v 0.132717 -1.145957 -1.238945
v 0.134216 -1.145957 -1.161709
v 0.134106 -1.145957 -1.160139
v 0.150158 -1.145957 -1.130825
v 0.179661 -1.145957 -1.172482
v 0.179661 -1.145957 -1.166076
v 0.180907 -1.145957 -1.126365
v 0.179280 -1.145957 -1.125521
v 0.180200 -1.145957 -1.096007
v 0.181884 -1.145957 -1.128854
v 0.181691 -1.145957 -1.127547
v 0.139135 -1.145957 -1.092232
v 0.178250 -1.145957 -1.089472
v 0.139619 -1.145957 -1.093458
v 0.173237 -1.145957 -1.090205
v 0.152986 -1.145957 -1.121778
v 0.152640 -1.145957 -1.123960
v 0.181464 -1.145957 -1.130413
v 0.172484 -1.145957 -1.164580
v 0.166502 -1.145957 -1.092170
v 0.159370 -1.145957 -1.095947
v 0.139662 -1.145957 -1.093993
v 0.152995 -1.145957 -1.100885
v 0.139256 -1.145957 -1.095758
v 0.139526 -1.145957 -1.166765
v 0.150893 -1.145957 -1.131492
v 0.139662 -1.145957 -1.167864
v 0.139304 -1.145957 -1.169387
v 0.176667 -1.145957 -1.124762
v 0.176033 -1.145957 -1.124097
v 0.176207 -1.145957 -1.098646
v 0.177886 -1.145957 -1.096862
v 0.175424 -1.145957 -1.100899
v 0.134766 -1.145957 -1.098594
v 0.135107 -1.145957 -1.098130
v 0.136002 -1.145957 -1.097680
v 0.138682 -1.145957 -1.096466
v 0.137491 -1.145957 -1.097135
v 0.166745 -1.145957 -1.160069
v 0.162308 -1.145957 -1.153036
v 0.180486 -1.145957 -1.131347
v 0.179488 -1.145957 -1.131766
v 0.132717 -1.145957 -1.212964
v 0.127227 -1.145957 -1.218455
v 0.125217 -1.145957 -1.225955
v 0.127227 -1.145957 -1.233455
v 0.175369 -1.145957 -1.122499
v 0.175217 -1.145957 -1.120764
v 0.138882 -1.145957 -1.165534
v 0.137491 -1.145957 -1.164652
v 0.134219 -1.145957 -1.100026
v 0.150088 -1.145957 -1.126777
v 0.134106 -1.145957 -1.101562
v 0.149662 -1.145957 -1.128732
v 0.149689 -1.145957 -1.129383
v 0.177057 -1.145957 -1.132066
v 0.156890 -1.145957 -1.141294
v 0.153984 -1.145957 -1.132066
v 0.155182 -1.145957 -1.140955
v 0.154514 -1.145957 -1.141006
v 0.153359 -1.145957 -1.141452
v 0.152169 -1.145957 -1.170550
v 0.152620 -1.145957 -1.171319
v 0.162491 -1.145957 -1.167940
v 0.171593 -1.145957 -1.171174
v 0.135377 -1.145957 -1.163847
v 0.134766 -1.145957 -1.163177
v 0.158318 -1.145957 -1.142962
v 0.157843 -1.145957 -1.142104
v 0.140217 -1.145957 -1.210955
v 0.136686 -1.145957 -1.170892
v 0.138428 -1.145957 -1.170301
v 0.154887 -1.145957 -1.172066
v 0.156401 -1.145957 -1.171669
v 0.157543 -1.145957 -1.170590
v 0.158962 -1.145957 -1.168740
v 0.153394 -1.145957 -1.171827
v 0.152511 -1.145957 -1.142408
v 0.151884 -1.145957 -1.145521
v 0.151884 -1.145957 -1.168576
v 0.159919 -1.145957 -1.167829
v 0.161033 -1.145957 -1.167621
v 0.056328 -1.145957 -1.126059
v 0.053610 -1.145957 -1.125355
v 0.051380 -1.145957 -1.123663
v 0.090650 -1.145957 -1.170301
v 0.091526 -1.145957 -1.169387
v 0.031328 -1.145957 -1.210955
v 0.037446 -1.145957 -1.169067
v 0.043776 -1.145957 -1.170486
v 0.060773 -1.145957 -1.170955
v 0.088909 -1.145957 -1.170892
v 0.106971 -1.145957 -1.170955
v 0.104517 -1.145957 -1.170457
v 0.103519 -1.145957 -1.169637
v 0.050217 -1.145957 -1.210955
v 0.058886 -1.145957 -1.098033
v 0.059835 -1.145957 -1.098767
v 0.056859 -1.145957 -1.097510
v 0.060589 -1.145957 -1.100311
v 0.060773 -1.145957 -1.102031
v 0.052995 -1.145957 -1.094097
v 0.053375 -1.145957 -1.095677
v 0.054039 -1.145957 -1.096463
v 0.049265 -1.145957 -1.170851
v 0.054766 -1.145957 -1.170955
v 0.057717 -1.145957 -1.212964
v 0.056276 -1.145957 -1.170955
v 0.063207 -1.145957 -1.218455
v 0.051962 -1.145957 -1.162455
v 0.050369 -1.145957 -1.160314
v 0.056276 -1.145957 -1.164444
v 0.049662 -1.145957 -1.156076
v 0.056328 -1.145957 -1.132291
v 0.049677 -1.145957 -1.139688
v 0.050125 -1.145957 -1.136265
v 0.051745 -1.145957 -1.133923
v 0.053927 -1.145957 -1.132814
v 0.055998 -1.145957 -1.097309
v 0.046631 -1.145957 -1.095632
v 0.053347 -1.145957 -1.092800
v 0.105947 -1.145957 -1.091021
v 0.107995 -1.145957 -1.089618
v 0.103518 -1.145957 -1.165873
v 0.086328 -1.145957 -1.160139
v 0.104537 -1.145957 -1.164939
v 0.086328 -1.145957 -1.101562
v 0.103029 -1.145957 -1.168339
v 0.091884 -1.145957 -1.167864
v 0.102995 -1.145957 -1.167864
v 0.091748 -1.145957 -1.166765
v 0.091104 -1.145957 -1.165534
v 0.087600 -1.145957 -1.163847
v 0.086988 -1.145957 -1.163177
v 0.138134 -1.145957 -1.091423
v 0.135686 -1.145957 -1.090955
v 0.054627 -1.145957 -1.091649
v 0.033168 -1.145957 -1.089843
v 0.041614 -1.145957 -1.091539
v 0.089714 -1.145957 -1.164652
v 0.086439 -1.145957 -1.161709
v 0.103734 -1.145957 -1.096228
v 0.105165 -1.145957 -1.097135
v 0.106658 -1.145957 -1.164105
v 0.049662 -1.145957 -1.106059
v 0.049253 -1.145957 -1.101695
v 0.091357 -1.145957 -1.092232
v 0.090356 -1.145957 -1.091423
v 0.103370 -1.145957 -1.092486
v 0.087908 -1.145957 -1.090955
v 0.104247 -1.145957 -1.091589
v 0.086988 -1.145957 -1.098593
v 0.087329 -1.145957 -1.098130
v 0.088224 -1.145957 -1.097680
v 0.056562 -1.145957 -1.091075
v 0.091841 -1.145957 -1.093458
v 0.102995 -1.145957 -1.093993
v 0.091884 -1.145957 -1.093993
v 0.103143 -1.145957 -1.095121
v 0.091478 -1.145957 -1.095758
v 0.090904 -1.145957 -1.096466
v 0.050264 -1.145957 -1.121767
v 0.049714 -1.145957 -1.119635
v 0.089714 -1.145957 -1.097135
v 0.086441 -1.145957 -1.100026
v 0.107337 -1.145957 -1.097949
v 0.107891 -1.145957 -1.098594
v 0.108423 -1.145957 -1.100029
v 0.050217 -1.145957 -1.240955
v 0.057717 -1.145957 -1.238945
v 0.063207 -1.145957 -1.233455
v 0.065217 -1.145957 -1.225955
v -0.064783 -1.145957 -1.225955
v -0.062773 -1.145957 -1.233455
v -0.049783 -1.145957 -1.240955
v -0.057283 -1.145957 -1.238945
v -0.068797 -1.145957 -1.165588
v -0.010729 -1.145957 -1.092305
v -0.021613 -1.145957 -1.089490
v 0.016639 -1.145957 -1.098444
v -0.070061 -1.145957 -1.164739
v -0.072300 -1.145957 -1.163923
v -0.074832 -1.145957 -1.162148
v 0.020229 -1.145957 -1.094280
v -0.068199 -1.145957 -1.093298
v -0.027967 -1.145957 -1.089484
v -0.038859 -1.145957 -1.092272
v -0.077005 -1.145957 -1.150069
v -0.068288 -1.145957 -1.166504
v -0.049783 -1.145957 -1.210955
v -0.101398 -1.145957 -1.170955
v -0.057283 -1.145957 -1.212964
v -0.072910 -1.145957 -1.170902
v -0.070130 -1.145957 -1.170538
v -0.027005 -1.145957 -1.172535
v -0.091068 -1.145957 -1.096545
v -0.087835 -1.145957 -1.098531
v -0.027005 -1.145957 -1.166146
v -0.022561 -1.145957 -1.166146
v -0.022561 -1.145957 -1.172535
v -0.011004 -1.145957 -1.169958
v -0.068694 -1.145957 -1.092341
v -0.070204 -1.145957 -1.091423
v -0.073724 -1.145957 -1.090955
v -0.091484 -1.145957 -1.091718
v -0.092292 -1.145957 -1.092691
v -0.092561 -1.145957 -1.093923
v -0.092196 -1.145957 -1.095452
v -0.083672 -1.145957 -1.139809
v -0.083672 -1.145957 -1.108559
v -0.084868 -1.145957 -1.102177
v -0.031502 -1.145957 -1.162812
v -0.032350 -1.145957 -1.160384
v -0.017005 -1.145957 -1.157812
v -0.032561 -1.145957 -1.157812
v -0.017005 -1.145957 -1.105538
v -0.032561 -1.145957 -1.105538
v -0.032261 -1.145957 -1.101800
v 0.031310 -1.145957 -1.089897
v 0.026894 -1.145957 -1.090571
v 0.021276 -1.145957 -1.093403
v -0.000686 -1.145957 -1.099184
v 0.015217 -1.145957 -1.102291
v 0.008267 -1.145957 -1.113814
v -0.089662 -1.145957 -1.091076
v -0.101450 -1.145957 -1.170864
v -0.027005 -1.145957 -1.095798
v -0.017255 -1.145957 -1.101815
v -0.029263 -1.145957 -1.096615
v -0.030963 -1.145957 -1.098298
v -0.069664 -1.145957 -1.170306
v -0.068652 -1.145957 -1.169336
v -0.038570 -1.145957 -1.169954
v -0.068116 -1.145957 -1.167500
v -0.048359 -1.145957 -1.163281
v -0.057702 -1.145957 -1.148358
v -0.060338 -1.145957 -1.130868
v -0.019025 -1.145957 -1.164120
v -0.017642 -1.145957 -1.162016
v -0.029598 -1.145957 -1.164929
v 0.015584 -1.145957 -1.103573
v 0.016792 -1.145957 -1.104879
v 0.010773 -1.145957 -1.130868
v 0.018203 -1.145957 -1.105399
v 0.008091 -1.145957 -1.148348
v 0.018706 -1.145957 -1.105336
v -0.057833 -1.145957 -1.113820
v -0.076798 -1.145957 -1.105630
v -0.075057 -1.145957 -1.100795
v -0.001224 -1.145957 -1.163281
v 0.025511 -1.145957 -1.121273
v 0.024106 -1.145957 -1.115850
v 0.019918 -1.145957 -1.104731
v 0.024106 -1.145957 -1.103784
v 0.029193 -1.145957 -1.136805
v 0.025288 -1.145957 -1.143082
v 0.024106 -1.145957 -1.150399
v 0.025927 -1.145957 -1.159189
v 0.031228 -1.145957 -1.165623
v 0.031727 -1.145957 -1.166007
v -0.071207 -1.145957 -1.097309
v -0.069441 -1.145957 -1.096263
v -0.048898 -1.145957 -1.099184
v -0.068460 -1.145957 -1.095341
v -0.068116 -1.145957 -1.093993
v 0.021189 -1.145957 -1.103368
v 0.021447 -1.145957 -1.103030
v 0.022218 -1.145957 -1.102239
v 0.023534 -1.145957 -1.102240
v 0.023873 -1.145957 -1.102622
v 0.023017 -1.145957 -1.102078
v 0.022873 -1.145957 -1.102066
v -0.161581 -1.145957 -1.104493
v -0.167700 -1.145957 -1.110955
v -0.117076 -1.145957 -1.167142
v -0.117573 -1.145957 -1.165961
v -0.132561 -1.145957 -1.125989
v -0.132561 -1.145957 -1.116666
v -0.125894 -1.145957 -1.136441
v -0.169279 -1.145957 -1.117621
v -0.172023 -1.145957 -1.143663
v -0.182404 -1.145957 -1.117621
v -0.141200 -1.145957 -1.168972
v -0.140477 -1.145957 -1.170000
v -0.139783 -1.145957 -1.210955
v -0.132561 -1.145957 -1.090955
v -0.145202 -1.145957 -1.095633
v -0.125894 -1.145957 -1.152621
v -0.121376 -1.145957 -1.163526
v -0.124615 -1.145957 -1.159884
v -0.144783 -1.145957 -1.094340
v -0.145254 -1.145957 -1.092658
v -0.146336 -1.145957 -1.091660
v -0.162202 -1.145957 -1.099876
v -0.161450 -1.145957 -1.102968
v -0.164540 -1.145957 -1.097725
v -0.166380 -1.145957 -1.096788
v -0.167698 -1.145957 -1.095598
v -0.168116 -1.145957 -1.093871
v -0.218422 -1.145957 -1.095977
v -0.219047 -1.145957 -1.095113
v -0.284783 -1.145957 -1.089618
v -0.219227 -1.145957 -1.094010
v -0.213576 -1.145957 -1.100460
v -0.196693 -1.145957 -1.170954
v -0.247283 -1.145957 -1.212964
v -0.141162 -1.145957 -1.166276
v -0.169036 -1.145957 -1.155850
v -0.140473 -1.145957 -1.165477
v -0.141450 -1.145957 -1.167743
v -0.173082 -1.145957 -1.170955
v -0.239783 -1.145957 -1.210954
v -0.118160 -1.145957 -1.170262
v -0.117349 -1.145957 -1.169382
v -0.117005 -1.145957 -1.167864
v -0.167119 -1.145957 -1.091639
v -0.167809 -1.145957 -1.092471
v -0.181989 -1.145957 -1.092358
v -0.216771 -1.145957 -1.091193
v -0.217886 -1.145957 -1.091622
v -0.218827 -1.145957 -1.092491
v -0.171623 -1.145957 -1.165121
v -0.166488 -1.145957 -1.091307
v -0.119516 -1.145957 -1.170769
v -0.132283 -1.145957 -1.212964
v -0.126793 -1.145957 -1.218455
v -0.124783 -1.145957 -1.225955
v -0.126793 -1.145957 -1.233455
v -0.214158 -1.145957 -1.098871
v -0.215168 -1.145957 -1.097748
v -0.184036 -1.145957 -1.110955
v -0.185864 -1.145957 -1.101402
v -0.183898 -1.145957 -1.097396
v -0.182261 -1.145957 -1.096305
v -0.181680 -1.145957 -1.095539
v -0.181450 -1.145957 -1.094114
v -0.181494 -1.145957 -1.093594
v -0.164349 -1.145957 -1.090955
v -0.183152 -1.145957 -1.091397
v -0.185269 -1.145957 -1.090955
v -0.154708 -1.145957 -1.104427
v -0.153099 -1.145957 -1.101354
v -0.116571 -1.145957 -1.090955
v -0.149470 -1.145957 -1.090955
v -0.150557 -1.145957 -1.098809
v -0.146558 -1.145957 -1.096759
v -0.133654 -1.145957 -1.159236
v -0.135554 -1.145957 -1.162087
v -0.132783 -1.145957 -1.155986
v -0.138273 -1.145957 -1.164166
v -0.185392 -1.145957 -1.098640
v -0.185861 -1.145957 -1.099945
v -0.185894 -1.145957 -1.100503
v -0.214505 -1.145957 -1.090955
v -0.138660 -1.145957 -1.170802
v -0.121554 -1.145957 -1.170955
v -0.132283 -1.145957 -1.238945
v -0.062773 -1.145957 -1.218455
v -0.252773 -1.145957 -1.218455
v -0.254783 -1.145957 -1.225955
v -0.252773 -1.145957 -1.233454
v -0.247283 -1.145957 -1.238945
v -0.239783 -1.145957 -1.240955
v -0.139783 -1.145957 -1.240955
v -0.322283 -1.145957 -1.212964
v -0.437283 -1.145957 -1.140945
v -0.429783 -1.145957 -1.142954
v -0.314783 -1.145957 -1.225955
v -0.316793 -1.145957 -1.218455
v -0.442773 -1.145957 -1.135455
v -0.444783 -1.145957 -1.127954
v -0.442773 -1.145957 -1.120454
v -0.437283 -1.145957 -1.114964
v -0.329783 -1.145957 -1.142954
v -0.322283 -1.145957 -1.140945
v -0.316793 -1.145957 -1.135455
v -0.314783 -1.145957 -1.127954
v -0.316793 -1.145957 -1.120454
v -0.329783 -1.145957 -1.210954
v -0.429783 -1.145957 -1.210954
v -0.437283 -1.145957 -1.212964
v -0.442773 -1.145957 -1.218455
v -0.444783 -1.145957 -1.225955
v -0.322283 -1.145957 -1.114964
v -0.329783 -1.145957 -1.112954
v -0.429783 -1.145957 -1.112954
v -0.316793 -1.145957 -1.233454
v -0.322283 -1.145957 -1.238945
v -0.442773 -1.145957 -1.233454
v -0.437283 -1.145957 -1.238945
v -0.429783 -1.145957 -1.240955
v -0.329783 -1.145957 -1.240955
v -0.504783 -1.145957 -1.421955
v -0.506793 -1.145957 -1.414454
v -0.512283 -1.145957 -1.408964
v -0.506793 -1.145957 -1.429455
v -0.519783 -1.145957 -1.406955
v -0.519783 -1.145957 -1.436954
v -0.512283 -1.145957 -1.434945
v -0.696793 -1.145957 -1.414454
v -0.632773 -1.145957 -1.414454
v -0.694783 -1.145957 -1.421954
v -0.634783 -1.145957 -1.421954
v -0.696793 -1.145957 -1.429454
v -0.632773 -1.145957 -1.429454
v -0.619783 -1.145957 -1.406954
v -0.627283 -1.145957 -1.408964
v -0.817283 -1.145957 -1.408964
v -0.822773 -1.145957 -1.414454
v -0.627283 -1.145957 -1.434945
v -0.619783 -1.145957 -1.436954
v -0.824783 -1.145957 -1.421954
v -0.822773 -1.145957 -1.429454
v -0.817283 -1.145957 -1.434945
v -0.702283 -1.145957 -1.408964
v -0.709783 -1.145957 -1.406954
v -0.809783 -1.145957 -1.406954
v -0.809783 -1.145957 -1.436954
v -0.709783 -1.145957 -1.436954
v -0.702283 -1.145957 -1.434945
v 0.247717 -1.145957 -1.336945
v 0.253207 -1.145957 -1.331455
v 0.437717 -1.145957 -1.336945
v 0.443207 -1.145957 -1.331455
v 0.445217 -1.145957 -1.323955
v 0.443207 -1.145957 -1.316455
v 0.437717 -1.145957 -1.310964
v 0.240217 -1.145957 -1.338955
v 0.255217 -1.145957 -1.323955
v 0.330217 -1.145957 -1.308955
v 0.322717 -1.145957 -1.310964
v 0.317227 -1.145957 -1.316455
v 0.315217 -1.145957 -1.323955
v 0.317227 -1.145957 -1.331455
v 0.253207 -1.145957 -1.316455
v 0.430217 -1.145957 -1.308955
v 0.322717 -1.145957 -1.336945
v 0.330217 -1.145957 -1.338955
v 0.430217 -1.145957 -1.338955
v 0.247717 -1.145957 -1.310964
v 0.240217 -1.145957 -1.308955
v 0.140217 -1.145957 -1.308955
v 0.132717 -1.145957 -1.310964
v 0.127227 -1.145957 -1.316455
v 0.125217 -1.145957 -1.323955
v 0.127227 -1.145957 -1.331455
v 0.132717 -1.145957 -1.336945
v 0.140217 -1.145957 -1.338955
v 0.057717 -1.145957 -1.336945
v 0.063207 -1.145957 -1.331455
v 0.065217 -1.145957 -1.323955
v 0.063207 -1.145957 -1.316455
v 0.050217 -1.145957 -1.338955
v 0.057717 -1.145957 -1.310964
v 0.050217 -1.145957 -1.308955
v -0.049783 -1.145957 -1.308955
v -0.057283 -1.145957 -1.310964
v -0.062773 -1.145957 -1.316455
v -0.064783 -1.145957 -1.323955
v -0.062773 -1.145957 -1.331455
v -0.057283 -1.145957 -1.336945
v -0.049783 -1.145957 -1.338955
v 0.825217 -1.145957 -1.127955
v 0.823207 -1.145957 -1.135455
v 0.817717 -1.145957 -1.140945
v 0.823207 -1.145957 -1.120455
v 0.817717 -1.145957 -1.114964
v 0.817717 -1.145957 -1.238945
v 0.823207 -1.145957 -1.233455
v 0.702717 -1.145957 -1.212964
v 0.697227 -1.145957 -1.218455
v 0.695217 -1.145957 -1.225955
v 0.665217 -1.145957 -1.274955
v 0.697227 -1.145957 -1.233455
v 0.702717 -1.145957 -1.238945
v 0.710217 -1.145957 -1.240955
v 0.810217 -1.145957 -1.240955
v 0.702717 -1.145957 -1.114964
v 0.697227 -1.145957 -1.120455
v 0.695217 -1.145957 -1.127955
v 0.697227 -1.145957 -1.135455
v 0.702717 -1.145957 -1.140945
v 0.710217 -1.145957 -1.142955
v 0.710217 -1.145957 -1.112955
v 0.825217 -1.145957 -1.225955
v 0.823207 -1.145957 -1.218455
v 0.817717 -1.145957 -1.212964
v 0.810217 -1.145957 -1.142955
v 0.810217 -1.145957 -1.210955
v 0.710217 -1.145957 -1.210955
v 0.810217 -1.145957 -1.338955
v 0.817717 -1.145957 -1.336945
v 0.817717 -1.145957 -1.310964
v 0.823207 -1.145957 -1.331455
v 0.825217 -1.145957 -1.323955
v 0.823207 -1.145957 -1.316455
v 0.702717 -1.145957 -1.310964
v 0.697227 -1.145957 -1.316455
v 0.695217 -1.145957 -1.323955
v 0.697227 -1.145957 -1.331455
v 0.810217 -1.145957 -1.308955
v 0.710217 -1.145957 -1.308955
v 0.771217 -1.145957 -1.338955
v 0.710217 -1.145957 -1.338955
v 0.702717 -1.145957 -1.336945
v 0.817717 -1.145957 -1.042945
v 0.823207 -1.145957 -1.037455
v 0.825217 -1.145957 -1.029955
v 0.823207 -1.145957 -1.022455
v 0.817717 -1.145957 -1.016964
v 0.810217 -1.145957 -1.044955
v 0.702717 -1.145957 -1.016964
v 0.697227 -1.145957 -1.022455
v 0.665217 -1.145957 -0.970139
v 0.695217 -1.145957 -1.029955
v 0.697227 -1.145957 -1.037455
v 0.810217 -1.145957 -1.014955
v 0.710217 -1.145957 -1.014955
v 0.702717 -1.145957 -1.042945
v 0.710217 -1.145957 -1.044955
v 0.627717 -1.145957 -1.212964
v 0.512717 -1.145957 -1.140945
v 0.520217 -1.145957 -1.142955
v 0.633207 -1.145957 -1.120455
v 0.627717 -1.145957 -1.114964
v 0.635217 -1.145957 -1.225955
v 0.633207 -1.145957 -1.218455
v 0.507227 -1.145957 -1.120455
v 0.505217 -1.145957 -1.127955
v 0.620217 -1.145957 -1.142955
v 0.627717 -1.145957 -1.140945
v 0.633207 -1.145957 -1.135455
v 0.635217 -1.145957 -1.127955
v 0.507227 -1.145957 -1.135455
v 0.620217 -1.145957 -1.210955
v 0.520217 -1.145957 -1.210955
v 0.512717 -1.145957 -1.212964
v 0.620217 -1.145957 -1.112955
v 0.520217 -1.145957 -1.112955
v 0.512717 -1.145957 -1.114964
v 0.633207 -1.145957 -1.233455
v 0.627717 -1.145957 -1.238945
v 0.507227 -1.145957 -1.218455
v 0.505217 -1.145957 -1.225955
v 0.507227 -1.145957 -1.233455
v 0.512717 -1.145957 -1.238945
v 0.520217 -1.145957 -1.240955
v 0.620217 -1.145957 -1.240955
v 0.823207 -1.145957 -1.610455
v 0.817717 -1.145957 -1.604964
v 0.810217 -1.145957 -1.632955
v 0.817717 -1.145957 -1.630945
v 0.823207 -1.145957 -1.625455
v 0.825217 -1.145957 -1.617955
v 0.710217 -1.145957 -1.602955
v 0.702717 -1.145957 -1.604964
v 0.710217 -1.145957 -1.632955
v 0.665217 -1.145957 -1.678955
v 0.702717 -1.145957 -1.630945
v 0.697227 -1.145957 -1.610455
v 0.695217 -1.145957 -1.617955
v 0.697227 -1.145957 -1.625455
v 0.823207 -1.145957 -1.414455
v 0.817717 -1.145957 -1.408965
v 0.825217 -1.145957 -1.421955
v 0.823207 -1.145957 -1.429455
v 0.810217 -1.145957 -1.436955
v 0.817717 -1.145957 -1.434945
v 0.665217 -1.145957 -1.456705
v 0.695217 -1.145957 -1.421955
v 0.697227 -1.145957 -1.429455
v 0.697227 -1.145957 -1.414455
v 0.702717 -1.145957 -1.408965
v 0.810217 -1.145957 -1.406955
v 0.710217 -1.145957 -1.406955
v 0.702717 -1.145957 -1.434945
v 0.710217 -1.145957 -1.436955
v 0.810217 -1.145957 -1.534955
v 0.817717 -1.145957 -1.532945
v 0.823207 -1.145957 -1.527455
v 0.825217 -1.145957 -1.519955
v 0.823207 -1.145957 -1.512455
v 0.710217 -1.145957 -1.504955
v 0.817717 -1.145957 -1.506965
v 0.810217 -1.145957 -1.504955
v 0.695217 -1.145957 -1.519955
v 0.697227 -1.145957 -1.527455
v 0.702717 -1.145957 -1.532945
v 0.710217 -1.145957 -1.534955
v 0.771217 -1.145957 -1.534955
v 0.702717 -1.145957 -1.506965
v 0.697227 -1.145957 -1.512455
v 0.063207 -1.145957 -1.610455
v 0.057717 -1.145957 -1.604964
v -0.049783 -1.145957 -1.632955
v 0.050217 -1.145957 -1.632955
v 0.107995 -1.145957 -1.678955
v 0.050217 -1.145957 -1.602955
v 0.057717 -1.145957 -1.630945
v 0.063207 -1.145957 -1.625455
v 0.065217 -1.145957 -1.617955
v -0.062773 -1.145957 -1.625455
v -0.057283 -1.145957 -1.630945
v -0.101450 -1.145957 -1.678955
v -0.049783 -1.145957 -1.602955
v -0.057283 -1.145957 -1.604964
v -0.062773 -1.145957 -1.610455
v -0.064783 -1.145957 -1.617955
v 0.240217 -1.145957 -1.632955
v 0.437717 -1.145957 -1.630945
v 0.443207 -1.145957 -1.625455
v 0.445467 -1.145957 -1.678955
v 0.445217 -1.145957 -1.617955
v 0.443207 -1.145957 -1.610455
v 0.437717 -1.145957 -1.604964
v 0.247717 -1.145957 -1.630945
v 0.253207 -1.145957 -1.625455
v 0.430217 -1.145957 -1.602955
v 0.330217 -1.145957 -1.602955
v 0.253207 -1.145957 -1.610455
v 0.322717 -1.145957 -1.630945
v 0.330217 -1.145957 -1.632955
v 0.430217 -1.145957 -1.632955
v 0.322717 -1.145957 -1.604964
v 0.317226 -1.145957 -1.610455
v 0.255217 -1.145957 -1.617955
v 0.315217 -1.145957 -1.617955
v 0.317226 -1.145957 -1.625455
v 0.247717 -1.145957 -1.604964
v 0.240217 -1.145957 -1.602955
v 0.140217 -1.145957 -1.602955
v 0.132717 -1.145957 -1.604964
v 0.140217 -1.145957 -1.632955
v 0.132717 -1.145957 -1.630945
v 0.127227 -1.145957 -1.610455
v 0.125217 -1.145957 -1.617955
v 0.127227 -1.145957 -1.625455
v 0.810217 -1.145957 -0.554955
v 0.817717 -1.145957 -0.552945
v 0.823208 -1.145957 -0.547455
v 0.825217 -1.145957 -0.539955
v 0.823208 -1.145957 -0.532455
v 0.702717 -1.145957 -0.526964
v 0.697227 -1.145957 -0.532455
v 0.695217 -1.145957 -0.539955
v 0.697227 -1.145957 -0.547455
v 0.817717 -1.145957 -0.526964
v 0.810217 -1.145957 -0.524955
v 0.710217 -1.145957 -0.524955
v 0.710217 -1.145957 -0.554955
v 0.702717 -1.145957 -0.552945
v -0.519783 -1.145957 -1.632955
v -0.619783 -1.145957 -1.632954
v -0.512283 -1.145957 -1.630945
v -0.506793 -1.145957 -1.625455
v -0.504783 -1.145957 -1.617954
v -0.809783 -1.145957 -1.602955
v -0.817283 -1.145957 -1.604964
v -0.506793 -1.145957 -1.610455
v -0.512283 -1.145957 -1.604964
v -0.519783 -1.145957 -1.602955
v -0.546158 -1.145957 -1.602955
v -0.619783 -1.145957 -1.602955
v -0.702283 -1.145957 -1.604964
v -0.627283 -1.145957 -1.604964
v -0.632773 -1.145957 -1.610454
v -0.627283 -1.145957 -1.630945
v -0.696793 -1.145957 -1.625454
v -0.632773 -1.145957 -1.625454
v -0.634783 -1.145957 -1.617954
v -0.694783 -1.145957 -1.617954
v -0.696793 -1.145957 -1.610454
v -0.709783 -1.145957 -1.602955
v -0.822773 -1.145957 -1.610454
v -0.824783 -1.145957 -1.617954
v -0.822773 -1.145957 -1.625454
v -0.817283 -1.145957 -1.630945
v -0.809783 -1.145957 -1.632954
v -0.709783 -1.145957 -1.632954
v -0.702283 -1.145957 -1.630945
v 0.817717 -1.145957 -0.748945
v 0.823208 -1.145957 -0.743455
v 0.905217 -1.145957 -0.723705
v 0.825217 -1.145957 -0.735955
v 0.695217 -1.145957 -0.833955
v 0.697227 -1.145957 -0.841455
v 0.665217 -1.145957 -0.863403
v 0.697227 -1.145957 -0.743455
v 0.695217 -1.145957 -0.735955
v 0.665217 -1.145957 -0.723705
v 0.697227 -1.145957 -0.728455
v 0.702717 -1.145957 -0.722964
v 0.702717 -1.145957 -0.846945
v 0.710217 -1.145957 -0.848955
v 0.810217 -1.145957 -0.848955
v 0.697227 -1.145957 -0.826455
v 0.702717 -1.145957 -0.820964
v 0.702717 -1.145957 -0.748945
v 0.710217 -1.145957 -0.750955
v 0.817717 -1.145957 -0.846945
v 0.823207 -1.145957 -0.841455
v 0.825217 -1.145957 -0.833955
v 0.823207 -1.145957 -0.826455
v 0.817717 -1.145957 -0.820964
v 0.810217 -1.145957 -0.750955
v 0.810217 -1.145957 -0.818955
v 0.771217 -1.145957 -0.750955
v 0.771217 -1.145957 -0.818955
v 0.710217 -1.145957 -0.818955
v 0.817717 -1.145957 -0.918964
v 0.817717 -1.145957 -0.944945
v 0.823207 -1.145957 -0.939455
v 0.825217 -1.145957 -0.931955
v 0.823207 -1.145957 -0.924455
v 0.810217 -1.145957 -0.946955
v 0.695217 -1.145957 -0.931955
v 0.697227 -1.145957 -0.939455
v 0.697227 -1.145957 -0.924455
v 0.702717 -1.145957 -0.918964
v 0.810217 -1.145957 -0.916955
v 0.710217 -1.145957 -0.916955
v 0.702717 -1.145957 -0.944945
v 0.710217 -1.145957 -0.946955
v 0.823208 -1.145957 -0.630455
v 0.817717 -1.145957 -0.624964
v 0.810217 -1.145957 -0.652955
v 0.817717 -1.145957 -0.650945
v 0.823208 -1.145957 -0.645455
v 0.825217 -1.145957 -0.637955
v 0.702717 -1.145957 -0.624964
v 0.697227 -1.145957 -0.630455
v 0.810217 -1.145957 -0.622955
v 0.771217 -1.145957 -0.622955
v 0.710217 -1.145957 -0.622955
v 0.695217 -1.145957 -0.637955
v 0.697227 -1.145957 -0.645455
v 0.702717 -1.145957 -0.650945
v 0.710217 -1.145957 -0.652955
v 0.823208 -1.145957 -0.728455
v 0.817717 -1.145957 -0.722964
v 0.810217 -1.145957 -0.720955
v 0.710217 -1.145957 -0.720955
v 0.635217 -1.145957 -0.637955
v 0.633207 -1.145957 -0.630455
v 0.627717 -1.145957 -0.650945
v 0.633207 -1.145957 -0.645455
v 0.512717 -1.145957 -0.624964
v 0.507227 -1.145957 -0.630455
v 0.505217 -1.145957 -0.637955
v 0.445467 -1.145957 -0.723705
v 0.507227 -1.145957 -0.645455
v 0.512717 -1.145957 -0.650945
v 0.627717 -1.145957 -0.624964
v 0.620217 -1.145957 -0.622955
v 0.520217 -1.145957 -0.622955
v 0.520217 -1.145957 -0.720955
v 0.512717 -1.145957 -0.722964
v 0.520217 -1.145957 -0.652955
v 0.620217 -1.145957 -0.720955
v 0.620217 -1.145957 -0.652955
v 0.627717 -1.145957 -0.722964
v 0.628628 -1.145957 -0.723535
v 0.633207 -1.145957 -0.728455
v 0.505217 -1.145957 -0.833955
v 0.507227 -1.145957 -0.841455
v 0.445467 -1.145957 -0.863403
v 0.627717 -1.145957 -0.846945
v 0.633207 -1.145957 -0.841455
v 0.635217 -1.145957 -0.833955
v 0.633207 -1.145957 -0.826455
v 0.627717 -1.145957 -0.820964
v 0.505217 -1.145957 -0.735955
v 0.507227 -1.145957 -0.743455
v 0.507227 -1.145957 -0.728455
v 0.507227 -1.145957 -0.826455
v 0.511807 -1.145957 -0.723535
v 0.620217 -1.145957 -0.818955
v 0.520217 -1.145957 -0.818955
v 0.627717 -1.145957 -0.748945
v 0.512717 -1.145957 -0.820964
v 0.620217 -1.145957 -0.750955
v 0.512717 -1.145957 -0.846945
v 0.520217 -1.145957 -0.848955
v 0.620217 -1.145957 -0.848955
v 0.633207 -1.145957 -0.743455
v 0.635217 -1.145957 -0.735955
v 0.512717 -1.145957 -0.748945
v 0.520217 -1.145957 -0.750955
v 0.107995 -1.145957 -0.588955
v 0.063208 -1.145957 -0.547455
v 0.065217 -1.145957 -0.539955
v 0.063208 -1.145957 -0.532455
v -0.049783 -1.145957 -0.554955
v 0.050217 -1.145957 -0.554955
v 0.057717 -1.145957 -0.552945
v 0.057717 -1.145957 -0.526964
v -0.049783 -1.145957 -0.524955
v -0.057283 -1.145957 -0.526964
v -0.062773 -1.145957 -0.532455
v -0.064783 -1.145957 -0.539955
v -0.062773 -1.145957 -0.547454
v -0.057283 -1.145957 -0.552945
v 0.437717 -1.145957 -0.552945
v 0.443208 -1.145957 -0.547455
v 0.445217 -1.145957 -0.539955
v 0.443208 -1.145957 -0.532455
v 0.445467 -1.145957 -0.505205
v 0.437717 -1.145957 -0.526964
v 0.240217 -1.145957 -0.554955
v 0.247717 -1.145957 -0.552945
v 0.253208 -1.145957 -0.547455
v 0.255217 -1.145957 -0.539955
v 0.330217 -1.145957 -0.524955
v 0.322717 -1.145957 -0.526964
v 0.317227 -1.145957 -0.532455
v 0.315217 -1.145957 -0.539955
v 0.317227 -1.145957 -0.547455
v 0.253208 -1.145957 -0.532455
v 0.430217 -1.145957 -0.524955
v 0.322717 -1.145957 -0.552945
v 0.330217 -1.145957 -0.554955
v 0.430217 -1.145957 -0.554955
v 0.247717 -1.145957 -0.526964
v 0.240217 -1.145957 -0.524955
v 0.140217 -1.145957 -0.524955
v 0.132717 -1.145957 -0.526964
v 0.127227 -1.145957 -0.547455
v 0.125217 -1.145957 -0.539955
v 0.127227 -1.145957 -0.532455
v 0.132717 -1.145957 -0.552945
v 0.140217 -1.145957 -0.554955
v -0.519783 -1.145957 -0.652954
v -0.512283 -1.145957 -0.650945
v -0.506792 -1.145957 -0.645454
v -0.504783 -1.145957 -0.637954
v -0.506792 -1.145957 -0.630454
v -0.512283 -1.145957 -0.624964
v -0.519783 -1.145957 -0.622954
v -0.519783 -1.145957 -0.720954
v -0.512283 -1.145957 -0.722964
v -0.506792 -1.145957 -0.728454
v -0.619783 -1.145957 -0.622954
v -0.696792 -1.145957 -0.630454
v -0.627283 -1.145957 -0.624964
v -0.632773 -1.145957 -0.630454
v -0.694783 -1.145957 -0.637954
v -0.634783 -1.145957 -0.637954
v -0.696792 -1.145957 -0.645454
v -0.628193 -1.145957 -0.723534
v -0.702283 -1.145957 -0.650945
v -0.627283 -1.145957 -0.722964
v -0.619783 -1.145957 -0.720954
v -0.632773 -1.145957 -0.645454
v -0.627283 -1.145957 -0.650945
v -0.619783 -1.145957 -0.652954
v -0.817283 -1.145957 -0.624964
v -0.822773 -1.145957 -0.630454
v -0.824783 -1.145957 -0.637954
v -0.702283 -1.145957 -0.624964
v -0.709783 -1.145957 -0.622954
v -0.809783 -1.145957 -0.622954
v -0.809783 -1.145957 -0.652954
v -0.817283 -1.145957 -0.722964
v -0.817283 -1.145957 -0.650945
v -0.818193 -1.145957 -0.723534
v -0.822773 -1.145957 -0.645454
v 0.065217 -1.145957 -0.637955
v 0.063208 -1.145957 -0.645455
v 0.107995 -1.145957 -0.723705
v 0.057717 -1.145957 -0.650945
v 0.063208 -1.145957 -0.630455
v 0.057717 -1.145957 -0.624964
v 0.050217 -1.145957 -0.622955
v 0.079644 -1.145957 -0.843663
v 0.082630 -1.145957 -0.855850
v 0.105109 -1.145957 -0.796759
v 0.106465 -1.145957 -0.795633
v 0.106884 -1.145957 -0.794340
v 0.032439 -1.145957 -0.794010
v 0.032620 -1.145957 -0.795113
v 0.033245 -1.145957 -0.795977
v 0.083858 -1.145957 -0.792471
v 0.083551 -1.145957 -0.793871
v 0.057717 -1.145957 -0.748945
v 0.069262 -1.145957 -0.817621
v 0.082387 -1.145957 -0.817621
v 0.083967 -1.145957 -0.810955
v 0.090086 -1.145957 -0.804493
v 0.063208 -1.145957 -0.743455
v 0.065217 -1.145957 -0.735955
v 0.063208 -1.145957 -0.728455
v 0.057717 -1.145957 -0.722964
v 0.050217 -1.145957 -0.720955
v 0.050217 -1.145957 -0.652955
v 0.096958 -1.145957 -0.804427
v 0.098568 -1.145957 -0.801354
v 0.089465 -1.145957 -0.799876
v 0.090217 -1.145957 -0.802968
v 0.087127 -1.145957 -0.797725
v 0.085287 -1.145957 -0.796788
v 0.083969 -1.145957 -0.795598
v 0.101109 -1.145957 -0.798809
v 0.034895 -1.145957 -0.791193
v 0.033781 -1.145957 -0.791622
v 0.031328 -1.145957 -0.750955
v 0.032840 -1.145957 -0.792491
v 0.037509 -1.145957 -0.798871
v 0.038090 -1.145957 -0.800460
v 0.036499 -1.145957 -0.797748
v 0.106412 -1.145957 -0.792658
v 0.105331 -1.145957 -0.791660
v 0.102196 -1.145957 -0.790955
v 0.067769 -1.145957 -0.797395
v 0.069406 -1.145957 -0.796305
v 0.069986 -1.145957 -0.795539
v 0.070217 -1.145957 -0.794114
v 0.087318 -1.145957 -0.790955
v 0.085179 -1.145957 -0.791307
v 0.084548 -1.145957 -0.791638
v 0.067630 -1.145957 -0.810955
v 0.065802 -1.145957 -0.801402
v 0.070173 -1.145957 -0.793594
v 0.069678 -1.145957 -0.792359
v 0.068515 -1.145957 -0.791397
v 0.050217 -1.145957 -0.750955
v 0.066398 -1.145957 -0.790955
v 0.037162 -1.145957 -0.790955
v 0.066275 -1.145957 -0.798640
v 0.065806 -1.145957 -0.799945
v 0.065773 -1.145957 -0.800503
v -0.100130 -1.145957 -0.799184
v -0.101449 -1.145957 -0.723705
v -0.080519 -1.145957 -0.792485
v -0.057283 -1.145957 -0.722964
v -0.062773 -1.145957 -0.728455
v -0.064783 -1.145957 -0.735955
v -0.019514 -1.145957 -0.791074
v -0.021484 -1.145957 -0.791649
v -0.057283 -1.145957 -0.748945
v -0.022764 -1.145957 -0.792800
v -0.044754 -1.145957 -0.792231
v -0.045755 -1.145957 -0.791422
v 0.014280 -1.145957 -0.797309
v 0.015514 -1.145957 -0.796821
v 0.026728 -1.145957 -0.843177
v 0.016517 -1.145957 -0.795748
v 0.028500 -1.145957 -0.843613
v -0.035177 -1.145957 -0.843912
v -0.036065 -1.145957 -0.845006
v -0.022072 -1.145957 -0.796463
v -0.077942 -1.145957 -0.791021
v -0.079642 -1.145957 -0.791589
v -0.075464 -1.145957 -0.861706
v -0.100668 -1.145957 -0.863281
v -0.075998 -1.145957 -0.863177
v -0.062773 -1.145957 -0.743455
v 0.016818 -1.145957 -0.793383
v 0.016295 -1.145957 -0.792293
v 0.015244 -1.145957 -0.791503
v -0.049783 -1.145957 -0.750955
v -0.080894 -1.145957 -0.793993
v -0.080746 -1.145957 -0.795121
v -0.091177 -1.145957 -0.813814
v -0.080154 -1.145957 -0.796228
v -0.088672 -1.145957 -0.830868
v -0.078724 -1.145957 -0.797135
v 0.024895 -1.145957 -0.843657
v 0.023971 -1.145957 -0.844469
v 0.010217 -1.145957 -0.802031
v 0.022995 -1.145957 -0.846788
v 0.010217 -1.145957 -0.863402
v 0.012057 -1.145957 -0.790955
v -0.048203 -1.145957 -0.790955
v 0.030159 -1.145957 -0.846119
v 0.016884 -1.145957 -0.794097
v 0.029610 -1.145957 -0.844642
v -0.029227 -1.145957 -0.846788
v -0.015338 -1.145957 -0.802031
v -0.046397 -1.145957 -0.797135
v -0.045207 -1.145957 -0.796466
v -0.022736 -1.145957 -0.795677
v -0.044633 -1.145957 -0.795758
v -0.023116 -1.145957 -0.794097
v -0.044227 -1.145957 -0.793993
v -0.044270 -1.145957 -0.793458
v -0.076552 -1.145957 -0.797949
v -0.075998 -1.145957 -0.798593
v 0.012524 -1.145957 -0.797815
v 0.011033 -1.145957 -0.798767
v 0.011468 -1.145957 -0.798251
v 0.021174 -1.145957 -0.855219
v 0.018985 -1.145957 -0.859739
v -0.047887 -1.145957 -0.797680
v -0.049783 -1.145957 -0.801562
v -0.030087 -1.145957 -0.844607
v -0.031225 -1.145957 -0.843594
v -0.015522 -1.145957 -0.800311
v -0.091353 -1.145957 -0.848348
v -0.075466 -1.145957 -0.800029
v 0.010372 -1.145957 -0.800329
v -0.023302 -1.145957 -0.862016
v -0.025217 -1.145957 -0.859739
v -0.027406 -1.145957 -0.855219
v -0.049670 -1.145957 -0.800026
v -0.049123 -1.145957 -0.798593
v -0.048782 -1.145957 -0.798129
v -0.017225 -1.145957 -0.798033
v -0.016276 -1.145957 -0.798767
v -0.020113 -1.145957 -0.797309
v -0.032960 -1.145957 -0.843177
v -0.033789 -1.145957 -0.843265
v -0.049783 -1.145957 -0.622954
v -0.057283 -1.145957 -0.624964
v -0.062773 -1.145957 -0.630455
v -0.064783 -1.145957 -0.637955
v -0.062773 -1.145957 -0.645455
v -0.057283 -1.145957 -0.650945
v -0.049783 -1.145957 -0.652955
v -0.049783 -1.145957 -0.720955
v -0.124783 -1.145957 -0.637955
v -0.126792 -1.145957 -0.630455
v -0.247283 -1.145957 -0.722964
v -0.248193 -1.145957 -0.723534
v -0.284783 -1.145957 -0.723704
v -0.132283 -1.145957 -0.650945
v -0.126792 -1.145957 -0.645455
v -0.247283 -1.145957 -0.624964
v -0.252773 -1.145957 -0.630454
v -0.132283 -1.145957 -0.624964
v -0.139783 -1.145957 -0.622954
v -0.239783 -1.145957 -0.622954
v -0.254783 -1.145957 -0.637955
v -0.252773 -1.145957 -0.645454
v -0.247283 -1.145957 -0.650945
v -0.239783 -1.145957 -0.652955
v -0.239783 -1.145957 -0.720954
v -0.139783 -1.145957 -0.720954
v -0.139783 -1.145957 -0.652955
v -0.132283 -1.145957 -0.722964
v -0.131372 -1.145957 -0.723534
v -0.126792 -1.145957 -0.728455
v -0.119713 -1.145957 -0.796676
v -0.117890 -1.145957 -0.798298
v -0.116699 -1.145957 -0.801815
v -0.159783 -1.145957 -0.830868
v -0.157146 -1.145957 -0.848358
v -0.176449 -1.145957 -0.850069
v -0.171745 -1.145957 -0.863923
v -0.252773 -1.145957 -0.728455
v -0.254783 -1.145957 -0.735954
v -0.232005 -1.145957 -0.825989
v -0.234998 -1.145957 -0.862086
v -0.237717 -1.145957 -0.864166
v -0.233099 -1.145957 -0.859236
v -0.232227 -1.145957 -0.855985
v -0.132005 -1.145957 -0.805538
v -0.131705 -1.145957 -0.801800
v -0.157277 -1.145957 -0.813820
v -0.176242 -1.145957 -0.805630
v -0.174502 -1.145957 -0.800795
v -0.132005 -1.145957 -0.857812
v -0.116449 -1.145957 -0.857812
v -0.131794 -1.145957 -0.860384
v -0.122005 -1.145957 -0.795798
v -0.252773 -1.145957 -0.743455
v -0.232005 -1.145957 -0.790955
v -0.232005 -1.145957 -0.816666
v -0.170651 -1.145957 -0.797309
v -0.168885 -1.145957 -0.796263
v -0.148342 -1.145957 -0.799184
v -0.167904 -1.145957 -0.795341
v -0.138303 -1.145957 -0.792272
v -0.167561 -1.145957 -0.793993
v -0.126449 -1.145957 -0.789392
v -0.122005 -1.145957 -0.789392
v -0.126449 -1.145957 -0.795798
v -0.128707 -1.145957 -0.796615
v -0.130408 -1.145957 -0.798298
v -0.139783 -1.145957 -0.750954
v -0.216015 -1.145957 -0.790955
v -0.239783 -1.145957 -0.750954
v -0.247283 -1.145957 -0.748945
v -0.224059 -1.145957 -0.859884
v -0.225338 -1.145957 -0.852621
v -0.205177 -1.145957 -0.863402
v -0.225338 -1.145957 -0.836441
v -0.174276 -1.145957 -0.862148
v -0.183116 -1.145957 -0.839809
v -0.110174 -1.145957 -0.792305
v -0.132283 -1.145957 -0.748945
v -0.126792 -1.145957 -0.743455
v -0.124783 -1.145957 -0.735954
v -0.191736 -1.145957 -0.792690
v -0.192005 -1.145957 -0.793923
v -0.191640 -1.145957 -0.795452
v -0.190512 -1.145957 -0.796545
v -0.183116 -1.145957 -0.808559
v -0.187280 -1.145957 -0.798531
v -0.184312 -1.145957 -0.802177
v -0.167643 -1.145957 -0.793298
v -0.168138 -1.145957 -0.792341
v -0.169648 -1.145957 -0.791423
v -0.173168 -1.145957 -0.790955
v -0.189106 -1.145957 -0.791076
v -0.190929 -1.145957 -0.791718
v -0.437283 -1.145957 -0.722964
v -0.438193 -1.145957 -0.723534
v -0.322283 -1.145957 -0.650945
v -0.316792 -1.145957 -0.645454
v -0.314783 -1.145957 -0.637955
v -0.429783 -1.145957 -0.622954
v -0.437283 -1.145957 -0.624964
v -0.442773 -1.145957 -0.630454
v -0.444783 -1.145957 -0.637954
v -0.316792 -1.145957 -0.630454
v -0.322283 -1.145957 -0.624964
v -0.329783 -1.145957 -0.622954
v -0.442773 -1.145957 -0.645454
v -0.437283 -1.145957 -0.650945
v -0.429783 -1.145957 -0.652954
v -0.429783 -1.145957 -0.720954
v -0.329783 -1.145957 -0.720954
v -0.329783 -1.145957 -0.652954
v -0.322283 -1.145957 -0.722964
v -0.321372 -1.145957 -0.723534
v -0.316792 -1.145957 -0.728454
v -0.316792 -1.145957 -0.841454
v -0.314783 -1.145957 -0.833954
v -0.316792 -1.145957 -0.826454
v -0.322283 -1.145957 -0.820964
v -0.329783 -1.145957 -0.818954
v -0.429783 -1.145957 -0.818954
v -0.322283 -1.145957 -0.748945
v -0.316792 -1.145957 -0.743454
v -0.314783 -1.145957 -0.735954
v -0.444783 -1.145957 -0.833954
v -0.442773 -1.145957 -0.841454
v -0.437283 -1.145957 -0.846945
v -0.429783 -1.145957 -0.848954
v -0.329783 -1.145957 -0.848954
v -0.322283 -1.145957 -0.846945
v -0.437283 -1.145957 -0.820964
v -0.442773 -1.145957 -0.826454
v -0.442773 -1.145957 -0.743454
v -0.444783 -1.145957 -0.735954
v -0.442773 -1.145957 -0.728454
v -0.437283 -1.145957 -0.748945
v -0.429783 -1.145957 -0.750954
v -0.329783 -1.145957 -0.750954
v -0.519783 -1.145957 -0.848954
v -0.512283 -1.145957 -0.846945
v -0.506792 -1.145957 -0.826454
v -0.504783 -1.145957 -0.833954
v -0.506792 -1.145957 -0.841454
v -0.546158 -1.145957 -0.818954
v -0.546158 -1.145957 -0.750954
v -0.519783 -1.145957 -0.818954
v -0.519783 -1.145957 -0.750954
v -0.512283 -1.145957 -0.820964
v -0.512283 -1.145957 -0.748945
v -0.506792 -1.145957 -0.743454
v -0.504783 -1.145957 -0.735954
v -0.949783 -1.145957 -0.726454
v -0.952033 -1.145957 -0.727057
v -0.953680 -1.145957 -0.728704
v -0.954283 -1.145957 -0.730954
v -0.953680 -1.145957 -0.733204
v -0.952033 -1.145957 -0.734851
v -0.947533 -1.145957 -0.727057
v -0.619783 -1.145957 -0.750954
v -0.696792 -1.145957 -0.826454
v -0.696792 -1.145957 -0.743454
v -0.632773 -1.145957 -0.743454
v -0.627283 -1.145957 -0.748945
v -0.822773 -1.145957 -0.841454
v -0.817283 -1.145957 -0.846945
v -0.947533 -1.145957 -0.734851
v -0.949783 -1.145957 -0.735454
v -0.619783 -1.145957 -0.848954
v -0.696792 -1.145957 -0.841454
v -0.627283 -1.145957 -0.846945
v -0.619783 -1.145957 -0.818954
v -0.627283 -1.145957 -0.820964
v -0.632773 -1.145957 -0.826454
v -0.694783 -1.145957 -0.833954
v -0.634783 -1.145957 -0.833954
v -0.632773 -1.145957 -0.841454
v -0.809783 -1.145957 -0.848954
v -0.709783 -1.145957 -0.848954
v -0.702283 -1.145957 -0.846945
v -0.634783 -1.145957 -0.735954
v -0.694783 -1.145957 -0.735954
v -0.632773 -1.145957 -0.728454
v -0.696792 -1.145957 -0.728454
v -0.701372 -1.145957 -0.723534
v -0.702283 -1.145957 -0.722964
v -0.709783 -1.145957 -0.652954
v -0.709783 -1.145957 -0.720954
v -0.809783 -1.145957 -0.720954
v -0.945886 -1.145957 -0.728704
v -0.822773 -1.145957 -0.728454
v -0.945283 -1.145957 -0.730954
v -0.824783 -1.145957 -0.735954
v -0.945886 -1.145957 -0.733204
v -0.822773 -1.145957 -0.743454
v -0.817283 -1.145957 -0.820964
v -0.822773 -1.145957 -0.826454
v -0.824783 -1.145957 -0.833954
v -0.817283 -1.145957 -0.748945
v -0.809783 -1.145957 -0.750954
v -0.702283 -1.145957 -0.748945
v -0.702283 -1.145957 -0.820964
v -0.709783 -1.145957 -0.750954
v -0.709783 -1.145957 -0.818954
v -0.809783 -1.145957 -0.818954
v 0.240217 -1.145957 -0.652955
v 0.247717 -1.145957 -0.650945
v 0.240217 -1.145957 -0.720955
v 0.437717 -1.145957 -0.650945
v 0.443208 -1.145957 -0.645455
v 0.445217 -1.145957 -0.637955
v 0.443208 -1.145957 -0.630455
v 0.437717 -1.145957 -0.624964
v 0.321807 -1.145957 -0.723534
v 0.322717 -1.145957 -0.722964
v 0.253208 -1.145957 -0.645455
v 0.330217 -1.145957 -0.720955
v 0.430217 -1.145957 -0.720955
v 0.255217 -1.145957 -0.637955
v 0.315217 -1.145957 -0.637955
v 0.330217 -1.145957 -0.622955
v 0.322717 -1.145957 -0.624964
v 0.317227 -1.145957 -0.630455
v 0.253208 -1.145957 -0.630455
v 0.430217 -1.145957 -0.622955
v 0.317227 -1.145957 -0.645455
v 0.322717 -1.145957 -0.650945
v 0.330217 -1.145957 -0.652955
v 0.437717 -1.145957 -0.722964
v 0.247717 -1.145957 -0.624964
v 0.240217 -1.145957 -0.622955
v 0.140217 -1.145957 -0.622955
v 0.132717 -1.145957 -0.624964
v 0.127227 -1.145957 -0.630455
v 0.125217 -1.145957 -0.637955
v 0.127227 -1.145957 -0.645455
v 0.132717 -1.145957 -0.650945
v 0.140217 -1.145957 -0.652955
v 0.132717 -1.145957 -0.722964
v 0.140217 -1.145957 -0.720955
v -0.519783 -1.145957 -0.456954
v -0.512283 -1.145957 -0.454945
v -0.506792 -1.145957 -0.449454
v -0.504783 -1.145957 -0.441954
v -0.506792 -1.145957 -0.434454
v -0.512283 -1.145957 -0.428964
v -0.519783 -1.145957 -0.426954
v -0.546158 -1.145957 -0.412954
v -0.627283 -1.145957 -0.454945
v -0.619783 -1.145957 -0.456954
v -0.696792 -1.145957 -0.449454
v -0.949783 -1.145957 -0.476454
v -0.952033 -1.145957 -0.477057
v -0.945886 -1.145957 -0.483204
v -0.945283 -1.145957 -0.480954
v -0.822773 -1.145957 -0.449454
v -0.817283 -1.145957 -0.454945
v -0.953680 -1.145957 -0.478704
v -0.954283 -1.145957 -0.480954
v -0.953680 -1.145957 -0.483204
v -0.952033 -1.145957 -0.484851
v -0.949783 -1.145957 -0.485454
v -0.947533 -1.145957 -0.484851
v -0.619783 -1.145957 -0.426954
v -0.696792 -1.145957 -0.434454
v -0.817283 -1.145957 -0.428964
v -0.822773 -1.145957 -0.434454
v -0.824783 -1.145957 -0.441954
v -0.702283 -1.145957 -0.428964
v -0.709783 -1.145957 -0.426954
v -0.809783 -1.145957 -0.426954
v -0.627283 -1.145957 -0.428964
v -0.632773 -1.145957 -0.434454
v -0.694783 -1.145957 -0.441954
v -0.634783 -1.145957 -0.441954
v -0.632773 -1.145957 -0.449454
v -0.945886 -1.145957 -0.478704
v -0.947533 -1.145957 -0.477057
v -0.809783 -1.145957 -0.456954
v -0.709783 -1.145957 -0.456954
v -0.702283 -1.145957 -0.454945
v 0.241614 -1.145957 -0.228705
v 0.239967 -1.145957 -0.227057
v 0.237717 -1.145957 -0.226455
v 0.235467 -1.145957 -0.227057
v 0.233820 -1.145957 -0.228705
v 0.443208 -1.145957 -0.336455
v 0.445217 -1.145957 -0.343955
v 0.445467 -1.145957 -0.378955
v 0.443208 -1.145957 -0.351455
v 0.437717 -1.145957 -0.356945
v 0.315217 -1.145957 -0.343955
v 0.317227 -1.145957 -0.351455
v 0.239967 -1.145957 -0.234852
v 0.182162 -1.145957 -0.378955
v 0.240217 -1.145957 -0.358955
v 0.247717 -1.145957 -0.356945
v 0.253208 -1.145957 -0.351455
v 0.437717 -1.145957 -0.330964
v 0.430217 -1.145957 -0.328955
v 0.330217 -1.145957 -0.328955
v 0.317227 -1.145957 -0.336455
v 0.233217 -1.145957 -0.230955
v 0.233820 -1.145957 -0.233205
v 0.235467 -1.145957 -0.234852
v 0.240217 -1.145957 -0.328955
v 0.237717 -1.145957 -0.235455
v 0.247717 -1.145957 -0.330964
v 0.253208 -1.145957 -0.336455
v 0.255217 -1.145957 -0.343955
v 0.322717 -1.145957 -0.356945
v 0.330217 -1.145957 -0.358955
v 0.430217 -1.145957 -0.358955
v 0.140217 -1.145957 -0.328955
v 0.132717 -1.145957 -0.330964
v 0.140217 -1.145957 -0.358955
v 0.132717 -1.145957 -0.356945
v 0.127227 -1.145957 -0.336455
v 0.125217 -1.145957 -0.343955
v 0.127227 -1.145957 -0.351455
v 0.057717 -1.145957 -0.356945
v 0.050217 -1.145957 -0.358955
v 0.057717 -1.145957 -0.330964
v 0.050217 -1.145957 -0.328955
v 0.063208 -1.145957 -0.351455
v 0.065217 -1.145957 -0.343955
v 0.063208 -1.145957 -0.336455
v 0.004717 -1.145957 -0.230955
v 0.004114 -1.145957 -0.228705
v 0.004114 -1.145957 -0.233204
v 0.002467 -1.145957 -0.234852
v -0.002033 -1.145957 -0.227057
v -0.101449 -1.145957 -0.222705
v 0.000217 -1.145957 -0.226455
v 0.002467 -1.145957 -0.227057
v -0.003680 -1.145957 -0.228705
v -0.004283 -1.145957 -0.230955
v -0.101449 -1.145957 -0.378955
v -0.003680 -1.145957 -0.233204
v -0.002033 -1.145957 -0.234852
v -0.049783 -1.145957 -0.328955
v 0.000217 -1.145957 -0.235455
v -0.062773 -1.145957 -0.351455
v -0.057283 -1.145957 -0.356945
v -0.049783 -1.145957 -0.358955
v -0.057283 -1.145957 -0.330964
v -0.062773 -1.145957 -0.336455
v -0.064783 -1.145957 -0.343955
v -0.512283 -1.145957 -0.552945
v -0.506792 -1.145957 -0.547454
v -0.504783 -1.145957 -0.539954
v -0.506792 -1.145957 -0.532454
v -0.512283 -1.145957 -0.526964
v -0.519783 -1.145957 -0.524954
v -0.619783 -1.145957 -0.524954
v -0.627283 -1.145957 -0.526964
v -0.696792 -1.145957 -0.532454
v -0.632773 -1.145957 -0.532454
v -0.694783 -1.145957 -0.539954
v -0.634783 -1.145957 -0.539954
v -0.696792 -1.145957 -0.547454
v -0.632773 -1.145957 -0.547454
v -0.627283 -1.145957 -0.552945
v -0.619783 -1.145957 -0.554954
v -0.519783 -1.145957 -0.554954
v -0.809783 -1.145957 -0.524954
v -0.817283 -1.145957 -0.526964
v -0.822773 -1.145957 -0.532454
v -0.824783 -1.145957 -0.539954
v -0.822773 -1.145957 -0.547454
v -0.817283 -1.145957 -0.552945
v -0.702283 -1.145957 -0.526964
v -0.709783 -1.145957 -0.524954
v -0.809783 -1.145957 -0.554954
v -0.709783 -1.145957 -0.554954
v -0.702283 -1.145957 -0.552945
v 0.247717 -1.145957 -0.454945
v 0.253208 -1.145957 -0.449455
v 0.240217 -1.145957 -0.456955
v 0.437717 -1.145957 -0.454945
v 0.443208 -1.145957 -0.449455
v 0.445217 -1.145957 -0.441955
v 0.445467 -1.145957 -0.412955
v 0.443208 -1.145957 -0.434455
v 0.437717 -1.145957 -0.428964
v 0.430217 -1.145957 -0.426955
v 0.330217 -1.145957 -0.426955
v 0.253208 -1.145957 -0.434455
v 0.317227 -1.145957 -0.449455
v 0.315217 -1.145957 -0.441955
v 0.255217 -1.145957 -0.441955
v 0.317227 -1.145957 -0.434455
v 0.322717 -1.145957 -0.428964
v 0.322717 -1.145957 -0.454945
v 0.330217 -1.145957 -0.456955
v 0.430217 -1.145957 -0.456955
v 0.247717 -1.145957 -0.428964
v 0.240217 -1.145957 -0.426955
v 0.140217 -1.145957 -0.426955
v 0.132717 -1.145957 -0.428964
v 0.140217 -1.145957 -0.456955
v 0.132717 -1.145957 -0.454945
v 0.127227 -1.145957 -0.434455
v 0.125217 -1.145957 -0.441955
v 0.127227 -1.145957 -0.449455
v 0.050217 -1.145957 -0.426955
v 0.057717 -1.145957 -0.428964
v 0.063208 -1.145957 -0.434455
v 0.031328 -1.145957 -0.456955
v 0.050217 -1.145957 -0.456955
v 0.057717 -1.145957 -0.454945
v 0.063208 -1.145957 -0.449455
v 0.065217 -1.145957 -0.441955
v -0.062773 -1.145957 -0.434455
v -0.064783 -1.145957 -0.441954
v -0.101449 -1.145957 -0.412955
v -0.049783 -1.145957 -0.426955
v -0.057283 -1.145957 -0.428964
v -0.049783 -1.145957 -0.456955
v -0.062773 -1.145957 -0.449455
v -0.057283 -1.145957 -0.454945
v -0.512283 -1.145957 -0.944945
v -0.506792 -1.145957 -0.939454
v -0.490533 -1.145957 -0.970138
v -0.504783 -1.145957 -0.931954
v -0.519783 -1.145957 -0.916954
v -0.512283 -1.145957 -0.918964
v -0.506792 -1.145957 -0.924454
v -0.702283 -1.145957 -0.944945
v -0.696792 -1.145957 -0.939454
v -0.546158 -1.145957 -0.970138
v -0.709783 -1.145957 -0.946954
v -0.619783 -1.145957 -0.916954
v -0.627283 -1.145957 -0.918964
v -0.696792 -1.145957 -0.924454
v -0.632773 -1.145957 -0.924454
v -0.694783 -1.145957 -0.931954
v -0.634783 -1.145957 -0.931954
v -0.632773 -1.145957 -0.939454
v -0.627283 -1.145957 -0.944945
v -0.619783 -1.145957 -0.946954
v -0.519783 -1.145957 -0.946954
v -0.824783 -1.145957 -0.931954
v -0.822773 -1.145957 -0.924454
v -0.817283 -1.145957 -0.918964
v -0.822773 -1.145957 -0.939454
v -0.817283 -1.145957 -0.944945
v -0.809783 -1.145957 -0.946954
v -0.702283 -1.145957 -0.918964
v -0.709783 -1.145957 -0.916954
v -0.809783 -1.145957 -0.916954
v 0.195582 -1.145957 -0.793437
v 0.443208 -1.145957 -0.743455
v 0.445217 -1.145957 -0.735955
v 0.437717 -1.145957 -0.820964
v 0.201328 -1.145957 -0.805416
v 0.202122 -1.145957 -0.801584
v 0.204396 -1.145957 -0.798853
v 0.240217 -1.145957 -0.750955
v 0.247717 -1.145957 -0.748945
v 0.211328 -1.145957 -0.789392
v 0.215773 -1.145957 -0.789392
v 0.211328 -1.145957 -0.796041
v 0.215773 -1.145957 -0.796041
v 0.430217 -1.145957 -0.652955
v 0.438628 -1.145957 -0.723534
v 0.443208 -1.145957 -0.728455
v 0.445217 -1.145957 -0.833955
v 0.443208 -1.145957 -0.841455
v 0.437717 -1.145957 -0.846945
v 0.203226 -1.145957 -0.790516
v 0.238560 -1.145957 -0.791308
v 0.236919 -1.145957 -0.790955
v 0.235708 -1.145957 -0.791167
v 0.234627 -1.145957 -0.791753
v 0.443208 -1.145957 -0.826455
v 0.228656 -1.145957 -0.792669
v 0.221205 -1.145957 -0.790084
v 0.209252 -1.145957 -0.814995
v 0.220041 -1.145957 -0.797455
v 0.213898 -1.145957 -0.817135
v 0.223759 -1.145957 -0.799982
v 0.221686 -1.145957 -0.820599
v 0.229885 -1.145957 -0.807482
v 0.225349 -1.145957 -0.822422
v 0.229071 -1.145957 -0.824826
v 0.237438 -1.145957 -0.819784
v 0.238890 -1.145957 -0.819149
v 0.237356 -1.145957 -0.833853
v 0.315217 -1.145957 -0.833955
v 0.240217 -1.145957 -0.845746
v 0.317227 -1.145957 -0.841455
v 0.237578 -1.145957 -0.857802
v 0.233456 -1.145957 -0.863912
v 0.322717 -1.145957 -0.846945
v 0.330217 -1.145957 -0.848955
v 0.430217 -1.145957 -0.848955
v 0.317227 -1.145957 -0.743455
v 0.253208 -1.145957 -0.743455
v 0.315217 -1.145957 -0.735955
v 0.255217 -1.145957 -0.735955
v 0.317227 -1.145957 -0.728455
v 0.253208 -1.145957 -0.728455
v 0.248628 -1.145957 -0.723534
v 0.247717 -1.145957 -0.722964
v 0.330217 -1.145957 -0.818955
v 0.322717 -1.145957 -0.820964
v 0.330217 -1.145957 -0.750955
v 0.240142 -1.145957 -0.793978
v 0.239536 -1.145957 -0.792228
v 0.317227 -1.145957 -0.826455
v 0.232954 -1.145957 -0.792847
v 0.230998 -1.145957 -0.793177
v 0.234634 -1.145957 -0.818815
v 0.235460 -1.145957 -0.819549
v 0.236919 -1.145957 -0.819843
v 0.202304 -1.145957 -0.809285
v 0.204887 -1.145957 -0.812344
v 0.322717 -1.145957 -0.748945
v 0.239809 -1.145957 -0.818080
v 0.240217 -1.145957 -0.816389
v 0.430217 -1.145957 -0.818955
v 0.430217 -1.145957 -0.750955
v 0.437717 -1.145957 -0.748945
v 0.127227 -1.145957 -0.728455
v 0.125217 -1.145957 -0.735955
v 0.175714 -1.145957 -0.846119
v 0.175166 -1.145957 -0.844642
v 0.174056 -1.145957 -0.843613
v 0.161069 -1.145957 -0.796821
v 0.162073 -1.145957 -0.795748
v 0.172283 -1.145957 -0.843177
v 0.124071 -1.145957 -0.791649
v 0.122791 -1.145957 -0.792800
v 0.132717 -1.145957 -0.748945
v 0.127227 -1.145957 -0.743455
v 0.122439 -1.145957 -0.794097
v 0.122819 -1.145957 -0.795677
v 0.109491 -1.145957 -0.845006
v 0.123483 -1.145957 -0.796463
v 0.110379 -1.145957 -0.843913
v 0.159835 -1.145957 -0.797309
v 0.162373 -1.145957 -0.793383
v 0.161851 -1.145957 -0.792293
v 0.116328 -1.145957 -0.846788
v 0.130217 -1.145957 -0.802031
v 0.115468 -1.145957 -0.844607
v 0.114330 -1.145957 -0.843594
v 0.130034 -1.145957 -0.800311
v 0.170450 -1.145957 -0.843657
v 0.169527 -1.145957 -0.844469
v 0.155773 -1.145957 -0.802031
v 0.168550 -1.145957 -0.846788
v 0.162439 -1.145957 -0.794097
v 0.122254 -1.145957 -0.862016
v 0.120339 -1.145957 -0.859739
v 0.118149 -1.145957 -0.855219
v 0.158079 -1.145957 -0.797815
v 0.156589 -1.145957 -0.798767
v 0.157024 -1.145957 -0.798251
v 0.166729 -1.145957 -0.855219
v 0.164540 -1.145957 -0.859739
v 0.128330 -1.145957 -0.798033
v 0.129280 -1.145957 -0.798767
v 0.155928 -1.145957 -0.800330
v 0.160800 -1.145957 -0.791503
v 0.157613 -1.145957 -0.790955
v 0.140217 -1.145957 -0.750955
v 0.126042 -1.145957 -0.791074
v 0.125443 -1.145957 -0.797309
v 0.112596 -1.145957 -0.843177
v 0.111766 -1.145957 -0.843265
v -0.504783 -1.145957 -1.127954
v -0.506792 -1.145957 -1.120454
v -0.512283 -1.145957 -1.114964
v -0.519783 -1.145957 -1.112954
v -0.512283 -1.145957 -1.140945
v -0.506792 -1.145957 -1.135454
v -0.696793 -1.145957 -1.120454
v -0.632773 -1.145957 -1.120454
v -0.694783 -1.145957 -1.127954
v -0.634783 -1.145957 -1.127954
v -0.696793 -1.145957 -1.135454
v -0.546158 -1.145957 -1.112954
v -0.619783 -1.145957 -1.112954
v -0.627283 -1.145957 -1.114964
v -0.619783 -1.145957 -1.210954
v -0.627283 -1.145957 -1.212964
v -0.702283 -1.145957 -1.140945
v -0.632773 -1.145957 -1.218454
v -0.632773 -1.145957 -1.135454
v -0.627283 -1.145957 -1.140945
v -0.632905 -1.145957 -1.218687
v -0.696793 -1.145957 -1.218454
v -0.709783 -1.145957 -1.142954
v -0.702283 -1.145957 -1.212964
v -0.809783 -1.145957 -1.142954
v -0.817283 -1.145957 -1.140945
v -0.822773 -1.145957 -1.135454
v -0.824783 -1.145957 -1.127954
v -0.822773 -1.145957 -1.120454
v -0.817283 -1.145957 -1.114964
v -0.709783 -1.145957 -1.210954
v -0.809783 -1.145957 -1.210954
v -0.817283 -1.145957 -1.212964
v -0.702283 -1.145957 -1.114964
v -0.709783 -1.145957 -1.112954
v -0.809783 -1.145957 -1.112954
v -0.949783 -1.145957 -1.226454
v -0.952033 -1.145957 -1.227057
v -0.822773 -1.145957 -1.218454
v -0.822905 -1.145957 -1.218687
v -0.953680 -1.145957 -1.228704
v -0.954283 -1.145957 -1.230954
v -0.953680 -1.145957 -1.233204
v -0.952033 -1.145957 -1.234851
v -0.632773 -1.145957 -1.233454
v -0.696793 -1.145957 -1.233454
v -0.634783 -1.145957 -1.225954
v -0.694783 -1.145957 -1.225954
v -0.696661 -1.145957 -1.218687
v -0.949783 -1.145957 -1.235454
v -0.947533 -1.145957 -1.234851
v -0.817283 -1.145957 -1.238945
v -0.945886 -1.145957 -1.233204
v -0.822773 -1.145957 -1.233454
v -0.945283 -1.145957 -1.230954
v -0.824783 -1.145957 -1.225954
v -0.945886 -1.145957 -1.228704
v -0.947533 -1.145957 -1.227057
v -0.809783 -1.145957 -1.240954
v -0.709783 -1.145957 -1.240954
v -0.702283 -1.145957 -1.238945
v -0.512283 -1.145957 -1.238945
v -0.506793 -1.145957 -1.233454
v -0.619783 -1.145957 -1.142954
v -0.519783 -1.145957 -1.210954
v -0.519783 -1.145957 -1.142954
v -0.512283 -1.145957 -1.212964
v -0.506793 -1.145957 -1.218455
v -0.504783 -1.145957 -1.225955
v -0.627283 -1.145957 -1.238945
v -0.619783 -1.145957 -1.240954
v -0.519783 -1.145957 -1.240955
v -0.504783 -1.145957 -1.029954
v -0.506792 -1.145957 -1.022455
v -0.519783 -1.145957 -1.044954
v -0.512283 -1.145957 -1.042945
v -0.506792 -1.145957 -1.037454
v -0.519783 -1.145957 -1.014954
v -0.512283 -1.145957 -1.016964
v -0.546158 -1.145957 -1.044954
v -0.947533 -1.145957 -0.977057
v -0.945886 -1.145957 -0.978704
v -0.945283 -1.145957 -0.980954
v -0.949783 -1.145957 -0.976454
v -0.952033 -1.145957 -0.977057
v -0.953680 -1.145957 -0.978704
v -0.954283 -1.145957 -0.980954
v -0.953680 -1.145957 -0.983204
v -0.952033 -1.145957 -0.984851
v -0.696793 -1.145957 -1.022454
v -0.702283 -1.145957 -1.016964
v -0.619783 -1.145957 -1.014954
v -0.627283 -1.145957 -1.016964
v -0.632773 -1.145957 -1.022455
v -0.694783 -1.145957 -1.029954
v -0.634783 -1.145957 -1.029954
v -0.696793 -1.145957 -1.037454
v -0.632773 -1.145957 -1.037454
v -0.627283 -1.145957 -1.042945
v -0.619783 -1.145957 -1.044954
v -0.822773 -1.145957 -1.022454
v -0.945886 -1.145957 -0.983204
v -0.824783 -1.145957 -1.029954
v -0.947533 -1.145957 -0.984851
v -0.822773 -1.145957 -1.037454
v -0.817283 -1.145957 -1.042945
v -0.949783 -1.145957 -0.985454
v -0.809783 -1.145957 -1.044954
v -0.709783 -1.145957 -1.044954
v -0.702283 -1.145957 -1.042945
v -0.709783 -1.145957 -1.014954
v -0.809783 -1.145957 -1.014954
v -0.817283 -1.145957 -1.016964
v -0.045130 -1.145957 -0.951389
v -0.027734 -1.145957 -0.997448
v -0.065338 -1.145957 -0.970139
v 0.030217 -1.145957 -0.870955
v -0.015338 -1.145957 -0.870955
v -0.020894 -1.145957 -0.870955
v -0.020894 -1.145957 -0.863767
v 0.017077 -1.145957 -0.862025
v 0.014662 -1.145957 -0.863767
v 0.010217 -1.145957 -0.870955
v 0.014662 -1.145957 -0.870955
v -0.076320 -1.145957 -0.863621
v -0.077231 -1.145957 -0.864105
v -0.045007 -1.145957 -0.865534
v -0.046397 -1.145957 -0.864653
v 0.024714 -1.145957 -0.947135
v 0.025904 -1.145957 -0.946466
v -0.013549 -1.145957 -0.945868
v -0.004227 -1.145957 -0.951562
v -0.014722 -1.145957 -0.946996
v -0.065225 -1.145957 -0.950026
v -0.050723 -1.145957 -0.945208
v -0.050095 -1.145957 -0.946198
v -0.110448 -1.145957 -0.869958
v -0.101450 -1.145957 -0.970138
v -0.096450 -1.145957 -0.943993
v -0.096302 -1.145957 -0.945121
v -0.095710 -1.145957 -0.946228
v -0.094279 -1.145957 -0.947135
v -0.045461 -1.145957 -0.870301
v -0.044585 -1.145957 -0.869386
v -0.036450 -1.145957 -0.870955
v -0.044227 -1.145957 -0.867864
v -0.044363 -1.145957 -0.866765
v -0.049783 -1.145957 -0.860139
v -0.036449 -1.145957 -0.846823
v -0.049672 -1.145957 -0.861709
v -0.049123 -1.145957 -0.863177
v -0.048511 -1.145957 -0.863847
v -0.059783 -1.145957 -0.943993
v -0.059826 -1.145957 -0.943457
v -0.060309 -1.145957 -0.942232
v -0.093498 -1.145957 -0.941021
v -0.095198 -1.145957 -0.941589
v -0.096075 -1.145957 -0.942485
v -0.046363 -1.145957 -0.948846
v -0.048533 -1.145957 -0.947083
v -0.049337 -1.145957 -0.946679
v -0.079352 -1.145957 -0.864939
v -0.080370 -1.145957 -0.865873
v -0.080894 -1.145957 -0.867864
v 0.026478 -1.145957 -0.945758
v 0.026884 -1.145957 -0.943993
v 0.026841 -1.145957 -0.943457
v 0.026357 -1.145957 -0.942232
v -0.047992 -1.145957 -0.941023
v -0.049678 -1.145957 -0.941577
v -0.060189 -1.145957 -0.945758
v -0.017092 -1.145957 -0.951441
v -0.017372 -1.145957 -0.950514
v -0.005068 -1.145957 -0.948259
v -0.004502 -1.145957 -0.949365
v -0.005877 -1.145957 -0.947708
v -0.007630 -1.145957 -0.947135
v -0.050557 -1.145957 -0.942498
v -0.050894 -1.145957 -0.944045
v -0.060763 -1.145957 -0.946466
v -0.061953 -1.145957 -0.947135
v -0.063443 -1.145957 -0.947680
v -0.064679 -1.145957 -0.948593
v -0.064337 -1.145957 -0.948130
v -0.047202 -1.145957 -0.870892
v -0.061310 -1.145957 -0.941422
v -0.063759 -1.145957 -0.940955
v 0.021988 -1.145957 -0.948593
v 0.022329 -1.145957 -0.948130
v 0.023224 -1.145957 -0.947680
v 0.025357 -1.145957 -0.941422
v 0.022908 -1.145957 -0.940955
v -0.005807 -1.145957 -0.940955
v -0.008204 -1.145957 -0.941373
v -0.008675 -1.145957 -0.941634
v -0.017561 -1.145957 -0.949566
v -0.017339 -1.145957 -0.948755
v -0.016747 -1.145957 -0.948124
v -0.008991 -1.145957 -0.946323
v -0.009614 -1.145957 -0.945216
v -0.013116 -1.145957 -0.944357
v -0.009783 -1.145957 -0.943993
v -0.013166 -1.145957 -0.943699
v -0.009451 -1.145957 -0.942471
v -0.080859 -1.145957 -0.868339
v -0.080370 -1.145957 -0.869637
v -0.079371 -1.145957 -0.870457
v -0.076918 -1.145957 -0.870955
v -0.092108 -1.145957 -0.947949
v -0.091554 -1.145957 -0.948593
v -0.091022 -1.145957 -0.950029
v -0.013706 -1.145957 -0.942355
v -0.014870 -1.145957 -0.941433
v -0.017422 -1.145957 -0.940955
v 0.061328 -1.145957 -0.946493
v 0.061328 -1.145957 -0.939392
v 0.066884 -1.145957 -0.939392
v 0.054974 -1.145957 -0.870955
v 0.078585 -1.145957 -0.870955
v 0.096914 -1.145957 -0.957709
v 0.086519 -1.145957 -0.945277
v 0.077171 -1.145957 -0.940790
v 0.069535 -1.145957 -0.947086
v 0.071606 -1.145957 -0.948819
v 0.066884 -1.145957 -0.946493
v 0.073009 -1.145957 -0.951345
v 0.073550 -1.145957 -0.954184
v 0.036884 -1.145957 -0.960590
v 0.037391 -1.145957 -0.962620
v 0.044123 -1.145957 -0.947257
v 0.039388 -1.145957 -0.953352
v 0.051940 -1.145957 -0.941589
v 0.041568 -1.145957 -0.964010
v 0.073550 -1.145957 -0.970139
v 0.040182 -1.145957 -0.964288
v 0.038537 -1.145957 -0.963833
v 0.080044 -1.145957 -0.865121
v 0.042524 -1.145957 -0.963214
v 0.046729 -1.145957 -0.954693
v 0.056297 -1.145957 -0.947649
v 0.051675 -1.145957 -0.949965
v 0.175773 -1.145957 -0.870955
v 0.146954 -1.145957 -0.946676
v 0.148776 -1.145957 -0.948298
v 0.149967 -1.145957 -0.951815
v 0.109106 -1.145957 -0.870955
v 0.100589 -1.145957 -0.969949
v 0.109106 -1.145957 -0.846823
v 0.162633 -1.145957 -0.862025
v 0.160217 -1.145957 -0.863767
v 0.155773 -1.145957 -0.870955
v 0.140217 -1.145957 -0.939392
v 0.128364 -1.145957 -0.942272
v 0.144662 -1.145957 -0.945798
v 0.140217 -1.145957 -0.945798
v 0.144662 -1.145957 -0.939392
v 0.156493 -1.145957 -0.942305
v 0.124662 -1.145957 -0.870955
v 0.166537 -1.145957 -0.949184
v 0.182162 -1.145957 -0.970139
v 0.160217 -1.145957 -0.870955
v 0.130217 -1.145957 -0.870955
v 0.124662 -1.145957 -0.863767
v 0.137959 -1.145957 -0.946615
v 0.136259 -1.145957 -0.948298
v 0.134961 -1.145957 -0.951800
v -0.147804 -1.145957 -0.863281
v -0.147644 -1.145957 -0.863429
v -0.169505 -1.145957 -0.864739
v -0.107774 -1.145957 -0.946263
v -0.106793 -1.145957 -0.945341
v -0.226571 -1.145957 -0.948646
v -0.224892 -1.145957 -0.946862
v -0.222578 -1.145957 -0.946007
v -0.236276 -1.145957 -0.942170
v -0.243408 -1.145957 -0.945946
v -0.200842 -1.145957 -0.870954
v -0.190373 -1.145957 -0.957673
v -0.198550 -1.145957 -0.947397
v -0.170894 -1.145957 -0.940955
v -0.209922 -1.145957 -0.940850
v -0.227354 -1.145957 -0.950899
v -0.217018 -1.145957 -0.865961
v -0.218672 -1.145957 -0.864826
v -0.220820 -1.145957 -0.863526
v -0.229541 -1.145957 -0.940205
v -0.169108 -1.145957 -0.870306
v -0.168097 -1.145957 -0.869336
v -0.167561 -1.145957 -0.867500
v -0.130946 -1.145957 -0.862812
v -0.117086 -1.145957 -0.862015
v -0.129042 -1.145957 -0.864929
v -0.118470 -1.145957 -0.864119
v -0.126449 -1.145957 -0.866145
v -0.122005 -1.145957 -0.866145
v -0.126449 -1.145957 -0.872534
v -0.122005 -1.145957 -0.872534
v -0.106532 -1.145957 -0.943298
v -0.138014 -1.145957 -0.869954
v -0.154904 -1.145957 -0.940955
v -0.222578 -1.145957 -0.939392
v -0.217561 -1.145957 -0.939392
v -0.217561 -1.145957 -0.945972
v -0.215619 -1.145957 -0.946896
v -0.172355 -1.145957 -0.870902
v -0.169575 -1.145957 -0.870538
v -0.167733 -1.145957 -0.866504
v -0.168241 -1.145957 -0.865588
v -0.106450 -1.145957 -0.943993
v -0.213678 -1.145957 -0.939775
v -0.213302 -1.145957 -0.950720
v -0.214071 -1.145957 -0.948368
v -0.109540 -1.145957 -0.947309
v -0.115131 -1.145957 -0.955630
v -0.113391 -1.145957 -0.950795
v -0.239917 -1.145957 -0.865477
v -0.240607 -1.145957 -0.866276
v -0.240894 -1.145957 -0.867743
v -0.240645 -1.145957 -0.868972
v -0.249783 -1.145957 -0.950885
v -0.284783 -1.145957 -0.970138
v -0.107027 -1.145957 -0.942341
v -0.108537 -1.145957 -0.941423
v -0.112057 -1.145957 -0.940955
v -0.129818 -1.145957 -0.941718
v -0.130625 -1.145957 -0.942691
v -0.129401 -1.145957 -0.946545
v -0.130529 -1.145957 -0.945452
v -0.130894 -1.145957 -0.943923
v -0.220998 -1.145957 -0.870954
v -0.218960 -1.145957 -0.870769
v -0.217605 -1.145957 -0.870261
v -0.216793 -1.145957 -0.869382
v -0.216449 -1.145957 -0.867864
v -0.216521 -1.145957 -0.867142
v -0.127995 -1.145957 -0.941076
v -0.123201 -1.145957 -0.952177
v -0.122005 -1.145957 -0.958559
v -0.126169 -1.145957 -0.948531
v -0.239922 -1.145957 -0.870000
v -0.238104 -1.145957 -0.870802
v 0.209106 -1.145957 -0.957691
v 0.184863 -1.145957 -0.869488
v 0.185594 -1.145957 -0.871175
v 0.443208 -1.145957 -0.924455
v 0.445217 -1.145957 -0.931955
v 0.443208 -1.145957 -0.939455
v 0.437717 -1.145957 -0.944945
v 0.209312 -1.145957 -0.953752
v 0.210634 -1.145957 -0.950069
v 0.211120 -1.145957 -0.949409
v 0.215721 -1.145957 -0.940955
v 0.221328 -1.145957 -0.940955
v 0.215721 -1.145957 -0.947257
v 0.212871 -1.145957 -0.948160
v 0.248464 -1.145957 -0.940955
v 0.188996 -1.145957 -0.871614
v 0.189922 -1.145957 -0.870538
v 0.184662 -1.145957 -0.867153
v 0.317227 -1.145957 -0.939455
v 0.252034 -1.145957 -0.945758
v 0.252439 -1.145957 -0.943993
v 0.196041 -1.145957 -0.947878
v 0.191420 -1.145957 -0.952609
v 0.187665 -1.145957 -0.872066
v 0.186328 -1.145957 -0.961106
v 0.186309 -1.145957 -0.871770
v 0.322717 -1.145957 -0.918964
v 0.229644 -1.145957 -0.867205
v 0.317227 -1.145957 -0.924455
v 0.221423 -1.145957 -0.871072
v 0.437717 -1.145957 -0.918964
v 0.430217 -1.145957 -0.916955
v 0.330217 -1.145957 -0.916955
v 0.315217 -1.145957 -0.931955
v 0.252397 -1.145957 -0.943458
v 0.251913 -1.145957 -0.942232
v 0.322717 -1.145957 -0.944945
v 0.330217 -1.145957 -0.946955
v 0.430217 -1.145957 -0.946955
v 0.188067 -1.145957 -0.872030
v 0.207153 -1.145957 -0.941788
v 0.199366 -1.145957 -0.945416
v 0.191882 -1.145957 -0.867838
v 0.192821 -1.145957 -0.867621
v 0.191207 -1.145957 -0.868524
v 0.193801 -1.145957 -0.867796
v 0.201146 -1.145957 -0.870934
v 0.250912 -1.145957 -0.941423
v 0.207995 -1.145957 -0.872239
v 0.247544 -1.145957 -0.948594
v 0.247885 -1.145957 -0.948130
v 0.248780 -1.145957 -0.947680
v 0.251459 -1.145957 -0.946466
v 0.250269 -1.145957 -0.947135
v 0.246997 -1.145957 -0.950026
v 0.220217 -1.145957 -0.857534
v 0.219775 -1.145957 -0.860165
v 0.217874 -1.145957 -0.863012
v 0.202144 -1.145957 -0.843073
v 0.191242 -1.145957 -0.845588
v 0.194743 -1.145957 -0.839477
v 0.190217 -1.145957 -0.843958
v 0.188325 -1.145957 -0.834357
v 0.188082 -1.145957 -0.843177
v 0.187426 -1.145957 -0.843231
v 0.183089 -1.145957 -0.826423
v 0.186213 -1.145957 -0.843797
v 0.185190 -1.145957 -0.845090
v 0.184662 -1.145957 -0.847569
v 0.202230 -1.145957 -0.863326
v 0.197509 -1.145957 -0.859236
v 0.207811 -1.145957 -0.845560
v 0.193913 -1.145957 -0.853694
v 0.191675 -1.145957 -0.847482
v 0.213394 -1.145957 -0.848229
v 0.215906 -1.145957 -0.849797
v 0.219150 -1.145957 -0.853229
v 0.189218 -1.145957 -0.843377
v 0.207995 -1.145957 -0.865729
v 0.212439 -1.145957 -0.865729
v 0.212439 -1.145957 -0.872534
v -0.170894 -1.145957 -0.975989
v -0.170894 -1.145957 -0.966666
v -0.164227 -1.145957 -0.986441
v -0.107130 -1.145957 -1.015588
v -0.155410 -1.145957 -1.017142
v -0.155907 -1.145957 -1.015961
v -0.164227 -1.145957 -1.002621
v -0.159709 -1.145957 -1.013526
v -0.162948 -1.145957 -1.009884
v -0.108394 -1.145957 -1.014739
v -0.110634 -1.145957 -1.013923
v -0.113165 -1.145957 -1.012148
v -0.252690 -1.145957 -0.976777
v -0.231185 -1.145957 -1.021173
v -0.223116 -1.145957 -1.022482
v -0.213879 -1.145957 -1.012074
v -0.215555 -1.145957 -1.014450
v -0.213116 -1.145957 -1.007639
v -0.218672 -1.145957 -1.015955
v -0.222292 -1.145957 -0.981347
v -0.221314 -1.145957 -0.980413
v -0.240470 -1.145957 -1.003036
v -0.171116 -1.145957 -1.005986
v -0.171988 -1.145957 -1.009236
v -0.189310 -1.145957 -1.000970
v -0.173887 -1.145957 -1.012087
v -0.253116 -1.145957 -0.978732
v -0.253089 -1.145957 -0.979383
v -0.252619 -1.145957 -0.980824
v -0.251885 -1.145957 -0.981492
v -0.250609 -1.145957 -1.020550
v -0.250157 -1.145957 -1.021319
v -0.186486 -1.145957 -0.968519
v -0.185338 -1.145957 -0.980000
v -0.176606 -1.145957 -1.014166
v -0.178806 -1.145957 -1.015477
v -0.194553 -1.145957 -1.009821
v -0.179496 -1.145957 -1.016276
v -0.199327 -1.145957 -1.014756
v -0.179783 -1.145957 -1.017743
v -0.215926 -1.145957 -1.022415
v -0.213220 -1.145957 -1.021944
v -0.179534 -1.145957 -1.018972
v -0.207800 -1.145957 -1.020077
v -0.202769 -1.145957 -1.017326
v -0.111244 -1.145957 -1.020902
v -0.108463 -1.145957 -1.020538
v -0.107997 -1.145957 -1.020306
v -0.106622 -1.145957 -1.016504
v -0.106450 -1.145957 -1.017500
v -0.106985 -1.145957 -1.019336
v -0.122005 -1.145957 -0.989809
v -0.115338 -1.145957 -1.000069
v -0.250137 -1.145957 -0.973960
v -0.249792 -1.145957 -0.971778
v -0.223290 -1.145957 -0.981766
v -0.221087 -1.145957 -0.977547
v -0.221870 -1.145957 -0.976365
v -0.223498 -1.145957 -0.975520
v -0.227561 -1.145957 -0.970764
v -0.159887 -1.145957 -1.020955
v -0.157849 -1.145957 -1.020769
v -0.156494 -1.145957 -1.020261
v -0.223116 -1.145957 -1.016076
v -0.230294 -1.145957 -1.014580
v -0.236033 -1.145957 -1.010069
v -0.218672 -1.145957 -1.022534
v -0.220894 -1.145957 -0.978854
v -0.178811 -1.145957 -1.020000
v -0.176993 -1.145957 -1.020802
v -0.225720 -1.145957 -0.982066
v -0.245888 -1.145957 -0.991294
v -0.248793 -1.145957 -0.982066
v -0.247595 -1.145957 -0.990954
v -0.248264 -1.145957 -0.991006
v -0.249419 -1.145957 -0.991452
v -0.250267 -1.145957 -0.992408
v -0.250894 -1.145957 -0.995520
v -0.250894 -1.145957 -1.018576
v -0.226111 -1.145957 -0.974762
v -0.226745 -1.145957 -0.974097
v -0.227408 -1.145957 -0.972499
v -0.244460 -1.145957 -0.992962
v -0.244935 -1.145957 -0.992104
v -0.243815 -1.145957 -1.018740
v -0.242859 -1.145957 -1.017829
v -0.241745 -1.145957 -1.017621
v -0.249384 -1.145957 -1.021827
v -0.247891 -1.145957 -1.022066
v -0.246376 -1.145957 -1.021669
v -0.245234 -1.145957 -1.020590
v -0.240287 -1.145957 -1.017940
v 0.107569 -1.145957 -1.163621
v 0.107891 -1.145957 -1.163177
v 0.108425 -1.145957 -1.161706
v 0.108550 -1.145957 -1.160139
v 0.108550 -1.145957 -1.101562
v 0.185217 -1.145957 -1.089392
v 0.430217 -1.145957 -1.044955
v 0.437717 -1.145957 -1.042945
v 0.183546 -1.145957 -0.969938
v 0.182439 -1.145957 -0.981284
v 0.209106 -1.145957 -1.003958
v 0.215721 -1.145957 -1.014444
v 0.215150 -1.145957 -1.014304
v 0.443208 -1.145957 -1.022455
v 0.445217 -1.145957 -1.029955
v 0.443207 -1.145957 -1.037455
v 0.212014 -1.145957 -1.013016
v 0.210339 -1.145957 -1.010764
v 0.209355 -1.145957 -1.007430
v 0.330217 -1.145957 -1.014955
v 0.322717 -1.145957 -1.016964
v 0.252082 -1.145957 -1.019387
v 0.317227 -1.145957 -1.022455
v 0.251205 -1.145957 -1.020301
v 0.315217 -1.145957 -1.029955
v 0.185877 -1.145957 -1.000503
v 0.190022 -1.145957 -1.008163
v 0.317227 -1.145957 -1.037455
v 0.322717 -1.145957 -1.042945
v 0.187515 -1.145957 -1.089507
v 0.330217 -1.145957 -1.044955
v 0.210460 -1.145957 -1.020712
v 0.202835 -1.145957 -1.018583
v 0.196103 -1.145957 -1.014392
v 0.437717 -1.145957 -1.016964
v 0.430217 -1.145957 -1.014955
v 0.248155 -1.145957 -1.013847
v 0.247543 -1.145957 -1.013177
v 0.246994 -1.145957 -1.011709
v 0.221328 -1.145957 -1.020955
v 0.249464 -1.145957 -1.020892
v 0.183238 -1.145957 -0.991060
v 0.192856 -1.145957 -1.090850
v 0.189100 -1.145957 -1.089775
v 0.252439 -1.145957 -1.017864
v 0.252303 -1.145957 -1.016765
v 0.251660 -1.145957 -1.015534
v 0.250269 -1.145957 -1.014653
v 0.215721 -1.145957 -1.020955
v 0.135721 -1.145957 -1.012812
v 0.134872 -1.145957 -1.010384
v 0.150217 -1.145957 -1.007812
v 0.140217 -1.145957 -1.016146
v 0.144662 -1.145957 -1.016146
v 0.140217 -1.145957 -1.022534
v 0.144662 -1.145957 -1.022534
v 0.156219 -1.145957 -1.019958
v 0.165998 -1.145957 -1.013281
v 0.175314 -1.145957 -0.998348
v 0.177995 -1.145957 -0.980868
v 0.175490 -1.145957 -0.963814
v 0.109520 -1.145957 -0.998359
v 0.118863 -1.145957 -1.013281
v 0.128653 -1.145957 -1.019954
v 0.180200 -1.145957 -1.089392
v 0.148197 -1.145957 -1.014120
v 0.149580 -1.145957 -1.012016
v 0.137625 -1.145957 -1.014929
v 0.029245 -1.145957 -1.125468
v 0.031209 -1.145957 -1.126702
v -0.009713 -1.145957 -0.973837
v -0.008990 -1.145957 -0.976437
v -0.027005 -1.145957 -1.089392
v -0.022561 -1.145957 -1.089392
v -0.022561 -1.145957 -1.095798
v -0.020269 -1.145957 -1.096676
v -0.018446 -1.145957 -1.098298
v -0.094908 -1.145957 -1.014939
v -0.008672 -1.145957 -0.979114
v -0.004227 -1.145957 -1.010139
v -0.009146 -1.145957 -0.981449
v -0.019974 -1.145957 -1.020312
v -0.019007 -1.145957 -1.019178
v -0.009259 -1.145957 -1.015873
v -0.018672 -1.145957 -1.017725
v -0.008241 -1.145957 -1.014939
v -0.019131 -1.145957 -1.016064
v -0.095925 -1.145957 -1.019637
v -0.094927 -1.145957 -1.020457
v -0.062758 -1.145957 -1.020892
v -0.091554 -1.145957 -1.013177
v -0.091876 -1.145957 -1.013621
v -0.092786 -1.145957 -1.014105
v -0.095926 -1.145957 -1.015873
v -0.096450 -1.145957 -1.017864
v -0.096415 -1.145957 -1.018339
v -0.047118 -1.145957 -1.015640
v -0.045935 -1.145957 -1.014413
v 0.026748 -1.145957 -1.016765
v 0.026104 -1.145957 -1.015534
v 0.024714 -1.145957 -1.014652
v -0.004353 -1.145957 -1.011706
v -0.006120 -1.145957 -1.014105
v -0.004887 -1.145957 -1.013177
v -0.005209 -1.145957 -1.013621
v -0.092474 -1.145957 -1.020955
v 0.026884 -1.145957 -1.017864
v 0.026526 -1.145957 -1.019387
v -0.090894 -1.145957 -0.951562
v -0.090894 -1.145957 -1.010139
v -0.091019 -1.145957 -1.011706
v -0.064067 -1.145957 -1.013847
v -0.064679 -1.145957 -1.013177
v 0.022600 -1.145957 -1.013847
v 0.021988 -1.145957 -1.013177
v -0.022982 -1.145957 -1.013755
v -0.024592 -1.145957 -1.012008
v -0.025338 -1.145957 -1.009062
v -0.009783 -1.145957 -1.017864
v -0.009748 -1.145957 -1.018339
v -0.021346 -1.145957 -1.020845
v -0.047561 -1.145957 -1.017448
v -0.060562 -1.145957 -1.015534
v -0.061953 -1.145957 -1.014652
v -0.065228 -1.145957 -1.011709
v 0.021439 -1.145957 -1.011709
v 0.021328 -1.145957 -1.010139
v 0.021328 -1.145957 -0.951562
v 0.021441 -1.145957 -0.950026
v -0.020477 -1.145957 -1.014982
v -0.010269 -1.145957 -0.983559
v -0.022404 -1.145957 -1.014097
v -0.023463 -1.145957 -1.003316
v -0.024843 -1.145957 -1.006046
v -0.034224 -1.145957 -1.006404
v -0.037075 -1.145957 -1.009444
v -0.046971 -1.145957 -1.019555
v -0.060140 -1.145957 -1.019387
v -0.047505 -1.145957 -1.018139
v -0.059783 -1.145957 -1.017864
v -0.059919 -1.145957 -1.016765
v -0.039353 -1.145957 -1.011235
v -0.041884 -1.145957 -1.012639
v -0.045768 -1.145957 -1.020544
v -0.061017 -1.145957 -1.020301
v 0.023909 -1.145957 -1.020892
v 0.025650 -1.145957 -1.020301
v -0.043672 -1.145957 -1.020955
v -0.009258 -1.145957 -1.019637
v -0.008260 -1.145957 -1.020457
v -0.005807 -1.145957 -1.020955
v 0.073550 -1.145957 -1.004948
v 0.072550 -1.145957 -1.011045
v 0.070517 -1.145957 -1.013822
v 0.062439 -1.145957 -1.015295
v 0.066884 -1.145957 -1.015364
v 0.062439 -1.145957 -1.022482
v 0.066884 -1.145957 -1.022534
v 0.038621 -1.145957 -1.020978
v 0.039578 -1.145957 -1.021735
v 0.045113 -1.145957 -0.993715
v 0.118325 -1.145957 -0.949184
v 0.109389 -1.145957 -0.963820
v 0.107319 -1.145957 -0.973208
v 0.041293 -1.145957 -1.022066
v 0.041704 -1.145957 -1.022045
v 0.043039 -1.145957 -1.021624
v 0.043932 -1.145957 -1.020625
v 0.040159 -1.145957 -0.990114
v 0.039054 -1.145957 -0.990868
v 0.038196 -1.145957 -0.992413
v 0.081336 -1.145957 -1.018304
v 0.091884 -1.145957 -1.009548
v 0.099151 -1.145957 -0.995594
v 0.106884 -1.145957 -0.980868
v 0.101328 -1.145957 -0.979965
v 0.053273 -1.145957 -1.010069
v 0.050026 -1.145957 -1.005772
v 0.047509 -1.145957 -1.001007
v 0.043975 -1.145957 -0.991060
v 0.043047 -1.145957 -0.990219
v 0.041467 -1.145957 -0.989843
v 0.045768 -1.145957 -1.018034
v 0.047283 -1.145957 -1.017621
v 0.044696 -1.145957 -1.019184
v 0.049315 -1.145957 -1.018092
v 0.056754 -1.145957 -1.020977
v 0.057384 -1.145957 -1.013536
v 0.037995 -1.145957 -0.994184
v 0.037995 -1.145957 -1.018802
v 0.038094 -1.145957 -1.019842
v 0.502217 -1.145957 -0.288955
v 0.502217 -1.145957 -0.378955
v 0.475217 -1.145957 -0.235455
v 0.479717 -1.145957 -0.230955
v 0.479114 -1.145957 -0.228705
v 0.472967 -1.145957 -0.234852
v 0.477467 -1.145957 -0.227058
v 0.475217 -1.145957 -0.226455
v 0.472967 -1.145957 -0.227058
v 0.504897 -1.145957 -0.278955
v 0.477467 -1.145957 -0.234852
v 0.512217 -1.145957 -0.271634
v 0.479114 -1.145957 -0.233205
v 0.522217 -1.145957 -0.268955
v 0.471320 -1.145957 -0.228705
v 0.470717 -1.145957 -0.230955
v 0.471320 -1.145957 -0.233205
v 0.708820 -1.145957 -0.228705
v 0.708217 -1.145957 -0.230955
v 0.716614 -1.145957 -0.233205
v 0.717217 -1.145957 -0.230955
v 0.771217 -1.145957 -0.222705
v 0.716614 -1.145957 -0.228705
v 0.708820 -1.145957 -0.233205
v 0.710467 -1.145957 -0.234852
v 0.712717 -1.145957 -0.235455
v 0.714967 -1.145957 -0.234852
v 0.714967 -1.145957 -0.227058
v 0.712717 -1.145957 -0.226455
v 0.710467 -1.145957 -0.227058
v 0.889538 -1.145957 -0.278955
v 0.892217 -1.145957 -0.288955
v 0.872217 -1.145957 -0.268955
v 0.882217 -1.145957 -0.271634
v 0.872217 -1.145957 -0.398955
v 0.882217 -1.145957 -0.396275
v 0.889538 -1.145957 -0.388955
v 0.892217 -1.145957 -0.378955
v 0.522217 -1.145957 -0.398955
v 0.503740 -1.145957 -0.386608
v 0.508075 -1.145957 -0.393097
v 0.514564 -1.145957 -0.397432
v -0.889103 -1.145957 -0.388954
v -0.891783 -1.145957 -0.378954
v -0.891783 -1.145957 -0.288954
v -0.889103 -1.145957 -0.278954
v -0.881783 -1.145957 -0.271634
v -0.521783 -1.145957 -0.398954
v -0.871783 -1.145957 -0.398954
v -0.881783 -1.145957 -0.396275
v -0.504462 -1.145957 -0.278954
v -0.501783 -1.145957 -0.288954
v -0.490533 -1.145957 -0.378954
v -0.511783 -1.145957 -0.396275
v -0.504462 -1.145957 -0.388954
v -0.501783 -1.145957 -0.378954
v -0.521783 -1.145957 -0.268954
v -0.511783 -1.145957 -0.271634
v -0.462283 -1.145957 -0.222704
v -0.958783 -1.145957 -0.219758
v -0.284783 -1.145957 -0.222704
v -0.474783 -1.145957 -0.235454
v -0.472533 -1.145957 -0.234852
v -0.470885 -1.145957 -0.233204
v -0.470283 -1.145957 -0.230954
v -0.470885 -1.145957 -0.228704
v -0.477033 -1.145957 -0.227057
v -0.474783 -1.145957 -0.226454
v -0.472533 -1.145957 -0.227057
v -0.478680 -1.145957 -0.228704
v -0.479283 -1.145957 -0.230954
v -0.478680 -1.145957 -0.233204
v -0.477033 -1.145957 -0.234852
v -0.316792 -1.145957 -0.336454
v -0.314783 -1.145957 -0.343954
v -0.284783 -1.145957 -0.378954
v -0.316792 -1.145957 -0.351455
v -0.322283 -1.145957 -0.330964
v -0.329783 -1.145957 -0.328954
v -0.429783 -1.145957 -0.328954
v -0.437283 -1.145957 -0.330964
v -0.429783 -1.145957 -0.358954
v -0.329783 -1.145957 -0.358954
v -0.322283 -1.145957 -0.356945
v -0.442773 -1.145957 -0.336454
v -0.444783 -1.145957 -0.343954
v -0.442773 -1.145957 -0.351454
v -0.437283 -1.145957 -0.356945
v -0.237283 -1.145957 -0.226455
v -0.239533 -1.145957 -0.227057
v -0.235033 -1.145957 -0.227057
v -0.132283 -1.145957 -0.330964
v -0.232783 -1.145957 -0.230954
v -0.233386 -1.145957 -0.228705
v -0.241180 -1.145957 -0.228705
v -0.241783 -1.145957 -0.230954
v -0.241180 -1.145957 -0.233204
v -0.239533 -1.145957 -0.234852
v -0.132283 -1.145957 -0.356945
v -0.126792 -1.145957 -0.351455
v -0.124783 -1.145957 -0.343955
v -0.126792 -1.145957 -0.336454
v -0.246291 -1.145957 -0.330440
v -0.239783 -1.145957 -0.328955
v -0.237283 -1.145957 -0.235454
v -0.139783 -1.145957 -0.328955
v -0.235033 -1.145957 -0.234852
v -0.233386 -1.145957 -0.233204
v -0.251510 -1.145957 -0.334602
v -0.254407 -1.145957 -0.340617
v -0.254407 -1.145957 -0.347292
v -0.251510 -1.145957 -0.353307
v -0.246291 -1.145957 -0.357469
v -0.239783 -1.145957 -0.358954
v -0.139783 -1.145957 -0.358955
v 0.918820 -1.145957 -0.228705
v 0.918217 -1.145957 -0.230955
v 0.920467 -1.145957 -0.234852
v 0.922717 -1.145957 -0.235455
v 0.927217 -1.145957 -0.230955
v 0.926614 -1.145957 -0.228705
v 0.918820 -1.145957 -0.233205
v 0.924967 -1.145957 -0.227058
v 0.922717 -1.145957 -0.226455
v 0.920467 -1.145957 -0.227058
v 0.926614 -1.145957 -0.233205
v 0.924967 -1.145957 -0.234852
v -0.284783 -1.145957 -0.412955
v -0.445033 -1.145957 -0.412954
v -0.314783 -1.145957 -0.441954
v -0.316792 -1.145957 -0.434455
v -0.316792 -1.145957 -0.449454
v -0.284783 -1.145957 -0.505204
v -0.322283 -1.145957 -0.454945
v -0.322283 -1.145957 -0.428964
v -0.329783 -1.145957 -0.426955
v -0.429783 -1.145957 -0.426955
v -0.437283 -1.145957 -0.428964
v -0.442773 -1.145957 -0.449454
v -0.445033 -1.145957 -0.505204
v -0.444783 -1.145957 -0.441954
v -0.442773 -1.145957 -0.434454
v -0.437283 -1.145957 -0.454945
v -0.429783 -1.145957 -0.456954
v -0.329783 -1.145957 -0.456954
v -0.132283 -1.145957 -0.454945
v -0.126792 -1.145957 -0.449455
v -0.239783 -1.145957 -0.426955
v -0.247283 -1.145957 -0.428964
v -0.124783 -1.145957 -0.441954
v -0.126792 -1.145957 -0.434455
v -0.132283 -1.145957 -0.428964
v -0.139783 -1.145957 -0.426955
v -0.252773 -1.145957 -0.449454
v -0.254783 -1.145957 -0.441954
v -0.252773 -1.145957 -0.434455
v -0.247283 -1.145957 -0.454945
v -0.239783 -1.145957 -0.456955
v -0.139783 -1.145957 -0.456955
v 0.627717 -1.145957 -0.454945
v 0.633208 -1.145957 -0.449455
v 0.635217 -1.145957 -0.441955
v 0.520217 -1.145957 -0.426955
v 0.512717 -1.145957 -0.428964
v 0.633208 -1.145957 -0.434455
v 0.627717 -1.145957 -0.428964
v 0.620217 -1.145957 -0.426955
v 0.507227 -1.145957 -0.449455
v 0.505217 -1.145957 -0.441955
v 0.507227 -1.145957 -0.434455
v 0.512717 -1.145957 -0.454945
v 0.520217 -1.145957 -0.456955
v 0.620217 -1.145957 -0.456955
v 0.952467 -1.145957 -0.477058
v 0.950217 -1.145957 -0.476455
v 0.946320 -1.145957 -0.483205
v 0.947967 -1.145957 -0.484852
v 0.954114 -1.145957 -0.478705
v 0.947967 -1.145957 -0.477058
v 0.946320 -1.145957 -0.478705
v 0.945717 -1.145957 -0.480955
v 0.950217 -1.145957 -0.485455
v 0.952467 -1.145957 -0.484852
v -0.314783 -1.145957 -0.539954
v -0.316792 -1.145957 -0.532455
v -0.316792 -1.145957 -0.547454
v -0.322283 -1.145957 -0.552945
v -0.442773 -1.145957 -0.547454
v -0.444783 -1.145957 -0.539954
v -0.442773 -1.145957 -0.532454
v -0.437283 -1.145957 -0.526964
v -0.322283 -1.145957 -0.526964
v -0.329783 -1.145957 -0.524954
v -0.429783 -1.145957 -0.524954
v -0.437283 -1.145957 -0.552945
v -0.429783 -1.145957 -0.554954
v -0.329783 -1.145957 -0.554954
v -0.124783 -1.145957 -0.539955
v -0.126792 -1.145957 -0.532455
v -0.126792 -1.145957 -0.547454
v -0.132283 -1.145957 -0.552945
v -0.247283 -1.145957 -0.526964
v -0.252773 -1.145957 -0.532455
v -0.254783 -1.145957 -0.539954
v -0.252773 -1.145957 -0.547454
v -0.132283 -1.145957 -0.526964
v -0.139783 -1.145957 -0.524954
v -0.239783 -1.145957 -0.524954
v -0.247283 -1.145957 -0.552945
v -0.239783 -1.145957 -0.554954
v -0.139783 -1.145957 -0.554954
v 0.627717 -1.145957 -0.552945
v 0.633208 -1.145957 -0.547455
v 0.635217 -1.145957 -0.539955
v 0.633208 -1.145957 -0.532455
v 0.627717 -1.145957 -0.526964
v 0.507227 -1.145957 -0.532455
v 0.505217 -1.145957 -0.539955
v 0.507227 -1.145957 -0.547455
v 0.620217 -1.145957 -0.524955
v 0.520217 -1.145957 -0.524955
v 0.512717 -1.145957 -0.526964
v 0.512717 -1.145957 -0.552945
v 0.520217 -1.145957 -0.554955
v 0.620217 -1.145957 -0.554955
v -0.462283 -1.145957 -0.505204
v 0.952467 -1.145957 -0.727058
v 0.950217 -1.145957 -0.726455
v 0.950217 -1.145957 -0.735455
v 0.952467 -1.145957 -0.734852
v 0.947967 -1.145957 -0.727058
v 0.946320 -1.145957 -0.728705
v 0.945717 -1.145957 -0.730955
v 0.946320 -1.145957 -0.733205
v 0.947967 -1.145957 -0.734852
v 0.954114 -1.145957 -0.733205
v 0.954717 -1.145957 -0.730955
v 0.954114 -1.145957 -0.728705
v -0.316792 -1.145957 -0.924454
v -0.314783 -1.145957 -0.931954
v -0.316792 -1.145957 -0.939454
v -0.322283 -1.145957 -0.944945
v -0.437283 -1.145957 -0.918964
v -0.442773 -1.145957 -0.924454
v -0.444783 -1.145957 -0.931954
v -0.445033 -1.145957 -0.970138
v -0.442773 -1.145957 -0.939454
v -0.322283 -1.145957 -0.918964
v -0.329783 -1.145957 -0.916954
v -0.429783 -1.145957 -0.916954
v -0.437283 -1.145957 -0.944945
v -0.429783 -1.145957 -0.946954
v -0.329783 -1.145957 -0.946954
v 0.633207 -1.145957 -0.924455
v 0.635217 -1.145957 -0.931955
v 0.633207 -1.145957 -0.939455
v 0.627717 -1.145957 -0.944945
v 0.505217 -1.145957 -0.931955
v 0.507227 -1.145957 -0.939455
v 0.507227 -1.145957 -0.924455
v 0.512717 -1.145957 -0.918964
v 0.627717 -1.145957 -0.918964
v 0.620217 -1.145957 -0.916955
v 0.520217 -1.145957 -0.916955
v 0.512717 -1.145957 -0.944945
v 0.520217 -1.145957 -0.946955
v 0.620217 -1.145957 -0.946955
v -0.447533 -1.145957 -0.984852
v -0.445886 -1.145957 -0.983204
v -0.445283 -1.145957 -0.980954
v -0.445886 -1.145957 -0.978704
v -0.447533 -1.145957 -0.977057
v -0.449783 -1.145957 -0.976454
v -0.452033 -1.145957 -0.977057
v -0.453680 -1.145957 -0.978704
v -0.454283 -1.145957 -0.980954
v -0.453680 -1.145957 -0.983204
v -0.452033 -1.145957 -0.984852
v -0.449783 -1.145957 -0.985454
v -0.316792 -1.145957 -1.022455
v -0.314783 -1.145957 -1.029954
v -0.316793 -1.145957 -1.037454
v -0.322283 -1.145957 -1.042945
v -0.442773 -1.145957 -1.037454
v -0.444783 -1.145957 -1.029954
v -0.442773 -1.145957 -1.022455
v -0.437283 -1.145957 -1.016964
v -0.322283 -1.145957 -1.016964
v -0.329783 -1.145957 -1.014954
v -0.429783 -1.145957 -1.014954
v -0.437283 -1.145957 -1.042945
v -0.429783 -1.145957 -1.044954
v -0.329783 -1.145957 -1.044954
v 0.633207 -1.145957 -1.022455
v 0.635217 -1.145957 -1.029955
v 0.633207 -1.145957 -1.037455
v 0.627717 -1.145957 -1.042945
v 0.454717 -1.145957 -0.980955
v 0.454114 -1.145957 -0.978705
v 0.452467 -1.145957 -0.977058
v 0.450217 -1.145957 -0.976455
v 0.447967 -1.145957 -0.977058
v 0.446320 -1.145957 -0.983205
v 0.445717 -1.145957 -0.980955
v 0.446320 -1.145957 -0.978705
v 0.447967 -1.145957 -0.984852
v 0.450217 -1.145957 -0.985455
v 0.452467 -1.145957 -0.984852
v 0.627717 -1.145957 -1.016964
v 0.620217 -1.145957 -1.014955
v 0.520217 -1.145957 -1.014955
v 0.454114 -1.145957 -0.983205
v 0.512717 -1.145957 -1.016964
v 0.507227 -1.145957 -1.022455
v 0.505217 -1.145957 -1.029955
v 0.507227 -1.145957 -1.037455
v 0.512717 -1.145957 -1.042945
v 0.520217 -1.145957 -1.044955
v 0.620217 -1.145957 -1.044955
v 0.950217 -1.145957 -0.985455
v 0.952467 -1.145957 -0.984852
v 0.958467 -1.145957 -1.089618
v 0.952467 -1.145957 -0.977058
v 0.950217 -1.145957 -0.976455
v 0.947967 -1.145957 -0.977058
v 0.946320 -1.145957 -0.978705
v 0.945717 -1.145957 -0.980955
v 0.946320 -1.145957 -0.983205
v 0.947967 -1.145957 -0.984852
v 0.954114 -1.145957 -0.983205
v 0.954717 -1.145957 -0.980955
v 0.954114 -1.145957 -0.978705
v -0.462283 -1.145957 -1.218704
v 0.952467 -1.145957 -1.227058
v 0.950217 -1.145957 -1.226455
v 0.947967 -1.145957 -1.234852
v 0.950217 -1.145957 -1.235455
v 0.952467 -1.145957 -1.234852
v 0.954114 -1.145957 -1.233205
v 0.954717 -1.145957 -1.230955
v 0.954114 -1.145957 -1.228705
v 0.947967 -1.145957 -1.227058
v 0.946320 -1.145957 -1.228705
v 0.945717 -1.145957 -1.230955
v 0.946320 -1.145957 -1.233205
v -0.462283 -1.145957 -1.274955
v -0.445033 -1.145957 -1.456705
v -0.314783 -1.145957 -1.323955
v -0.316793 -1.145957 -1.316455
v -0.442773 -1.145957 -1.316455
v -0.444783 -1.145957 -1.323955
v -0.284783 -1.145957 -1.372955
v -0.322283 -1.145957 -1.336945
v -0.316793 -1.145957 -1.331455
v -0.437283 -1.145957 -1.310964
v -0.442773 -1.145957 -1.331455
v -0.322283 -1.145957 -1.310964
v -0.329783 -1.145957 -1.308954
v -0.429783 -1.145957 -1.308954
v -0.437283 -1.145957 -1.336945
v -0.429783 -1.145957 -1.338954
v -0.329783 -1.145957 -1.338954
v -0.126793 -1.145957 -1.316455
v -0.124783 -1.145957 -1.323955
v -0.126793 -1.145957 -1.331455
v -0.132283 -1.145957 -1.336945
v -0.247283 -1.145957 -1.310964
v -0.252773 -1.145957 -1.316455
v -0.254783 -1.145957 -1.323955
v -0.252773 -1.145957 -1.331455
v -0.132283 -1.145957 -1.310964
v -0.139783 -1.145957 -1.308955
v -0.239783 -1.145957 -1.308954
v -0.247283 -1.145957 -1.336945
v -0.239783 -1.145957 -1.338954
v -0.139783 -1.145957 -1.338955
v 0.633207 -1.145957 -1.316455
v 0.635217 -1.145957 -1.323955
v 0.633207 -1.145957 -1.331455
v 0.627717 -1.145957 -1.336945
v 0.505217 -1.145957 -1.323955
v 0.507227 -1.145957 -1.331455
v 0.507227 -1.145957 -1.316455
v 0.512717 -1.145957 -1.310964
v 0.627717 -1.145957 -1.310964
v 0.620217 -1.145957 -1.308955
v 0.520217 -1.145957 -1.308955
v 0.512717 -1.145957 -1.336945
v 0.520217 -1.145957 -1.338955
v 0.620217 -1.145957 -1.338955
v -0.316793 -1.145957 -1.414454
v -0.314783 -1.145957 -1.421955
v -0.316793 -1.145957 -1.429455
v -0.437283 -1.145957 -1.408964
v -0.442773 -1.145957 -1.414454
v -0.444783 -1.145957 -1.421955
v -0.442773 -1.145957 -1.429455
v -0.437283 -1.145957 -1.434945
v -0.322283 -1.145957 -1.408964
v -0.329783 -1.145957 -1.406955
v -0.429783 -1.145957 -1.406955
v -0.429783 -1.145957 -1.436954
v -0.329783 -1.145957 -1.436954
v -0.322283 -1.145957 -1.434945
v -0.126793 -1.145957 -1.414455
v -0.124783 -1.145957 -1.421955
v -0.126793 -1.145957 -1.429455
v -0.132283 -1.145957 -1.434945
v -0.254783 -1.145957 -1.421955
v -0.252773 -1.145957 -1.429455
v -0.252773 -1.145957 -1.414454
v -0.247283 -1.145957 -1.408964
v -0.132283 -1.145957 -1.408964
v -0.139783 -1.145957 -1.406955
v -0.239783 -1.145957 -1.406955
v -0.247283 -1.145957 -1.434945
v -0.239783 -1.145957 -1.436954
v -0.139783 -1.145957 -1.436955
v 0.633207 -1.145957 -1.414455
v 0.635217 -1.145957 -1.421955
v 0.633207 -1.145957 -1.429455
v 0.627717 -1.145957 -1.434945
v 0.505217 -1.145957 -1.421955
v 0.507227 -1.145957 -1.429455
v 0.507227 -1.145957 -1.414455
v 0.512717 -1.145957 -1.408964
v 0.627717 -1.145957 -1.408965
v 0.620217 -1.145957 -1.406955
v 0.520217 -1.145957 -1.406955
v 0.512717 -1.145957 -1.434945
v 0.520217 -1.145957 -1.436955
v 0.620217 -1.145957 -1.436955
v -0.949783 -1.145957 -1.476454
v -0.952033 -1.145957 -1.477057
v -0.952033 -1.145957 -1.484851
v -0.949783 -1.145957 -1.485454
v -0.947533 -1.145957 -1.484851
v -0.945886 -1.145957 -1.483204
v -0.945283 -1.145957 -1.480954
v -0.947533 -1.145957 -1.477057
v -0.945886 -1.145957 -1.478704
v -0.953680 -1.145957 -1.478704
v -0.954283 -1.145957 -1.480954
v -0.953680 -1.145957 -1.483204
v 0.958467 -1.145957 -1.495205
v 0.950217 -1.145957 -1.485455
v 0.952467 -1.145957 -1.484852
v 0.952467 -1.145957 -1.477058
v 0.950217 -1.145957 -1.476455
v 0.946320 -1.145957 -1.478705
v 0.945717 -1.145957 -1.480955
v 0.946320 -1.145957 -1.483205
v 0.947967 -1.145957 -1.484852
v 0.954114 -1.145957 -1.483205
v 0.954717 -1.145957 -1.480955
v 0.954114 -1.145957 -1.478705
v 0.947967 -1.145957 -1.477058
v -0.322283 -1.145957 -1.506964
v -0.284783 -1.145957 -1.495205
v -0.316793 -1.145957 -1.512455
v -0.314783 -1.145957 -1.519955
v -0.316793 -1.145957 -1.527455
v -0.322283 -1.145957 -1.532945
v -0.329783 -1.145957 -1.504955
v -0.429783 -1.145957 -1.504955
v -0.437283 -1.145957 -1.506964
v -0.442773 -1.145957 -1.512455
v -0.444783 -1.145957 -1.519955
v -0.442773 -1.145957 -1.527455
v -0.437283 -1.145957 -1.532945
v -0.429783 -1.145957 -1.534955
v -0.329783 -1.145957 -1.534955
v -0.132283 -1.145957 -1.532945
v -0.126793 -1.145957 -1.527455
v -0.239783 -1.145957 -1.504955
v -0.247283 -1.145957 -1.506964
v -0.124783 -1.145957 -1.519955
v -0.126793 -1.145957 -1.512455
v -0.132283 -1.145957 -1.506964
v -0.139783 -1.145957 -1.504955
v -0.247283 -1.145957 -1.532945
v -0.239783 -1.145957 -1.534955
v -0.139783 -1.145957 -1.534955
v -0.252773 -1.145957 -1.512455
v -0.254783 -1.145957 -1.519955
v -0.252773 -1.145957 -1.527455
v 0.627717 -1.145957 -1.532945
v 0.633207 -1.145957 -1.527455
v 0.635217 -1.145957 -1.519955
v 0.520217 -1.145957 -1.504955
v 0.512717 -1.145957 -1.506964
v 0.633207 -1.145957 -1.512455
v 0.627717 -1.145957 -1.506965
v 0.620217 -1.145957 -1.504955
v 0.507227 -1.145957 -1.527455
v 0.505217 -1.145957 -1.519955
v 0.507227 -1.145957 -1.512455
v 0.512717 -1.145957 -1.532945
v 0.520217 -1.145957 -1.534955
v 0.620217 -1.145957 -1.534955
v -0.322283 -1.145957 -1.630945
v -0.316793 -1.145957 -1.625455
v -0.314783 -1.145957 -1.617954
v -0.316793 -1.145957 -1.610455
v -0.429783 -1.145957 -1.602955
v -0.329783 -1.145957 -1.602955
v -0.322283 -1.145957 -1.604964
v -0.437283 -1.145957 -1.604964
v -0.442773 -1.145957 -1.610455
v -0.444783 -1.145957 -1.617954
v -0.442773 -1.145957 -1.625455
v -0.437283 -1.145957 -1.630945
v -0.429783 -1.145957 -1.632955
v -0.329783 -1.145957 -1.632955
v -0.132283 -1.145957 -1.630945
v -0.126793 -1.145957 -1.625455
v -0.124783 -1.145957 -1.617955
v -0.126793 -1.145957 -1.610455
v -0.247283 -1.145957 -1.630945
v -0.239783 -1.145957 -1.632955
v -0.132283 -1.145957 -1.604964
v -0.139783 -1.145957 -1.602955
v -0.239783 -1.145957 -1.602955
v -0.247283 -1.145957 -1.604964
v -0.139783 -1.145957 -1.632955
v -0.252773 -1.145957 -1.610455
v -0.254783 -1.145957 -1.617954
v -0.252773 -1.145957 -1.625455
v 0.627717 -1.145957 -1.630945
v 0.633207 -1.145957 -1.625455
v 0.635217 -1.145957 -1.617955
v 0.633207 -1.145957 -1.610455
v 0.627717 -1.145957 -1.604964
v 0.620217 -1.145957 -1.602955
v 0.520217 -1.145957 -1.602955
v 0.512717 -1.145957 -1.604964
v 0.507226 -1.145957 -1.625455
v 0.505217 -1.145957 -1.617955
v 0.507226 -1.145957 -1.610455
v 0.512717 -1.145957 -1.630945
v 0.520217 -1.145957 -1.632955
v 0.620217 -1.145957 -1.632955
v -0.470886 -1.145957 -1.728705
v -0.472533 -1.145957 -1.727057
v -0.478680 -1.145957 -1.733205
v -0.477033 -1.145957 -1.734852
v -0.474783 -1.145957 -1.735455
v -0.472533 -1.145957 -1.734852
v -0.470886 -1.145957 -1.733205
v -0.470283 -1.145957 -1.730955
v -0.474783 -1.145957 -1.726454
v -0.477033 -1.145957 -1.727057
v -0.478680 -1.145957 -1.728705
v -0.479283 -1.145957 -1.730955
v -0.237283 -1.145957 -1.726454
v -0.235033 -1.145957 -1.727057
v -0.233386 -1.145957 -1.728705
v -0.241180 -1.145957 -1.733205
v -0.239533 -1.145957 -1.734852
v -0.237283 -1.145957 -1.735455
v -0.235033 -1.145957 -1.734852
v -0.239533 -1.145957 -1.727057
v -0.241180 -1.145957 -1.728705
v -0.241783 -1.145957 -1.730955
v 0.004114 -1.145957 -1.728705
v 0.002467 -1.145957 -1.727058
v 0.004717 -1.145957 -1.730955
v -0.003680 -1.145957 -1.733205
v -0.002033 -1.145957 -1.734852
v 0.000217 -1.145957 -1.735455
v 0.002467 -1.145957 -1.734852
v 0.004114 -1.145957 -1.733205
v 0.000217 -1.145957 -1.726455
v -0.002033 -1.145957 -1.727058
v -0.003680 -1.145957 -1.728705
v -0.004283 -1.145957 -1.730955
v 0.233820 -1.145957 -1.733205
v 0.235467 -1.145957 -1.734852
v 0.237717 -1.145957 -1.735455
v 0.239967 -1.145957 -1.734852
v 0.241614 -1.145957 -1.728705
v 0.239967 -1.145957 -1.727058
v 0.237717 -1.145957 -1.726455
v 0.235467 -1.145957 -1.727058
v 0.233820 -1.145957 -1.728705
v 0.233217 -1.145957 -1.730955
v 0.472967 -1.145957 -1.727058
v 0.471320 -1.145957 -1.728705
v 0.593967 -1.145957 -1.736955
v 0.596967 -1.145957 -1.736151
v 0.596967 -1.145957 -1.725759
v 0.593967 -1.145957 -1.724955
v 0.477467 -1.145957 -1.727058
v 0.590967 -1.145957 -1.725759
v 0.588771 -1.145957 -1.727955
v 0.470717 -1.145957 -1.730955
v 0.471320 -1.145957 -1.733205
v 0.599163 -1.145957 -1.733955
v 0.599967 -1.145957 -1.730955
v 0.599163 -1.145957 -1.727955
v 0.475217 -1.145957 -1.726455
v 0.472967 -1.145957 -1.734852
v 0.475217 -1.145957 -1.735455
v 0.477467 -1.145957 -1.734852
v 0.590967 -1.145957 -1.736151
v 0.588771 -1.145957 -1.733955
v 0.479114 -1.145957 -1.733205
v 0.587967 -1.145957 -1.730955
v 0.479717 -1.145957 -1.730955
v 0.479114 -1.145957 -1.728705
v 0.708820 -1.145957 -1.733205
v 0.710467 -1.145957 -1.734852
v 0.712717 -1.145957 -1.735455
v 0.714967 -1.145957 -1.734852
v 0.716614 -1.145957 -1.733205
v 0.712717 -1.145957 -1.726455
v 0.714967 -1.145957 -1.727058
v 0.716614 -1.145957 -1.728705
v 0.717217 -1.145957 -1.730955
v 0.710467 -1.145957 -1.727058
v 0.708820 -1.145957 -1.728705
v 0.708217 -1.145957 -1.730955
v -0.445033 -1.147957 -0.378954
v 0.507227 -1.147957 -0.939455
v 0.505217 -1.147957 -0.931955
v 0.445467 -1.147957 -0.970139
v -0.284783 -1.147957 -1.495205
v 0.708820 -1.147957 -1.733205
v 0.708217 -1.147957 -1.730955
v 0.471320 -1.147957 -1.733205
v 0.470717 -1.147957 -1.730955
v -0.003680 -1.147957 -1.733205
v -0.004283 -1.147957 -1.730955
v -0.241180 -1.147957 -1.733205
v -0.241783 -1.147957 -1.730955
v -0.445033 -1.147957 -1.678955
v -0.478680 -1.147957 -1.733205
v -0.479283 -1.147957 -1.730955
v 0.073550 -1.147957 -1.004948
v 0.043975 -1.147957 -0.991060
v 0.109389 -1.147957 -0.963820
v 0.107319 -1.147957 -0.973208
v -0.092474 -1.147957 -1.020955
v -0.022561 -1.147957 -1.089392
v 0.035771 -1.147957 -1.128544
v 0.035567 -1.147957 -1.132514
v 0.042873 -1.147957 -1.129965
v 0.029610 -1.147957 -0.844642
v 0.030159 -1.147957 -0.846119
v 0.016517 -1.147957 -0.795748
v 0.710217 -1.147957 -1.504955
v 0.695217 -1.147957 -1.225955
v 0.697227 -1.147957 -1.218455
v -0.822773 -1.147957 -1.429454
v -0.824783 -1.147957 -1.421954
v -0.958783 -1.147957 -0.219758
v -0.960979 -1.147957 -0.221954
v 0.918820 -1.147957 -1.733205
v 0.918217 -1.147957 -1.730955
v 0.961413 -1.147957 -0.221955
v 0.959217 -1.147957 -0.219759
v 0.959217 -1.147957 -1.742151
v 0.961413 -1.147957 -1.739955
v 0.918820 -1.147957 -1.728705
v 0.920467 -1.147957 -1.727058
v 0.922717 -1.147957 -1.726455
v 0.924967 -1.147957 -1.727058
v 0.926614 -1.147957 -1.728705
v 0.927217 -1.147957 -1.730955
v 0.926614 -1.147957 -1.733205
v 0.924967 -1.147957 -1.734852
v 0.922717 -1.147957 -1.735455
v 0.920467 -1.147957 -1.734852
v -0.710033 -1.147957 -1.734852
v -0.712283 -1.147957 -1.735454
v -0.926783 -1.147957 -1.730954
v -0.593533 -1.147957 -1.724954
v -0.590533 -1.147957 -1.725758
v -0.546158 -1.147957 -1.678955
v -0.588337 -1.147957 -1.727955
v -0.926180 -1.147957 -1.728704
v -0.924533 -1.147957 -1.727057
v -0.922283 -1.147957 -1.726454
v -0.596533 -1.147957 -1.725758
v -0.598729 -1.147957 -1.727955
v -0.712283 -1.147957 -1.726454
v -0.599533 -1.147957 -1.730955
v -0.710033 -1.147957 -1.727057
v -0.598729 -1.147957 -1.733954
v -0.708386 -1.147957 -1.728704
v -0.707783 -1.147957 -1.730955
v -0.920033 -1.147957 -1.727057
v -0.918386 -1.147957 -1.728704
v -0.716783 -1.147957 -1.730955
v -0.917783 -1.147957 -1.730954
v -0.716180 -1.147957 -1.733204
v -0.918386 -1.147957 -1.733204
v -0.920033 -1.147957 -1.734851
v -0.716180 -1.147957 -1.728704
v -0.714533 -1.147957 -1.727057
v -0.587533 -1.147957 -1.730955
v -0.714533 -1.147957 -1.734852
v -0.922283 -1.147957 -1.735454
v -0.924533 -1.147957 -1.734851
v -0.926180 -1.147957 -1.733204
v -0.958783 -1.147957 -1.742150
v -0.960979 -1.147957 -1.739954
v -0.588337 -1.147957 -1.733954
v -0.590533 -1.147957 -1.736151
v -0.593533 -1.147957 -1.736954
v -0.708386 -1.147957 -1.733204
v -0.596533 -1.147957 -1.736151
v -0.708386 -1.147957 -0.228704
v -0.546158 -1.147957 -0.222704
v -0.710033 -1.147957 -0.227057
v -0.712283 -1.147957 -0.226454
v -0.924533 -1.147957 -0.227057
v -0.922283 -1.147957 -0.226454
v -0.707783 -1.147957 -0.230954
v -0.708386 -1.147957 -0.233204
v -0.918386 -1.147957 -0.228704
v -0.917783 -1.147957 -0.230954
v -0.716783 -1.147957 -0.230954
v -0.714533 -1.147957 -0.227057
v -0.716180 -1.147957 -0.228704
v -0.920033 -1.147957 -0.227057
v -0.922283 -1.147957 -0.235454
v -0.924533 -1.147957 -0.234851
v -0.926180 -1.147957 -0.233204
v -0.926783 -1.147957 -0.230954
v -0.926180 -1.147957 -0.228704
v -0.710033 -1.147957 -0.234852
v -0.712283 -1.147957 -0.235454
v -0.871783 -1.147957 -0.268954
v -0.714533 -1.147957 -0.234852
v -0.716180 -1.147957 -0.233204
v -0.881783 -1.147957 -0.271634
v -0.918386 -1.147957 -0.233204
v -0.889103 -1.147957 -0.278954
v -0.920033 -1.147957 -0.234851
v 0.127227 -1.147957 -1.414455
v 0.125217 -1.147957 -1.421955
v 0.107995 -1.147957 -1.456705
v 0.127227 -1.147957 -1.429455
v 0.132717 -1.147957 -1.434945
v 0.132717 -1.147957 -1.408964
v 0.140217 -1.147957 -1.406955
v 0.445217 -1.147957 -1.421955
v 0.443207 -1.147957 -1.429455
v 0.445467 -1.147957 -1.456705
v 0.437717 -1.147957 -1.434945
v 0.240217 -1.147957 -1.406955
v 0.445467 -1.147957 -1.372955
v 0.247717 -1.147957 -1.408964
v 0.253207 -1.147957 -1.414455
v 0.437717 -1.147957 -1.408964
v 0.443207 -1.147957 -1.414455
v 0.317227 -1.147957 -1.414455
v 0.315217 -1.147957 -1.421955
v 0.255217 -1.147957 -1.421955
v 0.317227 -1.147957 -1.429455
v 0.253207 -1.147957 -1.429455
v 0.247717 -1.147957 -1.434945
v 0.240217 -1.147957 -1.436955
v 0.140217 -1.147957 -1.436955
v 0.322717 -1.147957 -1.408964
v 0.330217 -1.147957 -1.406955
v 0.430217 -1.147957 -1.406955
v 0.430217 -1.147957 -1.436955
v 0.330217 -1.147957 -1.436955
v 0.322717 -1.147957 -1.434945
v 0.710217 -1.147957 -0.456955
v 0.702717 -1.147957 -0.454945
v 0.697227 -1.147957 -0.449455
v 0.665217 -1.147957 -0.412955
v 0.695217 -1.147957 -0.441955
v 0.697227 -1.147957 -0.434455
v 0.817717 -1.147957 -0.428964
v 0.810217 -1.147957 -0.426955
v 0.771217 -1.147957 -0.412955
v 0.702717 -1.147957 -0.428964
v 0.710217 -1.147957 -0.426955
v 0.771217 -1.147957 -0.426955
v 0.823208 -1.147957 -0.434455
v 0.825217 -1.147957 -0.441955
v 0.823208 -1.147957 -0.449455
v 0.817717 -1.147957 -0.454945
v 0.810217 -1.147957 -0.456955
v -0.064783 -1.147957 -1.421955
v -0.062773 -1.147957 -1.414455
v -0.057283 -1.147957 -1.434945
v -0.062773 -1.147957 -1.429455
v 0.063207 -1.147957 -1.429455
v 0.057717 -1.147957 -1.434945
v -0.057283 -1.147957 -1.408964
v -0.049783 -1.147957 -1.406955
v 0.031328 -1.147957 -1.372955
v 0.050217 -1.147957 -1.406955
v 0.057717 -1.147957 -1.408964
v 0.063207 -1.147957 -1.414455
v 0.050217 -1.147957 -1.436955
v -0.049783 -1.147957 -1.436955
v 0.065217 -1.147957 -1.421955
v -0.062773 -1.147957 -1.512455
v -0.057283 -1.147957 -1.506964
v -0.049783 -1.147957 -1.504955
v -0.049783 -1.147957 -1.534955
v -0.057283 -1.147957 -1.532945
v -0.062773 -1.147957 -1.527455
v -0.064783 -1.147957 -1.519955
v 0.107995 -1.147957 -1.568955
v 0.057717 -1.147957 -1.532945
v 0.050217 -1.147957 -1.534955
v 0.057717 -1.147957 -1.506964
v 0.050217 -1.147957 -1.504955
v 0.063207 -1.147957 -1.512455
v 0.065217 -1.147957 -1.519955
v 0.063207 -1.147957 -1.527455
v 0.140217 -1.147957 -1.534955
v 0.127227 -1.147957 -1.512455
v 0.132717 -1.147957 -1.506964
v 0.140217 -1.147957 -1.504955
v 0.132717 -1.147957 -1.532945
v 0.127227 -1.147957 -1.527455
v 0.125217 -1.147957 -1.519955
v 0.430217 -1.147957 -1.504955
v 0.437717 -1.147957 -1.506964
v 0.445467 -1.147957 -1.495205
v 0.253207 -1.147957 -1.527455
v 0.247717 -1.147957 -1.532945
v 0.240217 -1.147957 -1.534955
v 0.330217 -1.147957 -1.504955
v 0.443207 -1.147957 -1.512455
v 0.445217 -1.147957 -1.519955
v 0.443207 -1.147957 -1.527455
v 0.437717 -1.147957 -1.532945
v 0.430217 -1.147957 -1.534955
v 0.330217 -1.147957 -1.534955
v 0.317227 -1.147957 -1.512455
v 0.253207 -1.147957 -1.512455
v 0.315217 -1.147957 -1.519955
v 0.255217 -1.147957 -1.519955
v 0.317227 -1.147957 -1.527455
v 0.322717 -1.147957 -1.532945
v 0.240217 -1.147957 -1.504955
v 0.247717 -1.147957 -1.506964
v 0.322717 -1.147957 -1.506964
v -0.822773 -1.147957 -1.512454
v -0.817283 -1.147957 -1.506964
v -0.627283 -1.147957 -1.506964
v -0.702283 -1.147957 -1.506964
v -0.696793 -1.147957 -1.512454
v -0.709783 -1.147957 -1.534954
v -0.809783 -1.147957 -1.534954
v -0.817283 -1.147957 -1.532945
v -0.822773 -1.147957 -1.527454
v -0.824783 -1.147957 -1.519954
v -0.619783 -1.147957 -1.504954
v -0.546158 -1.147957 -1.495205
v -0.709783 -1.147957 -1.504954
v -0.809783 -1.147957 -1.504954
v -0.702283 -1.147957 -1.532945
v -0.696793 -1.147957 -1.527454
v -0.619783 -1.147957 -1.534954
v -0.627283 -1.147957 -1.532945
v -0.632773 -1.147957 -1.527454
v -0.694783 -1.147957 -1.519954
v -0.634783 -1.147957 -1.519954
v -0.632773 -1.147957 -1.512454
v -0.519783 -1.147957 -1.504955
v -0.512283 -1.147957 -1.506964
v -0.490533 -1.147957 -1.495205
v -0.546158 -1.147957 -1.504955
v -0.506793 -1.147957 -1.527455
v -0.504783 -1.147957 -1.519955
v -0.506793 -1.147957 -1.512455
v -0.512283 -1.147957 -1.532945
v -0.519783 -1.147957 -1.534955
v 0.445217 -1.147957 -1.225955
v 0.443207 -1.147957 -1.233455
v 0.445467 -1.147957 -1.274955
v 0.437717 -1.147957 -1.238945
v 0.253207 -1.147957 -1.233455
v 0.247717 -1.147957 -1.238945
v 0.240217 -1.147957 -1.240955
v 0.430217 -1.147957 -1.240955
v 0.330217 -1.147957 -1.240955
v 0.445217 -1.147957 -1.127955
v 0.443207 -1.147957 -1.120455
v 0.437717 -1.147957 -1.114964
v 0.443207 -1.147957 -1.135455
v 0.437717 -1.147957 -1.140945
v 0.204228 -1.147957 -1.097397
v 0.317227 -1.147957 -1.120455
v 0.192856 -1.147957 -1.090850
v 0.189100 -1.147957 -1.089775
v 0.187222 -1.147957 -1.164450
v 0.188899 -1.147957 -1.162074
v 0.184106 -1.147957 -1.165955
v 0.189661 -1.147957 -1.157639
v 0.185217 -1.147957 -1.095972
v 0.188707 -1.147957 -1.098368
v 0.187159 -1.147957 -1.096896
v 0.189476 -1.147957 -1.100720
v 0.186851 -1.147957 -1.172415
v 0.184106 -1.147957 -1.172535
v 0.212405 -1.147957 -1.107673
v 0.216291 -1.147957 -1.118519
v 0.315217 -1.147957 -1.127955
v 0.187515 -1.147957 -1.089507
v 0.322717 -1.147957 -1.114964
v 0.330217 -1.147957 -1.112955
v 0.430217 -1.147957 -1.112955
v 0.253207 -1.147957 -1.218455
v 0.317227 -1.147957 -1.135455
v 0.247717 -1.147957 -1.212964
v 0.240217 -1.147957 -1.210955
v 0.217439 -1.147957 -1.130000
v 0.213467 -1.147957 -1.150970
v 0.208225 -1.147957 -1.159821
v 0.203451 -1.147957 -1.164756
v 0.200009 -1.147957 -1.167326
v 0.194978 -1.147957 -1.170077
v 0.189557 -1.147957 -1.171944
v 0.330217 -1.147957 -1.210955
v 0.322717 -1.147957 -1.140945
v 0.322717 -1.147957 -1.212964
v 0.317227 -1.147957 -1.218455
v 0.317095 -1.147957 -1.218688
v 0.253339 -1.147957 -1.218688
v 0.315217 -1.147957 -1.225955
v 0.255217 -1.147957 -1.225955
v 0.317227 -1.147957 -1.233455
v 0.322717 -1.147957 -1.238945
v 0.443207 -1.147957 -1.218455
v 0.437717 -1.147957 -1.212964
v 0.430217 -1.147957 -1.210955
v 0.430217 -1.147957 -1.142955
v 0.330217 -1.147957 -1.142955
v -0.817283 -1.147957 -1.336945
v -0.822773 -1.147957 -1.331454
v -0.824783 -1.147957 -1.323954
v -0.822773 -1.147957 -1.316454
v -0.817283 -1.147957 -1.310964
v -0.696793 -1.147957 -1.331454
v -0.632773 -1.147957 -1.331454
v -0.694783 -1.147957 -1.323954
v -0.634783 -1.147957 -1.323954
v -0.696793 -1.147957 -1.316454
v -0.632773 -1.147957 -1.316454
v -0.809783 -1.147957 -1.308954
v -0.709783 -1.147957 -1.308954
v -0.702283 -1.147957 -1.310964
v -0.619783 -1.147957 -1.338954
v -0.627283 -1.147957 -1.336945
v -0.702283 -1.147957 -1.336945
v -0.709783 -1.147957 -1.338954
v -0.809783 -1.147957 -1.338954
v -0.627283 -1.147957 -1.310964
v -0.619783 -1.147957 -1.308954
v -0.546158 -1.147957 -1.308954
v -0.519783 -1.147957 -1.308954
v -0.512283 -1.147957 -1.310964
v -0.506793 -1.147957 -1.316455
v -0.504783 -1.147957 -1.323955
v -0.506793 -1.147957 -1.331455
v -0.512283 -1.147957 -1.336945
v -0.519783 -1.147957 -1.338954
v 0.140217 -1.147957 -1.240955
v 0.132717 -1.147957 -1.238945
v 0.127227 -1.147957 -1.233455
v 0.125217 -1.147957 -1.225955
v 0.127227 -1.147957 -1.218455
v 0.157543 -1.147957 -1.170590
v 0.156401 -1.147957 -1.171669
v 0.135686 -1.147957 -1.090955
v 0.138134 -1.147957 -1.091423
v 0.178250 -1.147957 -1.089472
v 0.139135 -1.147957 -1.092232
v 0.139619 -1.147957 -1.093458
v 0.173237 -1.147957 -1.090205
v 0.181884 -1.147957 -1.128854
v 0.179661 -1.147957 -1.166076
v 0.179661 -1.147957 -1.172482
v 0.158962 -1.147957 -1.168740
v 0.140217 -1.147957 -1.210955
v 0.138428 -1.147957 -1.170301
v 0.134216 -1.147957 -1.161709
v 0.134766 -1.147957 -1.163177
v 0.150893 -1.147957 -1.131492
v 0.180907 -1.147957 -1.126365
v 0.181691 -1.147957 -1.127547
v 0.180200 -1.147957 -1.096007
v 0.182162 -1.147957 -1.089618
v 0.171593 -1.147957 -1.171174
v 0.154887 -1.147957 -1.172066
v 0.153394 -1.147957 -1.171827
v 0.132717 -1.147957 -1.212964
v 0.136686 -1.147957 -1.170892
v 0.134106 -1.147957 -1.160139
v 0.150158 -1.147957 -1.130825
v 0.149689 -1.147957 -1.129383
v 0.134106 -1.147957 -1.101562
v 0.152995 -1.147957 -1.100885
v 0.159370 -1.147957 -1.095947
v 0.166502 -1.147957 -1.092170
v 0.179280 -1.147957 -1.125521
v 0.152620 -1.147957 -1.171319
v 0.152169 -1.147957 -1.170550
v 0.139304 -1.147957 -1.169387
v 0.151884 -1.147957 -1.168576
v 0.139662 -1.147957 -1.167864
v 0.139526 -1.147957 -1.166765
v 0.150088 -1.147957 -1.126777
v 0.137491 -1.147957 -1.097135
v 0.177886 -1.147957 -1.096862
v 0.176207 -1.147957 -1.098646
v 0.175424 -1.147957 -1.100899
v 0.135377 -1.147957 -1.163847
v 0.137491 -1.147957 -1.164652
v 0.138882 -1.147957 -1.165534
v 0.151884 -1.147957 -1.145521
v 0.152511 -1.147957 -1.142408
v 0.181464 -1.147957 -1.130413
v 0.180486 -1.147957 -1.131347
v 0.179488 -1.147957 -1.131766
v 0.139662 -1.147957 -1.093993
v 0.139256 -1.147957 -1.095758
v 0.138682 -1.147957 -1.096466
v 0.152986 -1.147957 -1.121778
v 0.152640 -1.147957 -1.123960
v 0.176033 -1.147957 -1.124097
v 0.176667 -1.147957 -1.124762
v 0.175369 -1.147957 -1.122499
v 0.175217 -1.147957 -1.120764
v 0.159919 -1.147957 -1.167829
v 0.161033 -1.147957 -1.167621
v 0.162491 -1.147957 -1.167940
v 0.153359 -1.147957 -1.141452
v 0.154514 -1.147957 -1.141006
v 0.153984 -1.147957 -1.132066
v 0.155182 -1.147957 -1.140955
v 0.177057 -1.147957 -1.132066
v 0.136002 -1.147957 -1.097680
v 0.135107 -1.147957 -1.098130
v 0.134766 -1.147957 -1.098594
v 0.149662 -1.147957 -1.128732
v 0.134219 -1.147957 -1.100026
v 0.156890 -1.147957 -1.141294
v 0.157843 -1.147957 -1.142104
v 0.158318 -1.147957 -1.142962
v 0.172484 -1.147957 -1.164580
v 0.166745 -1.147957 -1.160069
v 0.162308 -1.147957 -1.153036
v -0.064783 -1.147957 -1.225955
v -0.062773 -1.147957 -1.233455
v -0.049783 -1.147957 -1.240955
v -0.057283 -1.147957 -1.238945
v 0.057717 -1.147957 -1.238945
v 0.050217 -1.147957 -1.240955
v 0.053375 -1.147957 -1.095677
v 0.052995 -1.147957 -1.094097
v 0.046631 -1.147957 -1.095632
v 0.031228 -1.147957 -1.165623
v 0.031727 -1.147957 -1.166007
v 0.037446 -1.147957 -1.169067
v 0.057717 -1.147957 -1.212964
v 0.063207 -1.147957 -1.218455
v 0.065217 -1.147957 -1.225955
v 0.063207 -1.147957 -1.233455
v 0.060773 -1.147957 -1.102031
v 0.056328 -1.147957 -1.132291
v 0.060773 -1.147957 -1.170955
v 0.056276 -1.147957 -1.164444
v 0.056276 -1.147957 -1.170955
v 0.106971 -1.147957 -1.170955
v 0.091526 -1.147957 -1.169387
v 0.090650 -1.147957 -1.170301
v 0.105165 -1.147957 -1.097135
v 0.103734 -1.147957 -1.096228
v 0.086328 -1.147957 -1.101562
v 0.087908 -1.147957 -1.090955
v 0.103370 -1.147957 -1.092486
v 0.104247 -1.147957 -1.091589
v 0.054766 -1.147957 -1.170955
v 0.050217 -1.147957 -1.210955
v 0.049265 -1.147957 -1.170851
v 0.043776 -1.147957 -1.170486
v 0.089714 -1.147957 -1.164652
v 0.091104 -1.147957 -1.165534
v 0.103518 -1.147957 -1.165873
v 0.091748 -1.147957 -1.166765
v 0.088909 -1.147957 -1.170892
v 0.031310 -1.147957 -1.089897
v 0.033168 -1.147957 -1.089844
v 0.051745 -1.147957 -1.133923
v 0.050125 -1.147957 -1.136265
v 0.053927 -1.147957 -1.132814
v 0.049677 -1.147957 -1.139688
v 0.049662 -1.147957 -1.156076
v 0.051962 -1.147957 -1.162455
v 0.050369 -1.147957 -1.160314
v 0.041614 -1.147957 -1.091539
v 0.053347 -1.147957 -1.092800
v 0.054627 -1.147957 -1.091649
v 0.105947 -1.147957 -1.091021
v 0.054039 -1.147957 -1.096463
v 0.049253 -1.147957 -1.101695
v 0.055998 -1.147957 -1.097309
v 0.086988 -1.147957 -1.163177
v 0.087600 -1.147957 -1.163847
v 0.086439 -1.147957 -1.161709
v 0.086328 -1.147957 -1.160139
v 0.103143 -1.147957 -1.095121
v 0.091478 -1.147957 -1.095758
v 0.090904 -1.147957 -1.096466
v 0.104517 -1.147957 -1.170457
v 0.103519 -1.147957 -1.169637
v 0.091884 -1.147957 -1.167864
v 0.103029 -1.147957 -1.168339
v 0.102995 -1.147957 -1.167864
v 0.049662 -1.147957 -1.106059
v 0.056328 -1.147957 -1.126059
v 0.090356 -1.147957 -1.091423
v 0.091357 -1.147957 -1.092232
v 0.102995 -1.147957 -1.093993
v 0.091841 -1.147957 -1.093458
v 0.091884 -1.147957 -1.093993
v 0.088224 -1.147957 -1.097680
v 0.087329 -1.147957 -1.098130
v 0.086988 -1.147957 -1.098593
v 0.056562 -1.147957 -1.091075
v 0.058585 -1.147957 -1.090955
v 0.051380 -1.147957 -1.123663
v 0.053610 -1.147957 -1.125355
v 0.050264 -1.147957 -1.121767
v 0.049714 -1.147957 -1.119635
v 0.107569 -1.147957 -1.163621
v 0.107891 -1.147957 -1.163177
v 0.106658 -1.147957 -1.164105
v 0.104537 -1.147957 -1.164939
v 0.089714 -1.147957 -1.097135
v 0.086441 -1.147957 -1.100026
v 0.059835 -1.147957 -1.098767
v 0.058886 -1.147957 -1.098033
v 0.060589 -1.147957 -1.100311
v -0.017642 -1.147957 -1.162016
v -0.017005 -1.147957 -1.157812
v -0.027005 -1.147957 -1.166146
v -0.072910 -1.147957 -1.170902
v -0.075720 -1.147957 -1.170955
v -0.057283 -1.147957 -1.212964
v -0.091068 -1.147957 -1.096545
v -0.101450 -1.147957 -1.116868
v -0.017255 -1.147957 -1.101815
v -0.018446 -1.147957 -1.098298
v -0.020269 -1.147957 -1.096676
v -0.083672 -1.147957 -1.108559
v -0.083672 -1.147957 -1.139809
v -0.076554 -1.147957 -1.159531
v -0.077005 -1.147957 -1.150069
v 0.026894 -1.147957 -1.090570
v -0.021613 -1.147957 -1.089490
v 0.021276 -1.147957 -1.093403
v -0.092196 -1.147957 -1.095452
v -0.092561 -1.147957 -1.093923
v -0.092292 -1.147957 -1.092691
v -0.073724 -1.147957 -1.090955
v -0.070204 -1.147957 -1.091423
v -0.027967 -1.147957 -1.089484
v -0.068694 -1.147957 -1.092341
v -0.038859 -1.147957 -1.092272
v -0.048898 -1.147957 -1.099184
v -0.062773 -1.147957 -1.218455
v -0.101398 -1.147957 -1.170955
v 0.025927 -1.147957 -1.159189
v -0.011004 -1.147957 -1.169958
v -0.022561 -1.147957 -1.172535
v 0.025288 -1.147957 -1.143082
v 0.029193 -1.147957 -1.136805
v 0.025511 -1.147957 -1.121273
v -0.019025 -1.147957 -1.164120
v -0.084868 -1.147957 -1.102177
v -0.087835 -1.147957 -1.098531
v 0.008267 -1.147957 -1.113814
v 0.010773 -1.147957 -1.130868
v 0.018203 -1.147957 -1.105399
v 0.016792 -1.147957 -1.104879
v 0.015584 -1.147957 -1.103573
v -0.000686 -1.147957 -1.099184
v 0.015217 -1.147957 -1.102291
v -0.010729 -1.147957 -1.092305
v 0.016639 -1.147957 -1.098444
v 0.020229 -1.147957 -1.094280
v -0.027005 -1.147957 -1.095798
v -0.017005 -1.147957 -1.105538
v -0.029263 -1.147957 -1.096615
v -0.032561 -1.147957 -1.157812
v -0.032561 -1.147957 -1.105538
v -0.032261 -1.147957 -1.101800
v -0.030963 -1.147957 -1.098298
v -0.068460 -1.147957 -1.095341
v -0.057833 -1.147957 -1.113820
v -0.068116 -1.147957 -1.093993
v -0.068199 -1.147957 -1.093298
v -0.069441 -1.147957 -1.096263
v -0.057702 -1.147957 -1.148358
v -0.060338 -1.147957 -1.130868
v -0.068288 -1.147957 -1.166504
v -0.068116 -1.147957 -1.167500
v -0.048359 -1.147957 -1.163281
v -0.038570 -1.147957 -1.169954
v -0.068652 -1.147957 -1.169336
v -0.049783 -1.147957 -1.210955
v -0.069664 -1.147957 -1.170306
v -0.070130 -1.147957 -1.170538
v 0.029245 -1.147957 -1.125468
v 0.021447 -1.147957 -1.103030
v 0.021189 -1.147957 -1.103368
v 0.024106 -1.147957 -1.103784
v -0.029598 -1.147957 -1.164929
v -0.031502 -1.147957 -1.162812
v -0.032350 -1.147957 -1.160384
v -0.091484 -1.147957 -1.091718
v -0.089662 -1.147957 -1.091077
v -0.027005 -1.147957 -1.172535
v -0.022561 -1.147957 -1.166146
v 0.024106 -1.147957 -1.115850
v 0.023873 -1.147957 -1.102622
v 0.023534 -1.147957 -1.102240
v -0.071207 -1.147957 -1.097309
v -0.076798 -1.147957 -1.105630
v -0.075057 -1.147957 -1.100795
v -0.068797 -1.147957 -1.165588
v -0.070061 -1.147957 -1.164739
v -0.072300 -1.147957 -1.163923
v -0.074832 -1.147957 -1.162148
v 0.024106 -1.147957 -1.150399
v 0.008091 -1.147957 -1.148348
v -0.001224 -1.147957 -1.163281
v 0.022218 -1.147957 -1.102239
v 0.022873 -1.147957 -1.102066
v 0.023017 -1.147957 -1.102078
v 0.018706 -1.147957 -1.105336
v 0.019918 -1.147957 -1.104731
v -0.239783 -1.147957 -1.240955
v -0.247283 -1.147957 -1.238945
v -0.284783 -1.147957 -1.274955
v -0.252773 -1.147957 -1.233454
v -0.139783 -1.147957 -1.240955
v -0.132283 -1.147957 -1.238945
v -0.140473 -1.147957 -1.165477
v -0.138273 -1.147957 -1.164166
v -0.135554 -1.147957 -1.162087
v -0.116571 -1.147957 -1.090955
v -0.132561 -1.147957 -1.090955
v -0.169279 -1.147957 -1.117621
v -0.182404 -1.147957 -1.117621
v -0.172023 -1.147957 -1.143663
v -0.171623 -1.147957 -1.165121
v -0.169036 -1.147957 -1.155850
v -0.133654 -1.147957 -1.159236
v -0.132783 -1.147957 -1.155986
v -0.141162 -1.147957 -1.166276
v -0.132561 -1.147957 -1.125989
v -0.219047 -1.147957 -1.095113
v -0.284783 -1.147957 -1.089618
v -0.218422 -1.147957 -1.095977
v -0.254783 -1.147957 -1.225955
v -0.252773 -1.147957 -1.218455
v -0.247283 -1.147957 -1.212964
v -0.216519 -1.147957 -1.097048
v -0.167700 -1.147957 -1.110955
v -0.184036 -1.147957 -1.110955
v -0.161581 -1.147957 -1.104493
v -0.161450 -1.147957 -1.102968
v -0.138660 -1.147957 -1.170802
v -0.140477 -1.147957 -1.170000
v -0.139783 -1.147957 -1.210955
v -0.183152 -1.147957 -1.091397
v -0.181989 -1.147957 -1.092358
v -0.164349 -1.147957 -1.090955
v -0.117005 -1.147957 -1.167864
v -0.117349 -1.147957 -1.169382
v -0.101450 -1.147957 -1.170864
v -0.173082 -1.147957 -1.170955
v -0.239783 -1.147957 -1.210954
v -0.196693 -1.147957 -1.170954
v -0.213576 -1.147957 -1.100460
v -0.166488 -1.147957 -1.091307
v -0.132561 -1.147957 -1.116666
v -0.125894 -1.147957 -1.136441
v -0.146336 -1.147957 -1.091660
v -0.145254 -1.147957 -1.092658
v -0.132283 -1.147957 -1.212964
v -0.126793 -1.147957 -1.218455
v -0.124783 -1.147957 -1.225955
v -0.126793 -1.147957 -1.233455
v -0.141200 -1.147957 -1.168972
v -0.141450 -1.147957 -1.167743
v -0.219227 -1.147957 -1.094010
v -0.218827 -1.147957 -1.092491
v -0.217886 -1.147957 -1.091622
v -0.144783 -1.147957 -1.094340
v -0.124615 -1.147957 -1.159884
v -0.121376 -1.147957 -1.163526
v -0.125894 -1.147957 -1.152621
v -0.117573 -1.147957 -1.165961
v -0.117076 -1.147957 -1.167142
v -0.118160 -1.147957 -1.170262
v -0.214158 -1.147957 -1.098871
v -0.215168 -1.147957 -1.097748
v -0.145202 -1.147957 -1.095633
v -0.146558 -1.147957 -1.096759
v -0.181680 -1.147957 -1.095539
v -0.182261 -1.147957 -1.096305
v -0.167698 -1.147957 -1.095598
v -0.183898 -1.147957 -1.097396
v -0.185894 -1.147957 -1.100503
v -0.185864 -1.147957 -1.101402
v -0.166380 -1.147957 -1.096788
v -0.164540 -1.147957 -1.097725
v -0.162202 -1.147957 -1.099876
v -0.154708 -1.147957 -1.104427
v -0.181450 -1.147957 -1.094114
v -0.168116 -1.147957 -1.093871
v -0.181494 -1.147957 -1.093594
v -0.167809 -1.147957 -1.092471
v -0.167119 -1.147957 -1.091639
v -0.216771 -1.147957 -1.091193
v -0.214505 -1.147957 -1.090955
v -0.185269 -1.147957 -1.090955
v -0.185392 -1.147957 -1.098640
v -0.185861 -1.147957 -1.099945
v -0.119516 -1.147957 -1.170769
v -0.121554 -1.147957 -1.170955
v -0.150557 -1.147957 -1.098809
v -0.153099 -1.147957 -1.101354
v -0.149470 -1.147957 -1.090955
v -0.314783 -1.147957 -1.225955
v -0.316793 -1.147957 -1.233454
v -0.322283 -1.147957 -1.238945
v -0.329783 -1.147957 -1.240955
v -0.429783 -1.147957 -1.240955
v -0.437283 -1.147957 -1.238945
v -0.322283 -1.147957 -1.114964
v -0.316793 -1.147957 -1.120454
v -0.314783 -1.147957 -1.127954
v -0.316793 -1.147957 -1.135455
v -0.322283 -1.147957 -1.140945
v -0.442773 -1.147957 -1.120454
v -0.445033 -1.147957 -1.089618
v -0.444783 -1.147957 -1.127954
v -0.445033 -1.147957 -1.218704
v -0.442773 -1.147957 -1.135455
v -0.437283 -1.147957 -1.114964
v -0.429783 -1.147957 -1.112954
v -0.329783 -1.147957 -1.112954
v -0.442773 -1.147957 -1.233454
v -0.444783 -1.147957 -1.225955
v -0.442773 -1.147957 -1.218455
v -0.437283 -1.147957 -1.212964
v -0.437283 -1.147957 -1.140945
v -0.429783 -1.147957 -1.210954
v -0.429783 -1.147957 -1.142954
v -0.329783 -1.147957 -1.142954
v -0.329783 -1.147957 -1.210954
v -0.322283 -1.147957 -1.212964
v -0.316793 -1.147957 -1.218455
v -0.822773 -1.147957 -1.414454
v -0.817283 -1.147957 -1.408964
v -0.619783 -1.147957 -1.436954
v -0.627283 -1.147957 -1.434945
v -0.696793 -1.147957 -1.429454
v -0.632773 -1.147957 -1.429454
v -0.694783 -1.147957 -1.421954
v -0.634783 -1.147957 -1.421954
v -0.696793 -1.147957 -1.414454
v -0.632773 -1.147957 -1.414454
v -0.519783 -1.147957 -1.436954
v -0.709783 -1.147957 -1.436954
v -0.809783 -1.147957 -1.436954
v -0.817283 -1.147957 -1.434945
v -0.809783 -1.147957 -1.406954
v -0.709783 -1.147957 -1.406954
v -0.702283 -1.147957 -1.408964
v -0.702283 -1.147957 -1.434945
v -0.627283 -1.147957 -1.408964
v -0.619783 -1.147957 -1.406954
v -0.546158 -1.147957 -1.406955
v -0.519783 -1.147957 -1.406955
v -0.512283 -1.147957 -1.408964
v -0.506793 -1.147957 -1.414454
v -0.504783 -1.147957 -1.421955
v -0.506793 -1.147957 -1.429455
v -0.512283 -1.147957 -1.434945
v 0.132717 -1.147957 -1.336945
v 0.127227 -1.147957 -1.331455
v 0.125217 -1.147957 -1.323955
v 0.127227 -1.147957 -1.316455
v 0.132717 -1.147957 -1.310964
v 0.140217 -1.147957 -1.308955
v 0.240217 -1.147957 -1.308955
v 0.247717 -1.147957 -1.310964
v 0.253207 -1.147957 -1.316455
v 0.437717 -1.147957 -1.310964
v 0.443207 -1.147957 -1.316455
v 0.445217 -1.147957 -1.323955
v 0.443207 -1.147957 -1.331455
v 0.437717 -1.147957 -1.336945
v 0.317227 -1.147957 -1.316455
v 0.315217 -1.147957 -1.323955
v 0.255217 -1.147957 -1.323955
v 0.317227 -1.147957 -1.331455
v 0.253207 -1.147957 -1.331455
v 0.247717 -1.147957 -1.336945
v 0.240217 -1.147957 -1.338955
v 0.140217 -1.147957 -1.338955
v 0.322717 -1.147957 -1.310964
v 0.330217 -1.147957 -1.308955
v 0.430217 -1.147957 -1.308955
v 0.430217 -1.147957 -1.338955
v 0.330217 -1.147957 -1.338955
v 0.322717 -1.147957 -1.336945
v -0.062773 -1.147957 -1.316455
v -0.057283 -1.147957 -1.310964
v -0.057283 -1.147957 -1.336945
v -0.062773 -1.147957 -1.331455
v -0.064783 -1.147957 -1.323955
v -0.049783 -1.147957 -1.308955
v 0.057717 -1.147957 -1.336945
v 0.057717 -1.147957 -1.310964
v 0.050217 -1.147957 -1.308955
v 0.050217 -1.147957 -1.338955
v 0.031328 -1.147957 -1.338955
v -0.049783 -1.147957 -1.338955
v 0.063207 -1.147957 -1.316455
v 0.065217 -1.147957 -1.323955
v 0.063207 -1.147957 -1.331455
v 0.697227 -1.147957 -1.233455
v 0.702717 -1.147957 -1.238945
v 0.823207 -1.147957 -1.233455
v 0.825217 -1.147957 -1.225955
v 0.823207 -1.147957 -1.218455
v 0.817717 -1.147957 -1.212964
v 0.817717 -1.147957 -1.238945
v 0.810217 -1.147957 -1.240955
v 0.710217 -1.147957 -1.240955
v 0.817717 -1.147957 -1.114964
v 0.810217 -1.147957 -1.112955
v 0.710217 -1.147957 -1.112955
v 0.823207 -1.147957 -1.120455
v 0.825217 -1.147957 -1.127955
v 0.823207 -1.147957 -1.135455
v 0.817717 -1.147957 -1.140945
v 0.810217 -1.147957 -1.142955
v 0.810217 -1.147957 -1.210955
v 0.697227 -1.147957 -1.135455
v 0.695217 -1.147957 -1.127955
v 0.665217 -1.147957 -1.089618
v 0.702717 -1.147957 -1.212964
v 0.702717 -1.147957 -1.140945
v 0.710217 -1.147957 -1.210955
v 0.697227 -1.147957 -1.120455
v 0.702717 -1.147957 -1.114964
v 0.771217 -1.147957 -1.210955
v 0.710217 -1.147957 -1.142955
v 0.702717 -1.147957 -1.336945
v 0.697227 -1.147957 -1.331455
v 0.665217 -1.147957 -1.372955
v 0.695217 -1.147957 -1.323955
v 0.697227 -1.147957 -1.316455
v 0.710217 -1.147957 -1.308955
v 0.702717 -1.147957 -1.310964
v 0.810217 -1.147957 -1.308955
v 0.817717 -1.147957 -1.310964
v 0.823207 -1.147957 -1.316455
v 0.825217 -1.147957 -1.323955
v 0.823207 -1.147957 -1.331455
v 0.817717 -1.147957 -1.336945
v 0.810217 -1.147957 -1.338955
v 0.771217 -1.147957 -1.372955
v 0.710217 -1.147957 -1.338955
v 0.702717 -1.147957 -1.042945
v 0.697227 -1.147957 -1.037455
v 0.695217 -1.147957 -1.029955
v 0.697227 -1.147957 -1.022455
v 0.710217 -1.147957 -1.044955
v 0.771217 -1.147957 -1.044955
v 0.702717 -1.147957 -1.016964
v 0.710217 -1.147957 -1.014955
v 0.771217 -1.147957 -0.970139
v 0.810217 -1.147957 -1.014955
v 0.817717 -1.147957 -1.016964
v 0.823207 -1.147957 -1.022455
v 0.825217 -1.147957 -1.029955
v 0.823207 -1.147957 -1.037455
v 0.817717 -1.147957 -1.042945
v 0.810217 -1.147957 -1.044955
v 0.520217 -1.147957 -1.240955
v 0.512717 -1.147957 -1.238945
v 0.507227 -1.147957 -1.233455
v 0.620217 -1.147957 -1.240955
v 0.627717 -1.147957 -1.238945
v 0.627717 -1.147957 -1.114964
v 0.633207 -1.147957 -1.120455
v 0.505217 -1.147957 -1.127955
v 0.507227 -1.147957 -1.120455
v 0.635217 -1.147957 -1.127955
v 0.627717 -1.147957 -1.212964
v 0.633207 -1.147957 -1.218455
v 0.635217 -1.147957 -1.225955
v 0.633207 -1.147957 -1.233455
v 0.507227 -1.147957 -1.135455
v 0.512717 -1.147957 -1.114964
v 0.520217 -1.147957 -1.112955
v 0.620217 -1.147957 -1.112955
v 0.505217 -1.147957 -1.225955
v 0.507227 -1.147957 -1.218455
v 0.512717 -1.147957 -1.212964
v 0.512717 -1.147957 -1.140945
v 0.520217 -1.147957 -1.210955
v 0.520217 -1.147957 -1.142955
v 0.620217 -1.147957 -1.142955
v 0.633207 -1.147957 -1.135455
v 0.627717 -1.147957 -1.140945
v 0.620217 -1.147957 -1.210955
v 0.771217 -1.147957 -1.632955
v 0.710217 -1.147957 -1.632955
v 0.702717 -1.147957 -1.630945
v 0.665217 -1.147957 -1.568955
v 0.702717 -1.147957 -1.604964
v 0.710217 -1.147957 -1.602955
v 0.697227 -1.147957 -1.625455
v 0.695217 -1.147957 -1.617955
v 0.697227 -1.147957 -1.610455
v 0.817717 -1.147957 -1.604964
v 0.810217 -1.147957 -1.602955
v 0.823207 -1.147957 -1.610455
v 0.825217 -1.147957 -1.617955
v 0.823207 -1.147957 -1.625455
v 0.817717 -1.147957 -1.630945
v 0.810217 -1.147957 -1.632955
v 0.697227 -1.147957 -1.429455
v 0.695217 -1.147957 -1.421955
v 0.697227 -1.147957 -1.414455
v 0.710217 -1.147957 -1.436955
v 0.702717 -1.147957 -1.434945
v 0.710217 -1.147957 -1.406955
v 0.702717 -1.147957 -1.408965
v 0.905217 -1.147957 -1.456705
v 0.823207 -1.147957 -1.429455
v 0.817717 -1.147957 -1.434945
v 0.810217 -1.147957 -1.406955
v 0.817717 -1.147957 -1.408965
v 0.823207 -1.147957 -1.414455
v 0.825217 -1.147957 -1.421955
v 0.697227 -1.147957 -1.512455
v 0.702717 -1.147957 -1.506965
v 0.665217 -1.147957 -1.495205
v 0.771217 -1.147957 -1.534955
v 0.710217 -1.147957 -1.534955
v 0.702717 -1.147957 -1.532945
v 0.697227 -1.147957 -1.527455
v 0.695217 -1.147957 -1.519955
v 0.810217 -1.147957 -1.504955
v 0.817717 -1.147957 -1.506965
v 0.823207 -1.147957 -1.512455
v 0.825217 -1.147957 -1.519955
v 0.823207 -1.147957 -1.527455
v 0.817717 -1.147957 -1.532945
v 0.810217 -1.147957 -1.534955
v -0.062773 -1.147957 -1.610455
v -0.057283 -1.147957 -1.604964
v -0.049783 -1.147957 -1.602955
v -0.049783 -1.147957 -1.632955
v -0.057283 -1.147957 -1.630945
v -0.062773 -1.147957 -1.625455
v -0.064783 -1.147957 -1.617955
v 0.057717 -1.147957 -1.630945
v 0.050217 -1.147957 -1.632955
v 0.057717 -1.147957 -1.604964
v 0.050217 -1.147957 -1.602955
v 0.063207 -1.147957 -1.610455
v 0.065217 -1.147957 -1.617955
v 0.063207 -1.147957 -1.625455
v 0.182161 -1.147957 -1.678955
v 0.140217 -1.147957 -1.632955
v 0.132717 -1.147957 -1.630945
v 0.132717 -1.147957 -1.604964
v 0.140217 -1.147957 -1.602955
v 0.127227 -1.147957 -1.625455
v 0.125217 -1.147957 -1.617955
v 0.127227 -1.147957 -1.610455
v 0.240217 -1.147957 -1.602955
v 0.247717 -1.147957 -1.604964
v 0.253207 -1.147957 -1.610455
v 0.322717 -1.147957 -1.604964
v 0.330217 -1.147957 -1.602955
v 0.430217 -1.147957 -1.602955
v 0.437717 -1.147957 -1.604964
v 0.443207 -1.147957 -1.625455
v 0.445467 -1.147957 -1.678955
v 0.445217 -1.147957 -1.617955
v 0.443207 -1.147957 -1.610455
v 0.437717 -1.147957 -1.630945
v 0.430217 -1.147957 -1.632955
v 0.330217 -1.147957 -1.632955
v 0.253207 -1.147957 -1.625455
v 0.247717 -1.147957 -1.630945
v 0.240217 -1.147957 -1.632955
v 0.322717 -1.147957 -1.630945
v 0.317226 -1.147957 -1.625455
v 0.255217 -1.147957 -1.617955
v 0.315217 -1.147957 -1.617955
v 0.317226 -1.147957 -1.610455
v 0.697227 -1.147957 -0.547455
v 0.695217 -1.147957 -0.539955
v 0.697227 -1.147957 -0.532455
v 0.702717 -1.147957 -0.526964
v 0.710217 -1.147957 -0.554955
v 0.702717 -1.147957 -0.552945
v 0.710217 -1.147957 -0.524955
v 0.817717 -1.147957 -0.526964
v 0.810217 -1.147957 -0.524955
v 0.823208 -1.147957 -0.532455
v 0.825217 -1.147957 -0.539955
v 0.905217 -1.147957 -0.588955
v 0.823208 -1.147957 -0.547455
v 0.817717 -1.147957 -0.552945
v 0.810217 -1.147957 -0.554955
v -0.709783 -1.147957 -1.602955
v -0.702283 -1.147957 -1.604964
v -0.824783 -1.147957 -1.617954
v -0.822773 -1.147957 -1.610454
v -0.817283 -1.147957 -1.604964
v -0.809783 -1.147957 -1.602955
v -0.822773 -1.147957 -1.625454
v -0.817283 -1.147957 -1.630945
v -0.696793 -1.147957 -1.610454
v -0.694783 -1.147957 -1.617954
v -0.634783 -1.147957 -1.617954
v -0.632773 -1.147957 -1.625454
v -0.696793 -1.147957 -1.625454
v -0.627283 -1.147957 -1.630945
v -0.619783 -1.147957 -1.632954
v -0.702283 -1.147957 -1.630945
v -0.709783 -1.147957 -1.632954
v -0.809783 -1.147957 -1.632954
v -0.632773 -1.147957 -1.610454
v -0.627283 -1.147957 -1.604964
v -0.619783 -1.147957 -1.602955
v -0.519783 -1.147957 -1.602955
v -0.512283 -1.147957 -1.604964
v -0.506793 -1.147957 -1.625455
v -0.504783 -1.147957 -1.617954
v -0.506793 -1.147957 -1.610455
v -0.512283 -1.147957 -1.630945
v -0.519783 -1.147957 -1.632955
v 0.810217 -1.147957 -0.848955
v 0.710217 -1.147957 -0.848955
v 0.702717 -1.147957 -0.846945
v 0.697227 -1.147957 -0.841455
v 0.697227 -1.147957 -0.743455
v 0.695217 -1.147957 -0.735955
v 0.695217 -1.147957 -0.833955
v 0.697227 -1.147957 -0.826455
v 0.702717 -1.147957 -0.820964
v 0.702717 -1.147957 -0.748945
v 0.710217 -1.147957 -0.818955
v 0.710217 -1.147957 -0.750955
v 0.817717 -1.147957 -0.722964
v 0.823208 -1.147957 -0.728455
v 0.823207 -1.147957 -0.841455
v 0.817717 -1.147957 -0.846945
v 0.823207 -1.147957 -0.826455
v 0.825217 -1.147957 -0.833955
v 0.810217 -1.147957 -0.750955
v 0.825217 -1.147957 -0.735955
v 0.823208 -1.147957 -0.743455
v 0.817717 -1.147957 -0.748945
v 0.817717 -1.147957 -0.820964
v 0.810217 -1.147957 -0.818955
v 0.702717 -1.147957 -0.944945
v 0.697227 -1.147957 -0.939455
v 0.695217 -1.147957 -0.931955
v 0.697227 -1.147957 -0.924455
v 0.710217 -1.147957 -0.916955
v 0.702717 -1.147957 -0.918964
v 0.810217 -1.147957 -0.916955
v 0.817717 -1.147957 -0.918964
v 0.823207 -1.147957 -0.924455
v 0.825217 -1.147957 -0.931955
v 0.823207 -1.147957 -0.939455
v 0.817717 -1.147957 -0.944945
v 0.810217 -1.147957 -0.946955
v 0.771217 -1.147957 -0.946955
v 0.710217 -1.147957 -0.946955
v 0.702717 -1.147957 -0.650945
v 0.697227 -1.147957 -0.645455
v 0.695217 -1.147957 -0.637955
v 0.697227 -1.147957 -0.630455
v 0.702717 -1.147957 -0.624964
v 0.697227 -1.147957 -0.728455
v 0.702717 -1.147957 -0.722964
v 0.710217 -1.147957 -0.720955
v 0.710217 -1.147957 -0.652955
v 0.710217 -1.147957 -0.622955
v 0.817717 -1.147957 -0.624964
v 0.810217 -1.147957 -0.622955
v 0.823208 -1.147957 -0.630455
v 0.825217 -1.147957 -0.637955
v 0.823208 -1.147957 -0.645455
v 0.817717 -1.147957 -0.650945
v 0.810217 -1.147957 -0.652955
v 0.810217 -1.147957 -0.720955
v 0.635217 -1.147957 -0.833955
v 0.633207 -1.147957 -0.841455
v 0.627717 -1.147957 -0.846945
v 0.633207 -1.147957 -0.826455
v 0.507227 -1.147957 -0.743455
v 0.505217 -1.147957 -0.735955
v 0.507227 -1.147957 -0.728455
v 0.511807 -1.147957 -0.723535
v 0.507227 -1.147957 -0.841455
v 0.505217 -1.147957 -0.833955
v 0.445467 -1.147957 -0.863403
v 0.507227 -1.147957 -0.826455
v 0.620217 -1.147957 -0.848955
v 0.520217 -1.147957 -0.848955
v 0.512717 -1.147957 -0.846945
v 0.512717 -1.147957 -0.820964
v 0.512717 -1.147957 -0.748945
v 0.520217 -1.147957 -0.818955
v 0.520217 -1.147957 -0.750955
v 0.620217 -1.147957 -0.750955
v 0.620217 -1.147957 -0.818955
v 0.627717 -1.147957 -0.820964
v 0.627717 -1.147957 -0.748945
v 0.633207 -1.147957 -0.743455
v 0.635217 -1.147957 -0.735955
v 0.627717 -1.147957 -0.624964
v 0.633207 -1.147957 -0.630455
v 0.635217 -1.147957 -0.637955
v 0.627717 -1.147957 -0.722964
v 0.628628 -1.147957 -0.723535
v 0.633207 -1.147957 -0.728455
v 0.507227 -1.147957 -0.630455
v 0.512717 -1.147957 -0.624964
v 0.520217 -1.147957 -0.622955
v 0.620217 -1.147957 -0.622955
v 0.512717 -1.147957 -0.650945
v 0.507227 -1.147957 -0.645455
v 0.505217 -1.147957 -0.637955
v 0.512717 -1.147957 -0.722964
v 0.520217 -1.147957 -0.720955
v 0.520217 -1.147957 -0.652955
v 0.620217 -1.147957 -0.652955
v 0.633207 -1.147957 -0.645455
v 0.627717 -1.147957 -0.650945
v 0.620217 -1.147957 -0.720955
v -0.057283 -1.147957 -0.552945
v -0.062773 -1.147957 -0.547455
v -0.101449 -1.147957 -0.588955
v -0.062773 -1.147957 -0.532454
v -0.057283 -1.147957 -0.526964
v -0.049783 -1.147957 -0.524955
v -0.064783 -1.147957 -0.539955
v 0.057717 -1.147957 -0.526964
v 0.107995 -1.147957 -0.505205
v 0.050217 -1.147957 -0.524955
v 0.031328 -1.147957 -0.524955
v 0.057717 -1.147957 -0.552945
v 0.050217 -1.147957 -0.554955
v -0.049783 -1.147957 -0.554955
v 0.063208 -1.147957 -0.532455
v 0.065217 -1.147957 -0.539955
v 0.107995 -1.147957 -0.588955
v 0.063208 -1.147957 -0.547455
v 0.140217 -1.147957 -0.554955
v 0.132717 -1.147957 -0.552945
v 0.127227 -1.147957 -0.547455
v 0.125217 -1.147957 -0.539955
v 0.127227 -1.147957 -0.532455
v 0.132717 -1.147957 -0.526964
v 0.140217 -1.147957 -0.524955
v 0.240217 -1.147957 -0.524955
v 0.247717 -1.147957 -0.526964
v 0.253208 -1.147957 -0.532455
v 0.437717 -1.147957 -0.526964
v 0.443208 -1.147957 -0.532455
v 0.445217 -1.147957 -0.539955
v 0.443208 -1.147957 -0.547455
v 0.437717 -1.147957 -0.552945
v 0.317227 -1.147957 -0.532455
v 0.315217 -1.147957 -0.539955
v 0.255217 -1.147957 -0.539955
v 0.317227 -1.147957 -0.547455
v 0.253208 -1.147957 -0.547455
v 0.247717 -1.147957 -0.552945
v 0.240217 -1.147957 -0.554955
v 0.322717 -1.147957 -0.526964
v 0.330217 -1.147957 -0.524955
v 0.430217 -1.147957 -0.524955
v 0.430217 -1.147957 -0.554955
v 0.330217 -1.147957 -0.554955
v 0.322717 -1.147957 -0.552945
v -0.822773 -1.147957 -0.630454
v -0.817283 -1.147957 -0.624964
v -0.696792 -1.147957 -0.645454
v -0.702283 -1.147957 -0.650945
v -0.628193 -1.147957 -0.723534
v -0.627283 -1.147957 -0.722964
v -0.619783 -1.147957 -0.720954
v -0.619783 -1.147957 -0.652954
v -0.627283 -1.147957 -0.650945
v -0.632773 -1.147957 -0.645454
v -0.694783 -1.147957 -0.637954
v -0.634783 -1.147957 -0.637954
v -0.696792 -1.147957 -0.630454
v -0.632773 -1.147957 -0.630454
v -0.818193 -1.147957 -0.723534
v -0.817283 -1.147957 -0.650945
v -0.822773 -1.147957 -0.645454
v -0.824783 -1.147957 -0.637954
v -0.809783 -1.147957 -0.622954
v -0.709783 -1.147957 -0.622954
v -0.546158 -1.147957 -0.588954
v -0.702283 -1.147957 -0.624964
v -0.817283 -1.147957 -0.722964
v -0.809783 -1.147957 -0.720954
v -0.809783 -1.147957 -0.652954
v -0.702283 -1.147957 -0.722964
v -0.709783 -1.147957 -0.652954
v -0.709783 -1.147957 -0.720954
v -0.627283 -1.147957 -0.624964
v -0.619783 -1.147957 -0.622954
v -0.519783 -1.147957 -0.622954
v -0.512283 -1.147957 -0.624964
v -0.506792 -1.147957 -0.630454
v -0.504783 -1.147957 -0.637954
v -0.506792 -1.147957 -0.645454
v -0.512283 -1.147957 -0.650945
v -0.519783 -1.147957 -0.652954
v -0.519783 -1.147957 -0.720954
v -0.512283 -1.147957 -0.722964
v -0.062773 -1.147957 -0.728455
v -0.057283 -1.147957 -0.722964
v -0.088672 -1.147957 -0.830868
v -0.091353 -1.147957 -0.848348
v 0.016884 -1.147957 -0.794097
v -0.064783 -1.147957 -0.735955
v -0.100130 -1.147957 -0.799184
v -0.080894 -1.147957 -0.793993
v -0.022764 -1.147957 -0.792800
v -0.045755 -1.147957 -0.791422
v -0.075464 -1.147957 -0.861706
v -0.100668 -1.147957 -0.863281
v -0.075998 -1.147957 -0.863177
v -0.080519 -1.147957 -0.792485
v -0.079642 -1.147957 -0.791589
v -0.077942 -1.147957 -0.791021
v 0.015514 -1.147957 -0.796821
v 0.026728 -1.147957 -0.843177
v 0.028500 -1.147957 -0.843613
v -0.049672 -1.147957 -0.861709
v -0.049123 -1.147957 -0.863177
v -0.022072 -1.147957 -0.796463
v -0.022736 -1.147957 -0.795677
v -0.049783 -1.147957 -0.801562
v -0.015338 -1.147957 -0.802031
v -0.030087 -1.147957 -0.844607
v -0.029227 -1.147957 -0.846788
v -0.078724 -1.147957 -0.797135
v -0.091177 -1.147957 -0.813814
v -0.080154 -1.147957 -0.796228
v -0.080746 -1.147957 -0.795121
v -0.048203 -1.147957 -0.790955
v -0.044754 -1.147957 -0.792232
v -0.044270 -1.147957 -0.793458
v -0.023116 -1.147957 -0.794097
v -0.044227 -1.147957 -0.793993
v -0.021484 -1.147957 -0.791649
v -0.049783 -1.147957 -0.750955
v -0.057283 -1.147957 -0.748945
v -0.062773 -1.147957 -0.743455
v 0.015244 -1.147957 -0.791503
v 0.016295 -1.147957 -0.792293
v 0.016818 -1.147957 -0.793383
v 0.022995 -1.147957 -0.846788
v 0.010217 -1.147957 -0.802031
v 0.010217 -1.147957 -0.863402
v 0.021174 -1.147957 -0.855219
v 0.018985 -1.147957 -0.859739
v 0.014280 -1.147957 -0.797309
v 0.012524 -1.147957 -0.797815
v 0.011468 -1.147957 -0.798251
v -0.075998 -1.147957 -0.798593
v -0.076552 -1.147957 -0.797949
v -0.075466 -1.147957 -0.800029
v -0.033789 -1.147957 -0.843265
v -0.032960 -1.147957 -0.843177
v -0.044633 -1.147957 -0.795758
v -0.045207 -1.147957 -0.796466
v -0.049783 -1.147957 -0.860139
v -0.036449 -1.147957 -0.846823
v -0.036065 -1.147957 -0.845006
v -0.035177 -1.147957 -0.843912
v -0.027406 -1.147957 -0.855219
v -0.025217 -1.147957 -0.859739
v -0.019514 -1.147957 -0.791074
v 0.012057 -1.147957 -0.790955
v 0.023971 -1.147957 -0.844469
v 0.024895 -1.147957 -0.843657
v 0.010372 -1.147957 -0.800329
v 0.011033 -1.147957 -0.798767
v -0.047887 -1.147957 -0.797680
v -0.048782 -1.147957 -0.798129
v -0.049123 -1.147957 -0.798593
v -0.031225 -1.147957 -0.843594
v -0.020113 -1.147957 -0.797309
v -0.046397 -1.147957 -0.797135
v -0.049670 -1.147957 -0.800026
v -0.016276 -1.147957 -0.798767
v -0.017225 -1.147957 -0.798033
v -0.015522 -1.147957 -0.800311
v 0.082387 -1.147957 -0.817621
v 0.069262 -1.147957 -0.817621
v 0.079644 -1.147957 -0.843663
v 0.082630 -1.147957 -0.855850
v 0.083967 -1.147957 -0.810955
v 0.067630 -1.147957 -0.810955
v 0.090086 -1.147957 -0.804493
v 0.090217 -1.147957 -0.802968
v 0.033245 -1.147957 -0.795977
v 0.105331 -1.147957 -0.791660
v 0.106412 -1.147957 -0.792658
v 0.107995 -1.147957 -0.723705
v 0.106884 -1.147957 -0.794340
v 0.106465 -1.147957 -0.795633
v 0.105109 -1.147957 -0.796759
v 0.096958 -1.147957 -0.804427
v 0.038090 -1.147957 -0.800460
v 0.037509 -1.147957 -0.798871
v 0.036499 -1.147957 -0.797748
v 0.032620 -1.147957 -0.795113
v 0.032439 -1.147957 -0.794010
v 0.032840 -1.147957 -0.792491
v 0.033781 -1.147957 -0.791622
v 0.101109 -1.147957 -0.798809
v 0.098568 -1.147957 -0.801354
v 0.087318 -1.147957 -0.790955
v 0.102196 -1.147957 -0.790955
v 0.063208 -1.147957 -0.743455
v 0.065217 -1.147957 -0.735955
v 0.063208 -1.147957 -0.728455
v 0.083551 -1.147957 -0.793871
v 0.070173 -1.147957 -0.793594
v 0.070217 -1.147957 -0.794114
v 0.083858 -1.147957 -0.792471
v 0.057717 -1.147957 -0.748945
v 0.084548 -1.147957 -0.791639
v 0.085179 -1.147957 -0.791307
v 0.083969 -1.147957 -0.795598
v 0.069986 -1.147957 -0.795539
v 0.069406 -1.147957 -0.796305
v 0.067769 -1.147957 -0.797395
v 0.065773 -1.147957 -0.800503
v 0.065802 -1.147957 -0.801402
v 0.085287 -1.147957 -0.796788
v 0.087127 -1.147957 -0.797725
v 0.089465 -1.147957 -0.799876
v 0.034895 -1.147957 -0.791193
v 0.037162 -1.147957 -0.790955
v 0.050217 -1.147957 -0.750955
v 0.066398 -1.147957 -0.790955
v 0.068515 -1.147957 -0.791397
v 0.069678 -1.147957 -0.792358
v 0.066275 -1.147957 -0.798640
v 0.065806 -1.147957 -0.799945
v 0.050217 -1.147957 -0.622955
v 0.057717 -1.147957 -0.624964
v 0.063208 -1.147957 -0.630455
v 0.065217 -1.147957 -0.637955
v 0.063208 -1.147957 -0.645455
v 0.057717 -1.147957 -0.650945
v -0.062773 -1.147957 -0.630455
v -0.057283 -1.147957 -0.624964
v -0.049783 -1.147957 -0.622955
v -0.049783 -1.147957 -0.720955
v -0.057283 -1.147957 -0.650945
v -0.062773 -1.147957 -0.645455
v -0.064783 -1.147957 -0.637954
v 0.057717 -1.147957 -0.722964
v 0.050217 -1.147957 -0.720955
v 0.050217 -1.147957 -0.652955
v -0.049783 -1.147957 -0.652955
v -0.110174 -1.147957 -0.792305
v -0.132283 -1.147957 -0.748945
v -0.183116 -1.147957 -0.839809
v -0.216015 -1.147957 -0.790955
v -0.175998 -1.147957 -0.859531
v -0.233099 -1.147957 -0.859236
v -0.232227 -1.147957 -0.855985
v -0.284783 -1.147957 -0.863402
v -0.232005 -1.147957 -0.825989
v -0.126792 -1.147957 -0.728455
v -0.124783 -1.147957 -0.735954
v -0.252773 -1.147957 -0.743455
v -0.254783 -1.147957 -0.735954
v -0.126792 -1.147957 -0.743455
v -0.174276 -1.147957 -0.862148
v -0.171745 -1.147957 -0.863923
v -0.176449 -1.147957 -0.850069
v -0.232005 -1.147957 -0.816666
v -0.225338 -1.147957 -0.836441
v -0.225338 -1.147957 -0.852621
v -0.122005 -1.147957 -0.789392
v -0.126449 -1.147957 -0.789392
v -0.122005 -1.147957 -0.795798
v -0.126449 -1.147957 -0.795798
v -0.119713 -1.147957 -0.796676
v -0.132005 -1.147957 -0.857812
v -0.116449 -1.147957 -0.857812
v -0.132005 -1.147957 -0.805538
v -0.131705 -1.147957 -0.801800
v -0.184312 -1.147957 -0.802177
v -0.187280 -1.147957 -0.798531
v -0.183116 -1.147957 -0.808559
v -0.190512 -1.147957 -0.796545
v -0.191640 -1.147957 -0.795452
v -0.192005 -1.147957 -0.793923
v -0.157146 -1.147957 -0.848358
v -0.159783 -1.147957 -0.830868
v -0.131794 -1.147957 -0.860384
v -0.130946 -1.147957 -0.862812
v -0.117086 -1.147957 -0.862015
v -0.130408 -1.147957 -0.798298
v -0.128707 -1.147957 -0.796615
v -0.116699 -1.147957 -0.801815
v -0.117890 -1.147957 -0.798298
v -0.169648 -1.147957 -0.791423
v -0.168138 -1.147957 -0.792341
v -0.139783 -1.147957 -0.750955
v -0.167643 -1.147957 -0.793298
v -0.190929 -1.147957 -0.791718
v -0.239783 -1.147957 -0.750955
v -0.191736 -1.147957 -0.792690
v -0.247283 -1.147957 -0.748945
v -0.138303 -1.147957 -0.792272
v -0.167561 -1.147957 -0.793993
v -0.148342 -1.147957 -0.799184
v -0.167904 -1.147957 -0.795341
v -0.157277 -1.147957 -0.813820
v -0.168885 -1.147957 -0.796263
v -0.170651 -1.147957 -0.797309
v -0.176242 -1.147957 -0.805630
v -0.174502 -1.147957 -0.800795
v -0.232005 -1.147957 -0.790955
v -0.189106 -1.147957 -0.791076
v -0.173168 -1.147957 -0.790955
v -0.132283 -1.147957 -0.624964
v -0.126792 -1.147957 -0.630455
v -0.124783 -1.147957 -0.637954
v -0.126792 -1.147957 -0.645455
v -0.132283 -1.147957 -0.650945
v -0.284783 -1.147957 -0.588955
v -0.247283 -1.147957 -0.624964
v -0.239783 -1.147957 -0.622955
v -0.239783 -1.147957 -0.652955
v -0.247283 -1.147957 -0.650945
v -0.239783 -1.147957 -0.720954
v -0.139783 -1.147957 -0.622955
v -0.252773 -1.147957 -0.645454
v -0.254783 -1.147957 -0.637954
v -0.252773 -1.147957 -0.630454
v -0.252773 -1.147957 -0.728455
v -0.248193 -1.147957 -0.723534
v -0.247283 -1.147957 -0.722964
v -0.139783 -1.147957 -0.652955
v -0.139783 -1.147957 -0.720954
v -0.132283 -1.147957 -0.722964
v -0.131372 -1.147957 -0.723534
v -0.316792 -1.147957 -0.728454
v -0.314783 -1.147957 -0.735954
v -0.316792 -1.147957 -0.743454
v -0.322283 -1.147957 -0.748945
v -0.444783 -1.147957 -0.735954
v -0.445033 -1.147957 -0.863402
v -0.316792 -1.147957 -0.826454
v -0.314783 -1.147957 -0.833954
v -0.316792 -1.147957 -0.841454
v -0.442773 -1.147957 -0.743454
v -0.444783 -1.147957 -0.833954
v -0.442773 -1.147957 -0.841454
v -0.437283 -1.147957 -0.846945
v -0.322283 -1.147957 -0.846945
v -0.329783 -1.147957 -0.848954
v -0.429783 -1.147957 -0.848954
v -0.442773 -1.147957 -0.826454
v -0.437283 -1.147957 -0.820964
v -0.437283 -1.147957 -0.748945
v -0.429783 -1.147957 -0.818954
v -0.429783 -1.147957 -0.750955
v -0.329783 -1.147957 -0.750955
v -0.329783 -1.147957 -0.818954
v -0.322283 -1.147957 -0.820964
v -0.322283 -1.147957 -0.624964
v -0.316792 -1.147957 -0.630454
v -0.314783 -1.147957 -0.637954
v -0.316792 -1.147957 -0.645454
v -0.322283 -1.147957 -0.650945
v -0.437283 -1.147957 -0.650945
v -0.442773 -1.147957 -0.645454
v -0.444783 -1.147957 -0.637954
v -0.442773 -1.147957 -0.630454
v -0.429783 -1.147957 -0.652954
v -0.429783 -1.147957 -0.720954
v -0.437283 -1.147957 -0.624964
v -0.429783 -1.147957 -0.622954
v -0.329783 -1.147957 -0.622954
v -0.442773 -1.147957 -0.728454
v -0.438193 -1.147957 -0.723534
v -0.437283 -1.147957 -0.722964
v -0.329783 -1.147957 -0.652954
v -0.329783 -1.147957 -0.720954
v -0.322283 -1.147957 -0.722964
v -0.321372 -1.147957 -0.723534
v -0.945283 -1.147957 -0.730954
v -0.809783 -1.147957 -0.750954
v -0.817283 -1.147957 -0.748945
v -0.619783 -1.147957 -0.750954
v -0.696792 -1.147957 -0.743454
v -0.702283 -1.147957 -0.748945
v -0.947533 -1.147957 -0.734851
v -0.949783 -1.147957 -0.735454
v -0.952033 -1.147957 -0.734851
v -0.953680 -1.147957 -0.733204
v -0.954283 -1.147957 -0.730954
v -0.953680 -1.147957 -0.728704
v -0.952033 -1.147957 -0.727057
v -0.949783 -1.147957 -0.726454
v -0.947533 -1.147957 -0.727057
v -0.945886 -1.147957 -0.728704
v -0.701372 -1.147957 -0.723534
v -0.696792 -1.147957 -0.728454
v -0.822773 -1.147957 -0.743454
v -0.824783 -1.147957 -0.735954
v -0.822773 -1.147957 -0.728454
v -0.696792 -1.147957 -0.841454
v -0.619783 -1.147957 -0.848954
v -0.627283 -1.147957 -0.846945
v -0.632773 -1.147957 -0.841454
v -0.694783 -1.147957 -0.833954
v -0.634783 -1.147957 -0.833954
v -0.696792 -1.147957 -0.826454
v -0.627283 -1.147957 -0.748945
v -0.632773 -1.147957 -0.743454
v -0.694783 -1.147957 -0.735954
v -0.634783 -1.147957 -0.735954
v -0.632773 -1.147957 -0.728454
v -0.632773 -1.147957 -0.826454
v -0.627283 -1.147957 -0.820964
v -0.817283 -1.147957 -0.846945
v -0.822773 -1.147957 -0.841454
v -0.824783 -1.147957 -0.833954
v -0.822773 -1.147957 -0.826454
v -0.945886 -1.147957 -0.733204
v -0.817283 -1.147957 -0.820964
v -0.702283 -1.147957 -0.820964
v -0.709783 -1.147957 -0.750954
v -0.702283 -1.147957 -0.846945
v -0.709783 -1.147957 -0.848954
v -0.809783 -1.147957 -0.848954
v -0.809783 -1.147957 -0.818954
v -0.709783 -1.147957 -0.818954
v -0.506792 -1.147957 -0.728454
v -0.506792 -1.147957 -0.841454
v -0.504783 -1.147957 -0.833954
v -0.506792 -1.147957 -0.826454
v -0.512283 -1.147957 -0.846945
v -0.519783 -1.147957 -0.848954
v -0.619783 -1.147957 -0.818954
v -0.519783 -1.147957 -0.750954
v -0.504783 -1.147957 -0.735954
v -0.506792 -1.147957 -0.743454
v -0.512283 -1.147957 -0.748945
v -0.512283 -1.147957 -0.820964
v -0.519783 -1.147957 -0.818954
v 0.140217 -1.147957 -0.720955
v 0.132717 -1.147957 -0.650945
v 0.127227 -1.147957 -0.645455
v 0.125217 -1.147957 -0.637955
v 0.127227 -1.147957 -0.630455
v 0.132717 -1.147957 -0.624964
v 0.140217 -1.147957 -0.622955
v 0.240217 -1.147957 -0.622955
v 0.247717 -1.147957 -0.624964
v 0.253208 -1.147957 -0.630455
v 0.437717 -1.147957 -0.624964
v 0.443208 -1.147957 -0.630455
v 0.445217 -1.147957 -0.637955
v 0.443208 -1.147957 -0.645455
v 0.437717 -1.147957 -0.650945
v 0.253208 -1.147957 -0.645455
v 0.247717 -1.147957 -0.650945
v 0.321807 -1.147957 -0.723534
v 0.322717 -1.147957 -0.722964
v 0.330217 -1.147957 -0.720955
v 0.430217 -1.147957 -0.720955
v 0.247717 -1.147957 -0.722964
v 0.240217 -1.147957 -0.652955
v 0.317227 -1.147957 -0.630455
v 0.322717 -1.147957 -0.624964
v 0.330217 -1.147957 -0.622955
v 0.430217 -1.147957 -0.622955
v 0.315217 -1.147957 -0.637955
v 0.255217 -1.147957 -0.637955
v 0.317227 -1.147957 -0.645455
v 0.322717 -1.147957 -0.650945
v 0.330217 -1.147957 -0.652955
v 0.240217 -1.147957 -0.720955
v 0.430217 -1.147957 -0.652955
v 0.437717 -1.147957 -0.722964
v -0.949783 -1.147957 -0.476454
v -0.817283 -1.147957 -0.454945
v -0.822773 -1.147957 -0.449454
v -0.702283 -1.147957 -0.428964
v -0.696792 -1.147957 -0.434454
v -0.953680 -1.147957 -0.478704
v -0.954283 -1.147957 -0.480954
v -0.953680 -1.147957 -0.483204
v -0.952033 -1.147957 -0.484851
v -0.709783 -1.147957 -0.426954
v -0.945283 -1.147957 -0.480954
v -0.945886 -1.147957 -0.483204
v -0.947533 -1.147957 -0.484851
v -0.949783 -1.147957 -0.485454
v -0.824783 -1.147957 -0.441954
v -0.952033 -1.147957 -0.477057
v -0.822773 -1.147957 -0.434454
v -0.817283 -1.147957 -0.428964
v -0.809783 -1.147957 -0.426954
v -0.696792 -1.147957 -0.449454
v -0.702283 -1.147957 -0.454945
v -0.619783 -1.147957 -0.456954
v -0.709783 -1.147957 -0.456954
v -0.546158 -1.147957 -0.456954
v -0.947533 -1.147957 -0.477057
v -0.945886 -1.147957 -0.478704
v -0.809783 -1.147957 -0.456954
v -0.627283 -1.147957 -0.454945
v -0.632773 -1.147957 -0.449454
v -0.694783 -1.147957 -0.441954
v -0.634783 -1.147957 -0.441954
v -0.632773 -1.147957 -0.434454
v -0.627283 -1.147957 -0.428964
v -0.619783 -1.147957 -0.426954
v -0.490533 -1.147957 -0.412954
v -0.519783 -1.147957 -0.426954
v -0.512283 -1.147957 -0.428964
v -0.506792 -1.147957 -0.449454
v -0.504783 -1.147957 -0.441954
v -0.506792 -1.147957 -0.434454
v -0.519783 -1.147957 -0.456954
v -0.512283 -1.147957 -0.454945
v 0.127227 -1.147957 -0.336455
v 0.125217 -1.147957 -0.343955
v 0.127227 -1.147957 -0.351455
v 0.132717 -1.147957 -0.356945
v 0.233820 -1.147957 -0.233205
v 0.233217 -1.147957 -0.230955
v 0.233820 -1.147957 -0.228705
v 0.443208 -1.147957 -0.351455
v 0.437717 -1.147957 -0.356945
v 0.132717 -1.147957 -0.330964
v 0.140217 -1.147957 -0.328955
v 0.182162 -1.147957 -0.328955
v 0.253208 -1.147957 -0.351455
v 0.247717 -1.147957 -0.356945
v 0.240217 -1.147957 -0.358955
v 0.140217 -1.147957 -0.358955
v 0.247717 -1.147957 -0.330964
v 0.239967 -1.147957 -0.234852
v 0.240217 -1.147957 -0.328955
v 0.237717 -1.147957 -0.235455
v 0.235467 -1.147957 -0.234852
v 0.241614 -1.147957 -0.228705
v 0.242217 -1.147957 -0.230955
v 0.322717 -1.147957 -0.330964
v 0.241614 -1.147957 -0.233205
v 0.317227 -1.147957 -0.336455
v 0.315217 -1.147957 -0.343955
v 0.235467 -1.147957 -0.227058
v 0.237717 -1.147957 -0.226455
v 0.239967 -1.147957 -0.227058
v 0.445217 -1.147957 -0.343955
v 0.443208 -1.147957 -0.336455
v 0.430217 -1.147957 -0.358955
v 0.330217 -1.147957 -0.358955
v 0.253208 -1.147957 -0.336455
v 0.255217 -1.147957 -0.343955
v 0.317227 -1.147957 -0.351455
v 0.322717 -1.147957 -0.356945
v 0.330217 -1.147957 -0.328955
v 0.430217 -1.147957 -0.328955
v 0.437717 -1.147957 -0.330964
v -0.003680 -1.147957 -0.233205
v -0.004283 -1.147957 -0.230955
v -0.003680 -1.147957 -0.228705
v 0.004114 -1.147957 -0.228705
v 0.004717 -1.147957 -0.230955
v -0.002033 -1.147957 -0.227057
v 0.000217 -1.147957 -0.226455
v 0.002467 -1.147957 -0.227057
v 0.031328 -1.147957 -0.358955
v -0.101449 -1.147957 -0.378955
v -0.049783 -1.147957 -0.358955
v -0.057283 -1.147957 -0.356945
v 0.004114 -1.147957 -0.233205
v 0.031328 -1.147957 -0.328955
v -0.062773 -1.147957 -0.351454
v -0.064783 -1.147957 -0.343955
v -0.062773 -1.147957 -0.336455
v 0.002467 -1.147957 -0.234852
v 0.000217 -1.147957 -0.235455
v -0.049783 -1.147957 -0.328955
v -0.002033 -1.147957 -0.234852
v -0.057283 -1.147957 -0.330964
v 0.050217 -1.147957 -0.328955
v 0.057717 -1.147957 -0.330964
v 0.063208 -1.147957 -0.336455
v 0.065217 -1.147957 -0.343955
v 0.063208 -1.147957 -0.351455
v 0.057717 -1.147957 -0.356945
v 0.050217 -1.147957 -0.358955
v -0.824783 -1.147957 -0.539954
v -0.822773 -1.147957 -0.532454
v -0.817283 -1.147957 -0.526964
v -0.696792 -1.147957 -0.547454
v -0.632773 -1.147957 -0.547454
v -0.694783 -1.147957 -0.539954
v -0.634783 -1.147957 -0.539954
v -0.696792 -1.147957 -0.532454
v -0.632773 -1.147957 -0.532454
v -0.822773 -1.147957 -0.547454
v -0.817283 -1.147957 -0.552945
v -0.809783 -1.147957 -0.524954
v -0.709783 -1.147957 -0.524954
v -0.702283 -1.147957 -0.526964
v -0.619783 -1.147957 -0.554954
v -0.627283 -1.147957 -0.552945
v -0.702283 -1.147957 -0.552945
v -0.709783 -1.147957 -0.554954
v -0.809783 -1.147957 -0.554954
v -0.627283 -1.147957 -0.526964
v -0.619783 -1.147957 -0.524954
v -0.519783 -1.147957 -0.524954
v -0.512283 -1.147957 -0.526964
v -0.506792 -1.147957 -0.547454
v -0.504783 -1.147957 -0.539954
v -0.506792 -1.147957 -0.532454
v -0.512283 -1.147957 -0.552945
v -0.519783 -1.147957 -0.554954
v -0.546158 -1.147957 -0.554954
v 0.240217 -1.147957 -0.456955
v 0.140217 -1.147957 -0.456955
v 0.132717 -1.147957 -0.454945
v 0.127227 -1.147957 -0.449455
v 0.125217 -1.147957 -0.441955
v 0.127227 -1.147957 -0.434455
v 0.132717 -1.147957 -0.428964
v 0.140217 -1.147957 -0.426955
v 0.240217 -1.147957 -0.426955
v 0.247717 -1.147957 -0.428964
v 0.253208 -1.147957 -0.434455
v 0.443208 -1.147957 -0.449455
v 0.445217 -1.147957 -0.441955
v 0.443208 -1.147957 -0.434455
v 0.437717 -1.147957 -0.428964
v 0.317227 -1.147957 -0.434455
v 0.315217 -1.147957 -0.441955
v 0.255217 -1.147957 -0.441955
v 0.317227 -1.147957 -0.449455
v 0.253208 -1.147957 -0.449455
v 0.322717 -1.147957 -0.454945
v 0.322717 -1.147957 -0.428964
v 0.330217 -1.147957 -0.426955
v 0.430217 -1.147957 -0.426955
v 0.437717 -1.147957 -0.454945
v 0.430217 -1.147957 -0.456955
v 0.330217 -1.147957 -0.456955
v 0.247717 -1.147957 -0.454945
v -0.062773 -1.147957 -0.434455
v -0.057283 -1.147957 -0.428964
v -0.049783 -1.147957 -0.426955
v 0.031328 -1.147957 -0.456954
v -0.049783 -1.147957 -0.456954
v -0.057283 -1.147957 -0.454945
v -0.062773 -1.147957 -0.449455
v -0.064783 -1.147957 -0.441955
v 0.050217 -1.147957 -0.426955
v 0.057717 -1.147957 -0.428964
v 0.063208 -1.147957 -0.434455
v 0.065217 -1.147957 -0.441955
v 0.063208 -1.147957 -0.449455
v 0.057717 -1.147957 -0.454945
v 0.050217 -1.147957 -0.456955
v -0.822773 -1.147957 -0.924454
v -0.824783 -1.147957 -0.931954
v -0.822773 -1.147957 -0.939454
v -0.817283 -1.147957 -0.944945
v -0.696792 -1.147957 -0.939454
v -0.632773 -1.147957 -0.939454
v -0.694783 -1.147957 -0.931954
v -0.634783 -1.147957 -0.931954
v -0.696792 -1.147957 -0.924454
v -0.632773 -1.147957 -0.924454
v -0.817283 -1.147957 -0.918964
v -0.809783 -1.147957 -0.916954
v -0.709783 -1.147957 -0.916954
v -0.619783 -1.147957 -0.946954
v -0.627283 -1.147957 -0.944945
v -0.627283 -1.147957 -0.918964
v -0.702283 -1.147957 -0.918964
v -0.702283 -1.147957 -0.944945
v -0.709783 -1.147957 -0.946954
v -0.809783 -1.147957 -0.946954
v -0.619783 -1.147957 -0.916954
v -0.519783 -1.147957 -0.916954
v -0.512283 -1.147957 -0.918964
v -0.506792 -1.147957 -0.924454
v -0.504783 -1.147957 -0.931954
v -0.490533 -1.147957 -0.970138
v -0.506792 -1.147957 -0.939454
v -0.512283 -1.147957 -0.944945
v -0.519783 -1.147957 -0.946954
v 0.127227 -1.147957 -0.743455
v 0.125217 -1.147957 -0.735955
v 0.140217 -1.147957 -0.652955
v 0.132717 -1.147957 -0.722964
v 0.127227 -1.147957 -0.728455
v 0.181328 -1.147957 -0.817083
v 0.174056 -1.147957 -0.843613
v 0.175166 -1.147957 -0.844642
v 0.130217 -1.147957 -0.802031
v 0.115468 -1.147957 -0.844607
v 0.116328 -1.147957 -0.846788
v 0.109106 -1.147957 -0.846823
v 0.109491 -1.147957 -0.845006
v 0.162439 -1.147957 -0.794097
v 0.162073 -1.147957 -0.795748
v 0.132717 -1.147957 -0.748945
v 0.122791 -1.147957 -0.792800
v 0.122439 -1.147957 -0.794097
v 0.122819 -1.147957 -0.795677
v 0.130217 -1.147957 -0.863403
v 0.172283 -1.147957 -0.843177
v 0.161069 -1.147957 -0.796821
v 0.175714 -1.147957 -0.846119
v 0.111766 -1.147957 -0.843265
v 0.112596 -1.147957 -0.843177
v 0.123483 -1.147957 -0.796463
v 0.160800 -1.147957 -0.791503
v 0.161851 -1.147957 -0.792293
v 0.162373 -1.147957 -0.793383
v 0.110379 -1.147957 -0.843913
v 0.118149 -1.147957 -0.855219
v 0.120339 -1.147957 -0.859739
v 0.168550 -1.147957 -0.846788
v 0.155773 -1.147957 -0.802031
v 0.155773 -1.147957 -0.863403
v 0.159835 -1.147957 -0.797309
v 0.158079 -1.147957 -0.797815
v 0.157024 -1.147957 -0.798251
v 0.114330 -1.147957 -0.843594
v 0.125443 -1.147957 -0.797309
v 0.162633 -1.147957 -0.862025
v 0.164540 -1.147957 -0.859739
v 0.166729 -1.147957 -0.855219
v 0.129280 -1.147957 -0.798767
v 0.128330 -1.147957 -0.798033
v 0.130034 -1.147957 -0.800311
v 0.124071 -1.147957 -0.791649
v 0.126042 -1.147957 -0.791074
v 0.140217 -1.147957 -0.750955
v 0.157613 -1.147957 -0.790955
v 0.169527 -1.147957 -0.844469
v 0.170450 -1.147957 -0.843657
v 0.155928 -1.147957 -0.800330
v 0.156589 -1.147957 -0.798767
v 0.185132 -1.147957 -0.803261
v 0.215773 -1.147957 -0.796041
v 0.215773 -1.147957 -0.789392
v 0.211328 -1.147957 -0.789392
v 0.204396 -1.147957 -0.798853
v 0.202122 -1.147957 -0.801584
v 0.211328 -1.147957 -0.796041
v 0.201328 -1.147957 -0.805416
v 0.238560 -1.147957 -0.791308
v 0.253208 -1.147957 -0.743455
v 0.236919 -1.147957 -0.790955
v 0.247717 -1.147957 -0.748945
v 0.235708 -1.147957 -0.791167
v 0.195582 -1.147957 -0.793437
v 0.203226 -1.147957 -0.790516
v 0.240217 -1.147957 -0.750955
v 0.443208 -1.147957 -0.728455
v 0.445217 -1.147957 -0.735955
v 0.221686 -1.147957 -0.820599
v 0.225349 -1.147957 -0.822422
v 0.229885 -1.147957 -0.807482
v 0.438628 -1.147957 -0.723534
v 0.445217 -1.147957 -0.833955
v 0.443208 -1.147957 -0.841455
v 0.437717 -1.147957 -0.846945
v 0.229071 -1.147957 -0.824826
v 0.234634 -1.147957 -0.818815
v 0.221205 -1.147957 -0.790084
v 0.255217 -1.147957 -0.735955
v 0.330217 -1.147957 -0.750955
v 0.322717 -1.147957 -0.748945
v 0.317227 -1.147957 -0.841455
v 0.315217 -1.147957 -0.833955
v 0.237356 -1.147957 -0.833853
v 0.248628 -1.147957 -0.723534
v 0.253208 -1.147957 -0.728455
v 0.240217 -1.147957 -0.845746
v 0.237578 -1.147957 -0.857802
v 0.233456 -1.147957 -0.863912
v 0.213898 -1.147957 -0.817135
v 0.223759 -1.147957 -0.799982
v 0.209252 -1.147957 -0.814995
v 0.220041 -1.147957 -0.797455
v 0.204887 -1.147957 -0.812344
v 0.232954 -1.147957 -0.792847
v 0.230998 -1.147957 -0.793177
v 0.228656 -1.147957 -0.792669
v 0.437717 -1.147957 -0.820964
v 0.443208 -1.147957 -0.826455
v 0.317227 -1.147957 -0.743455
v 0.315217 -1.147957 -0.735955
v 0.317227 -1.147957 -0.728455
v 0.430217 -1.147957 -0.848955
v 0.330217 -1.147957 -0.848955
v 0.322717 -1.147957 -0.846945
v 0.202304 -1.147957 -0.809285
v 0.317227 -1.147957 -0.826455
v 0.239536 -1.147957 -0.792228
v 0.240142 -1.147957 -0.793978
v 0.322717 -1.147957 -0.820964
v 0.238890 -1.147957 -0.819149
v 0.239809 -1.147957 -0.818080
v 0.240217 -1.147957 -0.816389
v 0.237438 -1.147957 -0.819784
v 0.236919 -1.147957 -0.819843
v 0.235460 -1.147957 -0.819549
v 0.443208 -1.147957 -0.743455
v 0.437717 -1.147957 -0.748945
v 0.430217 -1.147957 -0.818955
v 0.430217 -1.147957 -0.750955
v 0.330217 -1.147957 -0.818955
v -0.822773 -1.147957 -1.120454
v -0.817283 -1.147957 -1.114964
v -0.546158 -1.147957 -1.210954
v -0.696793 -1.147957 -1.135454
v -0.619783 -1.147957 -1.210954
v -0.627283 -1.147957 -1.212964
v -0.627283 -1.147957 -1.140945
v -0.632773 -1.147957 -1.135454
v -0.694783 -1.147957 -1.127954
v -0.634783 -1.147957 -1.127954
v -0.696793 -1.147957 -1.120454
v -0.632773 -1.147957 -1.120454
v -0.809783 -1.147957 -1.112954
v -0.709783 -1.147957 -1.112954
v -0.702283 -1.147957 -1.114964
v -0.822905 -1.147957 -1.218687
v -0.822773 -1.147957 -1.218454
v -0.822773 -1.147957 -1.135454
v -0.817283 -1.147957 -1.212964
v -0.817283 -1.147957 -1.140945
v -0.809783 -1.147957 -1.210954
v -0.809783 -1.147957 -1.142954
v -0.709783 -1.147957 -1.142954
v -0.709783 -1.147957 -1.210954
v -0.702283 -1.147957 -1.212964
v -0.702283 -1.147957 -1.140945
v -0.632905 -1.147957 -1.218687
v -0.632773 -1.147957 -1.218454
v -0.627283 -1.147957 -1.114964
v -0.619783 -1.147957 -1.112954
v -0.546158 -1.147957 -1.112954
v -0.490533 -1.147957 -1.089618
v -0.519783 -1.147957 -1.112954
v -0.512283 -1.147957 -1.114964
v -0.506792 -1.147957 -1.120454
v -0.504783 -1.147957 -1.127954
v -0.519783 -1.147957 -1.142954
v -0.619783 -1.147957 -1.142954
v -0.506792 -1.147957 -1.135454
v -0.512283 -1.147957 -1.140945
v -0.512283 -1.147957 -1.212964
v -0.519783 -1.147957 -1.210954
v -0.949783 -1.147957 -1.235454
v -0.952033 -1.147957 -1.234851
v -0.952033 -1.147957 -1.227057
v -0.949783 -1.147957 -1.226454
v -0.824783 -1.147957 -1.127954
v -0.817283 -1.147957 -1.238945
v -0.822773 -1.147957 -1.233454
v -0.953680 -1.147957 -1.233204
v -0.954283 -1.147957 -1.230954
v -0.953680 -1.147957 -1.228704
v -0.696793 -1.147957 -1.218454
v -0.696661 -1.147957 -1.218687
v -0.634783 -1.147957 -1.225954
v -0.694783 -1.147957 -1.225954
v -0.632773 -1.147957 -1.233454
v -0.696793 -1.147957 -1.233454
v -0.619783 -1.147957 -1.240954
v -0.627283 -1.147957 -1.238945
v -0.947533 -1.147957 -1.227057
v -0.945886 -1.147957 -1.228704
v -0.824783 -1.147957 -1.225954
v -0.945283 -1.147957 -1.230954
v -0.945886 -1.147957 -1.233204
v -0.947533 -1.147957 -1.234851
v -0.702283 -1.147957 -1.238945
v -0.709783 -1.147957 -1.240954
v -0.809783 -1.147957 -1.240954
v -0.506793 -1.147957 -1.233454
v -0.504783 -1.147957 -1.225955
v -0.506793 -1.147957 -1.218455
v -0.512283 -1.147957 -1.238945
v -0.519783 -1.147957 -1.240955
v -0.945886 -1.147957 -0.978704
v -0.945283 -1.147957 -0.980954
v -0.702283 -1.147957 -1.016964
v -0.696793 -1.147957 -1.022454
v -0.953680 -1.147957 -0.978704
v -0.952033 -1.147957 -0.977057
v -0.949783 -1.147957 -0.976454
v -0.947533 -1.147957 -0.977057
v -0.694783 -1.147957 -1.029954
v -0.634783 -1.147957 -1.029954
v -0.822773 -1.147957 -1.022454
v -0.824783 -1.147957 -1.029954
v -0.945886 -1.147957 -0.983204
v -0.947533 -1.147957 -0.984851
v -0.632773 -1.147957 -1.037454
v -0.696793 -1.147957 -1.037454
v -0.627283 -1.147957 -1.042945
v -0.619783 -1.147957 -1.044954
v -0.632773 -1.147957 -1.022454
v -0.627283 -1.147957 -1.016964
v -0.817283 -1.147957 -1.042945
v -0.822773 -1.147957 -1.037454
v -0.949783 -1.147957 -0.985454
v -0.952033 -1.147957 -0.984851
v -0.953680 -1.147957 -0.983204
v -0.954283 -1.147957 -0.980954
v -0.817283 -1.147957 -1.016964
v -0.809783 -1.147957 -1.014954
v -0.709783 -1.147957 -1.014954
v -0.702283 -1.147957 -1.042945
v -0.709783 -1.147957 -1.044954
v -0.809783 -1.147957 -1.044954
v -0.619783 -1.147957 -1.014954
v -0.519783 -1.147957 -1.014954
v -0.512283 -1.147957 -1.016964
v -0.506792 -1.147957 -1.022454
v -0.504783 -1.147957 -1.029954
v -0.506792 -1.147957 -1.037454
v -0.512283 -1.147957 -1.042945
v -0.519783 -1.147957 -1.044954
v 0.014662 -1.147957 -0.870955
v 0.014662 -1.147957 -0.863767
v 0.017077 -1.147957 -0.862025
v -0.023302 -1.147957 -0.862016
v -0.020894 -1.147957 -0.863767
v -0.015338 -1.147957 -0.870955
v 0.030217 -1.147957 -0.870955
v 0.026841 -1.147957 -0.943457
v 0.010217 -1.147957 -0.870955
v 0.026357 -1.147957 -0.942232
v -0.020894 -1.147957 -0.870955
v 0.025904 -1.147957 -0.946466
v 0.024714 -1.147957 -0.947135
v -0.079352 -1.147957 -0.864939
v -0.078724 -1.147957 -0.864653
v 0.026884 -1.147957 -0.943993
v 0.026478 -1.147957 -0.945758
v -0.027734 -1.147957 -0.997448
v -0.045130 -1.147957 -0.951389
v -0.060189 -1.147957 -0.945758
v -0.077231 -1.147957 -0.864105
v -0.076320 -1.147957 -0.863621
v -0.004227 -1.147957 -0.951562
v -0.013549 -1.147957 -0.945868
v -0.014722 -1.147957 -0.946996
v -0.036450 -1.147957 -0.870955
v -0.096075 -1.147957 -0.942485
v -0.095198 -1.147957 -0.941589
v -0.094279 -1.147957 -0.947135
v -0.101450 -1.147957 -0.970138
v 0.023224 -1.147957 -0.947680
v 0.022329 -1.147957 -0.948130
v 0.021988 -1.147957 -0.948593
v -0.004502 -1.147957 -0.949365
v -0.005068 -1.147957 -0.948259
v -0.093498 -1.147957 -0.941021
v -0.063759 -1.147957 -0.940955
v -0.005807 -1.147957 -0.940955
v 0.022908 -1.147957 -0.940955
v 0.025357 -1.147957 -0.941422
v -0.048511 -1.147957 -0.863847
v -0.046397 -1.147957 -0.864653
v -0.045007 -1.147957 -0.865534
v -0.044363 -1.147957 -0.866765
v -0.044227 -1.147957 -0.867864
v -0.095710 -1.147957 -0.946228
v -0.096302 -1.147957 -0.945121
v -0.096450 -1.147957 -0.943993
v 0.021441 -1.147957 -0.950026
v 0.021328 -1.147957 -0.951562
v -0.046363 -1.147957 -0.948846
v -0.048533 -1.147957 -0.947083
v -0.049337 -1.147957 -0.946679
v -0.060763 -1.147957 -0.946466
v -0.061953 -1.147957 -0.947135
v -0.063443 -1.147957 -0.947680
v -0.005877 -1.147957 -0.947708
v -0.007630 -1.147957 -0.947135
v -0.008991 -1.147957 -0.946323
v -0.009614 -1.147957 -0.945216
v -0.061310 -1.147957 -0.941422
v -0.050557 -1.147957 -0.942498
v -0.049678 -1.147957 -0.941577
v -0.047992 -1.147957 -0.941023
v -0.090894 -1.147957 -0.951562
v -0.080859 -1.147957 -0.868339
v -0.080894 -1.147957 -0.867864
v -0.080370 -1.147957 -0.865873
v -0.050095 -1.147957 -0.946198
v -0.050723 -1.147957 -0.945208
v -0.059783 -1.147957 -0.943993
v -0.050894 -1.147957 -0.944045
v -0.059826 -1.147957 -0.943457
v -0.060309 -1.147957 -0.942232
v -0.044585 -1.147957 -0.869386
v -0.045461 -1.147957 -0.870301
v -0.047202 -1.147957 -0.870892
v -0.064337 -1.147957 -0.948130
v -0.064679 -1.147957 -0.948593
v -0.065225 -1.147957 -0.950026
v -0.017339 -1.147957 -0.948755
v -0.017561 -1.147957 -0.949566
v -0.016747 -1.147957 -0.948124
v -0.017372 -1.147957 -0.950514
v -0.017092 -1.147957 -0.951441
v -0.009713 -1.147957 -0.973837
v -0.017422 -1.147957 -0.940955
v -0.014870 -1.147957 -0.941433
v -0.008204 -1.147957 -0.941373
v -0.008675 -1.147957 -0.941634
v -0.009451 -1.147957 -0.942471
v -0.013706 -1.147957 -0.942355
v -0.009783 -1.147957 -0.943993
v -0.013166 -1.147957 -0.943699
v -0.013116 -1.147957 -0.944357
v -0.080370 -1.147957 -0.869637
v -0.079371 -1.147957 -0.870457
v -0.076918 -1.147957 -0.870955
v -0.092108 -1.147957 -0.947949
v -0.091554 -1.147957 -0.948593
v -0.091022 -1.147957 -0.950029
v 0.042524 -1.147957 -0.963214
v 0.041568 -1.147957 -0.964010
v 0.066884 -1.147957 -0.946493
v 0.080044 -1.147957 -0.865121
v 0.078585 -1.147957 -0.870955
v 0.040182 -1.147957 -0.964288
v 0.038537 -1.147957 -0.963833
v 0.037391 -1.147957 -0.962620
v 0.036884 -1.147957 -0.960590
v 0.039388 -1.147957 -0.953352
v 0.054974 -1.147957 -0.870955
v 0.044123 -1.147957 -0.947257
v 0.051940 -1.147957 -0.941589
v 0.061328 -1.147957 -0.939392
v 0.051675 -1.147957 -0.949965
v 0.046729 -1.147957 -0.954693
v 0.073550 -1.147957 -0.954184
v 0.077171 -1.147957 -0.940790
v 0.066884 -1.147957 -0.939392
v 0.061328 -1.147957 -0.946493
v 0.056297 -1.147957 -0.947649
v 0.069535 -1.147957 -0.947086
v 0.071606 -1.147957 -0.948819
v 0.073009 -1.147957 -0.951345
v 0.109106 -1.147957 -0.870955
v 0.122254 -1.147957 -0.862016
v 0.124662 -1.147957 -0.863767
v 0.130217 -1.147957 -0.870955
v 0.175490 -1.147957 -0.963814
v 0.166537 -1.147957 -0.949184
v 0.124662 -1.147957 -0.870955
v 0.118325 -1.147957 -0.949184
v 0.128364 -1.147957 -0.942272
v 0.144662 -1.147957 -0.939392
v 0.140217 -1.147957 -0.939392
v 0.144662 -1.147957 -0.945798
v 0.140217 -1.147957 -0.945798
v 0.146954 -1.147957 -0.946676
v 0.156493 -1.147957 -0.942305
v 0.175773 -1.147957 -0.870955
v 0.160217 -1.147957 -0.870955
v 0.148776 -1.147957 -0.948298
v 0.149967 -1.147957 -0.951815
v 0.150217 -1.147957 -0.955538
v 0.137959 -1.147957 -0.946615
v 0.155773 -1.147957 -0.870955
v 0.160217 -1.147957 -0.863767
v -0.239917 -1.147957 -0.865477
v -0.237717 -1.147957 -0.864166
v -0.234998 -1.147957 -0.862086
v -0.118470 -1.147957 -0.864119
v -0.129042 -1.147957 -0.864929
v -0.126449 -1.147957 -0.866145
v -0.106532 -1.147957 -0.943298
v -0.106450 -1.147957 -0.943993
v -0.106793 -1.147957 -0.945341
v -0.107774 -1.147957 -0.946263
v -0.126449 -1.147957 -0.872534
v -0.122005 -1.147957 -0.872534
v -0.122005 -1.147957 -0.866145
v -0.147804 -1.147957 -0.863281
v -0.147644 -1.147957 -0.863429
v -0.169505 -1.147957 -0.864739
v -0.168241 -1.147957 -0.865588
v -0.168097 -1.147957 -0.869336
v -0.169108 -1.147957 -0.870306
v -0.220820 -1.147957 -0.863526
v -0.224059 -1.147957 -0.859884
v -0.110448 -1.147957 -0.869957
v -0.167733 -1.147957 -0.866504
v -0.167561 -1.147957 -0.867500
v -0.222578 -1.147957 -0.946007
v -0.213302 -1.147957 -0.950720
v -0.214071 -1.147957 -0.948368
v -0.209922 -1.147957 -0.940850
v -0.170894 -1.147957 -0.940955
v -0.213678 -1.147957 -0.939775
v -0.217561 -1.147957 -0.939392
v -0.186486 -1.147957 -0.968519
v -0.170894 -1.147957 -0.966666
v -0.190373 -1.147957 -0.957673
v -0.198550 -1.147957 -0.947397
v -0.107027 -1.147957 -0.942341
v -0.108537 -1.147957 -0.941423
v -0.109540 -1.147957 -0.947309
v -0.113391 -1.147957 -0.950795
v -0.115131 -1.147957 -0.955630
v -0.222578 -1.147957 -0.939392
v -0.217561 -1.147957 -0.945972
v -0.215619 -1.147957 -0.946896
v -0.213116 -1.147957 -0.953194
v -0.224892 -1.147957 -0.946862
v -0.226571 -1.147957 -0.948646
v -0.154904 -1.147957 -0.940955
v -0.138014 -1.147957 -0.869954
v -0.169575 -1.147957 -0.870538
v -0.130529 -1.147957 -0.945452
v -0.129401 -1.147957 -0.946545
v -0.239922 -1.147957 -0.870000
v -0.240645 -1.147957 -0.868972
v -0.240894 -1.147957 -0.867743
v -0.240607 -1.147957 -0.866276
v -0.122005 -1.147957 -0.958559
v -0.243408 -1.147957 -0.945946
v -0.236276 -1.147957 -0.942170
v -0.200842 -1.147957 -0.870954
v -0.229541 -1.147957 -0.940205
v -0.175165 -1.147957 -0.870954
v -0.172355 -1.147957 -0.870902
v -0.217018 -1.147957 -0.865961
v -0.216521 -1.147957 -0.867142
v -0.216449 -1.147957 -0.867864
v -0.216793 -1.147957 -0.869382
v -0.217605 -1.147957 -0.870261
v -0.218960 -1.147957 -0.870769
v -0.130894 -1.147957 -0.943923
v -0.130625 -1.147957 -0.942691
v -0.129818 -1.147957 -0.941718
v -0.127995 -1.147957 -0.941076
v -0.123201 -1.147957 -0.952177
v -0.126169 -1.147957 -0.948531
v -0.112057 -1.147957 -0.940955
v -0.238104 -1.147957 -0.870802
v -0.249783 -1.147957 -0.950885
v -0.220998 -1.147957 -0.870954
v 0.212439 -1.147957 -0.872534
v 0.212439 -1.147957 -0.865729
v 0.207995 -1.147957 -0.865729
v 0.217874 -1.147957 -0.863012
v 0.202230 -1.147957 -0.863326
v 0.187665 -1.147957 -0.872066
v 0.186309 -1.147957 -0.871770
v 0.207995 -1.147957 -0.872239
v 0.201146 -1.147957 -0.870934
v 0.215721 -1.147957 -0.940955
v 0.185594 -1.147957 -0.871175
v 0.184863 -1.147957 -0.869488
v 0.437717 -1.147957 -0.918964
v 0.443208 -1.147957 -0.924455
v 0.445217 -1.147957 -0.931955
v 0.443208 -1.147957 -0.939455
v 0.330217 -1.147957 -0.946955
v 0.322717 -1.147957 -0.944945
v 0.210634 -1.147957 -0.950069
v 0.209312 -1.147957 -0.953752
v 0.315217 -1.147957 -0.931955
v 0.221423 -1.147957 -0.871072
v 0.317227 -1.147957 -0.924455
v 0.229644 -1.147957 -0.867205
v 0.211120 -1.147957 -0.949409
v 0.212871 -1.147957 -0.948160
v 0.215721 -1.147957 -0.947257
v 0.221328 -1.147957 -0.940955
v 0.322717 -1.147957 -0.918964
v 0.330217 -1.147957 -0.916955
v 0.430217 -1.147957 -0.916955
v 0.191207 -1.147957 -0.868524
v 0.189922 -1.147957 -0.870538
v 0.188996 -1.147957 -0.871614
v 0.207153 -1.147957 -0.941788
v 0.188067 -1.147957 -0.872030
v 0.199366 -1.147957 -0.945416
v 0.196041 -1.147957 -0.947878
v 0.437717 -1.147957 -0.944945
v 0.430217 -1.147957 -0.946955
v 0.317227 -1.147957 -0.939455
v 0.248464 -1.147957 -0.940955
v 0.250912 -1.147957 -0.941423
v 0.191882 -1.147957 -0.867838
v 0.192821 -1.147957 -0.867621
v 0.193801 -1.147957 -0.867796
v 0.252439 -1.147957 -0.943993
v 0.252397 -1.147957 -0.943458
v 0.251913 -1.147957 -0.942232
v 0.248780 -1.147957 -0.947680
v 0.247885 -1.147957 -0.948130
v 0.247544 -1.147957 -0.948594
v 0.252034 -1.147957 -0.945758
v 0.251459 -1.147957 -0.946466
v 0.250269 -1.147957 -0.947135
v 0.246997 -1.147957 -0.950026
v 0.215906 -1.147957 -0.849797
v 0.213394 -1.147957 -0.848229
v 0.207811 -1.147957 -0.845560
v 0.197509 -1.147957 -0.859236
v 0.184662 -1.147957 -0.847569
v 0.188325 -1.147957 -0.834357
v 0.189218 -1.147957 -0.843377
v 0.194743 -1.147957 -0.839477
v 0.190217 -1.147957 -0.843958
v 0.202144 -1.147957 -0.843073
v 0.191242 -1.147957 -0.845588
v 0.191675 -1.147957 -0.847482
v 0.193913 -1.147957 -0.853694
v 0.185190 -1.147957 -0.845090
v 0.186213 -1.147957 -0.843797
v 0.183089 -1.147957 -0.826423
v 0.187426 -1.147957 -0.843231
v 0.188082 -1.147957 -0.843177
v 0.219150 -1.147957 -0.853229
v 0.220217 -1.147957 -0.857534
v 0.219775 -1.147957 -0.860165
v -0.189310 -1.147957 -1.000970
v -0.194553 -1.147957 -1.009821
v -0.179496 -1.147957 -1.016276
v -0.122005 -1.147957 -0.989809
v -0.115338 -1.147957 -1.000069
v -0.179783 -1.147957 -1.017743
v -0.199327 -1.147957 -1.014756
v -0.202769 -1.147957 -1.017326
v -0.171988 -1.147957 -1.009236
v -0.171116 -1.147957 -1.005986
v -0.185338 -1.147957 -0.980000
v -0.170894 -1.147957 -0.975989
v -0.173887 -1.147957 -1.012087
v -0.176606 -1.147957 -1.014166
v -0.178806 -1.147957 -1.015477
v -0.223116 -1.147957 -1.022482
v -0.231185 -1.147957 -1.021173
v -0.108394 -1.147957 -1.014739
v -0.107130 -1.147957 -1.015588
v -0.215926 -1.147957 -1.022415
v -0.218672 -1.147957 -1.022534
v -0.176993 -1.147957 -1.020802
v -0.250894 -1.147957 -1.018576
v -0.250609 -1.147957 -1.020550
v -0.250157 -1.147957 -1.021319
v -0.110634 -1.147957 -1.013923
v -0.164227 -1.147957 -0.986441
v -0.139731 -1.147957 -1.020955
v -0.223498 -1.147957 -0.975520
v -0.221870 -1.147957 -0.976365
v -0.213116 -1.147957 -0.970138
v -0.215555 -1.147957 -1.014450
v -0.213879 -1.147957 -1.012074
v -0.218672 -1.147957 -1.015954
v -0.213116 -1.147957 -1.007639
v -0.246376 -1.147957 -1.021669
v -0.247891 -1.147957 -1.022066
v -0.249384 -1.147957 -1.021827
v -0.155338 -1.147957 -1.017864
v -0.155682 -1.147957 -1.019382
v -0.156494 -1.147957 -1.020261
v -0.250267 -1.147957 -0.992408
v -0.251885 -1.147957 -0.981492
v -0.250894 -1.147957 -0.995521
v -0.252619 -1.147957 -0.980824
v -0.253089 -1.147957 -0.979383
v -0.106622 -1.147957 -1.016504
v -0.106450 -1.147957 -1.017500
v -0.106985 -1.147957 -1.019336
v -0.107997 -1.147957 -1.020306
v -0.108463 -1.147957 -1.020538
v -0.111244 -1.147957 -1.020902
v -0.162948 -1.147957 -1.009884
v -0.159709 -1.147957 -1.013526
v -0.164227 -1.147957 -1.002621
v -0.155907 -1.147957 -1.015961
v -0.155410 -1.147957 -1.017142
v -0.253116 -1.147957 -0.978732
v -0.252690 -1.147957 -0.976777
v -0.241745 -1.147957 -1.017621
v -0.242859 -1.147957 -1.017829
v -0.240287 -1.147957 -1.017940
v -0.243815 -1.147957 -1.018740
v -0.245234 -1.147957 -1.020590
v -0.223116 -1.147957 -1.016076
v -0.207800 -1.147957 -1.020077
v -0.213220 -1.147957 -1.021944
v -0.179534 -1.147957 -1.018972
v -0.178811 -1.147957 -1.020000
v -0.227354 -1.147957 -0.950899
v -0.221087 -1.147957 -0.977547
v -0.220894 -1.147957 -0.978854
v -0.250137 -1.147957 -0.973960
v -0.249792 -1.147957 -0.971778
v -0.113165 -1.147957 -1.012148
v -0.221314 -1.147957 -0.980413
v -0.222292 -1.147957 -0.981347
v -0.223290 -1.147957 -0.981766
v -0.226745 -1.147957 -0.974097
v -0.226111 -1.147957 -0.974762
v -0.227408 -1.147957 -0.972499
v -0.227561 -1.147957 -0.970764
v -0.249419 -1.147957 -0.991452
v -0.248264 -1.147957 -0.991006
v -0.248793 -1.147957 -0.982066
v -0.247595 -1.147957 -0.990954
v -0.225720 -1.147957 -0.982066
v -0.245888 -1.147957 -0.991294
v -0.244935 -1.147957 -0.992104
v -0.157849 -1.147957 -1.020769
v -0.159887 -1.147957 -1.020955
v -0.244460 -1.147957 -0.992962
v -0.240470 -1.147957 -1.003036
v -0.230294 -1.147957 -1.014580
v -0.236033 -1.147957 -1.010069
v 0.108046 -1.147957 -1.162909
v 0.108425 -1.147957 -1.161706
v 0.108550 -1.147957 -1.160139
v 0.107337 -1.147957 -1.097949
v 0.107891 -1.147957 -1.098594
v 0.108423 -1.147957 -1.100029
v 0.108550 -1.147957 -1.101562
v 0.182439 -1.147957 -0.981284
v 0.183546 -1.147957 -0.969938
v 0.186328 -1.147957 -0.961106
v 0.191420 -1.147957 -0.952609
v 0.210460 -1.147957 -1.020712
v 0.315217 -1.147957 -1.029955
v 0.215721 -1.147957 -1.020955
v 0.185217 -1.147957 -1.089392
v 0.250269 -1.147957 -1.014653
v 0.251205 -1.147957 -1.020301
v 0.249464 -1.147957 -1.020892
v 0.221328 -1.147957 -1.020955
v 0.215721 -1.147957 -1.014444
v 0.251660 -1.147957 -1.015534
v 0.210339 -1.147957 -1.010764
v 0.212014 -1.147957 -1.013016
v 0.209355 -1.147957 -1.007430
v 0.215150 -1.147957 -1.014304
v 0.209106 -1.147957 -1.003958
v 0.209106 -1.147957 -0.957691
v 0.247543 -1.147957 -1.013177
v 0.248155 -1.147957 -1.013847
v 0.246994 -1.147957 -1.011709
v 0.252303 -1.147957 -1.016765
v 0.317227 -1.147957 -1.022455
v 0.252439 -1.147957 -1.017864
v 0.252082 -1.147957 -1.019387
v 0.322717 -1.147957 -1.016964
v 0.330217 -1.147957 -1.014955
v 0.430217 -1.147957 -1.014955
v 0.437717 -1.147957 -1.016964
v 0.443208 -1.147957 -1.022455
v 0.445217 -1.147957 -1.029955
v 0.443207 -1.147957 -1.037455
v 0.437717 -1.147957 -1.042945
v 0.202835 -1.147957 -1.018583
v 0.317227 -1.147957 -1.037455
v 0.196103 -1.147957 -1.014392
v 0.190022 -1.147957 -1.008163
v 0.185877 -1.147957 -1.000503
v 0.430217 -1.147957 -1.044955
v 0.330217 -1.147957 -1.044955
v 0.322717 -1.147957 -1.042945
v 0.177995 -1.147957 -0.980868
v 0.175314 -1.147957 -0.998348
v 0.165998 -1.147957 -1.013281
v 0.156219 -1.147957 -1.019958
v 0.144662 -1.147957 -1.022534
v 0.150217 -1.147957 -1.007812
v 0.134662 -1.147957 -0.970139
v 0.150217 -1.147957 -0.970139
v 0.134961 -1.147957 -0.951800
v 0.136259 -1.147957 -0.948298
v 0.144662 -1.147957 -1.016146
v 0.140217 -1.147957 -1.016146
v 0.140217 -1.147957 -1.022534
v 0.183238 -1.147957 -0.991060
v 0.148197 -1.147957 -1.014120
v 0.149580 -1.147957 -1.012016
v 0.128653 -1.147957 -1.019954
v 0.118863 -1.147957 -1.013281
v 0.109520 -1.147957 -0.998359
v 0.137625 -1.147957 -1.014929
v 0.135721 -1.147957 -1.012812
v 0.134872 -1.147957 -1.010384
v 0.180200 -1.147957 -1.089392
v -0.022561 -1.147957 -1.095798
v -0.027005 -1.147957 -1.089392
v -0.004353 -1.147957 -1.011706
v -0.010269 -1.147957 -0.983559
v -0.094927 -1.147957 -1.020457
v -0.095925 -1.147957 -1.019637
v -0.019131 -1.147957 -1.016064
v -0.008260 -1.147957 -1.020457
v -0.009258 -1.147957 -1.019637
v -0.094908 -1.147957 -1.014939
v 0.024714 -1.147957 -1.014652
v 0.026104 -1.147957 -1.015534
v -0.047118 -1.147957 -1.015640
v -0.060140 -1.147957 -1.019387
v -0.061017 -1.147957 -1.020301
v -0.062758 -1.147957 -1.020892
v -0.096415 -1.147957 -1.018339
v -0.096450 -1.147957 -1.017864
v -0.095926 -1.147957 -1.015873
v -0.090894 -1.147957 -1.010139
v -0.092786 -1.147957 -1.014105
v -0.008990 -1.147957 -0.976437
v -0.008672 -1.147957 -0.979114
v -0.009146 -1.147957 -0.981449
v -0.009748 -1.147957 -1.018339
v -0.009783 -1.147957 -1.017864
v -0.020477 -1.147957 -1.014982
v -0.009259 -1.147957 -1.015873
v 0.021328 -1.147957 -0.970139
v -0.034224 -1.147957 -1.006404
v -0.091876 -1.147957 -1.013621
v -0.091554 -1.147957 -1.013177
v -0.091019 -1.147957 -1.011706
v -0.025338 -1.147957 -1.009062
v -0.024592 -1.147957 -1.012008
v -0.024843 -1.147957 -1.006046
v -0.022982 -1.147957 -1.013755
v -0.022404 -1.147957 -1.014097
v -0.023463 -1.147957 -1.003316
v -0.008241 -1.147957 -1.014939
v -0.006120 -1.147957 -1.014105
v 0.021988 -1.147957 -1.013177
v 0.022600 -1.147957 -1.013847
v 0.021439 -1.147957 -1.011709
v 0.021328 -1.147957 -1.010139
v -0.064679 -1.147957 -1.013177
v -0.064067 -1.147957 -1.013847
v -0.065228 -1.147957 -1.011709
v -0.061953 -1.147957 -1.014652
v -0.060562 -1.147957 -1.015534
v -0.059919 -1.147957 -1.016765
v -0.045935 -1.147957 -1.014413
v -0.041884 -1.147957 -1.012639
v 0.026748 -1.147957 -1.016765
v 0.026884 -1.147957 -1.017864
v 0.026526 -1.147957 -1.019387
v 0.025650 -1.147957 -1.020301
v -0.005209 -1.147957 -1.013621
v -0.004887 -1.147957 -1.013177
v -0.039353 -1.147957 -1.011235
v -0.037075 -1.147957 -1.009444
v -0.043672 -1.147957 -1.020955
v -0.045768 -1.147957 -1.020544
v -0.046971 -1.147957 -1.019555
v -0.059783 -1.147957 -1.017864
v -0.047505 -1.147957 -1.018139
v -0.047561 -1.147957 -1.017448
v 0.023909 -1.147957 -1.020892
v -0.005807 -1.147957 -1.020955
v -0.018672 -1.147957 -1.017725
v -0.019007 -1.147957 -1.019178
v -0.019974 -1.147957 -1.020312
v -0.021346 -1.147957 -1.020845
v 0.043932 -1.147957 -1.020625
v 0.043039 -1.147957 -1.021624
v 0.053273 -1.147957 -1.010069
v 0.057384 -1.147957 -1.013536
v 0.062439 -1.147957 -1.015295
v 0.038196 -1.147957 -0.992413
v 0.039054 -1.147957 -0.990868
v 0.066884 -1.147957 -1.022534
v 0.081336 -1.147957 -1.018304
v 0.041293 -1.147957 -1.022066
v 0.039578 -1.147957 -1.021735
v 0.038621 -1.147957 -1.020978
v 0.072550 -1.147957 -1.011045
v 0.041704 -1.147957 -1.022045
v 0.040159 -1.147957 -0.990114
v 0.041467 -1.147957 -0.989843
v 0.043047 -1.147957 -0.990219
v 0.045113 -1.147957 -0.993715
v 0.066884 -1.147957 -1.015364
v 0.047509 -1.147957 -1.001007
v 0.050026 -1.147957 -1.005772
v 0.038094 -1.147957 -1.019842
v 0.037995 -1.147957 -1.018802
v 0.037995 -1.147957 -0.994184
v 0.070517 -1.147957 -1.013822
v 0.047283 -1.147957 -1.017621
v 0.045768 -1.147957 -1.018034
v 0.049315 -1.147957 -1.018092
v 0.044696 -1.147957 -1.019184
v 0.062439 -1.147957 -1.022482
v 0.056754 -1.147957 -1.020977
v 0.086519 -1.147957 -0.945277
v 0.096914 -1.147957 -0.957709
v 0.100589 -1.147957 -0.969949
v 0.106884 -1.147957 -0.980868
v 0.101328 -1.147957 -0.979965
v 0.099151 -1.147957 -0.995594
v 0.091884 -1.147957 -1.009548
v 0.514564 -1.147957 -0.397432
v 0.508075 -1.147957 -0.393097
v 0.503740 -1.147957 -0.386608
v 0.522217 -1.147957 -0.398955
v 0.872217 -1.147957 -0.398955
v 0.882217 -1.147957 -0.396275
v 0.882217 -1.147957 -0.271634
v 0.889538 -1.147957 -0.278955
v 0.892217 -1.147957 -0.288955
v 0.892217 -1.147957 -0.378955
v 0.889538 -1.147957 -0.388955
v 0.708820 -1.147957 -0.233205
v 0.708217 -1.147957 -0.230955
v 0.708820 -1.147957 -0.228705
v 0.710467 -1.147957 -0.227058
v 0.712717 -1.147957 -0.226455
v 0.714967 -1.147957 -0.227058
v 0.716614 -1.147957 -0.228705
v 0.717217 -1.147957 -0.230955
v 0.771217 -1.147957 -0.268955
v 0.872217 -1.147957 -0.268955
v 0.716614 -1.147957 -0.233205
v 0.714967 -1.147957 -0.234852
v 0.665217 -1.147957 -0.268955
v 0.712717 -1.147957 -0.235455
v 0.710467 -1.147957 -0.234852
v 0.477467 -1.147957 -0.227058
v 0.475217 -1.147957 -0.226455
v 0.472967 -1.147957 -0.227058
v 0.471320 -1.147957 -0.228705
v 0.475217 -1.147957 -0.235455
v 0.472967 -1.147957 -0.234852
v 0.471320 -1.147957 -0.233205
v 0.470717 -1.147957 -0.230955
v 0.479114 -1.147957 -0.228705
v 0.479717 -1.147957 -0.230955
v 0.479114 -1.147957 -0.233205
v 0.502217 -1.147957 -0.378955
v 0.502217 -1.147957 -0.288955
v 0.477467 -1.147957 -0.234852
v 0.504897 -1.147957 -0.278955
v 0.522217 -1.147957 -0.268955
v 0.512217 -1.147957 -0.271634
v -0.521783 -1.147957 -0.268954
v -0.511783 -1.147957 -0.271634
v -0.871783 -1.147957 -0.398954
v -0.881783 -1.147957 -0.396275
v -0.889103 -1.147957 -0.388954
v -0.891783 -1.147957 -0.378954
v -0.891783 -1.147957 -0.288954
v -0.504462 -1.147957 -0.278954
v -0.501783 -1.147957 -0.288954
v -0.501783 -1.147957 -0.378954
v -0.504462 -1.147957 -0.388954
v -0.511783 -1.147957 -0.396275
v -0.521783 -1.147957 -0.398954
v -0.477033 -1.147957 -1.727057
v -0.474783 -1.147957 -1.726454
v -0.478680 -1.147957 -1.728705
v -0.470886 -1.147957 -1.733205
v -0.472533 -1.147957 -1.734852
v -0.474783 -1.147957 -1.735455
v -0.477033 -1.147957 -1.734852
v -0.472533 -1.147957 -1.727057
v -0.470886 -1.147957 -1.728705
v -0.470283 -1.147957 -1.730955
v -0.241180 -1.147957 -1.728705
v -0.232783 -1.147957 -1.730955
v -0.233386 -1.147957 -1.733205
v -0.239533 -1.147957 -1.727057
v -0.237283 -1.147957 -1.726454
v -0.235033 -1.147957 -1.727057
v -0.233386 -1.147957 -1.728705
v -0.235033 -1.147957 -1.734852
v -0.237283 -1.147957 -1.735455
v -0.239533 -1.147957 -1.734852
v -0.003680 -1.147957 -1.728705
v -0.002033 -1.147957 -1.727058
v 0.000217 -1.147957 -1.726455
v 0.002467 -1.147957 -1.727058
v 0.004114 -1.147957 -1.728705
v 0.004717 -1.147957 -1.730955
v 0.004114 -1.147957 -1.733205
v 0.002467 -1.147957 -1.734852
v 0.000217 -1.147957 -1.735455
v -0.002033 -1.147957 -1.734852
v 0.235467 -1.147957 -1.727058
v 0.237717 -1.147957 -1.726455
v 0.239967 -1.147957 -1.727058
v 0.241614 -1.147957 -1.728705
v 0.235467 -1.147957 -1.734852
v 0.233820 -1.147957 -1.733205
v 0.233217 -1.147957 -1.730955
v 0.233820 -1.147957 -1.728705
v 0.237717 -1.147957 -1.735455
v 0.239967 -1.147957 -1.734852
v 0.242217 -1.147957 -1.730955
v 0.241614 -1.147957 -1.733205
v 0.471320 -1.147957 -1.728705
v 0.475217 -1.147957 -1.735455
v 0.472967 -1.147957 -1.734852
v 0.587967 -1.147957 -1.730955
v 0.588771 -1.147957 -1.727955
v 0.475217 -1.147957 -1.726455
v 0.472967 -1.147957 -1.727058
v 0.590967 -1.147957 -1.725759
v 0.593967 -1.147957 -1.724955
v 0.596967 -1.147957 -1.725759
v 0.599163 -1.147957 -1.727955
v 0.599967 -1.147957 -1.730955
v 0.479114 -1.147957 -1.728705
v 0.593967 -1.147957 -1.736955
v 0.477467 -1.147957 -1.727058
v 0.590967 -1.147957 -1.736151
v 0.588771 -1.147957 -1.733955
v 0.599163 -1.147957 -1.733955
v 0.596967 -1.147957 -1.736151
v 0.479717 -1.147957 -1.730955
v 0.479114 -1.147957 -1.733205
v 0.477467 -1.147957 -1.734852
v 0.708820 -1.147957 -1.728705
v 0.710467 -1.147957 -1.727058
v 0.712717 -1.147957 -1.726455
v 0.714967 -1.147957 -1.727058
v 0.716614 -1.147957 -1.728705
v 0.717217 -1.147957 -1.730955
v 0.716614 -1.147957 -1.733205
v 0.714967 -1.147957 -1.734852
v 0.712717 -1.147957 -1.735455
v 0.710467 -1.147957 -1.734852
v -0.322283 -1.147957 -1.604964
v -0.316793 -1.147957 -1.610455
v -0.314783 -1.147957 -1.617954
v -0.316793 -1.147957 -1.625455
v -0.437283 -1.147957 -1.630945
v -0.442773 -1.147957 -1.625455
v -0.444783 -1.147957 -1.617954
v -0.442773 -1.147957 -1.610455
v -0.322283 -1.147957 -1.630945
v -0.329783 -1.147957 -1.632955
v -0.429783 -1.147957 -1.632955
v -0.437283 -1.147957 -1.604964
v -0.429783 -1.147957 -1.602955
v -0.329783 -1.147957 -1.602955
v -0.247283 -1.147957 -1.630945
v -0.252773 -1.147957 -1.625455
v -0.254783 -1.147957 -1.617954
v -0.252773 -1.147957 -1.610455
v -0.126793 -1.147957 -1.625455
v -0.124783 -1.147957 -1.617955
v -0.126793 -1.147957 -1.610455
v -0.132283 -1.147957 -1.604964
v -0.132283 -1.147957 -1.630945
v -0.139783 -1.147957 -1.632955
v -0.239783 -1.147957 -1.632955
v -0.247283 -1.147957 -1.604964
v -0.239783 -1.147957 -1.602955
v -0.139783 -1.147957 -1.602955
v 0.505217 -1.147957 -1.617955
v 0.507226 -1.147957 -1.610455
v 0.633207 -1.147957 -1.625455
v 0.635217 -1.147957 -1.617955
v 0.633207 -1.147957 -1.610455
v 0.627717 -1.147957 -1.604964
v 0.512717 -1.147957 -1.604964
v 0.520217 -1.147957 -1.602955
v 0.620217 -1.147957 -1.602955
v 0.507226 -1.147957 -1.625455
v 0.512717 -1.147957 -1.630945
v 0.627717 -1.147957 -1.630945
v 0.620217 -1.147957 -1.632955
v 0.520217 -1.147957 -1.632955
v -0.429783 -1.147957 -1.534955
v -0.437283 -1.147957 -1.532945
v -0.442773 -1.147957 -1.527455
v -0.444783 -1.147957 -1.519955
v -0.442773 -1.147957 -1.512455
v -0.437283 -1.147957 -1.506964
v -0.329783 -1.147957 -1.534955
v -0.322283 -1.147957 -1.532945
v -0.429783 -1.147957 -1.504955
v -0.329783 -1.147957 -1.504955
v -0.322283 -1.147957 -1.506964
v -0.316793 -1.147957 -1.512455
v -0.314783 -1.147957 -1.519955
v -0.316793 -1.147957 -1.527455
v -0.139783 -1.147957 -1.504955
v -0.132283 -1.147957 -1.506964
v -0.254783 -1.147957 -1.519955
v -0.252773 -1.147957 -1.512455
v -0.247283 -1.147957 -1.506964
v -0.239783 -1.147957 -1.504955
v -0.252773 -1.147957 -1.527455
v -0.247283 -1.147957 -1.532945
v -0.126793 -1.147957 -1.512455
v -0.124783 -1.147957 -1.519955
v -0.126793 -1.147957 -1.527455
v -0.132283 -1.147957 -1.532945
v -0.139783 -1.147957 -1.534955
v -0.239783 -1.147957 -1.534955
v 0.620217 -1.147957 -1.504955
v 0.627717 -1.147957 -1.506965
v 0.512717 -1.147957 -1.506964
v 0.507227 -1.147957 -1.512455
v 0.505217 -1.147957 -1.519955
v 0.520217 -1.147957 -1.504955
v 0.633207 -1.147957 -1.527455
v 0.635217 -1.147957 -1.519955
v 0.633207 -1.147957 -1.512455
v 0.507227 -1.147957 -1.527455
v 0.512717 -1.147957 -1.532945
v 0.627717 -1.147957 -1.532945
v 0.620217 -1.147957 -1.534955
v 0.520217 -1.147957 -1.534955
v -0.953680 -1.147957 -1.478704
v -0.954283 -1.147957 -1.480954
v -0.953680 -1.147957 -1.483204
v -0.952033 -1.147957 -1.484851
v -0.952033 -1.147957 -1.477057
v -0.949783 -1.147957 -1.476454
v -0.947533 -1.147957 -1.477057
v -0.945886 -1.147957 -1.478704
v -0.945283 -1.147957 -1.480954
v -0.945886 -1.147957 -1.483204
v -0.947533 -1.147957 -1.484851
v -0.949783 -1.147957 -1.485454
v 0.810217 -1.147957 -1.436955
v 0.950217 -1.147957 -1.476455
v 0.952467 -1.147957 -1.477058
v 0.958467 -1.147957 -1.456705
v 0.947967 -1.147957 -1.484852
v 0.950217 -1.147957 -1.485455
v 0.952467 -1.147957 -1.484852
v 0.946320 -1.147957 -1.478705
v 0.945717 -1.147957 -1.480955
v 0.946320 -1.147957 -1.483205
v 0.947967 -1.147957 -1.477058
v 0.954114 -1.147957 -1.478705
v 0.954717 -1.147957 -1.480955
v 0.954114 -1.147957 -1.483205
v -0.442773 -1.147957 -1.414454
v -0.445033 -1.147957 -1.372955
v -0.444783 -1.147957 -1.421955
v -0.314783 -1.147957 -1.421955
v -0.316793 -1.147957 -1.414454
v -0.284783 -1.147957 -1.372955
v -0.322283 -1.147957 -1.408964
v -0.429783 -1.147957 -1.436954
v -0.437283 -1.147957 -1.434945
v -0.442773 -1.147957 -1.429455
v -0.437283 -1.147957 -1.408964
v -0.429783 -1.147957 -1.406955
v -0.329783 -1.147957 -1.406955
v -0.316793 -1.147957 -1.429455
v -0.322283 -1.147957 -1.434945
v -0.329783 -1.147957 -1.436954
v -0.132283 -1.147957 -1.408964
v -0.126793 -1.147957 -1.414455
v -0.124783 -1.147957 -1.421955
v -0.239783 -1.147957 -1.436954
v -0.247283 -1.147957 -1.434945
v -0.252773 -1.147957 -1.414454
v -0.254783 -1.147957 -1.421955
v -0.252773 -1.147957 -1.429455
v -0.247283 -1.147957 -1.408964
v -0.239783 -1.147957 -1.406955
v -0.139783 -1.147957 -1.406955
v -0.126793 -1.147957 -1.429455
v -0.132283 -1.147957 -1.434945
v -0.139783 -1.147957 -1.436955
v 0.627717 -1.147957 -1.408965
v 0.633207 -1.147957 -1.414455
v 0.505217 -1.147957 -1.421955
v 0.507227 -1.147957 -1.414455
v 0.635217 -1.147957 -1.421955
v 0.520217 -1.147957 -1.436955
v 0.512717 -1.147957 -1.434945
v 0.507227 -1.147957 -1.429455
v 0.512717 -1.147957 -1.408964
v 0.520217 -1.147957 -1.406955
v 0.620217 -1.147957 -1.406955
v 0.633207 -1.147957 -1.429455
v 0.627717 -1.147957 -1.434945
v 0.620217 -1.147957 -1.436955
v -0.322283 -1.147957 -1.310964
v -0.316793 -1.147957 -1.316455
v -0.314783 -1.147957 -1.323955
v -0.316793 -1.147957 -1.331455
v -0.442773 -1.147957 -1.316455
v -0.444783 -1.147957 -1.323955
v -0.442773 -1.147957 -1.331455
v -0.437283 -1.147957 -1.336945
v -0.437283 -1.147957 -1.310964
v -0.429783 -1.147957 -1.308954
v -0.329783 -1.147957 -1.308954
v -0.322283 -1.147957 -1.336945
v -0.329783 -1.147957 -1.338954
v -0.429783 -1.147957 -1.338954
v -0.124783 -1.147957 -1.323955
v -0.126793 -1.147957 -1.331455
v -0.132283 -1.147957 -1.310964
v -0.126793 -1.147957 -1.316455
v -0.252773 -1.147957 -1.316455
v -0.254783 -1.147957 -1.323955
v -0.252773 -1.147957 -1.331455
v -0.247283 -1.147957 -1.336945
v -0.247283 -1.147957 -1.310964
v -0.239783 -1.147957 -1.308954
v -0.139783 -1.147957 -1.308955
v -0.132283 -1.147957 -1.336945
v -0.139783 -1.147957 -1.338955
v -0.239783 -1.147957 -1.338954
v 0.627717 -1.147957 -1.310964
v 0.633207 -1.147957 -1.316455
v 0.635217 -1.147957 -1.323955
v 0.633207 -1.147957 -1.331455
v 0.507227 -1.147957 -1.316455
v 0.505217 -1.147957 -1.323955
v 0.507227 -1.147957 -1.331455
v 0.512717 -1.147957 -1.336945
v 0.512717 -1.147957 -1.310964
v 0.520217 -1.147957 -1.308955
v 0.620217 -1.147957 -1.308955
v 0.627717 -1.147957 -1.336945
v 0.620217 -1.147957 -1.338955
v 0.520217 -1.147957 -1.338955
v 0.954114 -1.147957 -1.228705
v 0.954717 -1.147957 -1.230955
v 0.952467 -1.147957 -1.234852
v 0.950217 -1.147957 -1.235455
v 0.954114 -1.147957 -1.233205
v 0.947967 -1.147957 -1.234852
v 0.946320 -1.147957 -1.233205
v 0.945717 -1.147957 -1.230955
v 0.946320 -1.147957 -1.228705
v 0.947967 -1.147957 -1.227058
v 0.950217 -1.147957 -1.226455
v 0.952467 -1.147957 -1.227058
v -0.449783 -1.147957 -0.976454
v -0.447533 -1.147957 -0.977057
v -0.449783 -1.147957 -0.985454
v -0.452033 -1.147957 -0.984852
v -0.453680 -1.147957 -0.983204
v -0.454283 -1.147957 -0.980954
v -0.453680 -1.147957 -0.978704
v -0.452033 -1.147957 -0.977057
v -0.445886 -1.147957 -0.978704
v -0.445283 -1.147957 -0.980954
v -0.445886 -1.147957 -0.983204
v -0.447533 -1.147957 -0.984852
v -0.462283 -1.147957 -1.456705
v -0.322283 -1.147957 -1.016964
v -0.316792 -1.147957 -1.022454
v -0.314783 -1.147957 -1.029954
v -0.316793 -1.147957 -1.037454
v -0.442773 -1.147957 -1.022454
v -0.444783 -1.147957 -1.029954
v -0.442773 -1.147957 -1.037454
v -0.437283 -1.147957 -1.042945
v -0.437283 -1.147957 -1.016964
v -0.429783 -1.147957 -1.014954
v -0.329783 -1.147957 -1.014954
v -0.322283 -1.147957 -1.042945
v -0.329783 -1.147957 -1.044954
v -0.429783 -1.147957 -1.044954
v 0.627717 -1.147957 -1.016964
v 0.633207 -1.147957 -1.022455
v 0.635217 -1.147957 -1.029955
v 0.633207 -1.147957 -1.037455
v 0.452467 -1.147957 -0.984852
v 0.505217 -1.147957 -1.029955
v 0.507227 -1.147957 -1.022455
v 0.445717 -1.147957 -0.980955
v 0.446320 -1.147957 -0.978705
v 0.447967 -1.147957 -0.977058
v 0.450217 -1.147957 -0.976455
v 0.452467 -1.147957 -0.977058
v 0.454114 -1.147957 -0.978705
v 0.454717 -1.147957 -0.980955
v 0.512717 -1.147957 -1.042945
v 0.507227 -1.147957 -1.037455
v 0.454114 -1.147957 -0.983205
v 0.512717 -1.147957 -1.016964
v 0.520217 -1.147957 -1.014955
v 0.620217 -1.147957 -1.014955
v 0.450217 -1.147957 -0.985455
v 0.447967 -1.147957 -0.984852
v 0.446320 -1.147957 -0.983205
v 0.627717 -1.147957 -1.042945
v 0.620217 -1.147957 -1.044955
v 0.520217 -1.147957 -1.044955
v 0.954114 -1.147957 -0.983205
v 0.952467 -1.147957 -0.984852
v 0.958467 -1.147957 -1.089618
v 0.954717 -1.147957 -0.980955
v 0.954114 -1.147957 -0.978705
v 0.947967 -1.147957 -0.977058
v 0.950217 -1.147957 -0.976455
v 0.952467 -1.147957 -0.977058
v 0.950217 -1.147957 -0.985455
v 0.947967 -1.147957 -0.984852
v 0.946320 -1.147957 -0.983205
v 0.945717 -1.147957 -0.980955
v 0.946320 -1.147957 -0.978705
v -0.322283 -1.147957 -0.918964
v -0.316792 -1.147957 -0.924454
v -0.314783 -1.147957 -0.931955
v -0.316792 -1.147957 -0.939454
v -0.442773 -1.147957 -0.924454
v -0.444783 -1.147957 -0.931955
v -0.442773 -1.147957 -0.939454
v -0.437283 -1.147957 -0.944945
v -0.437283 -1.147957 -0.918964
v -0.429783 -1.147957 -0.916954
v -0.329783 -1.147957 -0.916954
v -0.322283 -1.147957 -0.944945
v -0.329783 -1.147957 -0.946954
v -0.429783 -1.147957 -0.946954
v 0.627717 -1.147957 -0.918964
v 0.633207 -1.147957 -0.924455
v 0.633207 -1.147957 -0.939455
v 0.627717 -1.147957 -0.944945
v 0.507227 -1.147957 -0.924455
v 0.635217 -1.147957 -0.931955
v 0.512717 -1.147957 -0.918964
v 0.520217 -1.147957 -0.916955
v 0.620217 -1.147957 -0.916955
v 0.620217 -1.147957 -0.946955
v 0.520217 -1.147957 -0.946955
v 0.512717 -1.147957 -0.944945
v 0.946320 -1.147957 -0.728705
v 0.947967 -1.147957 -0.727058
v 0.950217 -1.147957 -0.726455
v 0.952467 -1.147957 -0.727058
v 0.954114 -1.147957 -0.728705
v 0.954717 -1.147957 -0.730955
v 0.954114 -1.147957 -0.733205
v 0.952467 -1.147957 -0.734852
v 0.950217 -1.147957 -0.735455
v 0.947967 -1.147957 -0.734852
v 0.946320 -1.147957 -0.733205
v 0.945717 -1.147957 -0.730955
v -0.322283 -1.147957 -0.526964
v -0.316792 -1.147957 -0.532454
v -0.284783 -1.147957 -0.505204
v -0.314783 -1.147957 -0.539954
v -0.316792 -1.147957 -0.547455
v -0.437283 -1.147957 -0.552945
v -0.442773 -1.147957 -0.547454
v -0.444783 -1.147957 -0.539954
v -0.442773 -1.147957 -0.532454
v -0.437283 -1.147957 -0.526964
v -0.429783 -1.147957 -0.524954
v -0.329783 -1.147957 -0.524954
v -0.322283 -1.147957 -0.552945
v -0.329783 -1.147957 -0.554954
v -0.429783 -1.147957 -0.554954
v -0.132283 -1.147957 -0.526964
v -0.126792 -1.147957 -0.532454
v -0.124783 -1.147957 -0.539955
v -0.126792 -1.147957 -0.547455
v -0.254783 -1.147957 -0.539954
v -0.252773 -1.147957 -0.532454
v -0.247283 -1.147957 -0.526964
v -0.239783 -1.147957 -0.524954
v -0.139783 -1.147957 -0.524954
v -0.252773 -1.147957 -0.547455
v -0.247283 -1.147957 -0.552945
v -0.132283 -1.147957 -0.552945
v -0.139783 -1.147957 -0.554954
v -0.239783 -1.147957 -0.554954
v 0.505217 -1.147957 -0.539955
v 0.507227 -1.147957 -0.532455
v 0.633208 -1.147957 -0.547455
v 0.635217 -1.147957 -0.539955
v 0.633208 -1.147957 -0.532455
v 0.627717 -1.147957 -0.526964
v 0.507227 -1.147957 -0.547455
v 0.512717 -1.147957 -0.552945
v 0.512717 -1.147957 -0.526964
v 0.520217 -1.147957 -0.524955
v 0.620217 -1.147957 -0.524955
v 0.627717 -1.147957 -0.552945
v 0.620217 -1.147957 -0.554955
v 0.520217 -1.147957 -0.554955
v -0.437283 -1.147957 -0.428964
v -0.429783 -1.147957 -0.426954
v -0.329783 -1.147957 -0.426954
v -0.322283 -1.147957 -0.428964
v -0.316792 -1.147957 -0.449454
v -0.314783 -1.147957 -0.441955
v -0.316792 -1.147957 -0.434455
v -0.437283 -1.147957 -0.454945
v -0.442773 -1.147957 -0.449454
v -0.444783 -1.147957 -0.441954
v -0.442773 -1.147957 -0.434454
v -0.322283 -1.147957 -0.454945
v -0.329783 -1.147957 -0.456954
v -0.429783 -1.147957 -0.456954
v -0.139783 -1.147957 -0.426954
v -0.132283 -1.147957 -0.428964
v -0.254783 -1.147957 -0.441955
v -0.252773 -1.147957 -0.434455
v -0.247283 -1.147957 -0.428964
v -0.239783 -1.147957 -0.426954
v -0.126792 -1.147957 -0.434455
v -0.124783 -1.147957 -0.441955
v -0.126792 -1.147957 -0.449455
v -0.252773 -1.147957 -0.449454
v -0.247283 -1.147957 -0.454945
v -0.132283 -1.147957 -0.454945
v -0.139783 -1.147957 -0.456954
v -0.239783 -1.147957 -0.456954
v 0.505217 -1.147957 -0.441955
v 0.507227 -1.147957 -0.434455
v 0.633208 -1.147957 -0.449455
v 0.635217 -1.147957 -0.441955
v 0.633208 -1.147957 -0.434455
v 0.627717 -1.147957 -0.428964
v 0.512717 -1.147957 -0.428964
v 0.520217 -1.147957 -0.426955
v 0.620217 -1.147957 -0.426955
v 0.507227 -1.147957 -0.449455
v 0.512717 -1.147957 -0.454945
v 0.627717 -1.147957 -0.454945
v 0.620217 -1.147957 -0.456955
v 0.520217 -1.147957 -0.456955
v 0.947967 -1.147957 -0.477058
v 0.950217 -1.147957 -0.476455
v 0.958467 -1.147957 -0.412955
v 0.952467 -1.147957 -0.477058
v 0.950217 -1.147957 -0.485455
v 0.947967 -1.147957 -0.484852
v 0.954114 -1.147957 -0.478705
v 0.954717 -1.147957 -0.480955
v 0.958467 -1.147957 -0.505205
v 0.954114 -1.147957 -0.483205
v 0.952467 -1.147957 -0.484852
v 0.946320 -1.147957 -0.478705
v 0.945717 -1.147957 -0.480955
v 0.946320 -1.147957 -0.483205
v -0.462283 -1.147957 -0.588954
v -0.462283 -1.147957 -0.505204
v -0.470283 -1.147957 -0.230954
v -0.470885 -1.147957 -0.233204
v -0.470885 -1.147957 -0.228704
v -0.472533 -1.147957 -0.234852
v -0.474783 -1.147957 -0.235454
v -0.477033 -1.147957 -0.234852
v -0.478680 -1.147957 -0.233204
v -0.479283 -1.147957 -0.230954
v -0.478680 -1.147957 -0.228704
v -0.477033 -1.147957 -0.227057
v -0.474783 -1.147957 -0.226454
v -0.472533 -1.147957 -0.227057
v -0.429783 -1.147957 -0.358954
v -0.437283 -1.147957 -0.356945
v -0.442773 -1.147957 -0.351454
v -0.444783 -1.147957 -0.343954
v -0.316792 -1.147957 -0.351454
v -0.322283 -1.147957 -0.356945
v -0.284783 -1.147957 -0.378954
v -0.329783 -1.147957 -0.358954
v -0.442773 -1.147957 -0.336455
v -0.437283 -1.147957 -0.330964
v -0.429783 -1.147957 -0.328954
v -0.329783 -1.147957 -0.328954
v -0.322283 -1.147957 -0.330964
v -0.316792 -1.147957 -0.336455
v -0.314783 -1.147957 -0.343954
v -0.241783 -1.147957 -0.230954
v -0.241180 -1.147957 -0.228705
v -0.235033 -1.147957 -0.227057
v -0.237283 -1.147957 -0.226454
v -0.239533 -1.147957 -0.227057
v -0.239783 -1.147957 -0.358954
v -0.246291 -1.147957 -0.357469
v -0.251510 -1.147957 -0.334602
v -0.246291 -1.147957 -0.330440
v -0.239533 -1.147957 -0.234852
v -0.239783 -1.147957 -0.328955
v -0.237283 -1.147957 -0.235454
v -0.139783 -1.147957 -0.328955
v -0.235033 -1.147957 -0.234852
v -0.233386 -1.147957 -0.228705
v -0.232783 -1.147957 -0.230954
v -0.233386 -1.147957 -0.233205
v -0.126792 -1.147957 -0.351454
v -0.132283 -1.147957 -0.356945
v -0.139783 -1.147957 -0.358955
v -0.251510 -1.147957 -0.353307
v -0.254407 -1.147957 -0.347292
v -0.254407 -1.147957 -0.340617
v -0.241180 -1.147957 -0.233205
v -0.132283 -1.147957 -0.330964
v -0.126792 -1.147957 -0.336455
v -0.124783 -1.147957 -0.343955
v 0.924967 -1.147957 -0.234852
v 0.922717 -1.147957 -0.235455
v 0.924967 -1.147957 -0.227058
v 0.922717 -1.147957 -0.226455
v 0.920467 -1.147957 -0.227058
v 0.918820 -1.147957 -0.228705
v 0.926614 -1.147957 -0.228705
v 0.927217 -1.147957 -0.230955
v 0.926614 -1.147957 -0.233205
v 0.920467 -1.147957 -0.234852
v 0.918820 -1.147957 -0.233205
v 0.918217 -1.147957 -0.230955
v -0.954283 -1.147957 -0.980954
v 0.945717 -1.147957 -0.980955
v -0.454283 -1.147957 -0.980954
v 0.445717 -1.147957 -0.980955
v 0.437717 -1.145957 -0.454945
v 0.443208 -1.145957 -0.449455
v 0.443208 -1.145957 -0.449455
v -0.057283 -1.145957 -0.356945
v -0.057283 -1.145957 -0.356945
v -0.057283 -1.147957 -0.356945
v -0.057283 -1.147957 -0.356945
v 0.004717 -1.145957 -0.230955
v 0.004717 -1.145957 -0.230955
v 0.004114 -1.145957 -0.228705
v -0.504783 -1.145957 -0.539954
v -0.504783 -1.145957 -0.539954
v -0.504783 -1.147957 -0.539954
v -0.504783 -1.147957 -0.539954
v 0.108550 -1.145957 -1.160139
v 0.108550 -1.145957 -1.101562
v -0.322283 -1.147957 -0.624964
v -0.322283 -1.147957 -0.624964
v -0.329783 -1.147957 -0.622954
v -0.316792 -1.147957 -0.841454
v -0.322283 -1.147957 -0.846945
v -0.322283 -1.147957 -0.846945
v 0.443208 -1.145957 -0.336455
v 0.443208 -1.145957 -0.336455
v 0.437717 -1.145957 -0.330964
v 0.140217 -1.145957 -0.622955
v 0.132717 -1.145957 -0.624964
v 0.132717 -1.145957 -0.624964
v 0.065773 -1.147957 -0.800503
v 0.065806 -1.147957 -0.799945
v 0.817717 -1.147957 -1.114964
v 0.823207 -1.147957 -1.120455
v 0.087318 -1.147957 -0.790955
v 0.085179 -1.147957 -0.791307
v -0.062773 -1.145957 -1.512455
v -0.062773 -1.145957 -1.512455
v -0.062773 -1.147957 -1.512455
v -0.062773 -1.147957 -1.512455
v -0.512283 -1.147957 -1.506964
v -0.506793 -1.147957 -1.512455
v -0.506793 -1.147957 -1.512455
v 0.032840 -1.147957 -0.792491
v 0.032840 -1.147957 -0.792491
v 0.033781 -1.147957 -0.791622
v -0.062773 -1.145957 -1.429455
v -0.062773 -1.145957 -1.429455
v -0.062773 -1.147957 -1.429455
v -0.062773 -1.147957 -1.429455
v 0.443208 -1.147957 -0.434455
v 0.437717 -1.147957 -0.428964
v 0.437717 -1.147957 -0.428964
v -0.824783 -1.147957 -0.539954
v -0.824783 -1.147957 -0.539954
v -0.822773 -1.147957 -0.547454
v -0.632773 -1.147957 -0.532454
v -0.627283 -1.147957 -0.526964
v -0.627283 -1.147957 -0.526964
v 0.031328 -1.147957 -0.328955
v -0.049783 -1.147957 -0.328955
v 0.050217 -1.147957 -0.328955
v -0.590533 -1.145957 -1.736151
v -0.590533 -1.145957 -1.736151
v -0.590533 -1.147957 -1.736151
v -0.590533 -1.147957 -1.736151
v 0.920467 -1.145957 -1.734852
v 0.920467 -1.145957 -1.734852
v 0.920467 -1.147957 -1.734852
v 0.920467 -1.147957 -1.734852
v 0.004114 -1.147957 -0.228705
v 0.002467 -1.147957 -0.227057
v 0.002467 -1.147957 -0.227057
v 0.905217 -1.147957 -1.742955
v 0.771217 -1.147957 -1.742955
v 0.633207 -1.147957 -0.630455
v 0.635217 -1.147957 -0.637955
v 0.635217 -1.147957 -0.637955
v -0.126792 -1.145957 -0.630455
v -0.132283 -1.145957 -0.624964
v -0.132283 -1.145957 -0.624964
v 0.954717 -1.145957 -0.730955
v 0.954717 -1.145957 -0.730955
v 0.954114 -1.145957 -0.728705
v 0.627717 -1.145957 -0.944945
v 0.627717 -1.145957 -0.944945
v 0.620217 -1.145957 -0.946955
v -0.316792 -1.145957 -0.939454
v -0.316792 -1.145957 -0.939454
v -0.316792 -1.147957 -0.939454
v -0.316792 -1.147957 -0.939454
v 0.507227 -1.145957 -0.532455
v 0.507227 -1.145957 -0.532455
v 0.512717 -1.145957 -0.526964
v -0.506792 -1.147957 -0.826454
v -0.506792 -1.147957 -0.826454
v -0.512283 -1.147957 -0.820964
v -0.512283 -1.147957 -0.820964
v 0.945717 -1.145957 -0.730955
v 0.945717 -1.145957 -0.730955
v 0.946320 -1.145957 -0.733205
v 0.950217 -1.145957 -0.726455
v 0.950217 -1.145957 -0.726455
v 0.947967 -1.145957 -0.727058
v -0.817283 -1.147957 -0.820964
v -0.817283 -1.147957 -0.820964
v -0.809783 -1.147957 -0.818954
v -0.822773 -1.147957 -1.233454
v -0.824783 -1.147957 -1.225954
v 0.139526 -1.145957 -1.166765
v 0.138882 -1.145957 -1.165534
v 0.138882 -1.145957 -1.165534
v -0.252773 -1.145957 -0.449454
v -0.252773 -1.145957 -0.449454
v -0.254783 -1.145957 -0.441954
v -0.239783 -1.147957 -0.622955
v -0.139783 -1.147957 -0.622955
v -0.709783 -1.147957 -1.142954
v -0.702283 -1.147957 -1.140945
v -0.124783 -1.145957 -0.441954
v -0.124783 -1.145957 -0.441954
v -0.124783 -1.147957 -0.441955
v -0.124783 -1.147957 -0.441955
v -0.817283 -1.145957 -1.336945
v -0.817283 -1.145957 -1.336945
v -0.809783 -1.145957 -1.338954
v -0.252773 -1.147957 -0.449454
v -0.252773 -1.147957 -0.449454
v -0.696793 -1.147957 -1.135454
v -0.696793 -1.147957 -1.135454
v -0.694783 -1.147957 -1.127954
v -0.437283 -1.145957 -0.428964
v -0.437283 -1.145957 -0.428964
v -0.437283 -1.147957 -0.428964
v -0.437283 -1.147957 -0.428964
v -0.239533 -1.145957 -0.227057
v -0.239533 -1.145957 -0.227057
v -0.241180 -1.145957 -0.228705
v 0.702717 -1.147957 -1.140945
v 0.710217 -1.147957 -1.142955
v -0.470886 -1.145957 -1.728705
v -0.470886 -1.145957 -1.728705
v -0.472533 -1.145957 -1.727057
v 0.185217 -1.145957 -1.095972
v 0.185217 -1.145957 -1.095972
v 0.185217 -1.147957 -1.095972
v 0.185217 -1.147957 -1.095972
v -0.822773 -1.145957 -1.527454
v -0.822773 -1.145957 -1.527454
v -0.817283 -1.145957 -1.532945
v -0.247283 -1.145957 -1.604964
v -0.247283 -1.145957 -1.604964
v -0.252773 -1.145957 -1.610455
v -0.247283 -1.145957 -1.532945
v -0.252773 -1.145957 -1.527455
v -0.252773 -1.145957 -1.527455
v -0.322283 -1.145957 -1.630945
v -0.322283 -1.145957 -1.630945
v -0.329783 -1.145957 -1.632955
v -0.429783 -1.145957 -1.504955
v -0.437283 -1.145957 -1.506964
v -0.322283 -1.145957 -1.506964
v -0.329783 -1.145957 -1.504955
v -0.442773 -1.145957 -1.512455
v -0.442773 -1.145957 -1.512455
v -0.444783 -1.145957 -1.519955
v 0.430217 -1.147957 -0.456955
v 0.330217 -1.147957 -0.456955
v -0.949783 -1.145957 -1.485454
v -0.949783 -1.145957 -1.485454
v -0.949783 -1.147957 -1.485454
v -0.949783 -1.147957 -1.485454
v 0.024106 -1.145957 -1.115850
v 0.024106 -1.145957 -1.103784
v -0.329783 -1.145957 -1.406955
v -0.429783 -1.145957 -1.406955
v 0.635217 -1.145957 -1.421955
v 0.635217 -1.145957 -1.421955
v 0.633207 -1.145957 -1.429455
v -0.247283 -1.145957 -1.434945
v -0.239783 -1.145957 -1.436954
v -0.132283 -1.145957 -1.434945
v -0.139783 -1.145957 -1.436955
v -0.139783 -1.145957 -1.308955
v -0.239783 -1.145957 -1.308954
v -0.000686 -1.145957 -1.099184
v 0.008267 -1.145957 -1.113814
v -0.124783 -1.145957 -1.323955
v -0.124783 -1.145957 -1.323955
v -0.126793 -1.145957 -1.331455
v -0.062773 -1.145957 -1.233455
v -0.057283 -1.145957 -1.238945
v -0.057283 -1.145957 -1.238945
v 0.118325 -1.147957 -0.949184
v 0.128364 -1.147957 -0.942272
v 0.627717 -1.145957 -1.336945
v 0.627717 -1.145957 -1.336945
v 0.620217 -1.145957 -1.338955
v -0.068199 -1.145957 -1.093298
v -0.068116 -1.145957 -1.093993
v -0.124783 -1.147957 -1.323955
v -0.124783 -1.147957 -1.323955
v 0.952467 -1.145957 -1.234852
v 0.954114 -1.145957 -1.233205
v -0.314783 -1.145957 -1.323955
v -0.316793 -1.145957 -1.316455
v -0.316793 -1.145957 -1.316455
v -0.009713 -1.147957 -0.973837
v -0.008990 -1.147957 -0.976437
v -0.008204 -1.147957 -0.941373
v -0.008675 -1.147957 -0.941634
v -0.059783 -1.147957 -0.943993
v -0.059826 -1.147957 -0.943457
v 0.823208 -1.147957 -0.449455
v 0.817717 -1.147957 -0.454945
v -0.225338 -1.147957 -0.852621
v -0.224059 -1.147957 -0.859884
v -0.224059 -1.147957 -0.859884
v 0.024714 -1.147957 -0.947135
v 0.023224 -1.147957 -0.947680
v -0.708386 -1.147957 -0.233204
v -0.710033 -1.147957 -0.234852
v -0.710033 -1.147957 -0.234852
v 0.507227 -1.145957 -1.135455
v 0.507227 -1.145957 -1.135455
v 0.507227 -1.147957 -1.135455
v 0.507227 -1.147957 -1.135455
v 0.635217 -1.145957 -1.225955
v 0.635217 -1.145957 -1.225955
v 0.633207 -1.145957 -1.233455
v -0.961783 -1.145957 -0.412954
v -0.961783 -1.145957 -0.505204
v -0.546158 -1.147957 -1.742954
v -0.955783 -1.147957 -1.742954
v 0.031328 -1.147957 -1.742955
v -0.101450 -1.147957 -1.742955
v -0.961783 -1.145957 -1.736954
v -0.960979 -1.145957 -1.739954
v -0.254783 -1.147957 -1.421955
v -0.252773 -1.147957 -1.429455
v -0.252773 -1.147957 -1.429455
v -0.961783 -1.145957 -0.863402
v -0.961783 -1.145957 -0.970138
v -0.634783 -1.147957 -1.029954
v -0.634783 -1.147957 -1.029954
v -0.632773 -1.147957 -1.037454
v 0.962217 -1.147957 -1.736955
v 0.961413 -1.147957 -1.739955
v 0.697227 -1.145957 -1.331455
v 0.702717 -1.145957 -1.336945
v 0.702717 -1.145957 -1.336945
v -0.947533 -1.147957 -0.984851
v -0.947533 -1.147957 -0.984851
v -0.949783 -1.147957 -0.985454
v 0.825217 -1.145957 -1.127955
v 0.823207 -1.145957 -1.120455
v -0.926783 -1.147957 -1.730954
v -0.926783 -1.147957 -1.730954
v -0.926180 -1.147957 -1.728704
v -0.926180 -1.147957 -1.728704
v -0.092474 -1.147957 -1.020955
v -0.094927 -1.147957 -1.020457
v -0.322283 -1.147957 -1.408964
v -0.329783 -1.147957 -1.406955
v 0.024106 -1.147957 -1.103784
v 0.024106 -1.147957 -1.115850
v 0.109389 -1.147957 -0.963820
v -0.632773 -1.145957 -1.429454
v -0.627283 -1.145957 -1.434945
v -0.166488 -1.147957 -1.091307
v -0.167119 -1.147957 -1.091639
v 0.479114 -1.145957 -1.728705
v 0.479114 -1.145957 -1.728705
v 0.479114 -1.147957 -1.728705
v 0.479114 -1.147957 -1.728705
v -0.316793 -1.145957 -1.135455
v -0.316793 -1.145957 -1.135455
v -0.316793 -1.147957 -1.135455
v -0.316793 -1.147957 -1.135455
v 0.056562 -1.147957 -1.091075
v 0.058585 -1.147957 -1.090955
v 0.159370 -1.147957 -1.095947
v 0.166502 -1.147957 -1.092170
v 0.091478 -1.147957 -1.095758
v 0.090904 -1.147957 -1.096466
v 0.087908 -1.147957 -1.090955
v 0.056276 -1.147957 -1.164444
v 0.056276 -1.147957 -1.164444
v 0.056276 -1.147957 -1.170955
v 0.056276 -1.147957 -1.170955
v 0.443207 -1.147957 -1.135455
v 0.443207 -1.147957 -1.135455
v 0.437717 -1.147957 -1.140945
v -0.809783 -1.147957 -0.720954
v -0.709783 -1.147957 -0.720954
v 0.810217 -1.147957 -1.112955
v 0.057717 -1.147957 -1.336945
v 0.057717 -1.147957 -1.336945
v 0.050217 -1.147957 -1.338955
v 0.063207 -1.147957 -1.331455
v 0.437717 -1.147957 -1.506964
v 0.443207 -1.147957 -1.512455
v 0.443207 -1.147957 -1.512455
v -0.064783 -1.147957 -1.519955
v -0.947533 -1.145957 -0.984851
v -0.947533 -1.145957 -0.984851
v -0.949783 -1.145957 -0.985454
v -0.947533 -1.145957 -1.234851
v -0.945886 -1.145957 -1.233204
v -0.182261 -1.147957 -1.096305
v -0.183898 -1.147957 -1.097396
v 0.620217 -1.147957 -1.632955
v 0.520217 -1.147957 -1.632955
v -0.709783 -1.145957 -1.142954
v -0.809783 -1.145957 -1.142954
v -0.709783 -1.145957 -1.112954
v -0.809783 -1.145957 -1.112954
v -0.822773 -1.145957 -1.135454
v -0.822773 -1.145957 -1.135454
v -0.822773 -1.147957 -1.135454
v -0.822773 -1.147957 -1.135454
v -0.139783 -1.147957 -1.210955
v -0.132283 -1.147957 -1.212964
v -0.132283 -1.147957 -1.212964
v -0.694783 -1.145957 -1.127954
v -0.696793 -1.145957 -1.135454
v -0.696793 -1.145957 -1.135454
v 0.817717 -1.147957 -0.918964
v 0.817717 -1.147957 -0.918964
v 0.823207 -1.147957 -0.924455
v 0.479717 -1.145957 -0.230955
v 0.479114 -1.145957 -0.233205
v 0.237438 -1.145957 -0.819784
v 0.238890 -1.145957 -0.819149
v -0.817283 -1.147957 -1.630945
v -0.817283 -1.147957 -1.630945
v -0.809783 -1.147957 -1.632954
v 0.710217 -1.147957 -0.554955
v 0.702717 -1.147957 -0.552945
v 0.202122 -1.145957 -0.801584
v 0.204396 -1.145957 -0.798853
v 0.430217 -1.147957 -1.632955
v 0.330217 -1.147957 -1.632955
v 0.211328 -1.145957 -0.789392
v 0.211328 -1.145957 -0.789392
v 0.203226 -1.145957 -0.790516
v 0.512717 -1.145957 -1.016964
v 0.507227 -1.145957 -1.022455
v 0.507227 -1.145957 -1.022455
v 0.950217 -1.145957 -0.976455
v 0.950217 -1.145957 -0.976455
v 0.950217 -1.147957 -0.976455
v 0.950217 -1.147957 -0.976455
v 0.627717 -1.145957 -1.016964
v 0.627717 -1.145957 -1.016964
v 0.620217 -1.145957 -1.014955
v 0.946320 -1.145957 -0.983205
v 0.946320 -1.145957 -0.983205
v 0.946320 -1.147957 -0.983205
v 0.946320 -1.147957 -0.983205
v 0.450217 -1.145957 -0.976455
v 0.450217 -1.145957 -0.976455
v 0.447967 -1.145957 -0.977058
v 0.952467 -1.145957 -0.984852
v 0.952467 -1.145957 -0.984852
v 0.952467 -1.147957 -0.984852
v 0.952467 -1.147957 -0.984852
v 0.947967 -1.145957 -0.984852
v 0.947967 -1.145957 -0.984852
v 0.627717 -1.147957 -1.016964
v 0.627717 -1.147957 -1.016964
v 0.947967 -1.145957 -0.977058
v 0.954114 -1.145957 -0.983205
v 0.450217 -1.147957 -0.976455
v 0.450217 -1.147957 -0.976455
v 0.512717 -1.145957 -1.042945
v 0.520217 -1.145957 -1.044955
v 0.446320 -1.145957 -0.978705
v 0.446320 -1.145957 -0.978705
v 0.446320 -1.147957 -0.978705
v 0.446320 -1.147957 -0.978705
v -0.314783 -1.145957 -1.029954
v -0.316793 -1.145957 -1.037454
v -0.316793 -1.145957 -1.037454
v -0.453680 -1.145957 -0.983204
v -0.453680 -1.145957 -0.983204
v -0.452033 -1.145957 -0.984852
v -0.452033 -1.145957 -0.984852
v -0.449783 -1.145957 -0.976454
v -0.449783 -1.145957 -0.976454
v -0.452033 -1.145957 -0.977057
v -0.445886 -1.145957 -0.983204
v -0.445886 -1.145957 -0.983204
v -0.445283 -1.145957 -0.980954
v 0.627717 -1.145957 -1.042945
v 0.620217 -1.145957 -1.044955
v -0.453680 -1.147957 -0.983204
v -0.453680 -1.147957 -0.983204
v -0.329783 -1.145957 -1.014954
v -0.429783 -1.145957 -1.014954
v -0.445886 -1.147957 -0.983204
v -0.445886 -1.147957 -0.983204
v -0.444783 -1.145957 -1.029954
v -0.442773 -1.145957 -1.022455
v -0.442773 -1.145957 -1.022455
v -0.449783 -1.147957 -0.976454
v -0.449783 -1.147957 -0.976454
v -0.329783 -1.145957 -0.916954
v -0.429783 -1.145957 -0.916954
v -0.444783 -1.145957 -0.931954
v -0.442773 -1.145957 -0.939454
v -0.322283 -1.145957 -0.944945
v 0.627717 -1.147957 -0.944945
v 0.627717 -1.147957 -0.944945
v 0.512717 -1.145957 -0.944945
v 0.520217 -1.145957 -0.946955
v 0.512717 -1.145957 -0.918964
v 0.520217 -1.145957 -0.916955
v 0.954717 -1.147957 -0.730955
v 0.954717 -1.147957 -0.730955
v 0.520217 -1.145957 -0.524955
v 0.945717 -1.147957 -0.730955
v 0.945717 -1.147957 -0.730955
v 0.505217 -1.145957 -0.539955
v 0.505217 -1.145957 -0.539955
v 0.950217 -1.147957 -0.726455
v 0.950217 -1.147957 -0.726455
v 0.507227 -1.147957 -0.532455
v 0.507227 -1.147957 -0.532455
v -0.329783 -1.145957 -0.524954
v -0.429783 -1.145957 -0.524954
v -0.252773 -1.145957 -0.547454
v -0.252773 -1.145957 -0.547454
v -0.252773 -1.147957 -0.547455
v -0.252773 -1.147957 -0.547455
v -0.444783 -1.145957 -0.539954
v -0.442773 -1.145957 -0.532454
v -0.442773 -1.145957 -0.532454
v -0.316792 -1.145957 -0.532455
v -0.322283 -1.145957 -0.526964
v -0.322283 -1.145957 -0.526964
v -0.132283 -1.145957 -0.552945
v -0.132283 -1.145957 -0.552945
v -0.132283 -1.147957 -0.552945
v -0.132283 -1.147957 -0.552945
v -0.247283 -1.145957 -0.552945
v -0.239783 -1.145957 -0.554954
v 0.057717 -1.147957 -1.604964
v 0.057717 -1.147957 -1.604964
v 0.063207 -1.147957 -1.610455
v -0.139783 -1.145957 -0.554954
v 0.945717 -1.145957 -0.480955
v 0.945717 -1.145957 -0.480955
v 0.945717 -1.147957 -0.480955
v 0.945717 -1.147957 -0.480955
v 0.635217 -1.145957 -0.441955
v 0.635217 -1.145957 -0.441955
v 0.633208 -1.145957 -0.434455
v 0.952467 -1.145957 -0.477058
v 0.952467 -1.145957 -0.477058
v 0.952467 -1.147957 -0.477058
v 0.952467 -1.147957 -0.477058
v -0.239783 -1.145957 -0.456955
v -0.139783 -1.145957 -0.456955
v -0.247283 -1.145957 -0.454945
v 0.627717 -1.145957 -0.428964
v 0.627717 -1.145957 -0.428964
v 0.627717 -1.147957 -0.428964
v 0.627717 -1.147957 -0.428964
v -0.126792 -1.145957 -0.434455
v 0.947967 -1.145957 -0.484852
v 0.950217 -1.145957 -0.485455
v 0.950217 -1.145957 -0.485455
v 0.950217 -1.145957 -0.476455
v 0.635217 -1.147957 -0.441955
v 0.635217 -1.147957 -0.441955
v 0.620217 -1.145957 -0.426955
v -0.314783 -1.145957 -0.441954
v -0.316792 -1.145957 -0.434455
v -0.316792 -1.145957 -0.449454
v -0.316792 -1.145957 -0.449454
v 0.926614 -1.145957 -0.233205
v 0.924967 -1.145957 -0.234852
v 0.924967 -1.145957 -0.234852
v -0.132283 -1.145957 -0.454945
v -0.132283 -1.145957 -0.454945
v -0.132283 -1.147957 -0.454945
v -0.132283 -1.147957 -0.454945
v 0.920467 -1.145957 -0.234852
v 0.920467 -1.145957 -0.234852
v 0.922717 -1.145957 -0.235455
v 0.918820 -1.145957 -0.233205
v -0.126792 -1.145957 -0.449455
v -0.126792 -1.145957 -0.449455
v -0.442773 -1.145957 -0.434454
v -0.322283 -1.145957 -0.454945
v -0.329783 -1.145957 -0.456954
v 0.920467 -1.147957 -0.234852
v 0.920467 -1.147957 -0.234852
v -0.239533 -1.145957 -0.234852
v -0.239533 -1.145957 -0.234852
v -0.237283 -1.145957 -0.235454
v 0.823207 -1.147957 -1.527455
v 0.823207 -1.147957 -1.527455
v 0.817717 -1.147957 -1.532945
v -0.126792 -1.145957 -0.336454
v -0.126792 -1.145957 -0.336454
v -0.126792 -1.147957 -0.336455
v -0.126792 -1.147957 -0.336455
v -0.239783 -1.145957 -0.358954
v -0.139783 -1.145957 -0.358955
v -0.239533 -1.147957 -0.234852
v -0.239533 -1.147957 -0.234852
v -0.254407 -1.145957 -0.340617
v -0.254407 -1.145957 -0.347292
v -0.239533 -1.147957 -0.227057
v -0.239533 -1.147957 -0.227057
v -0.477033 -1.145957 -1.734852
v -0.474783 -1.145957 -1.735455
v -0.470283 -1.145957 -1.730955
v -0.470283 -1.145957 -1.730955
v 0.000217 -1.145957 -1.735455
v 0.002467 -1.145957 -1.734852
v 0.002467 -1.145957 -1.734852
v -0.470283 -1.147957 -1.730955
v -0.470283 -1.147957 -1.730955
v 0.002467 -1.145957 -1.727058
v 0.000217 -1.145957 -1.726455
v 0.000217 -1.145957 -1.726455
v -0.239533 -1.145957 -1.727057
v -0.241180 -1.145957 -1.728705
v -0.241180 -1.145957 -1.728705
v -0.470886 -1.147957 -1.728705
v -0.470886 -1.147957 -1.728705
v -0.241180 -1.145957 -1.733205
v -0.239533 -1.145957 -1.734852
v -0.239533 -1.145957 -1.734852
v -0.241783 -1.145957 -1.730955
v -0.241783 -1.145957 -1.730955
v 0.512717 -1.145957 -1.604964
v 0.512717 -1.145957 -1.604964
v 0.512717 -1.147957 -1.604964
v 0.512717 -1.147957 -1.604964
v -0.239783 -1.145957 -1.632955
v -0.139783 -1.145957 -1.632955
v -0.126793 -1.145957 -1.625455
v -0.124783 -1.145957 -1.617955
v -0.124783 -1.145957 -1.617955
v -0.252773 -1.145957 -1.625455
v -0.252773 -1.145957 -1.625455
v -0.252773 -1.147957 -1.625455
v -0.252773 -1.147957 -1.625455
v -0.429783 -1.145957 -1.632955
v 0.512717 -1.145957 -1.630945
v 0.520217 -1.145957 -1.632955
v 0.507226 -1.145957 -1.610455
v -0.247283 -1.147957 -1.604964
v -0.247283 -1.147957 -1.604964
v 0.633207 -1.145957 -1.610455
v 0.627717 -1.145957 -1.604964
v 0.627717 -1.145957 -1.604964
v 0.627717 -1.145957 -1.506965
v 0.620217 -1.145957 -1.504955
v 0.635217 -1.145957 -1.519955
v 0.635217 -1.145957 -1.519955
v 0.633207 -1.145957 -1.512455
v -0.254783 -1.145957 -1.519955
v 0.507227 -1.145957 -1.512455
v 0.507227 -1.145957 -1.512455
v 0.507227 -1.147957 -1.512455
v 0.507227 -1.147957 -1.512455
v -0.239783 -1.145957 -1.534955
v -0.322283 -1.147957 -1.630945
v -0.322283 -1.147957 -1.630945
v -0.442773 -1.145957 -1.610455
v -0.444783 -1.145957 -1.617954
v 0.635217 -1.147957 -1.519955
v 0.635217 -1.147957 -1.519955
v -0.429783 -1.145957 -1.602955
v -0.329783 -1.145957 -1.602955
v -0.437283 -1.145957 -1.604964
v -0.437283 -1.145957 -1.604964
v -0.316793 -1.145957 -1.625455
v -0.316793 -1.145957 -1.625455
v -0.316793 -1.145957 -1.527455
v -0.316793 -1.145957 -1.527455
v -0.322283 -1.145957 -1.532945
v -0.316793 -1.145957 -1.512455
v -0.316793 -1.145957 -1.512455
v -0.442773 -1.147957 -1.512455
v -0.442773 -1.147957 -1.512455
v 0.954717 -1.145957 -1.480955
v 0.954114 -1.145957 -1.478705
v 0.954114 -1.145957 -1.478705
v -0.124783 -1.145957 -1.519955
v -0.126793 -1.145957 -1.512455
v -0.126793 -1.145957 -1.512455
v -0.316793 -1.147957 -1.527455
v -0.316793 -1.147957 -1.527455
v -0.132283 -1.145957 -1.532945
v -0.126793 -1.145957 -1.527455
v -0.126793 -1.145957 -1.527455
v -0.139783 -1.145957 -1.534955
v -0.947533 -1.145957 -1.484851
v 0.620217 -1.145957 -1.406955
v 0.520217 -1.145957 -1.406955
v 0.507227 -1.145957 -1.429455
v 0.507227 -1.145957 -1.429455
v 0.512717 -1.145957 -1.434945
v -0.953680 -1.145957 -1.483204
v -0.953680 -1.145957 -1.483204
v -0.953680 -1.147957 -1.483204
v -0.953680 -1.147957 -1.483204
v 0.945717 -1.145957 -1.480955
v 0.946320 -1.145957 -1.483205
v 0.946320 -1.145957 -1.483205
v 0.507227 -1.147957 -1.429455
v 0.507227 -1.147957 -1.429455
v -0.947533 -1.145957 -1.477057
v -0.945886 -1.145957 -1.478704
v -0.945886 -1.145957 -1.478704
v 0.635217 -1.147957 -1.421955
v 0.635217 -1.147957 -1.421955
v -0.444783 -1.145957 -1.421955
v -0.442773 -1.145957 -1.429455
v -0.442773 -1.145957 -1.429455
v -0.314783 -1.145957 -1.421955
v -0.316793 -1.145957 -1.429455
v -0.316793 -1.145957 -1.429455
v -0.247283 -1.145957 -1.408964
v -0.239783 -1.145957 -1.406955
v -0.252773 -1.145957 -1.316455
v -0.252773 -1.145957 -1.316455
v -0.254783 -1.145957 -1.323955
v 0.512717 -1.145957 -1.336945
v 0.512717 -1.145957 -1.336945
v 0.512717 -1.147957 -1.336945
v 0.512717 -1.147957 -1.336945
v -0.437283 -1.145957 -1.336945
v -0.437283 -1.145957 -1.336945
v -0.429783 -1.145957 -1.338954
v 0.627717 -1.147957 -1.336945
v 0.627717 -1.147957 -1.336945
v 0.520217 -1.145957 -1.338955
v -0.252773 -1.147957 -1.316455
v -0.252773 -1.147957 -1.316455
v 0.512717 -1.145957 -1.310964
v 0.520217 -1.145957 -1.308955
v -0.437283 -1.147957 -1.336945
v -0.437283 -1.147957 -1.336945
v 0.947967 -1.145957 -1.227058
v 0.946320 -1.145957 -1.228705
v 0.946320 -1.145957 -1.228705
v 0.950217 -1.145957 -1.226455
v 0.950217 -1.145957 -1.226455
v -0.442773 -1.145957 -1.331455
v -0.316793 -1.145957 -1.331455
v 0.950217 -1.147957 -1.226455
v 0.950217 -1.147957 -1.226455
v -0.226571 -1.145957 -0.948646
v -0.227354 -1.145957 -0.950899
v 0.810217 -1.147957 -0.426955
v 0.771217 -1.147957 -0.426955
v 0.695217 -1.147957 -0.441955
v 0.695217 -1.147957 -0.441955
v 0.697227 -1.147957 -0.434455
v 0.050217 -1.147957 -1.406955
v 0.057717 -1.147957 -1.408964
v -0.057283 -1.147957 -1.408964
v -0.049783 -1.147957 -1.406955
v -0.064783 -1.147957 -1.421955
v -0.062773 -1.147957 -1.414455
v -0.062773 -1.147957 -1.414455
v 0.255217 -1.147957 -1.421955
v 0.253207 -1.147957 -1.429455
v 0.253207 -1.147957 -1.429455
v 0.437717 -1.147957 -1.408964
v 0.443207 -1.147957 -1.414455
v 0.443207 -1.147957 -1.414455
v 0.430217 -1.147957 -1.406955
v 0.240217 -1.147957 -1.406955
v 0.247717 -1.147957 -1.408964
v 0.443207 -1.147957 -1.429455
v 0.443207 -1.147957 -1.429455
v 0.437717 -1.147957 -1.434945
v 0.330217 -1.147957 -1.436955
v 0.322717 -1.147957 -1.434945
v 0.507227 -1.147957 -1.218455
v 0.512717 -1.147957 -1.212964
v 0.512717 -1.147957 -1.212964
v 0.322717 -1.147957 -1.408964
v 0.330217 -1.147957 -1.406955
v -0.922283 -1.147957 -0.235454
v -0.924533 -1.147957 -0.234851
v -0.924533 -1.147957 -0.234851
v -0.920033 -1.147957 -0.234851
v -0.920033 -1.147957 -0.234851
v -0.716783 -1.147957 -0.230954
v -0.716783 -1.147957 -0.230954
v -0.716180 -1.147957 -0.228704
v -0.716180 -1.147957 -0.233204
v -0.889103 -1.147957 -0.278954
v -0.889103 -1.147957 -0.278954
v -0.891783 -1.147957 -0.288954
v 0.132717 -1.147957 -1.408964
v 0.140217 -1.147957 -1.406955
v 0.125217 -1.147957 -1.421955
v 0.127227 -1.147957 -1.429455
v 0.127227 -1.147957 -1.429455
v -0.714533 -1.147957 -0.234852
v -0.714533 -1.147957 -0.234852
v -0.920033 -1.147957 -1.727057
v -0.918386 -1.147957 -1.728704
v -0.918386 -1.147957 -1.728704
v -0.710033 -1.147957 -1.727057
v -0.708386 -1.147957 -1.728704
v -0.712283 -1.147957 -0.226454
v -0.714533 -1.147957 -0.227057
v -0.714533 -1.147957 -0.227057
v -0.588337 -1.147957 -1.733954
v -0.924533 -1.147957 -1.734851
v -0.924533 -1.147957 -1.734851
v -0.926180 -1.147957 -1.733204
v 0.926614 -1.147957 -1.728705
v 0.926614 -1.147957 -1.728705
v 0.927217 -1.147957 -1.730955
v 0.927217 -1.147957 -1.730955
v 0.920467 -1.147957 -1.727058
v 0.922717 -1.147957 -1.726455
v 0.922717 -1.147957 -1.726455
v 0.620217 -1.147957 -1.240955
v 0.627717 -1.147957 -1.238945
v 0.627717 -1.147957 -1.238945
v 0.959217 -1.147957 -1.742151
v 0.959217 -1.147957 -1.742151
v 0.961413 -1.147957 -0.221955
v 0.959217 -1.147957 -0.219759
v -0.596533 -1.147957 -1.725758
v -0.596533 -1.147957 -1.725758
v -0.598729 -1.147957 -1.727955
v -0.588337 -1.147957 -1.727955
v -0.587533 -1.147957 -1.730955
v -0.716180 -1.147957 -1.733204
v -0.714533 -1.147957 -1.734852
v -0.714533 -1.147957 -1.734852
v 0.922717 -1.147957 -1.735455
v 0.146954 -1.145957 -0.946676
v 0.144662 -1.145957 -0.945798
v 0.144662 -1.145957 -0.945798
v 0.107319 -1.147957 -0.973208
v 0.710217 -1.147957 -1.504955
v 0.702717 -1.147957 -1.506965
v 0.697227 -1.147957 -1.218455
v 0.702717 -1.147957 -1.212964
v 0.702717 -1.147957 -1.212964
v -0.241180 -1.147957 -1.733205
v -0.241783 -1.147957 -1.730955
v -0.241783 -1.147957 -1.730955
v -0.958783 -1.147957 -0.219758
v -0.958783 -1.147957 -0.219758
v -0.960979 -1.147957 -0.221954
v -0.239533 -1.147957 -1.734852
v -0.239533 -1.147957 -1.734852
v -0.479283 -1.147957 -1.730955
v -0.478680 -1.147957 -1.728705
v -0.478680 -1.147957 -1.728705
v 0.716614 -1.145957 -1.728705
v 0.717217 -1.145957 -1.730955
v 0.717217 -1.145957 -1.730955
v 0.714967 -1.145957 -1.734852
v 0.714967 -1.145957 -1.734852
v 0.716614 -1.145957 -1.733205
v 0.471320 -1.147957 -1.733205
v 0.472967 -1.147957 -1.734852
v 0.472967 -1.147957 -1.734852
v 0.588771 -1.145957 -1.733955
v 0.587967 -1.145957 -1.730955
v 0.507227 -1.147957 -0.939455
v 0.512717 -1.147957 -0.944945
v 0.470717 -1.147957 -1.730955
v 0.470717 -1.147957 -1.730955
v 0.714967 -1.147957 -1.734852
v 0.714967 -1.147957 -1.734852
v 0.505217 -1.147957 -0.931955
v 0.505217 -1.147957 -0.931955
v 0.708217 -1.145957 -1.730955
v 0.708217 -1.145957 -1.730955
v 0.708217 -1.147957 -1.730955
v 0.708217 -1.147957 -1.730955
v 0.239967 -1.145957 -1.727058
v 0.237717 -1.145957 -1.726455
v 0.237717 -1.145957 -1.726455
v 0.472967 -1.145957 -1.734852
v 0.472967 -1.145957 -1.734852
v 0.235467 -1.145957 -1.734852
v 0.235467 -1.145957 -1.734852
v 0.237717 -1.145957 -1.735455
v 0.596967 -1.145957 -1.736151
v 0.596967 -1.145957 -1.736151
v 0.596967 -1.147957 -1.736151
v 0.596967 -1.147957 -1.736151
v -0.002033 -1.145957 -1.727058
v -0.003680 -1.145957 -1.728705
v -0.003680 -1.145957 -1.728705
v 0.590967 -1.145957 -1.725759
v 0.590967 -1.145957 -1.725759
v 0.590967 -1.147957 -1.725759
v 0.590967 -1.147957 -1.725759
v 0.475217 -1.145957 -1.735455
v 0.599163 -1.145957 -1.733955
v 0.599967 -1.145957 -1.730955
v 0.588771 -1.145957 -1.727955
v 0.235467 -1.147957 -1.734852
v 0.235467 -1.147957 -1.734852
v 0.151884 -1.147957 -1.168576
v 0.151884 -1.147957 -1.145521
v 0.150158 -1.147957 -1.130825
v 0.149689 -1.147957 -1.129383
v 0.023971 -1.147957 -0.844469
v 0.024895 -1.147957 -0.843657
v 0.139619 -1.147957 -1.093458
v 0.139662 -1.147957 -1.093993
v -0.047887 -1.147957 -0.797680
v -0.046397 -1.147957 -0.797135
v 0.135686 -1.147957 -1.090955
v 0.138134 -1.147957 -1.091423
v 0.125217 -1.147957 -1.225955
v 0.125217 -1.147957 -1.225955
v 0.127227 -1.147957 -1.218455
v -0.020113 -1.147957 -0.797309
v -0.017225 -1.147957 -0.798033
v 0.134216 -1.147957 -1.161709
v 0.134766 -1.147957 -1.163177
v 0.134106 -1.147957 -1.160139
v 0.179661 -1.147957 -1.172482
v 0.179661 -1.147957 -1.172482
v 0.171593 -1.147957 -1.171174
v -0.709783 -1.147957 -1.308954
v -0.702283 -1.147957 -1.310964
v -0.702283 -1.147957 -1.310964
v -0.634783 -1.147957 -1.323954
v -0.634783 -1.147957 -1.323954
v -0.632773 -1.147957 -1.316454
v -0.817283 -1.147957 -1.310964
v -0.817283 -1.147957 -1.310964
v -0.809783 -1.147957 -1.308954
v -0.817283 -1.147957 -1.336945
v -0.817283 -1.147957 -1.336945
v -0.822773 -1.147957 -1.331454
v -0.809783 -1.147957 -1.338954
v -0.504783 -1.147957 -1.323955
v -0.504783 -1.147957 -1.323955
v -0.506793 -1.147957 -1.331455
v -0.619783 -1.147957 -1.338954
v -0.627283 -1.147957 -1.336945
v -0.627283 -1.147957 -1.336945
v -0.519783 -1.147957 -1.338954
v 0.208225 -1.147957 -1.159821
v 0.203451 -1.147957 -1.164756
v 0.247717 -1.147957 -1.212964
v 0.247717 -1.147957 -1.212964
v 0.240217 -1.147957 -1.210955
v -0.050557 -1.145957 -0.942498
v -0.050557 -1.145957 -0.942498
v -0.050894 -1.145957 -0.944045
v 0.330217 -1.147957 -1.112955
v 0.430217 -1.147957 -1.112955
v 0.216291 -1.147957 -1.118519
v 0.217439 -1.147957 -1.130000
v 0.437717 -1.147957 -1.212964
v 0.437717 -1.147957 -1.212964
v 0.430217 -1.147957 -1.210955
v 0.317227 -1.147957 -1.218455
v 0.317095 -1.147957 -1.218688
v 0.445217 -1.147957 -1.127955
v 0.443207 -1.147957 -1.120455
v 0.443207 -1.147957 -1.120455
v 0.186851 -1.147957 -1.172415
v 0.184106 -1.147957 -1.172535
v 0.184106 -1.147957 -1.172535
v 0.189557 -1.147957 -1.171944
v 0.188707 -1.147957 -1.098368
v 0.187159 -1.147957 -1.096896
v 0.189476 -1.147957 -1.100720
v 0.188899 -1.147957 -1.162074
v 0.189661 -1.147957 -1.157639
v 0.317227 -1.147957 -1.120455
v 0.317227 -1.147957 -1.120455
v 0.315217 -1.147957 -1.127955
v 0.322717 -1.147957 -1.114964
v -0.696793 -1.147957 -1.527454
v -0.696793 -1.147957 -1.527454
v -0.694783 -1.147957 -1.519954
v -0.709783 -1.147957 -1.504954
v -0.809783 -1.147957 -1.504954
v -0.822773 -1.147957 -1.527454
v -0.822773 -1.147957 -1.527454
v -0.824783 -1.147957 -1.519954
v -0.696793 -1.147957 -1.512454
v -0.696793 -1.147957 -1.512454
v 0.445217 -1.147957 -1.519955
v 0.132717 -1.147957 -1.532945
v 0.127227 -1.147957 -1.527455
v 0.127227 -1.147957 -1.527455
v -0.822773 -1.147957 -1.512454
v -0.822773 -1.147957 -1.512454
v -0.817283 -1.147957 -1.506964
v 0.315217 -1.147957 -1.519955
v 0.317227 -1.147957 -1.527455
v 0.317227 -1.147957 -1.527455
v 0.430217 -1.147957 -1.534955
v 0.330217 -1.147957 -1.534955
v -0.062773 -1.147957 -1.527455
v -0.062773 -1.147957 -1.527455
v -0.049783 -1.147957 -1.534955
v 0.050217 -1.147957 -1.534955
v -0.057283 -1.147957 -1.506964
v 0.127227 -1.147957 -1.512455
v 0.127227 -1.147957 -1.512455
v 0.132717 -1.147957 -1.506964
v 0.125217 -1.147957 -1.519955
v 0.065217 -1.147957 -1.519955
v 0.063207 -1.147957 -1.527455
v 0.063207 -1.147957 -1.527455
v -0.953680 -1.145957 -0.983204
v -0.952033 -1.145957 -0.984851
v -0.952033 -1.145957 -0.984851
v -0.619783 -1.145957 -1.014954
v -0.627283 -1.145957 -1.016964
v -0.627283 -1.145957 -1.016964
v -0.634783 -1.145957 -1.029954
v -0.634783 -1.145957 -1.029954
v -0.546158 -1.145957 -1.044954
v -0.619783 -1.145957 -1.044954
v -0.949783 -1.145957 -0.976454
v -0.949783 -1.145957 -0.976454
v -0.952033 -1.145957 -0.977057
v -0.952033 -1.145957 -0.977057
v -0.949783 -1.147957 -0.976454
v -0.949783 -1.147957 -0.976454
v -0.809783 -1.145957 -1.044954
v -0.709783 -1.145957 -1.044954
v -0.632773 -1.145957 -1.037454
v -0.809783 -1.145957 -1.240954
v -0.709783 -1.145957 -1.240954
v -0.627283 -1.145957 -1.238945
v -0.627283 -1.145957 -1.238945
v -0.627283 -1.147957 -1.238945
v -0.627283 -1.147957 -1.238945
v -0.506793 -1.145957 -1.233454
v -0.504783 -1.145957 -1.225955
v -0.504783 -1.145957 -1.225955
v -0.506792 -1.145957 -1.037454
v -0.506792 -1.145957 -1.037454
v -0.506792 -1.147957 -1.037454
v -0.506792 -1.147957 -1.037454
v -0.945283 -1.145957 -1.230954
v -0.945283 -1.145957 -1.230954
v -0.945886 -1.145957 -1.228704
v -0.945886 -1.145957 -1.228704
v -0.504783 -1.145957 -1.029954
v -0.504783 -1.145957 -1.029954
v -0.504783 -1.147957 -1.029954
v -0.504783 -1.147957 -1.029954
v -0.506792 -1.145957 -1.022455
v -0.506792 -1.145957 -1.022455
v -0.945283 -1.147957 -1.230954
v -0.945283 -1.147957 -1.230954
v -0.619783 -1.145957 -1.240954
v -0.824783 -1.145957 -1.127954
v -0.709783 -1.145957 -1.210954
v -0.809783 -1.145957 -1.210954
v -0.632773 -1.145957 -1.135454
v -0.627283 -1.145957 -1.140945
v -0.627283 -1.145957 -1.140945
v -0.953680 -1.145957 -1.233204
v -0.952033 -1.145957 -1.234851
v -0.822773 -1.145957 -1.218454
v -0.822905 -1.145957 -1.218687
v 0.112596 -1.145957 -0.843177
v 0.111766 -1.145957 -0.843265
v -0.506792 -1.145957 -1.135454
v -0.506792 -1.145957 -1.135454
v -0.506792 -1.147957 -1.135454
v -0.506792 -1.147957 -1.135454
v -0.619783 -1.145957 -1.210954
v -0.627283 -1.145957 -1.212964
v -0.627283 -1.145957 -1.212964
v 0.116328 -1.145957 -0.846788
v 0.115468 -1.145957 -0.844607
v 0.114330 -1.145957 -0.843594
v 0.122439 -1.145957 -0.794097
v 0.122819 -1.145957 -0.795677
v 0.110379 -1.145957 -0.843913
v 0.158079 -1.145957 -0.797815
v 0.157024 -1.145957 -0.798251
v -0.015338 -1.145957 -0.870955
v -0.015338 -1.145957 -0.870955
v 0.010217 -1.145957 -0.870955
v 0.010217 -1.145957 -0.870955
v 0.166729 -1.145957 -0.855219
v 0.164540 -1.145957 -0.859739
v 0.169527 -1.145957 -0.844469
v 0.168550 -1.145957 -0.846788
v 0.235460 -1.145957 -0.819549
v 0.235460 -1.145957 -0.819549
v 0.236919 -1.145957 -0.819843
v -0.824783 -1.145957 -0.735954
v -0.824783 -1.145957 -0.735954
v -0.824783 -1.147957 -0.735954
v -0.824783 -1.147957 -0.735954
v -0.922283 -1.145957 -1.735454
v -0.924533 -1.145957 -1.734851
v -0.924533 -1.145957 -1.734851
v 0.322717 -1.145957 -0.820964
v 0.322717 -1.145957 -0.820964
v 0.317227 -1.145957 -0.826455
v 0.317227 -1.145957 -0.826455
v 0.174056 -1.145957 -0.843613
v 0.172283 -1.145957 -0.843177
v 0.317227 -1.147957 -0.826455
v 0.317227 -1.147957 -0.826455
v 0.124071 -1.145957 -0.791649
v 0.122791 -1.145957 -0.792800
v 0.122791 -1.145957 -0.792800
v 0.126042 -1.145957 -0.791074
v 0.322717 -1.147957 -0.820964
v 0.322717 -1.147957 -0.820964
v -0.961783 -1.145957 -0.224954
v -0.960979 -1.145957 -0.221954
v 0.125217 -1.145957 -0.735955
v 0.127227 -1.145957 -0.743455
v 0.127227 -1.145957 -0.743455
v 0.235460 -1.147957 -0.819549
v 0.235460 -1.147957 -0.819549
v 0.322717 -1.145957 -0.846945
v 0.322717 -1.145957 -0.846945
v 0.322717 -1.147957 -0.846945
v 0.322717 -1.147957 -0.846945
v 0.228656 -1.145957 -0.792669
v 0.230998 -1.145957 -0.793177
v 0.220041 -1.145957 -0.797455
v 0.223759 -1.145957 -0.799982
v 0.253208 -1.145957 -0.743455
v 0.253208 -1.145957 -0.743455
v 0.253208 -1.147957 -0.743455
v 0.253208 -1.147957 -0.743455
v 0.255217 -1.145957 -0.735955
v 0.253208 -1.145957 -0.728455
v 0.248628 -1.145957 -0.723534
v 0.240217 -1.145957 -0.845746
v 0.237578 -1.145957 -0.857802
v 0.330217 -1.145957 -0.848955
v 0.443208 -1.145957 -0.743455
v 0.443208 -1.145957 -0.743455
v 0.445217 -1.145957 -0.735955
v 0.437717 -1.145957 -0.748945
v 0.211328 -1.147957 -0.789392
v 0.211328 -1.147957 -0.789392
v -0.817283 -1.145957 -0.918964
v -0.817283 -1.145957 -0.918964
v -0.809783 -1.145957 -0.916954
v -0.702283 -1.145957 -0.918964
v -0.702283 -1.145957 -0.918964
v -0.709783 -1.145957 -0.916954
v 0.443208 -1.145957 -0.841455
v 0.437717 -1.145957 -0.846945
v 0.437717 -1.145957 -0.846945
v -0.702283 -1.147957 -0.918964
v -0.702283 -1.147957 -0.918964
v 0.236919 -1.145957 -0.790955
v 0.235708 -1.145957 -0.791167
v -0.817283 -1.147957 -0.918964
v -0.817283 -1.147957 -0.918964
v 0.211328 -1.145957 -0.796041
v 0.211328 -1.145957 -0.796041
v 0.443208 -1.147957 -0.743455
v 0.443208 -1.147957 -0.743455
v -0.108537 -1.145957 -0.941423
v -0.112057 -1.145957 -0.940955
v -0.627283 -1.145957 -0.820964
v -0.627283 -1.145957 -0.820964
v -0.627283 -1.147957 -0.820964
v -0.627283 -1.147957 -0.820964
v -0.239917 -1.145957 -0.865477
v -0.240607 -1.145957 -0.866276
v -0.249783 -1.145957 -0.950885
v -0.249783 -1.145957 -0.950885
v -0.249783 -1.147957 -0.950885
v -0.249783 -1.147957 -0.950885
v -0.216449 -1.145957 -0.867864
v -0.216521 -1.145957 -0.867142
v -0.129401 -1.145957 -0.946545
v -0.130529 -1.145957 -0.945452
v -0.130529 -1.145957 -0.945452
v -0.220998 -1.145957 -0.870954
v -0.218960 -1.145957 -0.870769
v -0.168097 -1.145957 -0.869336
v -0.167561 -1.145957 -0.867500
v -0.129042 -1.145957 -0.864929
v -0.126449 -1.145957 -0.866145
v -0.126449 -1.145957 -0.866145
v -0.126449 -1.145957 -0.872534
v -0.126449 -1.145957 -0.872534
v -0.126449 -1.147957 -0.872534
v -0.126449 -1.147957 -0.872534
v -0.154904 -1.145957 -0.940955
v -0.154904 -1.145957 -0.940955
v -0.154904 -1.147957 -0.940955
v -0.154904 -1.147957 -0.940955
v -0.015338 -1.147957 -0.870955
v -0.015338 -1.147957 -0.870955
v -0.218672 -1.145957 -0.864826
v -0.220820 -1.145957 -0.863526
v -0.215619 -1.145957 -0.946896
v -0.214071 -1.145957 -0.948368
v -0.138014 -1.145957 -0.869954
v 0.128364 -1.145957 -0.942272
v 0.118325 -1.145957 -0.949184
v -0.170894 -1.145957 -0.940955
v -0.170894 -1.145957 -0.940955
v -0.170894 -1.147957 -0.940955
v -0.170894 -1.147957 -0.940955
v 0.156493 -1.145957 -0.942305
v 0.166537 -1.145957 -0.949184
v -0.243408 -1.145957 -0.945946
v -0.170894 -1.145957 -0.966666
v -0.147644 -1.145957 -0.863429
v -0.224892 -1.145957 -0.946862
v 0.160217 -1.145957 -0.870955
v 0.160217 -1.145957 -0.870955
v 0.160217 -1.147957 -0.870955
v 0.160217 -1.147957 -0.870955
v 0.073550 -1.145957 -0.970139
v 0.073550 -1.145957 -1.004948
v -0.817283 -1.147957 -0.650945
v -0.817283 -1.147957 -0.650945
v -0.809783 -1.147957 -0.652954
v 0.073009 -1.145957 -0.951345
v 0.073550 -1.145957 -0.954184
v 0.044123 -1.145957 -0.947257
v 0.039388 -1.145957 -0.953352
v 0.051940 -1.145957 -0.941589
v 0.162633 -1.145957 -0.862025
v 0.160217 -1.145957 -0.863767
v 0.160217 -1.145957 -0.863767
v 0.148776 -1.145957 -0.948298
v -0.080859 -1.145957 -0.868339
v -0.080370 -1.145957 -0.869637
v 0.061328 -1.145957 -0.939392
v 0.061328 -1.145957 -0.939392
v 0.061328 -1.147957 -0.939392
v 0.061328 -1.147957 -0.939392
v -0.092108 -1.145957 -0.947949
v -0.091554 -1.145957 -0.948593
v -0.017339 -1.145957 -0.948755
v -0.016747 -1.145957 -0.948124
v -0.013116 -1.145957 -0.944357
v -0.013166 -1.145957 -0.943699
v 0.054974 -1.145957 -0.870955
v 0.054974 -1.145957 -0.870955
v 0.054974 -1.147957 -0.870955
v 0.054974 -1.147957 -0.870955
v 0.078585 -1.145957 -0.870955
v 0.078585 -1.145957 -0.870955
v -0.014870 -1.145957 -0.941433
v -0.017422 -1.145957 -0.940955
v -0.005068 -1.145957 -0.948259
v -0.004502 -1.145957 -0.949365
v -0.005877 -1.145957 -0.947708
v 0.026884 -1.145957 -0.943993
v 0.026841 -1.145957 -0.943457
v -0.049678 -1.145957 -0.941577
v 0.022329 -1.145957 -0.948130
v 0.023224 -1.145957 -0.947680
v -0.005807 -1.145957 -0.940955
v -0.008204 -1.145957 -0.941373
v -0.817283 -1.147957 -0.624964
v -0.817283 -1.147957 -0.624964
v -0.809783 -1.147957 -0.622954
v -0.063443 -1.145957 -0.947680
v -0.064337 -1.145957 -0.948130
v -0.050557 -1.147957 -0.942498
v -0.050557 -1.147957 -0.942498
v -0.045461 -1.145957 -0.870301
v -0.044585 -1.145957 -0.869386
v -0.044585 -1.145957 -0.869386
v -0.047202 -1.145957 -0.870892
v -0.050095 -1.145957 -0.946198
v -0.049337 -1.145957 -0.946679
v -0.096302 -1.145957 -0.945121
v -0.095710 -1.145957 -0.946228
v -0.096075 -1.145957 -0.942485
v -0.096075 -1.145957 -0.942485
v -0.096075 -1.147957 -0.942485
v -0.096075 -1.147957 -0.942485
v -0.079352 -1.145957 -0.864939
v -0.080370 -1.145957 -0.865873
v -0.080370 -1.145957 -0.865873
v -0.049123 -1.145957 -0.863177
v -0.048511 -1.145957 -0.863847
v -0.060309 -1.145957 -0.942232
v -0.061310 -1.145957 -0.941422
v 0.014662 -1.145957 -0.863767
v 0.014662 -1.145957 -0.863767
v 0.014662 -1.145957 -0.870955
v 0.014662 -1.145957 -0.870955
v -0.809783 -1.145957 -1.014954
v -0.817283 -1.145957 -1.016964
v -0.013549 -1.145957 -0.945868
v -0.013549 -1.145957 -0.945868
v -0.013549 -1.147957 -0.945868
v -0.013549 -1.147957 -0.945868
v -0.014722 -1.145957 -0.946996
v 0.014662 -1.147957 -0.863767
v 0.014662 -1.147957 -0.863767
v -0.036450 -1.145957 -0.870955
v -0.036450 -1.145957 -0.870955
v -0.036449 -1.145957 -0.846823
v 0.202835 -1.145957 -1.018583
v 0.196103 -1.145957 -1.014392
v 0.437717 -1.147957 -0.552945
v 0.430217 -1.147957 -0.554955
v 0.248155 -1.145957 -1.013847
v 0.247543 -1.145957 -1.013177
v 0.315217 -1.145957 -1.029955
v 0.317227 -1.145957 -1.037455
v 0.317227 -1.145957 -1.037455
v 0.322717 -1.145957 -1.042945
v 0.330217 -1.145957 -1.044955
v 0.212014 -1.145957 -1.013016
v 0.212014 -1.145957 -1.013016
v 0.212014 -1.147957 -1.013016
v 0.212014 -1.147957 -1.013016
v 0.050217 -1.147957 -1.602955
v 0.185217 -1.145957 -1.089392
v 0.185217 -1.145957 -1.089392
v 0.187515 -1.145957 -1.089507
v -0.247891 -1.145957 -1.022066
v -0.246376 -1.145957 -1.021669
v 0.210339 -1.145957 -1.010764
v 0.185217 -1.147957 -1.089392
v 0.185217 -1.147957 -1.089392
v 0.322717 -1.145957 -1.016964
v 0.317227 -1.145957 -1.022455
v 0.317227 -1.145957 -1.022455
v 0.183546 -1.145957 -0.969938
v 0.182439 -1.145957 -0.981284
v 0.215150 -1.145957 -1.014304
v -0.227561 -1.145957 -0.970764
v -0.227408 -1.145957 -0.972499
v -0.223116 -1.145957 -1.016076
v -0.223116 -1.145957 -1.016076
v -0.230294 -1.145957 -1.014580
v -0.243815 -1.145957 -1.018740
v -0.242859 -1.145957 -1.017829
v -0.242859 -1.145957 -1.017829
v -0.245234 -1.145957 -1.020590
v -0.247595 -1.145957 -0.990954
v -0.248264 -1.145957 -0.991006
v -0.223116 -1.147957 -1.016076
v -0.223116 -1.147957 -1.016076
v -0.250894 -1.145957 -0.995520
v -0.250894 -1.145957 -1.018576
v -0.250137 -1.145957 -0.973960
v -0.250137 -1.145957 -0.973960
v -0.250137 -1.147957 -0.973960
v -0.250137 -1.147957 -0.973960
v -0.215926 -1.145957 -1.022415
v -0.213220 -1.145957 -1.021944
v -0.218672 -1.145957 -1.022534
v -0.218672 -1.145957 -1.022534
v -0.122005 -1.145957 -0.989809
v -0.122005 -1.145957 -0.989809
v -0.122005 -1.147957 -0.989809
v -0.122005 -1.147957 -0.989809
v -0.194553 -1.145957 -1.009821
v -0.199327 -1.145957 -1.014756
v -0.249792 -1.145957 -0.971778
v -0.221087 -1.145957 -0.977547
v -0.221870 -1.145957 -0.976365
v -0.220894 -1.145957 -0.978854
v -0.106622 -1.145957 -1.016504
v -0.106450 -1.145957 -1.017500
v -0.057283 -1.147957 -0.552945
v -0.049783 -1.147957 -0.554955
v -0.115338 -1.145957 -1.000069
v -0.115338 -1.145957 -1.000069
v -0.110634 -1.145957 -1.013923
v -0.113165 -1.145957 -1.012148
v -0.251885 -1.145957 -0.981492
v -0.251885 -1.145957 -0.981492
v -0.251885 -1.147957 -0.981492
v -0.251885 -1.147957 -0.981492
v -0.231185 -1.145957 -1.021173
v -0.223116 -1.145957 -1.022482
v -0.223116 -1.145957 -1.022482
v -0.164227 -1.145957 -1.002621
v -0.162948 -1.145957 -1.009884
v -0.162948 -1.145957 -1.009884
v -0.173887 -1.145957 -1.012087
v -0.176606 -1.145957 -1.014166
v -0.248793 -1.145957 -0.982066
v -0.240470 -1.145957 -1.003036
v -0.236033 -1.145957 -1.010069
v 0.188325 -1.145957 -0.834357
v 0.183089 -1.145957 -0.826423
v -0.170894 -1.145957 -0.975989
v -0.170894 -1.145957 -0.975989
v -0.170894 -1.147957 -0.975989
v -0.170894 -1.147957 -0.975989
v 0.186213 -1.145957 -0.843797
v 0.185190 -1.145957 -0.845090
v 0.202144 -1.145957 -0.843073
v 0.194743 -1.145957 -0.839477
v 0.207811 -1.145957 -0.845560
v -0.233386 -1.147957 -1.733205
v -0.233386 -1.147957 -1.733205
v -0.235033 -1.147957 -1.734852
v -0.235033 -1.147957 -1.734852
v -0.164227 -1.145957 -0.986441
v -0.164227 -1.145957 -0.986441
v 0.202230 -1.145957 -0.863326
v 0.197509 -1.145957 -0.859236
v 0.221423 -1.145957 -0.871072
v 0.212439 -1.145957 -0.872534
v 0.212439 -1.145957 -0.872534
v 0.248780 -1.145957 -0.947680
v 0.250269 -1.145957 -0.947135
v 0.207153 -1.145957 -0.941788
v 0.199366 -1.145957 -0.945416
v 0.185594 -1.145957 -0.871175
v 0.186309 -1.145957 -0.871770
v 0.443208 -1.145957 -0.939455
v 0.443208 -1.145957 -0.939455
v 0.437717 -1.145957 -0.944945
v 0.221328 -1.145957 -0.940955
v 0.221328 -1.145957 -0.940955
v 0.221328 -1.145957 -1.020955
v 0.221328 -1.145957 -1.020955
v 0.443208 -1.147957 -0.939455
v 0.443208 -1.147957 -0.939455
v 0.196041 -1.145957 -0.947878
v 0.191420 -1.145957 -0.952609
v 0.211120 -1.145957 -0.949409
v 0.212871 -1.145957 -0.948160
v -0.477033 -1.145957 -0.227057
v -0.477033 -1.145957 -0.227057
v -0.474783 -1.145957 -0.226454
v -0.478680 -1.145957 -0.228704
v -0.478680 -1.145957 -0.228704
v -0.958783 -1.145957 -0.219758
v -0.958783 -1.145957 -0.219758
v -0.477033 -1.147957 -0.227057
v -0.477033 -1.147957 -0.227057
v -0.329783 -1.145957 -0.358954
v -0.322283 -1.145957 -0.356945
v -0.322283 -1.145957 -0.356945
v -0.479283 -1.145957 -0.230954
v -0.478680 -1.145957 -0.233204
v -0.478680 -1.145957 -0.233204
v -0.314783 -1.145957 -0.343954
v -0.316792 -1.145957 -0.351455
v 0.882217 -1.145957 -0.396275
v 0.889538 -1.145957 -0.388955
v 0.889538 -1.145957 -0.388955
v -0.871783 -1.145957 -0.398954
v -0.881783 -1.145957 -0.396275
v -0.501783 -1.145957 -0.288954
v -0.501783 -1.145957 -0.378954
v 0.710467 -1.145957 -0.227058
v 0.710467 -1.145957 -0.227058
v 0.710467 -1.147957 -0.227058
v 0.710467 -1.147957 -0.227058
v -0.889103 -1.145957 -0.278954
v -0.889103 -1.145957 -0.278954
v -0.881783 -1.145957 -0.271634
v -0.881783 -1.145957 -0.271634
v 0.475217 -1.145957 -0.226455
v 0.472967 -1.145957 -0.227058
v 0.472967 -1.145957 -0.227058
v 0.512217 -1.145957 -0.271634
v 0.512217 -1.145957 -0.271634
v 0.522217 -1.145957 -0.268955
v 0.502217 -1.145957 -0.288955
v 0.502217 -1.145957 -0.378955
v 0.504897 -1.145957 -0.278955
v 0.479114 -1.145957 -0.228705
v 0.872217 -1.145957 -0.268955
v 0.470717 -1.145957 -0.230955
v 0.470717 -1.145957 -0.230955
v 0.471320 -1.145957 -0.233205
v 0.716614 -1.145957 -0.233205
v 0.717217 -1.145957 -0.230955
v 0.717217 -1.145957 -0.230955
v 0.039054 -1.145957 -0.990868
v 0.038196 -1.145957 -0.992413
v 0.099151 -1.145957 -0.995594
v 0.101328 -1.145957 -0.979965
v 0.109389 -1.145957 -0.963820
v 0.053273 -1.145957 -1.010069
v 0.050026 -1.145957 -1.005772
v 0.057384 -1.145957 -1.013536
v 0.043047 -1.145957 -0.990219
v 0.041467 -1.145957 -0.989843
v 0.066884 -1.145957 -1.015364
v 0.066884 -1.145957 -1.015364
v 0.066884 -1.147957 -1.015364
v 0.066884 -1.147957 -1.015364
v -0.039353 -1.145957 -1.011235
v -0.041884 -1.145957 -1.012639
v 0.023909 -1.145957 -1.020892
v -0.005807 -1.145957 -1.020955
v -0.060140 -1.145957 -1.019387
v -0.060140 -1.145957 -1.019387
v -0.059783 -1.145957 -1.017864
v -0.061017 -1.145957 -1.020301
v 0.066884 -1.145957 -1.022534
v 0.066884 -1.145957 -1.022534
v 0.038621 -1.145957 -1.020978
v 0.039578 -1.145957 -1.021735
v 0.038094 -1.145957 -1.019842
v -0.060140 -1.147957 -1.019387
v -0.060140 -1.147957 -1.019387
v 0.072550 -1.145957 -1.011045
v -0.064067 -1.145957 -1.013847
v -0.064679 -1.145957 -1.013177
v -0.022982 -1.145957 -1.013755
v -0.024592 -1.145957 -1.012008
v -0.022404 -1.145957 -1.014097
v -0.010269 -1.145957 -0.983559
v -0.023463 -1.145957 -1.003316
v -0.009748 -1.145957 -1.018339
v -0.009258 -1.145957 -1.019637
v 0.702717 -1.147957 -0.624964
v 0.702717 -1.147957 -0.624964
v 0.710217 -1.147957 -0.622955
v -0.019131 -1.145957 -1.016064
v -0.019131 -1.145957 -1.016064
v -0.020477 -1.145957 -1.014982
v -0.062758 -1.145957 -1.020892
v -0.092474 -1.145957 -1.020955
v -0.008672 -1.145957 -0.979114
v -0.009146 -1.145957 -0.981449
v -0.047118 -1.145957 -1.015640
v -0.047118 -1.145957 -1.015640
v -0.047118 -1.147957 -1.015640
v -0.047118 -1.147957 -1.015640
v -0.019007 -1.145957 -1.019178
v -0.018672 -1.145957 -1.017725
v -0.019131 -1.147957 -1.016064
v -0.019131 -1.147957 -1.016064
v 0.026748 -1.145957 -1.016765
v 0.026104 -1.145957 -1.015534
v 0.026104 -1.145957 -1.015534
v 0.026884 -1.145957 -1.017864
v -0.004353 -1.145957 -1.011706
v -0.004887 -1.145957 -1.013177
v -0.045935 -1.145957 -1.014413
v -0.047561 -1.145957 -1.017448
v 0.175314 -1.145957 -0.998348
v 0.177995 -1.145957 -0.980868
v 0.118863 -1.145957 -1.013281
v 0.128653 -1.145957 -1.019954
v 0.140217 -1.145957 -1.022534
v 0.140217 -1.145957 -1.022534
v -0.022561 -1.145957 -1.089392
v -0.022561 -1.145957 -1.089392
v -0.022561 -1.147957 -1.089392
v -0.022561 -1.147957 -1.089392
v -0.020269 -1.145957 -1.096676
v -0.018446 -1.145957 -1.098298
v 0.148197 -1.145957 -1.014120
v 0.149580 -1.145957 -1.012016
v 0.140217 -1.147957 -1.022534
v 0.140217 -1.147957 -1.022534
v 0.817717 -1.145957 -0.722964
v 0.817717 -1.145957 -0.722964
v 0.810217 -1.145957 -0.720955
v 0.505217 -1.145957 -0.637955
v 0.505217 -1.145957 -0.637955
v 0.505217 -1.147957 -0.637955
v 0.505217 -1.147957 -0.637955
v 0.697227 -1.145957 -0.645455
v 0.702717 -1.145957 -0.650945
v 0.702717 -1.145957 -0.650945
v 0.627717 -1.145957 -0.624964
v 0.627717 -1.145957 -0.624964
v 0.627717 -1.147957 -0.624964
v 0.627717 -1.147957 -0.624964
v 0.620217 -1.145957 -0.622955
v 0.507227 -1.145957 -0.645455
v 0.817717 -1.147957 -0.722964
v 0.817717 -1.147957 -0.722964
v 0.627717 -1.145957 -0.722964
v 0.628628 -1.145957 -0.723535
v 0.512717 -1.145957 -0.722964
v 0.511807 -1.145957 -0.723535
v 0.817717 -1.145957 -0.918964
v 0.817717 -1.145957 -0.918964
v 0.823207 -1.145957 -0.924455
v 0.810217 -1.145957 -0.818955
v 0.771217 -1.145957 -0.818955
v 0.697227 -1.145957 -0.924455
v 0.702717 -1.145957 -0.918964
v 0.702717 -1.145957 -0.918964
v 0.823208 -1.145957 -0.630455
v 0.817717 -1.145957 -0.624964
v 0.817717 -1.145957 -0.624964
v 0.810217 -1.145957 -0.622955
v 0.771217 -1.145957 -0.622955
v 0.823208 -1.145957 -0.645455
v 0.825217 -1.145957 -0.637955
v 0.825217 -1.145957 -0.637955
v 0.695217 -1.145957 -0.735955
v 0.695217 -1.145957 -0.735955
v 0.697227 -1.145957 -0.728455
v 0.695217 -1.145957 -0.833955
v 0.695217 -1.145957 -0.833955
v 0.697227 -1.145957 -0.841455
v 0.697227 -1.145957 -0.826455
v 0.825217 -1.145957 -0.833955
v 0.825217 -1.145957 -0.833955
v 0.825217 -1.147957 -0.833955
v 0.825217 -1.147957 -0.833955
v -0.817283 -1.145957 -1.630945
v -0.817283 -1.145957 -1.630945
v 0.702717 -1.145957 -0.846945
v 0.702717 -1.145957 -0.846945
v 0.710217 -1.145957 -0.848955
v 0.823207 -1.145957 -0.826455
v 0.823207 -1.145957 -0.826455
v 0.695217 -1.147957 -0.833955
v 0.695217 -1.147957 -0.833955
v 0.710217 -1.145957 -0.750955
v 0.771217 -1.145957 -0.750955
v 0.695217 -1.147957 -0.735955
v 0.695217 -1.147957 -0.735955
v -0.627283 -1.145957 -1.604964
v -0.627283 -1.145957 -1.604964
v -0.627283 -1.147957 -1.604964
v -0.627283 -1.147957 -1.604964
v -0.809783 -1.145957 -1.602955
v -0.817283 -1.145957 -1.604964
v -0.817283 -1.145957 -1.604964
v -0.709783 -1.145957 -1.602955
v -0.619783 -1.145957 -1.632954
v -0.627283 -1.145957 -1.630945
v -0.627283 -1.145957 -1.630945
v -0.632773 -1.145957 -1.610454
v -0.202769 -1.147957 -1.017326
v -0.207800 -1.147957 -1.020077
v -0.519783 -1.145957 -1.602955
v -0.546158 -1.145957 -1.602955
v -0.632773 -1.145957 -1.625454
v -0.634783 -1.145957 -1.617954
v -0.634783 -1.145957 -1.617954
v 0.317226 -1.145957 -1.610455
v 0.315217 -1.145957 -1.617955
v 0.322717 -1.145957 -1.630945
v 0.322717 -1.145957 -1.630945
v 0.330217 -1.145957 -1.632955
v 0.317226 -1.145957 -1.625455
v 0.317226 -1.145957 -1.625455
v 0.247717 -1.145957 -1.604964
v 0.247717 -1.145957 -1.604964
v 0.240217 -1.145957 -1.602955
v 0.322717 -1.147957 -1.630945
v 0.322717 -1.147957 -1.630945
v 0.125217 -1.145957 -1.617955
v 0.127227 -1.145957 -1.625455
v 0.247717 -1.147957 -1.604964
v 0.247717 -1.147957 -1.604964
v 0.702717 -1.145957 -0.526964
v 0.697227 -1.145957 -0.532455
v 0.710217 -1.145957 -0.524955
v 0.050217 -1.145957 -1.632955
v 0.057717 -1.145957 -1.630945
v 0.057717 -1.145957 -1.630945
v 0.057717 -1.145957 -1.604964
v 0.057717 -1.145957 -1.604964
v 0.050217 -1.145957 -1.602955
v 0.063207 -1.145957 -1.625455
v 0.065217 -1.145957 -1.617955
v 0.253207 -1.145957 -1.625455
v 0.253207 -1.145957 -1.625455
v 0.253207 -1.147957 -1.625455
v 0.253207 -1.147957 -1.625455
v 0.240217 -1.145957 -1.632955
v 0.247717 -1.145957 -1.630945
v -0.062773 -1.145957 -1.610455
v -0.064783 -1.145957 -1.617955
v -0.064783 -1.145957 -1.617955
v 0.255217 -1.145957 -1.617955
v 0.445217 -1.145957 -1.617955
v 0.443207 -1.145957 -1.610455
v -0.057283 -1.145957 -1.630945
v -0.057283 -1.145957 -1.630945
v -0.057283 -1.147957 -1.630945
v -0.057283 -1.147957 -1.630945
v 0.697227 -1.145957 -1.414455
v 0.697227 -1.145957 -1.414455
v 0.702717 -1.145957 -1.408965
v 0.810217 -1.145957 -1.534955
v 0.817717 -1.145957 -1.532945
v 0.771217 -1.145957 -1.534955
v 0.825217 -1.145957 -1.519955
v 0.823207 -1.145957 -1.512455
v 0.823207 -1.145957 -1.512455
v 0.697227 -1.147957 -1.414455
v 0.697227 -1.147957 -1.414455
v 0.207995 -1.145957 -0.865729
v 0.207995 -1.145957 -0.865729
v 0.695217 -1.145957 -1.519955
v 0.697227 -1.145957 -1.527455
v 0.697227 -1.145957 -1.527455
v 0.697227 -1.145957 -1.512455
v 0.697227 -1.145957 -1.512455
v 0.512717 -1.145957 -1.238945
v 0.520217 -1.145957 -1.240955
v 0.627717 -1.145957 -1.238945
v 0.627717 -1.145957 -1.238945
v 0.620217 -1.145957 -1.240955
v 0.810217 -1.145957 -1.632955
v 0.817717 -1.145957 -1.630945
v 0.817717 -1.145957 -1.630945
v -0.091177 -1.145957 -0.813814
v -0.088672 -1.145957 -0.830868
v -0.046397 -1.145957 -0.797135
v -0.045207 -1.145957 -0.796466
v -0.047887 -1.145957 -0.797680
v -0.029227 -1.145957 -0.846788
v -0.030087 -1.145957 -0.844607
v -0.075998 -1.145957 -0.798593
v -0.075466 -1.145957 -0.800029
v -0.021484 -1.145957 -0.791649
v -0.022764 -1.145957 -0.792800
v -0.022764 -1.145957 -0.792800
v 0.016517 -1.145957 -0.795748
v 0.016517 -1.145957 -0.795748
v 0.016517 -1.147957 -0.795748
v 0.016517 -1.147957 -0.795748
v 0.016884 -1.145957 -0.794097
v -0.045755 -1.145957 -0.791422
v -0.048203 -1.145957 -0.790955
v -0.057283 -1.145957 -0.722964
v -0.057283 -1.145957 -0.722964
v -0.057283 -1.147957 -0.722964
v -0.057283 -1.147957 -0.722964
v -0.036065 -1.145957 -0.845006
v 0.015244 -1.145957 -0.791503
v 0.012057 -1.145957 -0.790955
v 0.033781 -1.145957 -0.791622
v 0.032840 -1.145957 -0.792491
v 0.032840 -1.145957 -0.792491
v 0.069986 -1.145957 -0.795539
v 0.070217 -1.145957 -0.794114
v 0.105331 -1.145957 -0.791660
v 0.105331 -1.145957 -0.791660
v 0.102196 -1.145957 -0.790955
v 0.070173 -1.145957 -0.793594
v 0.069678 -1.145957 -0.792359
v 0.105331 -1.147957 -0.791660
v 0.105331 -1.147957 -0.791660
v 0.032620 -1.145957 -0.795113
v 0.033245 -1.145957 -0.795977
v 0.105109 -1.145957 -0.796759
v 0.106465 -1.145957 -0.795633
v 0.106465 -1.145957 -0.795633
v 0.083969 -1.145957 -0.795598
v 0.083969 -1.145957 -0.795598
v 0.083969 -1.147957 -0.795598
v 0.083969 -1.147957 -0.795598
v 0.083551 -1.145957 -0.793871
v 0.089465 -1.145957 -0.799876
v 0.089465 -1.145957 -0.799876
v 0.090217 -1.145957 -0.802968
v 0.087127 -1.145957 -0.797725
v -0.702283 -1.145957 -0.650945
v -0.702283 -1.145957 -0.650945
v -0.709783 -1.145957 -0.652954
v -0.694783 -1.145957 -0.637954
v -0.694783 -1.145957 -0.637954
v -0.696792 -1.145957 -0.645454
v -0.824783 -1.145957 -0.637954
v -0.824783 -1.145957 -0.637954
v -0.822773 -1.145957 -0.645454
v 0.057717 -1.145957 -0.650945
v 0.057717 -1.145957 -0.650945
v 0.057717 -1.147957 -0.650945
v 0.057717 -1.147957 -0.650945
v -0.627283 -1.145957 -0.650945
v -0.627283 -1.145957 -0.650945
v -0.619783 -1.145957 -0.652954
v -0.694783 -1.147957 -0.637954
v -0.694783 -1.147957 -0.637954
v -0.809783 -1.145957 -0.652954
v -0.817283 -1.145957 -0.650945
v -0.817283 -1.145957 -0.650945
v -0.702283 -1.147957 -0.650945
v -0.702283 -1.147957 -0.650945
v 0.079644 -1.145957 -0.843663
v 0.082630 -1.145957 -0.855850
v 0.082630 -1.145957 -0.855850
v 0.090086 -1.145957 -0.804493
v -0.627283 -1.147957 -0.650945
v -0.627283 -1.147957 -0.650945
v 0.050217 -1.145957 -0.652955
v -0.824783 -1.147957 -0.637954
v -0.824783 -1.147957 -0.637954
v 0.140217 -1.145957 -0.524955
v 0.132717 -1.145957 -0.526964
v -0.504783 -1.145957 -0.637954
v -0.504783 -1.145957 -0.637954
v -0.504783 -1.147957 -0.637954
v -0.504783 -1.147957 -0.637954
v 0.247717 -1.145957 -0.526964
v 0.240217 -1.145957 -0.524955
v -0.519783 -1.145957 -0.652954
v -0.512283 -1.145957 -0.650945
v -0.506792 -1.145957 -0.630454
v -0.619783 -1.145957 -0.622954
v -0.627283 -1.145957 -0.624964
v -0.627283 -1.145957 -0.624964
v -0.519783 -1.145957 -0.720954
v -0.512283 -1.145957 -0.722964
v -0.057283 -1.145957 -0.526964
v -0.062773 -1.145957 -0.532455
v -0.062773 -1.145957 -0.532455
v 0.050217 -1.145957 -0.554955
v 0.057717 -1.145957 -0.552945
v 0.443208 -1.145957 -0.547455
v 0.443208 -1.145957 -0.547455
v 0.445217 -1.145957 -0.539955
v 0.253208 -1.145957 -0.547455
v 0.253208 -1.145957 -0.547455
v 0.255217 -1.145957 -0.539955
v 0.437717 -1.145957 -0.526964
v 0.430217 -1.145957 -0.524955
v 0.317227 -1.145957 -0.532455
v 0.317227 -1.145957 -0.532455
v 0.315217 -1.145957 -0.539955
v 0.443208 -1.147957 -0.547455
v 0.443208 -1.147957 -0.547455
v 0.635217 -1.145957 -0.833955
v 0.635217 -1.145957 -0.833955
v 0.633207 -1.145957 -0.826455
v 0.507227 -1.145957 -0.841455
v 0.512717 -1.145957 -0.846945
v 0.620217 -1.145957 -0.818955
v 0.520217 -1.145957 -0.818955
v 0.507227 -1.145957 -0.743455
v 0.507227 -1.145957 -0.743455
v 0.512717 -1.145957 -0.748945
v 0.063208 -1.145957 -0.532455
v 0.063208 -1.145957 -0.532455
v 0.063208 -1.147957 -0.532455
v 0.063208 -1.147957 -0.532455
v 0.633207 -1.145957 -0.743455
v 0.635217 -1.145957 -0.735955
v 0.635217 -1.145957 -0.735955
v 0.620217 -1.145957 -0.750955
v 0.520217 -1.145957 -0.750955
v 0.635217 -1.147957 -0.833955
v 0.635217 -1.147957 -0.833955
v -0.701372 -1.145957 -0.723534
v -0.702283 -1.145957 -0.722964
v -0.822773 -1.145957 -0.826454
v -0.824783 -1.145957 -0.833954
v -0.824783 -1.145957 -0.833954
v 0.437717 -1.145957 -0.650945
v 0.437717 -1.145957 -0.650945
v 0.437717 -1.147957 -0.650945
v 0.437717 -1.147957 -0.650945
v 0.430217 -1.145957 -0.652955
v -0.702283 -1.145957 -0.748945
v -0.709783 -1.145957 -0.750954
v 0.437717 -1.145957 -0.624964
v 0.437717 -1.145957 -0.624964
v 0.430217 -1.145957 -0.622955
v 0.443208 -1.145957 -0.645455
v -0.947533 -1.145957 -0.727057
v -0.945886 -1.145957 -0.728704
v -0.953680 -1.145957 -0.728704
v -0.954283 -1.145957 -0.730954
v -0.954283 -1.145957 -0.730954
v -0.634783 -1.145957 -0.735954
v -0.634783 -1.145957 -0.735954
v -0.634783 -1.147957 -0.735954
v -0.634783 -1.147957 -0.735954
v -0.947533 -1.145957 -0.734851
v -0.949783 -1.145957 -0.735454
v -0.949783 -1.145957 -0.735454
v -0.945886 -1.145957 -0.733204
v -0.632773 -1.145957 -0.743454
v -0.627283 -1.145957 -0.748945
v -0.627283 -1.145957 -0.748945
v -0.632773 -1.145957 -0.826454
v -0.619783 -1.145957 -0.848954
v -0.627283 -1.145957 -0.846945
v -0.627283 -1.145957 -0.846945
v -0.632773 -1.145957 -0.728454
v -0.504783 -1.145957 -0.833954
v -0.504783 -1.145957 -0.833954
v -0.504783 -1.147957 -0.833954
v -0.504783 -1.147957 -0.833954
v -0.437283 -1.145957 -0.846945
v -0.437283 -1.145957 -0.846945
v -0.429783 -1.145957 -0.848954
v -0.506792 -1.145957 -0.743454
v -0.506792 -1.145957 -0.743454
v -0.506792 -1.147957 -0.743454
v -0.506792 -1.147957 -0.743454
v -0.437283 -1.145957 -0.820964
v -0.437283 -1.145957 -0.820964
v -0.442773 -1.145957 -0.826454
v -0.442773 -1.145957 -0.826454
v -0.437283 -1.147957 -0.846945
v -0.437283 -1.147957 -0.846945
v -0.506792 -1.145957 -0.841454
v -0.519783 -1.145957 -0.848954
v -0.512283 -1.145957 -0.846945
v -0.504783 -1.145957 -0.735954
v -0.504783 -1.145957 -0.735954
v -0.437283 -1.147957 -0.820964
v -0.437283 -1.147957 -0.820964
v -0.519783 -1.145957 -0.818954
v -0.512283 -1.145957 -0.820964
v -0.512283 -1.145957 -0.820964
v -0.322283 -1.145957 -0.650945
v -0.316792 -1.145957 -0.645454
v -0.316792 -1.145957 -0.645454
v -0.329783 -1.145957 -0.652954
v -0.437283 -1.145957 -0.650945
v -0.437283 -1.145957 -0.650945
v -0.437283 -1.147957 -0.650945
v -0.437283 -1.147957 -0.650945
v 0.950217 -1.147957 -0.485455
v 0.950217 -1.147957 -0.485455
v 0.947967 -1.147957 -0.484852
v -0.316792 -1.145957 -0.630454
v -0.322283 -1.145957 -0.624964
v -0.322283 -1.145957 -0.624964
v -0.437283 -1.145957 -0.624964
v -0.437283 -1.145957 -0.624964
v -0.442773 -1.145957 -0.630454
v -0.190929 -1.145957 -0.791718
v -0.190929 -1.145957 -0.791718
v -0.190929 -1.147957 -0.791718
v -0.190929 -1.147957 -0.791718
v -0.429783 -1.145957 -0.652954
v -0.329783 -1.145957 -0.818954
v -0.429783 -1.145957 -0.818954
v -0.437283 -1.147957 -0.624964
v -0.437283 -1.147957 -0.624964
v -0.316792 -1.145957 -0.841454
v -0.314783 -1.145957 -0.833954
v -0.191640 -1.145957 -0.795452
v -0.191640 -1.145957 -0.795452
v -0.191640 -1.147957 -0.795452
v -0.191640 -1.147957 -0.795452
v -0.126792 -1.145957 -0.743455
v -0.126792 -1.145957 -0.743455
v -0.126792 -1.147957 -0.743455
v -0.126792 -1.147957 -0.743455
v -0.126449 -1.145957 -0.795798
v -0.126449 -1.145957 -0.795798
v -0.128707 -1.145957 -0.796615
v -0.225338 -1.145957 -0.852621
v -0.225338 -1.145957 -0.836441
v -0.225338 -1.145957 -0.836441
v -0.216015 -1.145957 -0.790955
v -0.216015 -1.145957 -0.790955
v -0.216015 -1.147957 -0.790955
v -0.216015 -1.147957 -0.790955
v -0.190512 -1.145957 -0.796545
v -0.126449 -1.147957 -0.795798
v -0.126449 -1.147957 -0.795798
v -0.124783 -1.145957 -0.735954
v -0.187280 -1.145957 -0.798531
v -0.184312 -1.145957 -0.802177
v -0.252773 -1.145957 -0.743455
v -0.252773 -1.145957 -0.743455
v -0.252773 -1.147957 -0.743455
v -0.252773 -1.147957 -0.743455
v -0.232005 -1.145957 -0.825989
v -0.232005 -1.145957 -0.825989
v -0.171745 -1.145957 -0.863923
v -0.169505 -1.145957 -0.864739
v -0.131705 -1.145957 -0.801800
v -0.130408 -1.145957 -0.798298
v -0.233099 -1.145957 -0.859236
v -0.232227 -1.145957 -0.855985
v -0.232005 -1.147957 -0.825989
v -0.232005 -1.147957 -0.825989
v -0.132005 -1.145957 -0.857812
v -0.131794 -1.145957 -0.860384
v -0.168885 -1.145957 -0.796263
v -0.167904 -1.145957 -0.795341
v -0.167904 -1.145957 -0.795341
v -0.252773 -1.145957 -0.630454
v -0.252773 -1.145957 -0.630454
v -0.254783 -1.145957 -0.637955
v -0.132283 -1.145957 -0.650945
v -0.132283 -1.145957 -0.650945
v -0.126792 -1.145957 -0.645455
v -0.139783 -1.145957 -0.652955
v 0.962217 -1.147957 -0.224955
v -0.239783 -1.145957 -0.720954
v -0.139783 -1.145957 -0.720954
v -0.252773 -1.145957 -0.645454
v -0.252773 -1.147957 -0.630454
v -0.252773 -1.147957 -0.630454
v -0.132283 -1.147957 -0.650945
v -0.132283 -1.147957 -0.650945
v -0.023302 -1.145957 -0.862016
v -0.020894 -1.145957 -0.863767
v -0.020894 -1.145957 -0.863767
v 0.022995 -1.145957 -0.846788
v 0.021174 -1.145957 -0.855219
v -0.064783 -1.145957 -0.637955
v -0.064783 -1.145957 -0.637955
v -0.064783 -1.147957 -0.637954
v -0.064783 -1.147957 -0.637954
v -0.025217 -1.145957 -0.859739
v -0.049783 -1.145957 -0.801562
v -0.049783 -1.145957 -0.860139
v -0.049123 -1.145957 -0.798593
v -0.048782 -1.145957 -0.798129
v -0.062773 -1.145957 -0.645455
v -0.506793 -1.145957 -1.316455
v -0.506793 -1.145957 -1.316455
v -0.506793 -1.147957 -1.316455
v -0.506793 -1.147957 -1.316455
v -0.627283 -1.145957 -0.918964
v -0.627283 -1.145957 -0.918964
v -0.627283 -1.147957 -0.918964
v -0.627283 -1.147957 -0.918964
v -0.049783 -1.145957 -0.456955
v -0.057283 -1.145957 -0.454945
v -0.519783 -1.145957 -0.916954
v -0.512283 -1.145957 -0.918964
v -0.634783 -1.145957 -0.931954
v -0.634783 -1.145957 -0.931954
v -0.634783 -1.147957 -0.931954
v -0.634783 -1.147957 -0.931954
v -0.506792 -1.145957 -0.939454
v -0.504783 -1.145957 -0.931954
v -0.504783 -1.145957 -0.931954
v -0.632773 -1.145957 -0.924454
v -0.632773 -1.145957 -0.939454
v 0.127227 -1.145957 -0.449455
v 0.127227 -1.145957 -0.449455
v 0.127227 -1.147957 -0.449455
v 0.127227 -1.147957 -0.449455
v 0.317227 -1.145957 -0.434455
v 0.322717 -1.145957 -0.428964
v 0.322717 -1.145957 -0.428964
v 0.253208 -1.145957 -0.434455
v 0.253208 -1.145957 -0.434455
v 0.255217 -1.145957 -0.441955
v 0.063208 -1.145957 -0.449455
v 0.063208 -1.145957 -0.449455
v 0.063208 -1.147957 -0.449455
v 0.063208 -1.147957 -0.449455
v 0.253208 -1.147957 -0.434455
v 0.253208 -1.147957 -0.434455
v 0.140217 -1.145957 -0.456955
v 0.132717 -1.145957 -0.454945
v 0.065217 -1.145957 -0.441955
v -0.632773 -1.145957 -0.547454
v -0.627283 -1.145957 -0.552945
v -0.627283 -1.145957 -0.552945
v -0.632773 -1.145957 -0.532454
v -0.634783 -1.145957 -0.539954
v -0.634783 -1.145957 -0.539954
v -0.824783 -1.145957 -0.539954
v -0.824783 -1.145957 -0.539954
v -0.822773 -1.145957 -0.547454
v 0.247717 -1.145957 -0.454945
v 0.253208 -1.145957 -0.449455
v 0.253208 -1.145957 -0.449455
v 0.240217 -1.145957 -0.456955
v 0.443208 -1.145957 -0.434455
v 0.437717 -1.145957 -0.428964
v 0.437717 -1.145957 -0.428964
v 0.430217 -1.145957 -0.456955
v -0.062773 -1.145957 -0.336455
v -0.062773 -1.145957 -0.336455
v -0.062773 -1.147957 -0.336455
v -0.062773 -1.147957 -0.336455
v -0.002033 -1.145957 -0.227057
v -0.002033 -1.145957 -0.227057
v 0.000217 -1.145957 -0.226455
v -0.003680 -1.145957 -0.228705
v 0.004114 -1.145957 -0.233204
v -0.002033 -1.145957 -0.234852
v -0.002033 -1.145957 -0.234852
v 0.000217 -1.145957 -0.235455
v -0.004283 -1.145957 -0.230955
v -0.004283 -1.145957 -0.230955
v -0.002033 -1.147957 -0.227057
v -0.002033 -1.147957 -0.227057
v -0.064783 -1.145957 -0.343955
v 0.004717 -1.147957 -0.230955
v 0.004717 -1.147957 -0.230955
v -0.049783 -1.145957 -0.358955
v -0.002033 -1.147957 -0.234852
v -0.002033 -1.147957 -0.234852
v -0.506792 -1.145957 -0.532454
v -0.506792 -1.145957 -0.532454
v 0.235467 -1.145957 -0.234852
v 0.235467 -1.145957 -0.234852
v 0.237717 -1.145957 -0.235455
v 0.253208 -1.145957 -0.336455
v 0.253208 -1.145957 -0.336455
v 0.255217 -1.145957 -0.343955
v 0.235467 -1.147957 -0.234852
v 0.235467 -1.147957 -0.234852
v 0.125217 -1.145957 -0.343955
v 0.127227 -1.145957 -0.351455
v 0.317227 -1.145957 -0.336455
v 0.317227 -1.145957 -0.336455
v 0.317227 -1.147957 -0.336455
v 0.317227 -1.147957 -0.336455
v 0.140217 -1.145957 -0.358955
v 0.132717 -1.145957 -0.356945
v 0.132717 -1.145957 -0.356945
v 0.253208 -1.147957 -0.336455
v 0.253208 -1.147957 -0.336455
v 0.437717 -1.145957 -0.356945
v 0.437717 -1.145957 -0.356945
v 0.437717 -1.147957 -0.356945
v 0.437717 -1.147957 -0.356945
v -0.945886 -1.145957 -0.478704
v -0.945886 -1.145957 -0.478704
v -0.947533 -1.145957 -0.477057
v -0.947533 -1.145957 -0.477057
v 0.443208 -1.147957 -0.336455
v 0.443208 -1.147957 -0.336455
v -0.632773 -1.145957 -0.434454
v -0.634783 -1.145957 -0.441954
v -0.634783 -1.145957 -0.441954
v 0.253208 -1.145957 -0.351455
v 0.253208 -1.145957 -0.351455
v 0.253208 -1.147957 -0.351455
v 0.253208 -1.147957 -0.351455
v 0.237717 -1.145957 -0.226455
v 0.235467 -1.145957 -0.227057
v 0.235467 -1.145957 -0.227057
v 0.470717 -1.147957 -0.230955
v 0.470717 -1.147957 -0.230955
v -0.945886 -1.147957 -0.478704
v -0.945886 -1.147957 -0.478704
v 0.430217 -1.145957 -0.358955
v 0.445217 -1.145957 -0.343955
v -0.949783 -1.145957 -0.485454
v -0.949783 -1.145957 -0.485454
v -0.949783 -1.147957 -0.485454
v -0.949783 -1.147957 -0.485454
v -0.512283 -1.145957 -0.428964
v -0.512283 -1.145957 -0.428964
v -0.519783 -1.145957 -0.426954
v -0.953680 -1.145957 -0.478704
v -0.953680 -1.145957 -0.478704
v -0.953680 -1.147957 -0.478704
v -0.953680 -1.147957 -0.478704
v -0.506792 -1.145957 -0.449454
v -0.506792 -1.145957 -0.449454
v -0.504783 -1.145957 -0.441954
v -0.702283 -1.145957 -0.428964
v -0.702283 -1.145957 -0.428964
v -0.702283 -1.147957 -0.428964
v -0.702283 -1.147957 -0.428964
v -0.945886 -1.145957 -0.483204
v -0.945283 -1.145957 -0.480954
v -0.945283 -1.145957 -0.480954
v -0.947533 -1.145957 -0.484851
v -0.696792 -1.145957 -0.434454
v -0.696792 -1.145957 -0.434454
v -0.696792 -1.147957 -0.434454
v -0.696792 -1.147957 -0.434454
v -0.512283 -1.147957 -0.428964
v -0.512283 -1.147957 -0.428964
v -0.506792 -1.147957 -0.449454
v -0.506792 -1.147957 -0.449454
v -0.954283 -1.145957 -0.480954
v -0.954283 -1.145957 -0.480954
v -0.709783 -1.145957 -0.426954
v -0.694783 -1.145957 -0.441954
v 0.330217 -1.145957 -0.622955
v 0.322717 -1.145957 -0.624964
v 0.322717 -1.145957 -0.624964
v 0.437717 -1.145957 -0.722964
v 0.438628 -1.145957 -0.723534
v 0.330217 -1.145957 -0.720955
v 0.430217 -1.145957 -0.720955
v 0.512217 -1.147957 -0.271634
v 0.512217 -1.147957 -0.271634
v 0.127227 -1.145957 -0.645455
v 0.132717 -1.145957 -0.650945
v 0.132717 -1.145957 -0.650945
v 0.633208 -1.147957 -0.449455
v 0.627717 -1.147957 -0.454945
v 0.627717 -1.147957 -0.454945
v -0.519783 -1.145957 -0.456954
v -0.619783 -1.145957 -0.456954
v -0.049783 -1.145957 -1.534955
v -0.057283 -1.145957 -1.532945
v 0.063207 -1.145957 -1.512455
v 0.063207 -1.145957 -1.512455
v 0.057717 -1.145957 -1.506964
v 0.065217 -1.145957 -1.519955
v 0.063207 -1.147957 -1.512455
v 0.063207 -1.147957 -1.512455
v -0.064783 -1.145957 -1.519955
v -0.057283 -1.145957 -1.506964
v 0.437717 -1.145957 -1.532945
v 0.443207 -1.145957 -1.527455
v 0.443207 -1.145957 -1.527455
v 0.430217 -1.145957 -1.534955
v 0.714967 -1.145957 -0.234852
v 0.714967 -1.145957 -0.234852
v 0.702717 -1.145957 -0.454945
v 0.710217 -1.145957 -0.456955
v 0.063207 -1.145957 -1.429455
v 0.063207 -1.145957 -1.429455
v 0.065217 -1.145957 -1.421955
v -0.049783 -1.145957 -1.406955
v -0.057283 -1.145957 -1.408964
v -0.057283 -1.145957 -1.434945
v 0.063207 -1.147957 -1.429455
v 0.063207 -1.147957 -1.429455
v 0.437717 -1.145957 -1.408964
v 0.430217 -1.145957 -1.406955
v 0.315217 -1.145957 -1.421955
v 0.317227 -1.145957 -1.414455
v 0.317227 -1.145957 -1.414455
v 0.125217 -1.145957 -1.421955
v 0.127227 -1.145957 -1.429455
v 0.127227 -1.145957 -1.429455
v -0.917783 -1.145957 -0.230954
v -0.917783 -1.145957 -0.230954
v -0.918386 -1.145957 -0.228704
v -0.871783 -1.145957 -0.268954
v -0.708386 -1.145957 -0.228704
v -0.710033 -1.145957 -0.227057
v -0.710033 -1.145957 -0.227057
v 0.041704 -1.145957 -1.022045
v 0.043039 -1.145957 -1.021624
v 0.043039 -1.145957 -1.021624
v -0.716180 -1.145957 -0.233204
v -0.714533 -1.145957 -0.234852
v -0.714533 -1.145957 -0.234852
v -0.917783 -1.147957 -0.230954
v -0.917783 -1.147957 -0.230954
v -0.920033 -1.145957 -0.227057
v -0.920033 -1.145957 -0.227057
v -0.922283 -1.145957 -0.226454
v -0.926180 -1.145957 -0.233204
v -0.924533 -1.145957 -0.234851
v -0.924533 -1.145957 -0.234851
v 0.445217 -1.145957 -1.421955
v 0.443207 -1.145957 -1.429455
v 0.443207 -1.145957 -1.429455
v -0.920033 -1.147957 -0.227057
v -0.920033 -1.147957 -0.227057
v -0.598729 -1.145957 -1.733954
v -0.596533 -1.145957 -1.736151
v -0.596533 -1.145957 -1.736151
v -0.588337 -1.145957 -1.733954
v -0.920033 -1.145957 -1.727057
v -0.922283 -1.145957 -1.726454
v -0.922283 -1.145957 -1.726454
v 0.918820 -1.145957 -1.733205
v -0.714533 -1.145957 -0.227057
v -0.714533 -1.145957 -0.227057
v 0.922717 -1.145957 -1.735455
v -0.712283 -1.145957 -0.226454
v -0.918386 -1.145957 -1.733204
v -0.920033 -1.145957 -1.734851
v -0.920033 -1.145957 -1.734851
v -0.917783 -1.145957 -1.730954
v -0.917783 -1.145957 -1.730954
v -0.587533 -1.145957 -1.730955
v -0.588337 -1.145957 -1.727955
v -0.593533 -1.145957 -1.724954
v -0.596533 -1.145957 -1.725758
v -0.596533 -1.145957 -1.725758
v -0.714533 -1.145957 -1.734852
v -0.714533 -1.145957 -1.734852
v -0.926180 -1.145957 -1.733204
v -0.708386 -1.145957 -1.728704
v -0.710033 -1.145957 -1.727057
v 0.042873 -1.145957 -1.129965
v 0.042873 -1.145957 -1.129965
v 0.042873 -1.147957 -1.129965
v 0.042873 -1.147957 -1.129965
v -0.139731 -1.145957 -1.020955
v -0.139731 -1.145957 -1.020955
v 0.035567 -1.145957 -1.132514
v 0.954717 -1.145957 -0.480955
v 0.954717 -1.145957 -0.480955
v 0.954114 -1.145957 -0.478705
v 0.954114 -1.145957 -0.478705
v 0.241614 -1.145957 -0.233205
v 0.242217 -1.145957 -0.230955
v 0.242217 -1.145957 -0.230955
v 0.031328 -1.145957 -0.524955
v -0.049783 -1.145957 -0.524955
v -0.139731 -1.147957 -1.020955
v -0.139731 -1.147957 -1.020955
v 0.239967 -1.145957 -0.234852
v 0.239967 -1.145957 -0.234852
v 0.240217 -1.145957 -1.406955
v 0.247717 -1.145957 -1.408964
v 0.954717 -1.147957 -0.480955
v 0.954717 -1.147957 -0.480955
v -0.817283 -1.145957 -1.408964
v -0.809783 -1.145957 -1.406954
v 0.242217 -1.145957 -1.730955
v 0.241614 -1.145957 -1.728705
v 0.241614 -1.145957 -1.728705
v 0.153359 -1.145957 -1.141452
v 0.152511 -1.145957 -1.142408
v 0.152511 -1.145957 -1.142408
v 0.154887 -1.145957 -1.172066
v 0.156401 -1.145957 -1.171669
v 0.153394 -1.145957 -1.171827
v 0.159919 -1.145957 -1.167829
v 0.159919 -1.145957 -1.167829
v 0.161033 -1.145957 -1.167621
v 0.051380 -1.145957 -1.123663
v 0.050264 -1.145957 -1.121767
v 0.138682 -1.145957 -1.096466
v 0.137491 -1.145957 -1.097135
v 0.162308 -1.145957 -1.153036
v 0.158318 -1.145957 -1.142962
v 0.127227 -1.145957 -1.218455
v 0.125217 -1.145957 -1.225955
v 0.125217 -1.145957 -1.225955
v 0.175369 -1.145957 -1.122499
v 0.175217 -1.145957 -1.120764
v 0.156890 -1.145957 -1.141294
v 0.155182 -1.145957 -1.140955
v 0.157843 -1.145957 -1.142104
v 0.150158 -1.145957 -1.130825
v 0.150893 -1.145957 -1.131492
v 0.150893 -1.145957 -1.131492
v 0.149689 -1.145957 -1.129383
v 0.181884 -1.145957 -1.128854
v 0.181691 -1.145957 -1.127547
v 0.181464 -1.145957 -1.130413
v 0.181464 -1.145957 -1.130413
v 0.139619 -1.145957 -1.093458
v 0.139662 -1.145957 -1.093993
v 0.159370 -1.145957 -1.095947
v 0.152995 -1.145957 -1.100885
v 0.152995 -1.145957 -1.100885
v 0.139662 -1.145957 -1.167864
v 0.176667 -1.145957 -1.124762
v 0.176667 -1.145957 -1.124762
v 0.176033 -1.145957 -1.124097
v -0.627283 -1.145957 -1.310964
v -0.627283 -1.145957 -1.310964
v -0.627283 -1.147957 -1.310964
v -0.627283 -1.147957 -1.310964
v -0.696793 -1.145957 -1.316454
v -0.694783 -1.145957 -1.323954
v -0.694783 -1.145957 -1.323954
v -0.702283 -1.145957 -1.310964
v -0.702283 -1.145957 -1.310964
v -0.696793 -1.145957 -1.331454
v -0.702283 -1.145957 -1.336945
v -0.702283 -1.145957 -1.336945
v -0.709783 -1.145957 -1.338954
v 0.186851 -1.145957 -1.172415
v 0.189557 -1.145957 -1.171944
v -0.215926 -1.147957 -1.022415
v -0.218672 -1.147957 -1.022534
v -0.218672 -1.147957 -1.022534
v 0.505217 -1.147957 -0.539955
v 0.505217 -1.147957 -0.539955
v 0.317227 -1.145957 -1.218455
v 0.317095 -1.145957 -1.218688
v 0.315217 -1.145957 -1.225955
v 0.317227 -1.145957 -1.233455
v -0.512283 -1.145957 -1.310964
v 0.187222 -1.145957 -1.164450
v 0.184106 -1.145957 -1.165955
v 0.184106 -1.145957 -1.165955
v 0.322717 -1.145957 -1.140945
v 0.330217 -1.145957 -1.142955
v 0.317227 -1.145957 -1.135455
v 0.317227 -1.145957 -1.135455
v 0.443207 -1.145957 -1.218455
v 0.445217 -1.145957 -1.225955
v -0.164227 -1.147957 -0.986441
v -0.164227 -1.147957 -0.986441
v 0.322717 -1.145957 -1.114964
v 0.330217 -1.145957 -1.112955
v 0.317227 -1.147957 -1.135455
v 0.317227 -1.147957 -1.135455
v -0.702283 -1.145957 -1.506964
v -0.696793 -1.145957 -1.512454
v -0.696793 -1.145957 -1.512454
v -0.709783 -1.145957 -1.504954
v -0.627283 -1.145957 -1.532945
v -0.627283 -1.145957 -1.532945
v -0.619783 -1.145957 -1.534954
v -0.627283 -1.147957 -1.532945
v -0.627283 -1.147957 -1.532945
v 0.187159 -1.145957 -1.096896
v 0.437717 -1.145957 -1.506964
v 0.430217 -1.145957 -1.504955
v 0.322717 -1.145957 -1.532945
v 0.330217 -1.145957 -1.534955
v 0.255217 -1.145957 -1.519955
v 0.253207 -1.145957 -1.512455
v 0.253207 -1.145957 -1.512455
v 0.132717 -1.145957 -1.506964
v 0.140217 -1.145957 -1.504955
v 0.127227 -1.145957 -1.512455
v 0.127227 -1.145957 -1.512455
v 0.125217 -1.145957 -1.519955
v -0.512283 -1.145957 -1.506964
v -0.519783 -1.145957 -1.504955
v -0.121376 -1.145957 -1.163526
v -0.124615 -1.145957 -1.159884
v -0.124615 -1.145957 -1.159884
v -0.146336 -1.145957 -1.091660
v -0.146336 -1.145957 -1.091660
v -0.149470 -1.145957 -1.090955
v -0.166380 -1.145957 -1.096788
v -0.167698 -1.145957 -1.095598
v -0.167698 -1.145957 -1.095598
v 0.159919 -1.147957 -1.167829
v 0.159919 -1.147957 -1.167829
v -0.213576 -1.145957 -1.100460
v -0.214158 -1.145957 -1.098871
v -0.146336 -1.147957 -1.091660
v -0.146336 -1.147957 -1.091660
v -0.141162 -1.145957 -1.166276
v -0.140473 -1.145957 -1.165477
v -0.141450 -1.145957 -1.167743
v -0.117349 -1.145957 -1.169382
v -0.117005 -1.145957 -1.167864
v -0.167700 -1.145957 -1.110955
v -0.167700 -1.145957 -1.110955
v -0.167700 -1.147957 -1.110955
v -0.167700 -1.147957 -1.110955
v -0.068460 -1.145957 -1.095341
v -0.068460 -1.145957 -1.095341
v -0.182404 -1.145957 -1.117621
v -0.182404 -1.145957 -1.117621
v -0.182404 -1.147957 -1.117621
v -0.182404 -1.147957 -1.117621
v 0.021447 -1.145957 -1.103030
v 0.022218 -1.145957 -1.102239
v 0.022218 -1.145957 -1.102239
v -0.132561 -1.145957 -1.090955
v -0.132561 -1.145957 -1.090955
v -0.132561 -1.147957 -1.090955
v -0.132561 -1.147957 -1.090955
v 0.023017 -1.145957 -1.102078
v 0.022873 -1.145957 -1.102066
v -0.169279 -1.145957 -1.117621
v -0.169279 -1.145957 -1.117621
v -0.184036 -1.145957 -1.110955
v -0.184036 -1.145957 -1.110955
v -0.068460 -1.147957 -1.095341
v -0.068460 -1.147957 -1.095341
v -0.132561 -1.145957 -1.116666
v -0.171623 -1.145957 -1.165121
v -0.116571 -1.145957 -1.090955
v -0.116571 -1.145957 -1.090955
v -0.068652 -1.145957 -1.169336
v -0.068116 -1.145957 -1.167500
v -0.057702 -1.145957 -1.148358
v -0.060338 -1.145957 -1.130868
v -0.017255 -1.145957 -1.101815
v 0.018203 -1.145957 -1.105399
v 0.018706 -1.145957 -1.105336
v -0.076798 -1.145957 -1.105630
v -0.075057 -1.145957 -1.100795
v 0.025288 -1.145957 -1.143082
v 0.024106 -1.145957 -1.150399
v -0.022561 -1.145957 -1.172535
v -0.022561 -1.145957 -1.172535
v -0.011004 -1.145957 -1.169958
v -0.092561 -1.145957 -1.093923
v -0.092196 -1.145957 -1.095452
v -0.092196 -1.145957 -1.095452
v -0.022561 -1.147957 -1.172535
v -0.022561 -1.147957 -1.172535
v -0.017005 -1.145957 -1.157812
v -0.017005 -1.145957 -1.105538
v -0.017642 -1.145957 -1.162016
v -0.032261 -1.145957 -1.101800
v -0.030963 -1.145957 -1.098298
v -0.049783 -1.145957 -1.240955
v -0.070061 -1.145957 -1.164739
v -0.072300 -1.145957 -1.163923
v -0.068694 -1.145957 -1.092341
v -0.068694 -1.145957 -1.092341
v -0.068288 -1.145957 -1.166504
v -0.072910 -1.145957 -1.170902
v -0.070130 -1.145957 -1.170538
v 0.252439 -1.147957 -0.943993
v 0.252034 -1.147957 -0.945758
v 0.091357 -1.145957 -1.092232
v 0.090356 -1.145957 -1.091423
v 0.091841 -1.145957 -1.093458
v 0.057717 -1.145957 -1.238945
v 0.057717 -1.145957 -1.238945
v 0.057717 -1.147957 -1.238945
v 0.057717 -1.147957 -1.238945
v 0.091884 -1.145957 -1.093993
v 0.091478 -1.145957 -1.095758
v 0.049714 -1.145957 -1.119635
v 0.107337 -1.145957 -1.097949
v 0.107891 -1.145957 -1.098594
v 0.063207 -1.145957 -1.233455
v 0.105947 -1.145957 -1.091021
v 0.104247 -1.145957 -1.091589
v 0.087600 -1.145957 -1.163847
v 0.086988 -1.145957 -1.163177
v 0.037446 -1.145957 -1.169067
v 0.043776 -1.145957 -1.170486
v 0.031727 -1.145957 -1.166007
v 0.056276 -1.145957 -1.170955
v 0.056276 -1.145957 -1.170955
v 0.056276 -1.145957 -1.164444
v 0.056276 -1.145957 -1.164444
v 0.050217 -1.145957 -1.210955
v 0.057717 -1.145957 -1.212964
v 0.057717 -1.145957 -1.212964
v 0.060589 -1.145957 -1.100311
v 0.060773 -1.145957 -1.102031
v 0.054039 -1.145957 -1.096463
v 0.055998 -1.145957 -1.097309
v 0.050125 -1.145957 -1.136265
v 0.051745 -1.145957 -1.133923
v 0.635217 -1.147957 -1.225955
v 0.635217 -1.147957 -1.225955
v 0.697227 -1.145957 -1.022455
v 0.695217 -1.145957 -1.029955
v 0.695217 -1.145957 -1.029955
v 0.702717 -1.145957 -1.042945
v 0.710217 -1.145957 -1.044955
v 0.512717 -1.145957 -1.140945
v 0.520217 -1.145957 -1.142955
v 0.633207 -1.145957 -1.218455
v 0.317227 -1.147957 -0.924455
v 0.322717 -1.147957 -0.918964
v 0.322717 -1.147957 -0.918964
v 0.620217 -1.145957 -1.142955
v 0.627717 -1.145957 -1.140945
v 0.627717 -1.145957 -1.140945
v 0.620217 -1.145957 -1.112955
v 0.520217 -1.145957 -1.112955
v 0.817717 -1.145957 -1.310964
v 0.817717 -1.145957 -1.310964
v 0.823207 -1.145957 -1.316455
v 0.810217 -1.145957 -1.308955
v 0.823207 -1.145957 -1.022455
v 0.823207 -1.145957 -1.022455
v 0.823207 -1.147957 -1.022455
v 0.823207 -1.147957 -1.022455
v 0.702717 -1.145957 -1.310964
v 0.702717 -1.145957 -1.310964
v 0.697227 -1.145957 -1.316455
v 0.710217 -1.145957 -1.308955
v 0.771217 -1.145957 -1.338955
v 0.710217 -1.145957 -1.338955
v 0.817717 -1.147957 -1.310964
v 0.817717 -1.147957 -1.310964
v 0.817717 -1.145957 -1.042945
v 0.823207 -1.145957 -1.037455
v 0.823207 -1.145957 -1.037455
v 0.810217 -1.145957 -1.044955
v 0.702717 -1.147957 -1.310964
v 0.702717 -1.147957 -1.310964
v 0.817717 -1.145957 -1.016964
v 0.702717 -1.145957 -1.238945
v 0.702717 -1.145957 -1.238945
v 0.702717 -1.147957 -1.238945
v 0.702717 -1.147957 -1.238945
v 0.823207 -1.145957 -1.135455
v 0.823207 -1.145957 -1.135455
v 0.817717 -1.145957 -1.140945
v 0.810217 -1.145957 -1.142955
v 0.823207 -1.145957 -1.233455
v 0.825217 -1.145957 -1.225955
v 0.825217 -1.145957 -1.225955
v 0.210634 -1.147957 -0.950069
v 0.211120 -1.147957 -0.949409
v 0.710217 -1.145957 -1.240955
v 0.695217 -1.145957 -1.127955
v 0.697227 -1.145957 -1.135455
v 0.697227 -1.145957 -1.135455
v 0.057717 -1.145957 -1.336945
v 0.057717 -1.145957 -1.336945
v 0.253207 -1.145957 -1.316455
v 0.253207 -1.145957 -1.316455
v 0.247717 -1.145957 -1.310964
v 0.185594 -1.147957 -0.871175
v 0.184863 -1.147957 -0.869488
v 0.140217 -1.145957 -1.308955
v 0.132717 -1.145957 -1.310964
v 0.132717 -1.145957 -1.310964
v 0.127227 -1.145957 -1.331455
v 0.132717 -1.145957 -1.336945
v 0.132717 -1.145957 -1.336945
v 0.253207 -1.147957 -1.316455
v 0.253207 -1.147957 -1.316455
v 0.063207 -1.145957 -1.331455
v 0.050217 -1.145957 -1.338955
v -0.049783 -1.145957 -1.308955
v -0.057283 -1.145957 -1.310964
v -0.057283 -1.145957 -1.310964
v -0.062773 -1.145957 -1.331455
v -0.057283 -1.145957 -1.336945
v -0.057283 -1.145957 -1.336945
v 0.437717 -1.145957 -1.336945
v 0.437717 -1.145957 -1.336945
v 0.437717 -1.147957 -1.336945
v 0.437717 -1.147957 -1.336945
v -0.822773 -1.145957 -1.414454
v -0.822773 -1.145957 -1.414454
v 0.437717 -1.145957 -1.310964
v 0.437717 -1.145957 -1.310964
v 0.437717 -1.147957 -1.310964
v 0.437717 -1.147957 -1.310964
v 0.322717 -1.145957 -1.310964
v 0.322717 -1.145957 -1.310964
v 0.322717 -1.147957 -1.310964
v 0.322717 -1.147957 -1.310964
v -0.702283 -1.145957 -1.408964
v -0.709783 -1.145957 -1.406954
v -0.709783 -1.145957 -1.436954
v -0.702283 -1.145957 -1.434945
v 0.443207 -1.145957 -1.331455
v 0.430217 -1.145957 -1.338955
v 0.430217 -1.145957 -1.308955
v 0.317227 -1.145957 -1.316455
v 0.317227 -1.145957 -1.316455
v -0.314783 -1.145957 -1.127954
v -0.429783 -1.145957 -1.210954
v -0.437283 -1.145957 -1.212964
v -0.437283 -1.145957 -1.212964
v -0.322283 -1.145957 -1.114964
v -0.329783 -1.145957 -1.112954
v -0.322283 -1.145957 -1.238945
v -0.322283 -1.145957 -1.238945
v -0.329783 -1.145957 -1.240955
v -0.429783 -1.145957 -1.240955
v -0.512283 -1.145957 -1.408964
v -0.519783 -1.145957 -1.406955
v -0.519783 -1.145957 -1.436954
v -0.619783 -1.145957 -1.436954
v -0.322283 -1.147957 -1.238945
v -0.322283 -1.147957 -1.238945
v -0.632773 -1.145957 -1.414454
v -0.634783 -1.145957 -1.421954
v -0.634783 -1.145957 -1.421954
v -0.627283 -1.145957 -1.408964
v -0.133654 -1.145957 -1.159236
v -0.135554 -1.145957 -1.162087
v -0.132783 -1.145957 -1.155986
v -0.442773 -1.145957 -1.120454
v -0.442773 -1.145957 -1.120454
v -0.442773 -1.147957 -1.120454
v -0.442773 -1.147957 -1.120454
v -0.132283 -1.145957 -1.238945
v -0.139783 -1.145957 -1.240955
v -0.314783 -1.145957 -1.225955
v -0.316793 -1.145957 -1.218455
v -0.316793 -1.145957 -1.233454
v -0.437283 -1.145957 -1.114964
v -0.181989 -1.145957 -1.092358
v -0.181494 -1.145957 -1.093594
v -0.183152 -1.145957 -1.091397
v 0.810217 -1.145957 -0.916955
v -0.126793 -1.145957 -1.218455
v -0.124783 -1.145957 -1.225955
v -0.124783 -1.145957 -1.225955
v -0.185864 -1.145957 -1.101402
v -0.185894 -1.145957 -1.100503
v -0.185269 -1.145957 -1.090955
v -0.214505 -1.145957 -1.090955
v 0.817717 -1.145957 -0.748945
v 0.823208 -1.145957 -0.743455
v 0.810217 -1.145957 -0.750955
v 0.702717 -1.147957 -0.846945
v 0.702717 -1.147957 -0.846945
v -0.809783 -1.145957 -1.632954
v 0.918820 -1.147957 -0.233205
v 0.918820 -1.147957 -0.228705
v 0.918217 -1.147957 -0.230955
v 0.918217 -1.147957 -0.230955
v 0.922717 -1.147957 -0.235455
v -0.132283 -1.147957 -0.330964
v -0.251510 -1.147957 -0.353307
v -0.254407 -1.147957 -0.347292
v -0.139783 -1.147957 -0.328955
v -0.246291 -1.147957 -0.330440
v -0.239783 -1.147957 -0.328955
v 0.810217 -1.145957 -0.848955
v 0.817717 -1.145957 -0.846945
v 0.817717 -1.145957 -0.846945
v -0.241783 -1.147957 -0.230954
v -0.241783 -1.147957 -0.230954
v -0.241180 -1.147957 -0.228705
v -0.241180 -1.147957 -0.233205
v -0.329783 -1.147957 -0.328954
v -0.322283 -1.147957 -0.330964
v -0.442773 -1.147957 -0.336455
v -0.442773 -1.147957 -0.336455
v -0.437283 -1.147957 -0.330964
v 0.633208 -1.145957 -0.547455
v 0.635217 -1.145957 -0.539955
v 0.635217 -1.145957 -0.539955
v -0.322283 -1.147957 -0.356945
v -0.322283 -1.147957 -0.356945
v -0.329783 -1.147957 -0.358954
v -0.437283 -1.147957 -0.356945
v -0.437283 -1.147957 -0.356945
v -0.442773 -1.147957 -0.351454
v -0.474783 -1.147957 -0.226454
v -0.511783 -1.147957 -0.271634
v -0.511783 -1.147957 -0.271634
v -0.504462 -1.147957 -0.278954
v -0.477033 -1.147957 -0.234852
v -0.477033 -1.147957 -0.234852
v -0.478680 -1.147957 -0.233204
v -0.478680 -1.147957 -0.233204
v -0.470885 -1.147957 -0.228704
v -0.472533 -1.147957 -0.227057
v -0.472533 -1.147957 -0.227057
v -0.329783 -1.147957 -0.554954
v -0.429783 -1.147957 -0.554954
v 0.132717 -1.145957 -1.604964
v 0.132717 -1.145957 -1.604964
v 0.127227 -1.145957 -1.610455
v 0.026104 -1.147957 -1.015534
v 0.026104 -1.147957 -1.015534
v 0.026748 -1.147957 -1.016765
v 0.186328 -1.147957 -0.961106
v 0.191420 -1.147957 -0.952609
v 0.108425 -1.147957 -1.161706
v 0.108550 -1.147957 -1.160139
v 0.108423 -1.147957 -1.100029
v 0.108550 -1.147957 -1.101562
v -0.240470 -1.147957 -1.003036
v -0.236033 -1.147957 -1.010069
v -0.249419 -1.147957 -0.991452
v -0.248264 -1.147957 -0.991006
v -0.095925 -1.147957 -1.019637
v -0.226745 -1.147957 -0.974097
v -0.226111 -1.147957 -0.974762
v -0.226111 -1.147957 -0.974762
v -0.227408 -1.147957 -0.972499
v 0.817717 -1.145957 -1.604964
v 0.817717 -1.145957 -1.604964
v 0.817717 -1.147957 -1.604964
v 0.817717 -1.147957 -1.604964
v -0.221087 -1.147957 -0.977547
v -0.220894 -1.147957 -0.978854
v -0.230294 -1.147957 -1.014580
v -0.106985 -1.147957 -1.019336
v -0.107997 -1.147957 -1.020306
v -0.252619 -1.147957 -0.980824
v -0.253089 -1.147957 -0.979383
v -0.246376 -1.147957 -1.021669
v -0.247891 -1.147957 -1.022066
v -0.245234 -1.147957 -1.020590
v -0.215555 -1.147957 -1.014450
v -0.213879 -1.147957 -1.012074
v -0.218672 -1.147957 -1.015954
v -0.218672 -1.147957 -1.015954
v -0.213220 -1.147957 -1.021944
v -0.250609 -1.147957 -1.020550
v -0.250157 -1.147957 -1.021319
v -0.223116 -1.147957 -1.022482
v -0.223116 -1.147957 -1.022482
v -0.231185 -1.147957 -1.021173
v -0.171988 -1.147957 -1.009236
v -0.171116 -1.147957 -1.005986
v -0.173887 -1.147957 -1.012087
v -0.189310 -1.147957 -1.000970
v -0.194553 -1.147957 -1.009821
v -0.185338 -1.147957 -0.980000
v 0.185190 -1.147957 -0.845090
v 0.186213 -1.147957 -0.843797
v 0.188325 -1.147957 -0.834357
v 0.194743 -1.147957 -0.839477
v 0.183089 -1.147957 -0.826423
v 0.213394 -1.147957 -0.848229
v 0.207811 -1.147957 -0.845560
v 0.252397 -1.147957 -0.943458
v 0.247885 -1.147957 -0.948130
v 0.247544 -1.147957 -0.948594
v 0.437717 -1.147957 -0.944945
v 0.430217 -1.147957 -0.946955
v 0.250912 -1.147957 -0.941423
v 0.251913 -1.147957 -0.942232
v 0.207153 -1.147957 -0.941788
v 0.199366 -1.147957 -0.945416
v 0.330217 -1.147957 -0.946955
v 0.322717 -1.147957 -0.944945
v 0.322717 -1.147957 -0.944945
v 0.209312 -1.147957 -0.953752
v 0.176667 -1.147957 -1.124762
v 0.176667 -1.147957 -1.124762
v 0.437717 -1.147957 -0.918964
v 0.437717 -1.147957 -0.918964
v 0.443208 -1.147957 -0.924455
v 0.430217 -1.147957 -0.916955
v 0.217874 -1.147957 -0.863012
v 0.219775 -1.147957 -0.860165
v 0.207995 -1.147957 -0.872239
v 0.207995 -1.147957 -0.872239
v 0.201146 -1.147957 -0.870934
v -0.218960 -1.147957 -0.870769
v -0.220998 -1.147957 -0.870954
v -0.216521 -1.147957 -0.867142
v -0.216449 -1.147957 -0.867864
v -0.240645 -1.147957 -0.868972
v -0.240894 -1.147957 -0.867743
v -0.122005 -1.147957 -0.958559
v -0.123201 -1.147957 -0.952177
v 0.317227 -1.147957 -1.037455
v 0.317227 -1.147957 -1.037455
v 0.322717 -1.147957 -1.042945
v -0.113391 -1.147957 -0.950795
v -0.115131 -1.147957 -0.955630
v -0.891783 -1.147957 -0.378954
v -0.062773 -1.145957 -0.728455
v -0.049783 -1.145957 -0.720955
v 0.522217 -1.147957 -0.268955
v 0.502217 -1.147957 -0.378955
v 0.502217 -1.147957 -0.288955
v 0.471320 -1.147957 -0.228705
v 0.716614 -1.147957 -0.228705
v 0.717217 -1.147957 -0.230955
v 0.717217 -1.147957 -0.230955
v 0.716614 -1.147957 -0.233205
v 0.714967 -1.147957 -0.234852
v 0.714967 -1.147957 -0.234852
v 0.708820 -1.147957 -0.233205
v 0.708217 -1.147957 -0.230955
v 0.708217 -1.147957 -0.230955
v 0.710467 -1.147957 -0.234852
v 0.710467 -1.147957 -0.234852
v 0.712717 -1.147957 -0.226455
v 0.872217 -1.147957 -0.398955
v 0.882217 -1.147957 -0.396275
v 0.892217 -1.147957 -0.288955
v 0.892217 -1.147957 -0.378955
v 0.099151 -1.147957 -0.995594
v 0.091884 -1.147957 -1.009548
v 0.503740 -1.147957 -0.386608
v -0.075998 -1.145957 -0.863177
v -0.076320 -1.145957 -0.863621
v 0.037995 -1.147957 -1.018802
v 0.037995 -1.147957 -0.994184
v 0.045768 -1.147957 -1.018034
v 0.045768 -1.147957 -1.018034
v 0.044696 -1.147957 -1.019184
v 0.041467 -1.147957 -0.989843
v 0.043047 -1.147957 -0.990219
v 0.070517 -1.147957 -1.013822
v 0.070517 -1.147957 -1.013822
v 0.038621 -1.147957 -1.020978
v 0.038094 -1.147957 -1.019842
v 0.043932 -1.147957 -1.020625
v 0.043039 -1.147957 -1.021624
v 0.043039 -1.147957 -1.021624
v -0.947533 -1.147957 -1.227057
v -0.945886 -1.147957 -1.228704
v -0.945886 -1.147957 -1.228704
v 0.062439 -1.147957 -1.015295
v 0.062439 -1.147957 -1.015295
v 0.062439 -1.147957 -1.022482
v 0.062439 -1.147957 -1.022482
v -0.018672 -1.147957 -1.017725
v -0.019007 -1.147957 -1.019178
v -0.039353 -1.147957 -1.011235
v -0.037075 -1.147957 -1.009444
v -0.045768 -1.147957 -1.020544
v -0.046971 -1.147957 -1.019555
v 0.026526 -1.147957 -1.019387
v 0.026526 -1.147957 -1.019387
v 0.025650 -1.147957 -1.020301
v -0.064679 -1.147957 -1.013177
v -0.064067 -1.147957 -1.013847
v -0.065228 -1.147957 -1.011709
v -0.061953 -1.147957 -1.014652
v -0.060562 -1.147957 -1.015534
v -0.060562 -1.147957 -1.015534
v 0.021988 -1.147957 -1.013177
v 0.022600 -1.147957 -1.013847
v 0.021439 -1.147957 -1.011709
v -0.091876 -1.147957 -1.013621
v -0.091554 -1.147957 -1.013177
v -0.024592 -1.147957 -1.012008
v -0.022982 -1.147957 -1.013755
v -0.009748 -1.147957 -1.018339
v -0.009783 -1.147957 -1.017864
v 0.021328 -1.147957 -0.970139
v 0.021328 -1.147957 -1.010139
v -0.096415 -1.147957 -1.018339
v -0.096450 -1.147957 -1.017864
v -0.092786 -1.147957 -1.014105
v -0.045935 -1.147957 -1.014413
v -0.047561 -1.147957 -1.017448
v -0.009258 -1.147957 -1.019637
v 0.137625 -1.147957 -1.014929
v 0.135721 -1.147957 -1.012812
v 0.140217 -1.147957 -1.016146
v 0.140217 -1.147957 -1.016146
v 0.175314 -1.147957 -0.998348
v 0.165998 -1.147957 -1.013281
v 0.134662 -1.147957 -0.970139
v 0.134872 -1.147957 -1.010384
v 0.430217 -1.147957 -1.044955
v 0.330217 -1.147957 -1.044955
v 0.330217 -1.147957 -1.014955
v 0.430217 -1.147957 -1.014955
v 0.445217 -1.147957 -1.029955
v 0.443207 -1.147957 -1.037455
v 0.443207 -1.147957 -1.037455
v 0.317227 -1.147957 -1.022455
v 0.317227 -1.147957 -1.022455
v 0.322717 -1.147957 -1.016964
v 0.210339 -1.147957 -1.010764
v 0.209355 -1.147957 -1.007430
v 0.250269 -1.147957 -1.014653
v 0.248155 -1.147957 -1.013847
v -0.126793 -1.147957 -1.331455
v -0.126793 -1.147957 -1.316455
v -0.314783 -1.147957 -1.323955
v -0.316793 -1.147957 -1.331455
v -0.442773 -1.147957 -1.331455
v 0.512717 -1.147957 -1.408964
v 0.520217 -1.147957 -1.406955
v 0.627717 -1.147957 -1.408965
v 0.633207 -1.147957 -1.414455
v 0.620217 -1.147957 -1.406955
v 0.633207 -1.147957 -1.429455
v 0.066398 -1.145957 -0.790955
v 0.037162 -1.145957 -0.790955
v 0.627717 -1.147957 -1.434945
v 0.620217 -1.147957 -1.436955
v -0.322283 -1.147957 -1.434945
v -0.329783 -1.147957 -1.436954
v -0.437283 -1.147957 -1.408964
v -0.429783 -1.147957 -1.406955
v -0.314783 -1.147957 -1.421955
v -0.316793 -1.147957 -1.414454
v -0.316793 -1.147957 -1.414454
v -0.316793 -1.147957 -1.429455
v -0.316793 -1.147957 -1.429455
v -0.947533 -1.147957 -1.484851
v 0.950217 -1.147957 -1.476455
v 0.950217 -1.147957 -1.476455
v 0.952467 -1.147957 -1.477058
v 0.947967 -1.147957 -1.477058
v 0.512717 -1.147957 -1.532945
v 0.520217 -1.147957 -1.534955
v 0.512717 -1.147957 -1.506964
v 0.520217 -1.147957 -1.504955
v 0.633207 -1.147957 -1.527455
v 0.627717 -1.147957 -1.532945
v 0.627717 -1.147957 -1.532945
v 0.089465 -1.147957 -0.799876
v 0.089465 -1.147957 -0.799876
v -0.126793 -1.147957 -1.512455
v -0.126793 -1.147957 -1.512455
v -0.124783 -1.147957 -1.519955
v -0.139783 -1.147957 -1.534955
v -0.239783 -1.147957 -1.534955
v -0.139783 -1.147957 -1.504955
v -0.132283 -1.147957 -1.506964
v -0.247283 -1.147957 -1.506964
v -0.239783 -1.147957 -1.504955
v -0.329783 -1.147957 -1.534955
v -0.322283 -1.147957 -1.532945
v -0.322283 -1.147957 -1.506964
v -0.316793 -1.147957 -1.512455
v -0.316793 -1.147957 -1.512455
v -0.442773 -1.147957 -1.527455
v -0.442773 -1.147957 -1.527455
v -0.444783 -1.147957 -1.519955
v 0.633207 -1.147957 -1.610455
v 0.627717 -1.147957 -1.604964
v 0.627717 -1.147957 -1.604964
v 0.505217 -1.147957 -1.617955
v 0.505217 -1.147957 -1.617955
v 0.507226 -1.147957 -1.610455
v 0.507226 -1.147957 -1.625455
v 0.507226 -1.147957 -1.625455
v 0.065217 -1.145957 -0.735955
v 0.063208 -1.145957 -0.728455
v -0.254783 -1.147957 -1.617954
v -0.252773 -1.147957 -1.610455
v -0.124783 -1.147957 -1.421955
v -0.126793 -1.147957 -1.429455
v -0.126793 -1.147957 -1.429455
v -0.126793 -1.147957 -1.610455
v -0.132283 -1.147957 -1.604964
v -0.132283 -1.147957 -1.604964
v -0.329783 -1.147957 -1.632955
v -0.429783 -1.147957 -1.602955
v -0.329783 -1.147957 -1.602955
v -0.316793 -1.147957 -1.610455
v -0.314783 -1.147957 -1.617954
v -0.442773 -1.147957 -1.625455
v -0.442773 -1.147957 -1.625455
v -0.444783 -1.147957 -1.617954
v 0.716614 -1.147957 -1.728705
v 0.717217 -1.147957 -1.730955
v 0.717217 -1.147957 -1.730955
v 0.712717 -1.147957 -1.735455
v 0.710467 -1.147957 -1.734852
v 0.710467 -1.147957 -1.734852
v 0.708820 -1.147957 -1.728705
v 0.710467 -1.147957 -1.727058
v 0.233217 -1.147957 -1.730955
v 0.233820 -1.147957 -1.728705
v 0.233820 -1.147957 -1.728705
v 0.242217 -1.147957 -1.730955
v 0.241614 -1.147957 -1.733205
v 0.000217 -1.147957 -1.735455
v -0.002033 -1.147957 -1.734852
v -0.002033 -1.147957 -1.734852
v 0.239967 -1.147957 -1.727058
v 0.241614 -1.147957 -1.728705
v 0.241614 -1.147957 -1.728705
v -0.003680 -1.147957 -1.728705
v -0.003680 -1.147957 -1.728705
v -0.002033 -1.147957 -1.727058
v 0.004114 -1.147957 -1.728705
v 0.004114 -1.147957 -1.728705
v 0.004717 -1.147957 -1.730955
v -0.474783 -1.147957 -1.735455
v -0.477033 -1.147957 -1.734852
v 0.950217 -1.147957 -1.485455
v 0.950217 -1.147957 -1.485455
v 0.952467 -1.147957 -1.484852
v 0.947967 -1.147957 -0.477058
v 0.947967 -1.147957 -0.477058
v 0.950217 -1.147957 -0.476455
v 0.946320 -1.147957 -0.478705
v 0.946320 -1.147957 -0.478705
v 0.512717 -1.147957 -0.428964
v 0.512717 -1.147957 -0.428964
v 0.520217 -1.147957 -0.426955
v 0.512717 -1.147957 -0.454945
v 0.520217 -1.147957 -0.456955
v -0.139783 -1.147957 -0.456954
v -0.239783 -1.147957 -0.456954
v -0.247283 -1.147957 -0.428964
v -0.247283 -1.147957 -0.428964
v -0.239783 -1.147957 -0.426954
v -0.126792 -1.147957 -0.449455
v -0.126792 -1.147957 -0.449455
v -0.139783 -1.147957 -0.426954
v -0.132283 -1.147957 -0.428964
v -0.132283 -1.147957 -0.428964
v -0.329783 -1.147957 -0.426954
v -0.322283 -1.147957 -0.428964
v -0.322283 -1.147957 -0.428964
v 0.512717 -1.147957 -0.526964
v 0.520217 -1.147957 -0.524955
v 0.620217 -1.147957 -0.554955
v 0.520217 -1.147957 -0.554955
v 0.633208 -1.147957 -0.532455
v 0.627717 -1.147957 -0.526964
v 0.627717 -1.147957 -0.526964
v -0.247283 -1.147957 -0.526964
v -0.239783 -1.147957 -0.524954
v -0.247283 -1.147957 -0.552945
v -0.239783 -1.147957 -0.554954
v -0.952033 -1.147957 -1.484851
v -0.124783 -1.147957 -0.539955
v -0.124783 -1.147957 -0.539955
v -0.126792 -1.147957 -0.547455
v -0.126792 -1.147957 -0.547455
v -0.442773 -1.147957 -0.547454
v -0.442773 -1.147957 -0.547454
v -0.444783 -1.147957 -0.539954
v -0.437283 -1.147957 -0.526964
v -0.429783 -1.147957 -0.524954
v 0.946320 -1.147957 -0.733205
v -0.947533 -1.147957 -1.477057
v -0.945886 -1.147957 -1.478704
v -0.945886 -1.147957 -1.478704
v 0.952467 -1.147957 -0.727058
v 0.952467 -1.147957 -0.727058
v 0.954114 -1.147957 -0.728705
v 0.954114 -1.147957 -0.733205
v 0.952467 -1.147957 -0.734852
v 0.952467 -1.147957 -0.734852
v 0.946320 -1.147957 -0.728705
v 0.947967 -1.147957 -0.727058
v 0.627717 -1.147957 -0.918964
v 0.627717 -1.147957 -0.918964
v 0.633207 -1.147957 -0.924455
v 0.620217 -1.147957 -0.916955
v 0.507227 -1.147957 -0.924455
v 0.512717 -1.147957 -0.918964
v -0.442773 -1.147957 -0.939454
v -0.437283 -1.147957 -0.944945
v -0.437283 -1.147957 -0.944945
v -0.314783 -1.147957 -0.931955
v 0.954114 -1.147957 -0.983205
v 0.954717 -1.147957 -0.980955
v 0.954717 -1.147957 -0.980955
v 0.512717 -1.147957 -1.042945
v 0.507227 -1.147957 -1.037455
v 0.507227 -1.147957 -1.037455
v 0.520217 -1.147957 -1.044955
v 0.520217 -1.147957 -1.014955
v 0.620217 -1.147957 -1.014955
v 0.507227 -1.147957 -1.022455
v 0.507227 -1.147957 -1.022455
v 0.512717 -1.147957 -1.016964
v 0.452467 -1.147957 -0.977058
v -0.329783 -1.147957 -1.044954
v -0.429783 -1.147957 -1.044954
v 0.635217 -1.147957 -1.029955
v 0.635217 -1.147957 -1.029955
v 0.633207 -1.147957 -1.037455
v -0.442773 -1.147957 -1.022454
v -0.442773 -1.147957 -1.022454
v -0.444783 -1.147957 -1.029954
v -0.437283 -1.147957 -1.016964
v -0.429783 -1.147957 -1.014954
v -0.322283 -1.147957 -1.016964
v -0.316792 -1.147957 -1.022454
v -0.316792 -1.147957 -1.022454
v -0.329783 -1.147957 -1.014954
v -0.453680 -1.147957 -0.978704
v -0.453680 -1.147957 -0.978704
v -0.452033 -1.147957 -0.977057
v -0.447533 -1.147957 -0.984852
v -0.447533 -1.147957 -0.984852
v -0.447533 -1.147957 -0.977057
v -0.445886 -1.147957 -0.978704
v -0.445886 -1.147957 -0.978704
v 0.947967 -1.147957 -1.234852
v 0.946320 -1.147957 -1.233205
v -0.181450 -1.145957 -1.094114
v 0.954114 -1.147957 -1.228705
v 0.954114 -1.147957 -1.228705
v 0.954717 -1.147957 -1.230955
v 0.954717 -1.147957 -1.230955
v 0.952467 -1.147957 -1.227058
v 0.950217 -1.147957 -1.235455
v 0.950217 -1.147957 -1.235455
v 0.507227 -1.147957 -1.331455
v -0.139783 -1.147957 -1.338955
v -0.239783 -1.147957 -1.338954
v 0.127227 -1.145957 -0.532455
v 0.127227 -1.145957 -0.532455
v 0.127227 -1.147957 -0.532455
v 0.127227 -1.147957 -0.532455
v -0.254783 -1.147957 -1.323955
v -0.247283 -1.147957 -1.310964
v -0.239783 -1.147957 -1.308954
v -0.822773 -1.147957 -0.743454
v -0.822773 -1.147957 -0.743454
v -0.632773 -1.147957 -0.743454
v -0.694783 -1.147957 -0.833954
v -0.694783 -1.147957 -0.833954
v -0.696792 -1.147957 -0.826454
v -0.947533 -1.147957 -0.734851
v -0.949783 -1.147957 -0.735454
v -0.949783 -1.147957 -0.735454
v -0.945886 -1.147957 -0.733204
v -0.817283 -1.147957 -0.748945
v -0.947533 -1.147957 -0.727057
v -0.945886 -1.147957 -0.728704
v -0.954283 -1.147957 -0.730954
v -0.954283 -1.147957 -0.730954
v -0.953680 -1.147957 -0.728704
v -0.429783 -1.147957 -0.622954
v -0.322283 -1.147957 -0.722964
v -0.321372 -1.147957 -0.723534
v -0.438193 -1.147957 -0.723534
v -0.437283 -1.147957 -0.722964
v -0.429783 -1.147957 -0.750955
v -0.329783 -1.147957 -0.750955
v 0.253208 -1.147957 -0.547455
v 0.253208 -1.147957 -0.547455
v -0.442773 -1.147957 -0.826454
v -0.442773 -1.147957 -0.826454
v -0.322283 -1.147957 -0.650945
v -0.329783 -1.147957 -0.652954
v -0.316792 -1.147957 -0.630454
v -0.314783 -1.147957 -0.735954
v -0.316792 -1.147957 -0.743454
v -0.316792 -1.147957 -0.743454
v 0.317227 -1.147957 -0.532455
v 0.317227 -1.147957 -0.532455
v -0.429783 -1.147957 -0.848954
v -0.139783 -1.147957 -0.720954
v -0.132283 -1.147957 -0.722964
v -0.252773 -1.147957 -0.728455
v -0.248193 -1.147957 -0.723534
v -0.168885 -1.147957 -0.796263
v -0.170651 -1.147957 -0.797309
v -0.126792 -1.147957 -0.645455
v -0.168138 -1.147957 -0.792341
v -0.168138 -1.147957 -0.792341
v -0.167643 -1.147957 -0.793298
v -0.167561 -1.147957 -0.793993
v -0.167904 -1.147957 -0.795341
v -0.167904 -1.147957 -0.795341
v -0.239783 -1.147957 -0.750955
v -0.247283 -1.147957 -0.748945
v -0.132005 -1.147957 -0.805538
v -0.131705 -1.147957 -0.801800
v -0.131794 -1.147957 -0.860384
v -0.130946 -1.147957 -0.862812
v -0.192005 -1.147957 -0.793923
v -0.128707 -1.147957 -0.796615
v -0.183116 -1.147957 -0.839809
v -0.183116 -1.147957 -0.839809
v -0.176449 -1.147957 -0.850069
v -0.176449 -1.147957 -0.850069
v -0.183116 -1.147957 -0.808559
v -0.126792 -1.147957 -0.728455
v -0.124783 -1.147957 -0.735954
v -0.131372 -1.147957 -0.723534
v -0.062773 -1.147957 -0.630455
v -0.057283 -1.147957 -0.624964
v -0.057283 -1.147957 -0.624964
v 0.063208 -1.147957 -0.630455
v 0.065217 -1.147957 -0.637955
v 0.057717 -1.147957 -0.722964
v 0.057717 -1.147957 -0.722964
v 0.050217 -1.147957 -0.720955
v 0.087127 -1.147957 -0.797725
v 0.065802 -1.147957 -0.801402
v 0.066275 -1.147957 -0.798640
v 0.066275 -1.147957 -0.798640
v 0.063208 -1.147957 -0.728455
v 0.102196 -1.147957 -0.790955
v 0.085287 -1.147957 -0.796788
v 0.083858 -1.147957 -0.792471
v 0.084548 -1.147957 -0.791639
v 0.037509 -1.147957 -0.798871
v 0.036499 -1.147957 -0.797748
v 0.083967 -1.147957 -0.810955
v 0.083967 -1.147957 -0.810955
v 0.067630 -1.147957 -0.810955
v 0.067630 -1.147957 -0.810955
v 0.106412 -1.147957 -0.792658
v 0.106412 -1.147957 -0.792658
v 0.090217 -1.147957 -0.802968
v 0.247717 -1.147957 -0.428964
v 0.247717 -1.147957 -0.428964
v 0.322717 -1.147957 -0.428964
v 0.322717 -1.147957 -0.428964
v 0.330217 -1.147957 -0.426955
v 0.255217 -1.147957 -0.441955
v 0.253208 -1.147957 -0.449455
v 0.253208 -1.147957 -0.449455
v 0.140217 -1.147957 -0.456955
v 0.132717 -1.147957 -0.454945
v -0.519783 -1.147957 -0.554954
v -0.546158 -1.147957 -0.554954
v 0.127227 -1.147957 -0.434455
v 0.132717 -1.147957 -0.428964
v 0.132717 -1.147957 -0.428964
v -0.702283 -1.147957 -0.552945
v -0.709783 -1.147957 -0.554954
v -0.709783 -1.147957 -0.524954
v -0.702283 -1.147957 -0.526964
v -0.506792 -1.147957 -0.547454
v -0.506792 -1.147957 -0.547454
v -0.512283 -1.147957 -0.552945
v 0.057717 -1.145957 -0.526964
v -0.822773 -1.147957 -0.532454
v 0.065217 -1.147957 -0.343955
v 0.063208 -1.147957 -0.351455
v 0.507227 -1.147957 -0.743455
v 0.507227 -1.147957 -0.743455
v -0.632773 -1.147957 -0.547454
v -0.634783 -1.147957 -0.539954
v -0.634783 -1.147957 -0.539954
v -0.627283 -1.147957 -0.552945
v -0.627283 -1.147957 -0.552945
v 0.002467 -1.147957 -0.234852
v 0.002467 -1.147957 -0.234852
v 0.000217 -1.147957 -0.235455
v -0.003680 -1.147957 -0.233205
v -0.004283 -1.147957 -0.230955
v -0.004283 -1.147957 -0.230955
v 0.000217 -1.147957 -0.226455
v 0.315217 -1.147957 -0.343955
v 0.317227 -1.147957 -0.351455
v 0.242217 -1.147957 -0.230955
v 0.242217 -1.147957 -0.230955
v 0.241614 -1.147957 -0.233205
v 0.330217 -1.147957 -0.358955
v 0.322717 -1.147957 -0.356945
v 0.322717 -1.147957 -0.356945
v 0.247717 -1.147957 -0.356945
v 0.247717 -1.147957 -0.356945
v 0.255217 -1.147957 -0.343955
v 0.437717 -1.147957 -0.624964
v 0.437717 -1.147957 -0.624964
v 0.599163 -1.147957 -1.727955
v 0.599967 -1.147957 -1.730955
v 0.127227 -1.147957 -0.336455
v 0.127227 -1.147957 -0.336455
v 0.125217 -1.147957 -0.343955
v 0.132717 -1.147957 -0.330964
v -0.329783 -1.145957 -0.328954
v -0.429783 -1.145957 -0.328954
v -0.504783 -1.147957 -0.441954
v -0.506792 -1.147957 -0.434454
v -0.506792 -1.147957 -0.434454
v 0.127227 -1.147957 -0.351455
v 0.132717 -1.147957 -0.356945
v 0.132717 -1.147957 -0.356945
v -0.632773 -1.147957 -0.449454
v -0.634783 -1.147957 -0.441954
v -0.634783 -1.147957 -0.441954
v -0.947533 -1.147957 -0.477057
v -0.947533 -1.147957 -0.477057
v -0.519783 -1.147957 -0.426954
v -0.822773 -1.145957 -0.743454
v -0.822773 -1.145957 -0.743454
v -0.627283 -1.147957 -0.428964
v -0.627283 -1.147957 -0.428964
v -0.619783 -1.147957 -0.426954
v -0.947533 -1.147957 -0.484851
v -0.709783 -1.147957 -0.426954
v -0.809783 -1.147957 -0.426954
v -0.702283 -1.147957 -0.454945
v -0.709783 -1.147957 -0.456954
v -0.822773 -1.147957 -0.434454
v -0.817283 -1.147957 -0.428964
v -0.817283 -1.147957 -0.428964
v 0.317227 -1.147957 -0.645455
v 0.322717 -1.147957 -0.650945
v 0.322717 -1.147957 -0.650945
v -0.954283 -1.147957 -0.480954
v -0.954283 -1.147957 -0.480954
v -0.952033 -1.147957 -0.477057
v -0.952033 -1.147957 -0.477057
v -0.822773 -1.147957 -0.449454
v -0.824783 -1.147957 -0.441954
v -0.824783 -1.147957 -0.441954
v 0.321807 -1.147957 -0.723534
v 0.322717 -1.147957 -0.722964
v 0.317227 -1.147957 -0.728455
v 0.443208 -1.147957 -0.645455
v 0.330217 -1.147957 -0.622955
v 0.430217 -1.147957 -0.622955
v 0.247717 -1.147957 -0.722964
v 0.240217 -1.147957 -0.720955
v 0.248628 -1.147957 -0.723534
v 0.127227 -1.147957 -0.645455
v 0.125217 -1.147957 -0.637955
v 0.140217 -1.147957 -0.720955
v 0.132717 -1.147957 -0.722964
v 0.132717 -1.147957 -0.722964
v 0.253208 -1.147957 -0.630455
v 0.253208 -1.147957 -0.630455
v 0.255217 -1.147957 -0.637955
v -0.506792 -1.147957 -0.728454
v -0.504783 -1.147957 -0.735954
v -0.504783 -1.147957 -0.735954
v -0.512283 -1.147957 -0.748945
v -0.022736 -1.147957 -0.795677
v -0.023116 -1.147957 -0.794097
v -0.822773 -1.147957 -0.841454
v -0.824783 -1.147957 -0.833954
v -0.824783 -1.147957 -0.833954
v -0.632773 -1.147957 -0.826454
v -0.709783 -1.147957 -0.848954
v -0.809783 -1.147957 -0.848954
v -0.696793 -1.147957 -1.218454
v -0.696661 -1.147957 -1.218687
v -0.632773 -1.147957 -1.233454
v -0.506792 -1.147957 -1.120454
v -0.504783 -1.147957 -1.127954
v -0.504783 -1.147957 -1.127954
v -0.952033 -1.147957 -1.227057
v -0.949783 -1.147957 -1.226454
v -0.949783 -1.147957 -1.226454
v -0.953680 -1.147957 -1.228704
v -0.953680 -1.147957 -1.228704
v -0.512283 -1.147957 -1.212964
v -0.512283 -1.147957 -1.212964
v -0.519783 -1.147957 -1.210954
v -0.506793 -1.147957 -1.218455
v -0.817283 -1.147957 -1.212964
v -0.817283 -1.147957 -1.212964
v -0.809783 -1.147957 -1.210954
v -0.546158 -1.147957 -1.112954
v -0.519783 -1.147957 -1.112954
v -0.632905 -1.147957 -1.218687
v -0.632773 -1.147957 -1.218454
v -0.634783 -1.147957 -1.225954
v -0.632773 -1.147957 -1.135454
v -0.634783 -1.147957 -1.127954
v -0.634783 -1.147957 -1.127954
v -0.632773 -1.147957 -1.120454
v -0.627283 -1.147957 -1.114964
v -0.627283 -1.147957 -1.114964
v 0.330217 -1.147957 -0.818955
v 0.437717 -1.147957 -0.748945
v 0.437717 -1.147957 -0.820964
v 0.437717 -1.147957 -0.820964
v 0.443208 -1.147957 -0.826455
v 0.443208 -1.147957 -0.826455
v 0.430217 -1.147957 -0.818955
v 0.204887 -1.147957 -0.812344
v 0.202304 -1.147957 -0.809285
v 0.317227 -1.147957 -0.841455
v 0.315217 -1.147957 -0.833955
v 0.213898 -1.147957 -0.817135
v 0.209252 -1.147957 -0.814995
v 0.445217 -1.147957 -0.735955
v 0.195582 -1.147957 -0.793437
v 0.203226 -1.147957 -0.790516
v 0.215773 -1.147957 -0.789392
v 0.215773 -1.147957 -0.789392
v 0.221205 -1.147957 -0.790084
v 0.155928 -1.147957 -0.800330
v 0.156589 -1.147957 -0.798767
v 0.236919 -1.147957 -0.790955
v 0.235708 -1.147957 -0.791167
v 0.164540 -1.147957 -0.859739
v 0.166729 -1.147957 -0.855219
v 0.123483 -1.147957 -0.796463
v 0.125443 -1.147957 -0.797309
v 0.155773 -1.147957 -0.863403
v 0.155773 -1.147957 -0.870955
v 0.155773 -1.147957 -0.870955
v 0.120339 -1.147957 -0.859739
v 0.122254 -1.147957 -0.862016
v 0.132717 -1.147957 -0.748945
v 0.140217 -1.147957 -0.750955
v 0.109106 -1.147957 -0.846823
v 0.109491 -1.147957 -0.845006
v 0.130217 -1.147957 -0.863403
v 0.130217 -1.147957 -0.870955
v 0.130217 -1.147957 -0.870955
v 0.175166 -1.147957 -0.844642
v 0.175714 -1.147957 -0.846119
v 0.127227 -1.147957 -0.728455
v -0.809783 -1.147957 -0.916954
v -0.709783 -1.147957 -0.916954
v -0.519783 -1.147957 -0.916954
v -0.512283 -1.147957 -0.918964
v -0.709783 -1.147957 -0.946954
v -0.809783 -1.147957 -0.946954
v 0.946320 -1.147957 -0.483205
v 0.063208 -1.147957 -0.434455
v 0.065217 -1.147957 -0.441955
v -0.632773 -1.147957 -0.924454
v -0.817283 -1.147957 -0.944945
v -0.817283 -1.147957 -0.944945
v -0.057283 -1.147957 -0.428964
v -0.057283 -1.147957 -0.428964
v -0.049783 -1.147957 -0.426955
v -0.049783 -1.147957 -0.456954
v -0.057283 -1.147957 -0.454945
v -0.217561 -1.147957 -0.939392
v -0.217561 -1.147957 -0.939392
v -0.217561 -1.147957 -0.945972
v -0.217561 -1.147957 -0.945972
v -0.167733 -1.147957 -0.866504
v -0.167561 -1.147957 -0.867500
v 0.952467 -1.147957 -0.484852
v 0.952467 -1.147957 -0.484852
v -0.214071 -1.147957 -0.948368
v -0.215619 -1.147957 -0.946896
v -0.122005 -1.147957 -0.872534
v -0.122005 -1.147957 -0.872534
v -0.122005 -1.147957 -0.866145
v -0.122005 -1.147957 -0.866145
v -0.110448 -1.147957 -0.869957
v -0.106450 -1.147957 -0.943993
v -0.106793 -1.147957 -0.945341
v -0.106793 -1.147957 -0.945341
v -0.217018 -1.147957 -0.865961
v -0.217018 -1.147957 -0.865961
v -0.220820 -1.147957 -0.863526
v -0.169505 -1.147957 -0.864739
v -0.168241 -1.147957 -0.865588
v 0.149967 -1.147957 -0.951815
v 0.150217 -1.147957 -0.955538
v 0.175773 -1.147957 -0.870955
v 0.175773 -1.147957 -0.870955
v -0.118470 -1.147957 -0.864119
v 0.175490 -1.147957 -0.963814
v 0.166537 -1.147957 -0.949184
v 0.144662 -1.147957 -0.945798
v 0.144662 -1.147957 -0.945798
v 0.146954 -1.147957 -0.946676
v 0.177995 -1.147957 -0.980868
v 0.077171 -1.147957 -0.940790
v 0.086519 -1.147957 -0.945277
v 0.061328 -1.147957 -0.946493
v 0.061328 -1.147957 -0.946493
v 0.069535 -1.147957 -0.947086
v 0.071606 -1.147957 -0.948819
v 0.066884 -1.147957 -0.939392
v 0.066884 -1.147957 -0.939392
v -0.079371 -1.147957 -0.870457
v -0.076918 -1.147957 -0.870955
v 0.037391 -1.147957 -0.962620
v 0.036884 -1.147957 -0.960590
v 0.036884 -1.147957 -0.960590
v 0.080044 -1.147957 -0.865121
v 0.078585 -1.147957 -0.870955
v 0.078585 -1.147957 -0.870955
v -0.017561 -1.147957 -0.949566
v -0.017372 -1.147957 -0.950514
v -0.080894 -1.147957 -0.867864
v -0.080370 -1.147957 -0.865873
v -0.080370 -1.147957 -0.865873
v -0.064337 -1.147957 -0.948130
v -0.064679 -1.147957 -0.948593
v -0.044585 -1.147957 -0.869386
v -0.044585 -1.147957 -0.869386
v -0.045461 -1.147957 -0.870301
v -0.063443 -1.147957 -0.947680
v -0.048533 -1.147957 -0.947083
v -0.049337 -1.147957 -0.946679
v -0.009614 -1.147957 -0.945216
v -0.009783 -1.147957 -0.943993
v -0.063759 -1.147957 -0.940955
v -0.061310 -1.147957 -0.941422
v -0.044363 -1.147957 -0.866765
v -0.044227 -1.147957 -0.867864
v -0.095198 -1.147957 -0.941589
v -0.096450 -1.147957 -0.943993
v -0.004502 -1.147957 -0.949365
v -0.005068 -1.147957 -0.948259
v -0.077231 -1.147957 -0.864105
v -0.076320 -1.147957 -0.863621
v -0.322283 -1.145957 -0.846945
v -0.322283 -1.145957 -0.846945
v -0.023302 -1.147957 -0.862016
v -0.020894 -1.147957 -0.863767
v -0.020894 -1.147957 -0.863767
v -0.702283 -1.147957 -1.042945
v -0.709783 -1.147957 -1.044954
v -0.632773 -1.147957 -1.022454
v -0.952033 -1.147957 -0.977057
v -0.952033 -1.147957 -0.977057
v -0.945886 -1.147957 -1.233204
v -0.947533 -1.147957 -1.234851
v -0.945283 -1.147957 -0.980954
v -0.945283 -1.147957 -0.980954
v -0.945886 -1.147957 -0.983204
v -0.945886 -1.147957 -0.983204
v -0.512283 -1.147957 -1.238945
v -0.519783 -1.147957 -1.240955
v 0.022873 -1.147957 -1.102066
v 0.023017 -1.147957 -1.102078
v -0.239783 -1.147957 -1.240955
v -0.247283 -1.147957 -1.238945
v -0.139783 -1.147957 -1.240955
v 0.507227 -1.147957 -0.547455
v 0.507227 -1.147957 -0.547455
v -0.132283 -1.147957 -1.238945
v -0.091484 -1.147957 -1.091718
v -0.091484 -1.147957 -1.091718
v -0.089662 -1.147957 -1.091077
v -0.068797 -1.147957 -1.165588
v -0.070061 -1.147957 -1.164739
v -0.038570 -1.147957 -1.169954
v -0.027005 -1.147957 -1.172535
v -0.027005 -1.147957 -1.172535
v 0.023873 -1.147957 -1.102622
v 0.023873 -1.147957 -1.102622
v -0.032261 -1.147957 -1.101800
v -0.030963 -1.147957 -1.098298
v -0.068116 -1.147957 -1.093993
v -0.068199 -1.147957 -1.093298
v 0.025927 -1.147957 -1.159189
v 0.024106 -1.147957 -1.150399
v 0.016792 -1.147957 -1.104879
v 0.015584 -1.147957 -1.103573
v -0.077005 -1.147957 -1.150069
v -0.077005 -1.147957 -1.150069
v -0.076798 -1.147957 -1.105630
v -0.092196 -1.147957 -1.095452
v -0.092196 -1.147957 -1.095452
v -0.092561 -1.147957 -1.093923
v -0.073724 -1.147957 -1.090955
v -0.070204 -1.147957 -1.091423
v -0.169648 -1.145957 -0.791423
v -0.173168 -1.145957 -0.790955
v -0.038859 -1.147957 -1.092272
v -0.048898 -1.147957 -1.099184
v -0.072910 -1.147957 -1.170902
v -0.075720 -1.147957 -1.170955
v -0.070130 -1.147957 -1.170538
v -0.020269 -1.147957 -1.096676
v -0.022561 -1.147957 -1.095798
v -0.022561 -1.147957 -1.095798
v -0.091068 -1.147957 -1.096545
v 0.050264 -1.147957 -1.121767
v 0.049714 -1.147957 -1.119635
v 0.090356 -1.147957 -1.091423
v 0.091357 -1.147957 -1.092232
v 0.049253 -1.147957 -1.101695
v 0.049662 -1.147957 -1.106059
v -0.174276 -1.145957 -0.862148
v 0.086439 -1.147957 -1.161709
v 0.086328 -1.147957 -1.160139
v 0.091884 -1.147957 -1.093993
v 0.051745 -1.147957 -1.133923
v 0.050125 -1.147957 -1.136265
v 0.053927 -1.147957 -1.132814
v 0.090650 -1.147957 -1.170301
v 0.088909 -1.147957 -1.170892
v 0.091104 -1.147957 -1.165534
v 0.091104 -1.147957 -1.165534
v 0.091748 -1.147957 -1.166765
v 0.046631 -1.147957 -1.095632
v 0.041614 -1.147957 -1.091539
v 0.037446 -1.147957 -1.169067
v 0.043776 -1.147957 -1.170486
v 0.051962 -1.147957 -1.162455
v -0.247283 -1.145957 -0.748945
v -0.064783 -1.147957 -1.225955
v -0.064783 -1.147957 -1.225955
v -0.062773 -1.147957 -1.233455
v -0.062773 -1.147957 -1.218455
v 0.050217 -1.147957 -1.240955
v -0.049783 -1.147957 -1.240955
v 0.161033 -1.147957 -1.167621
v 0.154514 -1.147957 -1.141006
v 0.155182 -1.147957 -1.140955
v 0.136002 -1.147957 -1.097680
v 0.135107 -1.147957 -1.098130
v 0.180486 -1.147957 -1.131347
v 0.179488 -1.147957 -1.131766
v -0.167561 -1.145957 -0.793993
v -0.167643 -1.145957 -0.793298
v 0.176033 -1.147957 -1.124097
v 0.175369 -1.147957 -1.122499
v 0.697227 -1.147957 -1.331455
v 0.695217 -1.147957 -1.323955
v 0.695217 -1.147957 -1.323955
v 0.710217 -1.147957 -1.308955
v 0.810217 -1.147957 -1.308955
v 0.823207 -1.147957 -1.316455
v 0.823207 -1.147957 -1.331455
v 0.817717 -1.147957 -1.336945
v 0.817717 -1.147957 -1.336945
v 0.823207 -1.147957 -1.135455
v 0.823207 -1.147957 -1.135455
v 0.817717 -1.147957 -1.140945
v 0.697227 -1.147957 -1.135455
v 0.697227 -1.147957 -1.135455
v 0.695217 -1.147957 -1.127955
v 0.031328 -1.147957 -1.338955
v 0.065217 -1.147957 -1.323955
v 0.710217 -1.147957 -1.240955
v 0.247717 -1.147957 -1.336945
v 0.247717 -1.147957 -1.336945
v 0.240217 -1.147957 -1.338955
v 0.330217 -1.147957 -1.308955
v 0.330217 -1.147957 -1.338955
v 0.322717 -1.147957 -1.336945
v 0.322717 -1.147957 -1.336945
v -0.057283 -1.147957 -1.336945
v -0.057283 -1.147957 -1.336945
v -0.062773 -1.147957 -1.331455
v -0.049783 -1.147957 -1.338955
v 0.132717 -1.147957 -1.310964
v 0.132717 -1.147957 -1.310964
v 0.140217 -1.147957 -1.308955
v 0.247717 -1.147957 -1.310964
v 0.445217 -1.147957 -1.323955
v 0.443207 -1.147957 -1.331455
v 0.315217 -1.147957 -1.323955
v 0.317227 -1.147957 -1.331455
v -0.546158 -1.147957 -1.406955
v -0.519783 -1.147957 -1.406955
v -0.504783 -1.147957 -1.421955
v -0.506793 -1.147957 -1.429455
v -0.506793 -1.147957 -1.429455
v 0.132717 -1.147957 -1.336945
v 0.132717 -1.147957 -1.336945
v 0.127227 -1.147957 -1.331455
v 0.140217 -1.147957 -1.338955
v -0.619783 -1.147957 -1.436954
v -0.627283 -1.147957 -1.434945
v -0.694783 -1.147957 -1.421954
v -0.696793 -1.147957 -1.414454
v -0.696793 -1.147957 -1.414454
v -0.519783 -1.147957 -1.436954
v -0.512283 -1.147957 -1.434945
v -0.809783 -1.147957 -1.436954
v -0.817283 -1.147957 -1.434945
v -0.437283 -1.147957 -1.114964
v -0.429783 -1.147957 -1.112954
v -0.444783 -1.147957 -1.225955
v -0.442773 -1.147957 -1.218455
v -0.429783 -1.147957 -1.210954
v -0.329783 -1.147957 -1.210954
v -0.322283 -1.147957 -1.212964
v -0.322283 -1.147957 -1.212964
v -0.316793 -1.147957 -1.218455
v -0.316793 -1.147957 -1.233454
v -0.429783 -1.147957 -1.240955
v -0.437283 -1.147957 -1.238945
v -0.437283 -1.147957 -1.238945
v -0.314783 -1.147957 -1.127954
v -0.168116 -1.147957 -1.093871
v -0.167809 -1.147957 -1.092471
v -0.216771 -1.147957 -1.091193
v -0.214505 -1.147957 -1.090955
v -0.150557 -1.147957 -1.098809
v -0.153099 -1.147957 -1.101354
v -0.131372 -1.145957 -0.723534
v -0.126792 -1.145957 -0.728455
v -0.145202 -1.147957 -1.095633
v -0.145202 -1.147957 -1.095633
v -0.146558 -1.147957 -1.096759
v -0.049670 -1.145957 -0.800026
v -0.218827 -1.147957 -1.092491
v -0.218827 -1.147957 -1.092491
v -0.217886 -1.147957 -1.091622
v -0.117005 -1.147957 -1.167864
v -0.117349 -1.147957 -1.169382
v -0.117076 -1.147957 -1.167142
v -0.145254 -1.147957 -1.092658
v -0.145254 -1.147957 -1.092658
v -0.144783 -1.147957 -1.094340
v -0.144783 -1.147957 -1.094340
v -0.216519 -1.147957 -1.097048
v -0.215168 -1.147957 -1.097748
v -0.161581 -1.147957 -1.104493
v -0.161450 -1.147957 -1.102968
v -0.239783 -1.147957 -1.210954
v -0.135554 -1.147957 -1.162087
v -0.133654 -1.147957 -1.159236
v -0.171623 -1.147957 -1.165121
v -0.132783 -1.147957 -1.155986
v -0.132561 -1.147957 -1.125989
v -0.132561 -1.147957 -1.125989
v -0.125894 -1.147957 -1.136441
v -0.125894 -1.147957 -1.136441
v 0.710217 -1.147957 -0.916955
v 0.810217 -1.147957 -0.916955
v 0.817717 -1.147957 -0.944945
v 0.817717 -1.147957 -0.944945
v 0.810217 -1.147957 -0.946955
v 0.702717 -1.147957 -0.650945
v 0.702717 -1.147957 -0.650945
v 0.697227 -1.147957 -0.645455
v 0.710217 -1.147957 -0.652955
v 0.823207 -1.147957 -0.841455
v 0.817717 -1.147957 -0.846945
v 0.817717 -1.147957 -0.846945
v 0.823208 -1.147957 -0.743455
v 0.817717 -1.147957 -0.748945
v 0.702717 -1.147957 -0.944945
v 0.702717 -1.147957 -0.944945
v 0.697227 -1.147957 -0.939455
v 0.710217 -1.147957 -0.946955
v 0.697227 -1.147957 -0.728455
v 0.702717 -1.147957 -0.820964
v 0.702717 -1.147957 -0.820964
v 0.710217 -1.147957 -0.818955
v -0.619783 -1.147957 -1.602955
v -0.512283 -1.147957 -1.604964
v -0.512283 -1.147957 -1.604964
v -0.506793 -1.147957 -1.610455
v 0.810217 -1.147957 -0.848955
v -0.822773 -1.147957 -1.610454
v -0.817283 -1.147957 -1.604964
v -0.817283 -1.147957 -1.604964
v -0.632773 -1.147957 -1.625454
v -0.627283 -1.147957 -1.630945
v -0.627283 -1.147957 -1.630945
v -0.702283 -1.147957 -1.630945
v -0.702283 -1.147957 -1.630945
v -0.709783 -1.147957 -1.632954
v 0.315217 -1.147957 -1.617955
v 0.317226 -1.147957 -1.610455
v 0.695217 -1.147957 -0.539955
v 0.695217 -1.147957 -0.539955
v 0.697227 -1.147957 -0.532455
v 0.127227 -1.147957 -1.625455
v 0.125217 -1.147957 -1.617955
v 0.240217 -1.147957 -1.602955
v 0.330217 -1.147957 -1.602955
v 0.430217 -1.147957 -1.602955
v 0.065217 -1.147957 -1.617955
v 0.063207 -1.147957 -1.625455
v 0.140217 -1.147957 -1.632955
v 0.132717 -1.147957 -1.630945
v 0.132717 -1.147957 -1.630945
v 0.817717 -1.147957 -1.506965
v 0.823207 -1.147957 -1.512455
v 0.823207 -1.147957 -1.512455
v -0.057283 -1.147957 -1.604964
v -0.057283 -1.147957 -1.604964
v -0.049783 -1.147957 -1.602955
v 0.817717 -1.147957 -1.408965
v 0.823207 -1.147957 -1.414455
v 0.823207 -1.147957 -1.414455
v 0.702717 -1.147957 -1.532945
v 0.697227 -1.147957 -1.527455
v 0.697227 -1.147957 -1.527455
v 0.817717 -1.147957 -1.630945
v 0.817717 -1.147957 -1.630945
v 0.810217 -1.147957 -1.632955
v 0.710217 -1.147957 -1.632955
v 0.702717 -1.147957 -1.630945
v 0.702717 -1.147957 -1.630945
v 0.810217 -1.147957 -1.602955
v 0.823207 -1.147957 -1.610455
v -0.696792 -1.145957 -0.939454
v -0.694783 -1.145957 -0.931954
v -0.694783 -1.145957 -0.931954
v 0.633207 -1.147957 -1.218455
v 0.512717 -1.147957 -1.114964
v 0.520217 -1.147957 -1.112955
v 0.520217 -1.147957 -1.142955
v 0.620217 -1.147957 -1.142955
v 0.825217 -1.147957 -1.029955
v 0.825217 -1.147957 -1.029955
v 0.505217 -1.147957 -1.127955
v 0.505217 -1.147957 -1.127955
v 0.507227 -1.147957 -1.120455
v 0.695217 -1.147957 -1.029955
v 0.695217 -1.147957 -1.029955
v 0.697227 -1.147957 -1.022455
v 0.771217 -1.147957 -1.044955
v 0.810217 -1.147957 -1.044955
v -0.048782 -1.147957 -0.798129
v 0.132717 -1.147957 -1.604964
v 0.132717 -1.147957 -1.604964
v -0.016276 -1.147957 -0.798767
v -0.015522 -1.147957 -0.800311
v -0.044633 -1.147957 -0.795758
v -0.045207 -1.147957 -0.796466
v 0.947967 -1.147957 -1.227058
v -0.025217 -1.147957 -0.859739
v -0.036065 -1.147957 -0.845006
v -0.035177 -1.147957 -0.843912
v 0.247717 -1.145957 -0.428964
v 0.247717 -1.145957 -0.428964
v 0.010217 -1.147957 -0.863402
v 0.010217 -1.147957 -0.870955
v 0.010217 -1.147957 -0.870955
v 0.012524 -1.147957 -0.797815
v 0.011468 -1.147957 -0.798251
v -0.080154 -1.147957 -0.796228
v -0.080746 -1.147957 -0.795121
v -0.044754 -1.147957 -0.792232
v -0.044270 -1.147957 -0.793458
v -0.100668 -1.147957 -0.863281
v -0.049672 -1.147957 -0.861709
v -0.049123 -1.147957 -0.863177
v -0.049783 -1.147957 -0.860139
v -0.049783 -1.147957 -0.720955
v -0.075466 -1.147957 -0.800029
v -0.075464 -1.147957 -0.861706
v -0.080894 -1.147957 -0.793993
v -0.080519 -1.147957 -0.792485
v -0.080519 -1.147957 -0.792485
v -0.506792 -1.147957 -0.645454
v -0.619783 -1.147957 -0.652954
v -0.634783 -1.147957 -0.637954
v -0.634783 -1.147957 -0.637954
v -0.632773 -1.147957 -0.630454
v -0.822773 -1.147957 -0.645454
v -0.709783 -1.147957 -0.622954
v -0.702283 -1.147957 -0.624964
v -0.702283 -1.147957 -0.624964
v 0.330217 -1.147957 -0.554955
v -0.627283 -1.147957 -0.722964
v -0.619783 -1.147957 -0.720954
v 0.635217 -1.147957 -1.323955
v 0.635217 -1.147957 -1.323955
v 0.633207 -1.147957 -1.331455
v 0.240217 -1.147957 -0.524955
v 0.247717 -1.147957 -0.526964
v 0.437717 -1.147957 -0.526964
v 0.443208 -1.147957 -0.532455
v 0.443208 -1.147957 -0.532455
v 0.430217 -1.147957 -0.524955
v 0.063208 -1.145957 -0.434455
v 0.317227 -1.147957 -0.547455
v 0.317227 -1.147957 -0.547455
v 0.322717 -1.147957 -0.552945
v 0.132717 -1.147957 -0.526964
v 0.140217 -1.147957 -0.524955
v -0.062773 -1.147957 -0.547455
v -0.062773 -1.147957 -0.547455
v -0.057283 -1.147957 -0.526964
v -0.049783 -1.147957 -0.524955
v 0.057717 -1.147957 -0.526964
v 0.050217 -1.147957 -0.524955
v 0.520217 -1.147957 -0.622955
v 0.620217 -1.147957 -0.622955
v 0.620217 -1.147957 -0.652955
v 0.627717 -1.147957 -0.650945
v 0.627717 -1.147957 -0.650945
v 0.520217 -1.147957 -0.750955
v 0.620217 -1.147957 -0.750955
v 0.627717 -1.147957 -0.748945
v 0.627717 -1.147957 -0.748945
v 0.633207 -1.147957 -0.743455
v 0.633207 -1.147957 -0.826455
v 0.627717 -1.147957 -0.820964
v 0.627717 -1.147957 -0.820964
v 0.507227 -1.147957 -0.728455
v 0.511807 -1.147957 -0.723535
v 0.817717 -1.147957 -0.650945
v 0.817717 -1.147957 -0.650945
v 0.810217 -1.147957 -0.652955
v -0.809783 -1.145957 -0.554954
v -0.709783 -1.145957 -0.554954
v -0.442773 -1.147957 -0.645454
v 0.315217 -1.147957 -0.539955
v -0.025338 -1.145957 -1.009062
v -0.239783 -1.147957 -0.652955
v -0.139783 -1.147957 -0.652955
v 0.443208 -1.147957 -0.449455
v 0.443208 -1.147957 -0.449455
v -0.817283 -1.145957 -0.428964
v -0.817283 -1.145957 -0.428964
v -0.809783 -1.145957 -0.426954
v -0.232005 -1.147957 -0.790955
v -0.232005 -1.147957 -0.790955
v -0.057283 -1.147957 -0.650945
v -0.057283 -1.147957 -0.650945
v -0.049783 -1.147957 -0.652955
v -0.062773 -1.145957 -1.527455
v -0.062773 -1.145957 -1.527455
v 0.443207 -1.145957 -1.512455
v 0.443207 -1.145957 -1.512455
v 0.066398 -1.147957 -0.790955
v 0.068515 -1.147957 -0.791397
v 0.430217 -1.147957 -0.426955
v 0.507227 -1.147957 -0.630455
v 0.627717 -1.145957 -1.630945
v 0.627717 -1.145957 -1.630945
v 0.620217 -1.145957 -1.632955
v -0.710033 -1.145957 -0.234852
v -0.710033 -1.145957 -0.234852
v -0.817283 -1.147957 -0.526964
v 0.823207 -1.147957 -1.233455
v 0.817717 -1.147957 -1.238945
v 0.817717 -1.147957 -1.238945
v 0.961413 -1.145957 -1.739955
v 0.959217 -1.145957 -1.742151
v 0.959217 -1.145957 -1.742151
v 0.520217 -1.145957 -1.014955
v 0.947967 -1.147957 -0.984852
v 0.947967 -1.147957 -0.984852
v 0.185132 -1.145957 -0.803261
v 0.185132 -1.145957 -0.803261
v 0.195582 -1.145957 -0.793437
v 0.956217 -1.145957 -1.742955
v 0.181328 -1.145957 -0.817083
v 0.185132 -1.147957 -0.803261
v 0.185132 -1.147957 -0.803261
v -0.233386 -1.145957 -1.733205
v -0.233386 -1.145957 -1.733205
v -0.442773 -1.147957 -1.414454
v -0.442773 -1.147957 -1.414454
v -0.444783 -1.147957 -1.421955
v 0.627717 -1.145957 -0.918964
v 0.627717 -1.145957 -0.918964
v 0.620217 -1.145957 -0.916955
v 0.633207 -1.145957 -0.924455
v 0.090650 -1.145957 -1.170301
v 0.091526 -1.145957 -1.169387
v 0.091526 -1.145957 -1.169387
v -0.619783 -1.147957 -0.818954
v -0.519783 -1.147957 -0.818954
v -0.702283 -1.147957 -0.820964
v -0.702283 -1.147957 -0.820964
v -0.709783 -1.147957 -0.818954
v 0.173237 -1.145957 -1.090205
v 0.166502 -1.145957 -1.092170
v -0.125894 -1.145957 -1.136441
v -0.125894 -1.145957 -1.136441
v -0.247283 -1.145957 -0.526964
v -0.239783 -1.145957 -0.524954
v -0.546158 -1.145957 -1.338954
v -0.619783 -1.145957 -1.338954
v -0.252773 -1.145957 -0.434455
v -0.252773 -1.145957 -0.434455
v -0.632773 -1.145957 -1.316454
v -0.634783 -1.145957 -1.323954
v -0.634783 -1.145957 -1.323954
v -0.132283 -1.145957 -0.428964
v -0.132283 -1.145957 -0.428964
v -0.817283 -1.145957 -1.310964
v -0.817283 -1.145957 -1.310964
v -0.822773 -1.145957 -1.316454
v -0.442773 -1.145957 -0.449454
v -0.442773 -1.145957 -0.449454
v -0.442773 -1.147957 -0.449454
v -0.442773 -1.147957 -0.449454
v -0.437283 -1.145957 -0.454945
v -0.429783 -1.145957 -0.456954
v 0.924967 -1.147957 -0.234852
v 0.924967 -1.147957 -0.234852
v -0.132283 -1.145957 -0.356945
v -0.132283 -1.145957 -0.356945
v 0.317227 -1.145957 -1.120455
v 0.317227 -1.145957 -1.120455
v 0.315217 -1.145957 -1.127955
v -0.237283 -1.145957 -1.726454
v -0.237283 -1.145957 -1.726454
v -0.235033 -1.145957 -1.727057
v 0.221686 -1.147957 -0.820599
v 0.225349 -1.147957 -0.822422
v -0.474783 -1.145957 -1.726454
v -0.474783 -1.145957 -1.726454
v -0.477033 -1.145957 -1.727057
v -0.696793 -1.145957 -1.527454
v -0.696793 -1.145957 -1.527454
v -0.694783 -1.145957 -1.519954
v 0.445217 -1.147957 -0.833955
v 0.443208 -1.147957 -0.841455
v 0.201328 -1.147957 -0.805416
v 0.627717 -1.147957 -1.630945
v 0.627717 -1.147957 -1.630945
v 0.823207 -1.147957 -1.429455
v 0.823207 -1.147957 -1.429455
v 0.825217 -1.147957 -1.421955
v 0.240217 -1.145957 -1.504955
v -0.168116 -1.145957 -1.093871
v -0.124615 -1.147957 -1.159884
v -0.124615 -1.147957 -1.159884
v -0.619783 -1.147957 -0.916954
v -0.125894 -1.145957 -1.152621
v -0.141200 -1.145957 -1.168972
v -0.140477 -1.145957 -1.170000
v -0.140477 -1.145957 -1.170000
v -0.949783 -1.145957 -1.476454
v -0.949783 -1.145957 -1.476454
v -0.952033 -1.145957 -1.477057
v 0.015584 -1.145957 -1.103573
v 0.016792 -1.145957 -1.104879
v 0.008091 -1.145957 -1.148348
v -0.001224 -1.145957 -1.163281
v -0.239917 -1.147957 -0.865477
v -0.240607 -1.147957 -0.866276
v 0.015217 -1.145957 -1.102291
v 0.015217 -1.145957 -1.102291
v 0.015217 -1.147957 -1.102291
v 0.015217 -1.147957 -1.102291
v -0.129042 -1.147957 -0.864929
v -0.126449 -1.147957 -0.866145
v -0.126449 -1.147957 -0.866145
v 0.505217 -1.145957 -1.323955
v 0.505217 -1.145957 -1.323955
v 0.507227 -1.145957 -1.331455
v -0.027967 -1.145957 -1.089484
v -0.027005 -1.145957 -1.089392
v -0.027005 -1.145957 -1.089392
v -0.047992 -1.147957 -0.941023
v -0.017422 -1.147957 -0.940955
v 0.086988 -1.145957 -1.098593
v 0.087329 -1.145957 -1.098130
v -0.009451 -1.147957 -0.942471
v -0.009451 -1.147957 -0.942471
v 0.086439 -1.145957 -1.161709
v -0.093498 -1.147957 -0.941021
v 0.063207 -1.145957 -1.218455
v 0.065217 -1.145957 -1.225955
v 0.065217 -1.145957 -1.225955
v 0.627717 -1.147957 -1.140945
v 0.627717 -1.147957 -1.140945
v 0.014662 -1.147957 -0.870955
v 0.014662 -1.147957 -0.870955
v 0.030217 -1.147957 -0.870955
v 0.030217 -1.147957 -0.870955
v -0.020894 -1.147957 -0.870955
v -0.020894 -1.147957 -0.870955
v 0.633207 -1.145957 -1.135455
v -0.955783 -1.145957 -0.218954
v 0.512717 -1.145957 -1.114964
v 0.445467 -1.145957 -1.742955
v 0.182161 -1.145957 -1.742955
v -0.519783 -1.147957 -1.014954
v -0.512283 -1.147957 -1.016964
v -0.961783 -1.147957 -1.678954
v -0.961783 -1.147957 -1.736954
v -0.955783 -1.145957 -1.742954
v -0.958783 -1.145957 -1.742150
v -0.958783 -1.145957 -1.742150
v 0.771217 -1.145957 -1.742955
v 0.665217 -1.145957 -1.742955
v 0.905217 -1.145957 -1.742955
v 0.823207 -1.147957 -0.826455
v 0.823207 -1.147957 -0.826455
v -0.241180 -1.147957 -1.728705
v -0.241180 -1.147957 -1.728705
v 0.471320 -1.147957 -1.728705
v -0.011004 -1.147957 -1.169958
v -0.001224 -1.147957 -1.163281
v 0.008267 -1.147957 -1.113814
v 0.010773 -1.147957 -1.130868
v -0.000686 -1.147957 -1.099184
v -0.822773 -1.147957 -1.414454
v -0.822773 -1.147957 -1.414454
v -0.004283 -1.145957 -1.730955
v 0.596967 -1.145957 -1.725759
v 0.596967 -1.145957 -1.725759
v 0.599163 -1.145957 -1.727955
v 0.154887 -1.147957 -1.172066
v 0.153394 -1.147957 -1.171827
v -0.470885 -1.145957 -0.233204
v -0.470283 -1.145957 -0.230954
v -0.470283 -1.145957 -0.230954
v 0.088224 -1.147957 -1.097680
v 0.087329 -1.147957 -1.098130
v 0.089714 -1.147957 -1.097135
v -0.696793 -1.147957 -1.316454
v 0.103518 -1.147957 -1.165873
v 0.103518 -1.147957 -1.165873
v 0.104537 -1.147957 -1.164939
v 0.096958 -1.147957 -0.804427
v 0.098568 -1.147957 -0.801354
v 0.437717 -1.147957 -1.238945
v 0.437717 -1.147957 -1.238945
v 0.430217 -1.147957 -1.240955
v 0.697227 -1.147957 -1.120455
v 0.825217 -1.147957 -0.931955
v 0.825217 -1.147957 -0.931955
v 0.443207 -1.147957 -1.527455
v 0.443207 -1.147957 -1.527455
v 0.924967 -1.147957 -0.227058
v 0.924967 -1.147957 -0.227058
v 0.926614 -1.147957 -0.228705
v -0.124783 -1.147957 -0.343955
v -0.124783 -1.147957 -0.343955
v -0.126792 -1.147957 -0.351454
v -0.437283 -1.147957 -1.212964
v -0.437283 -1.147957 -1.212964
v -0.696793 -1.145957 -1.037454
v -0.696793 -1.145957 -1.037454
v -0.702283 -1.145957 -1.042945
v -0.822773 -1.145957 -1.022454
v -0.512283 -1.145957 -1.212964
v -0.512283 -1.145957 -1.212964
v -0.506792 -1.147957 -1.022454
v -0.506792 -1.147957 -1.022454
v -0.512283 -1.145957 -1.016964
v -0.167698 -1.147957 -1.095598
v -0.167698 -1.147957 -1.095598
v -0.166380 -1.147957 -1.096788
v -0.634783 -1.145957 -1.127954
v -0.634783 -1.145957 -1.127954
v -0.183152 -1.147957 -1.091397
v -0.185269 -1.147957 -1.090955
v 0.771217 -1.147957 -0.946955
v 0.232954 -1.145957 -0.792847
v -0.512283 -1.147957 -1.630945
v -0.519783 -1.147957 -1.632955
v -0.809783 -1.147957 -1.602955
v 0.505217 -1.145957 -1.029955
v 0.505217 -1.145957 -1.029955
v 0.215773 -1.145957 -0.789392
v 0.215773 -1.145957 -0.789392
v 0.215773 -1.145957 -0.796041
v 0.215773 -1.145957 -0.796041
v 0.447967 -1.145957 -0.984852
v 0.447967 -1.145957 -0.984852
v 0.450217 -1.145957 -0.985455
v 0.946320 -1.145957 -0.978705
v 0.443208 -1.145957 -0.728455
v 0.447967 -1.147957 -0.984852
v 0.447967 -1.147957 -0.984852
v 0.702717 -1.147957 -0.526964
v -0.322283 -1.145957 -1.042945
v -0.449783 -1.145957 -0.985454
v -0.453680 -1.145957 -0.978704
v -0.453680 -1.145957 -0.978704
v -0.445886 -1.145957 -0.978704
v -0.445886 -1.145957 -0.978704
v 0.454717 -1.145957 -0.980955
v 0.454114 -1.145957 -0.978705
v 0.454114 -1.145957 -0.978705
v 0.454114 -1.145957 -0.983205
v 0.454114 -1.145957 -0.983205
v -0.452033 -1.147957 -0.984852
v -0.452033 -1.147957 -0.984852
v 0.633207 -1.145957 -1.022455
v 0.635217 -1.145957 -1.029955
v 0.635217 -1.145957 -1.029955
v -0.316793 -1.147957 -1.037454
v -0.316793 -1.147957 -1.037454
v -0.437283 -1.145957 -1.016964
v -0.329783 -1.145957 -0.946954
v 0.505217 -1.145957 -0.931955
v 0.505217 -1.145957 -0.931955
v 0.507227 -1.145957 -0.939455
v 0.507227 -1.145957 -0.924455
v 0.635217 -1.145957 -0.931955
v 0.635217 -1.145957 -0.931955
v -0.240894 -1.145957 -0.867743
v 0.507227 -1.145957 -0.547455
v 0.507227 -1.145957 -0.547455
v 0.633208 -1.145957 -0.532455
v 0.947967 -1.145957 -0.734852
v 0.635217 -1.147957 -0.539955
v 0.635217 -1.147957 -0.539955
v -0.437283 -1.145957 -0.526964
v -0.316792 -1.145957 -0.547454
v -0.316792 -1.145957 -0.547454
v -0.322283 -1.145957 -0.552945
v -0.124783 -1.145957 -0.539955
v -0.124783 -1.145957 -0.539955
v 0.952467 -1.145957 -0.484852
v 0.952467 -1.145957 -0.484852
v -0.442773 -1.147957 -0.532454
v -0.442773 -1.147957 -0.532454
v -0.132283 -1.145957 -0.526964
v -0.139783 -1.145957 -0.524954
v -0.252773 -1.145957 -0.532455
v -0.252773 -1.145957 -0.532455
v -0.126792 -1.145957 -0.532455
v -0.126792 -1.145957 -0.532455
v -0.126792 -1.145957 -0.547454
v -0.126792 -1.145957 -0.547454
v -0.316792 -1.147957 -0.547455
v -0.316792 -1.147957 -0.547455
v 0.520217 -1.145957 -0.426955
v 0.512717 -1.145957 -0.428964
v 0.512717 -1.145957 -0.428964
v 0.954114 -1.147957 -0.478705
v 0.954114 -1.147957 -0.478705
v 0.947967 -1.145957 -0.477058
v 0.947967 -1.145957 -0.477058
v 0.512717 -1.145957 -0.454945
v 0.520217 -1.145957 -0.456955
v -0.322283 -1.145957 -0.428964
v -0.322283 -1.145957 -0.428964
v 0.924967 -1.145957 -0.227058
v 0.924967 -1.145957 -0.227058
v 0.922717 -1.145957 -0.226455
v -0.444783 -1.145957 -0.441954
v -0.329783 -1.145957 -0.426955
v -0.126792 -1.145957 -0.351455
v -0.241783 -1.145957 -0.230954
v -0.241783 -1.145957 -0.230954
v -0.235033 -1.145957 -0.227057
v -0.235033 -1.145957 -0.227057
v -0.233386 -1.145957 -0.228705
v -0.235033 -1.145957 -0.234852
v -0.235033 -1.145957 -0.234852
v -0.235033 -1.147957 -0.234852
v -0.235033 -1.147957 -0.234852
v -0.442773 -1.145957 -0.351454
v -0.437283 -1.145957 -0.356945
v -0.437283 -1.145957 -0.356945
v -0.132283 -1.147957 -0.356945
v -0.132283 -1.147957 -0.356945
v -0.251510 -1.145957 -0.353307
v -0.233386 -1.145957 -0.233204
v -0.235033 -1.147957 -0.227057
v -0.235033 -1.147957 -0.227057
v -0.246291 -1.145957 -0.330440
v -0.239783 -1.145957 -0.328955
v -0.251510 -1.145957 -0.334602
v 0.002467 -1.147957 -1.734852
v 0.002467 -1.147957 -1.734852
v -0.472533 -1.145957 -1.734852
v -0.472533 -1.145957 -1.734852
v -0.222578 -1.145957 -0.939392
v -0.222578 -1.145957 -0.939392
v -0.222578 -1.147957 -0.939392
v -0.222578 -1.147957 -0.939392
v 0.004114 -1.145957 -1.733205
v -0.474783 -1.147957 -1.726454
v -0.474783 -1.147957 -1.726454
v 0.004717 -1.145957 -1.730955
v -0.237283 -1.147957 -1.726454
v -0.237283 -1.147957 -1.726454
v -0.237283 -1.145957 -1.735455
v 0.507226 -1.145957 -1.625455
v 0.507226 -1.145957 -1.625455
v -0.132283 -1.145957 -1.604964
v -0.132283 -1.145957 -1.604964
v -0.139783 -1.145957 -1.602955
v -0.126793 -1.145957 -1.610455
v 0.505217 -1.145957 -1.617955
v 0.505217 -1.145957 -1.617955
v 0.620217 -1.145957 -1.602955
v 0.633207 -1.145957 -1.625455
v -0.124783 -1.147957 -1.617955
v -0.124783 -1.147957 -1.617955
v 0.520217 -1.145957 -1.504955
v 0.512717 -1.145957 -1.506964
v -0.316793 -1.147957 -1.625455
v -0.316793 -1.147957 -1.625455
v -0.442773 -1.145957 -1.625455
v -0.442773 -1.145957 -1.625455
v -0.322283 -1.145957 -1.604964
v -0.322283 -1.145957 -1.604964
v -0.314783 -1.145957 -1.617954
v 0.512717 -1.145957 -1.532945
v 0.520217 -1.145957 -1.534955
v -0.252773 -1.147957 -1.527455
v -0.252773 -1.147957 -1.527455
v -0.132283 -1.145957 -1.506964
v -0.429783 -1.145957 -1.534955
v -0.329783 -1.145957 -1.534955
v 0.954114 -1.147957 -1.478705
v 0.954114 -1.147957 -1.478705
v -0.442773 -1.145957 -1.527455
v -0.442773 -1.145957 -1.527455
v -0.945886 -1.145957 -1.483204
v -0.945886 -1.145957 -1.483204
v 0.946320 -1.147957 -1.483205
v 0.946320 -1.147957 -1.483205
v 0.507227 -1.145957 -1.414455
v 0.507227 -1.145957 -1.414455
v 0.512717 -1.145957 -1.408964
v 0.947967 -1.145957 -1.484852
v -0.949783 -1.147957 -1.476454
v -0.949783 -1.147957 -1.476454
v 0.952467 -1.145957 -1.477058
v 0.950217 -1.145957 -1.476455
v 0.950217 -1.145957 -1.476455
v 0.507227 -1.147957 -1.414455
v 0.507227 -1.147957 -1.414455
v -0.126793 -1.145957 -1.414455
v -0.126793 -1.145957 -1.414455
v -0.124783 -1.145957 -1.421955
v -0.132283 -1.145957 -1.408964
v -0.437283 -1.145957 -1.434945
v 0.124662 -1.145957 -0.870955
v 0.124662 -1.145957 -0.870955
v 0.124662 -1.145957 -0.863767
v 0.124662 -1.145957 -0.863767
v -0.322283 -1.145957 -1.434945
v 0.627717 -1.145957 -1.434945
v -0.126793 -1.147957 -1.414455
v -0.126793 -1.147957 -1.414455
v -0.139783 -1.145957 -1.406955
v -0.254783 -1.145957 -1.421955
v -0.252773 -1.145957 -1.429455
v -0.252773 -1.145957 -1.429455
v -0.252773 -1.145957 -1.414454
v -0.252773 -1.145957 -1.414454
v -0.442773 -1.147957 -1.429455
v -0.442773 -1.147957 -1.429455
v 0.627717 -1.145957 -1.310964
v 0.627717 -1.145957 -1.310964
v 0.627717 -1.147957 -1.310964
v 0.627717 -1.147957 -1.310964
v -0.252773 -1.145957 -1.331455
v -0.132283 -1.145957 -1.336945
v -0.132283 -1.145957 -1.336945
v -0.329783 -1.145957 -1.338954
v 0.505217 -1.147957 -1.323955
v 0.505217 -1.147957 -1.323955
v 0.512717 -1.147957 -0.820964
v 0.512717 -1.147957 -0.820964
v 0.520217 -1.147957 -0.818955
v 0.620217 -1.145957 -1.308955
v 0.507227 -1.145957 -1.316455
v 0.507227 -1.145957 -1.316455
v 0.633207 -1.145957 -1.316455
v 0.635217 -1.145957 -1.323955
v 0.635217 -1.145957 -1.323955
v 0.945717 -1.145957 -1.230955
v 0.945717 -1.145957 -1.230955
v -0.322283 -1.145957 -1.336945
v -0.322283 -1.145957 -1.336945
v -0.322283 -1.147957 -1.336945
v -0.322283 -1.147957 -1.336945
v 0.954717 -1.145957 -1.230955
v 0.954717 -1.145957 -1.230955
v -0.322283 -1.145957 -1.310964
v -0.322283 -1.145957 -1.310964
v -0.322283 -1.147957 -1.310964
v -0.322283 -1.147957 -1.310964
v 0.947967 -1.145957 -1.234852
v 0.950217 -1.145957 -1.235455
v 0.950217 -1.145957 -1.235455
v 0.946320 -1.145957 -1.233205
v -0.316793 -1.147957 -1.316455
v -0.316793 -1.147957 -1.316455
v -0.329783 -1.145957 -1.308954
v 0.946320 -1.147957 -1.228705
v 0.946320 -1.147957 -1.228705
v 0.810217 -1.147957 -0.456955
v 0.823208 -1.147957 -0.434455
v 0.823208 -1.147957 -0.434455
v 0.825217 -1.147957 -0.441955
v 0.702717 -1.147957 -0.428964
v 0.702717 -1.147957 -0.428964
v 0.063207 -1.147957 -1.414455
v 0.063207 -1.147957 -1.414455
v 0.317227 -1.147957 -1.429455
v 0.317227 -1.147957 -1.429455
v 0.702717 -1.147957 -0.454945
v 0.697227 -1.147957 -0.449455
v 0.520217 -1.147957 -1.210955
v -0.712283 -1.147957 -0.235454
v -0.926180 -1.147957 -0.233204
v -0.871783 -1.147957 -0.268954
v -0.521783 -1.147957 -0.268954
v -0.918386 -1.147957 -1.733204
v -0.920033 -1.147957 -1.734851
v -0.920033 -1.147957 -1.734851
v -0.917783 -1.147957 -1.730954
v -0.917783 -1.147957 -1.730954
v -0.598729 -1.147957 -1.733954
v -0.596533 -1.147957 -1.736151
v -0.596533 -1.147957 -1.736151
v -0.924533 -1.147957 -0.227057
v -0.924533 -1.147957 -0.227057
v -0.922283 -1.147957 -0.226454
v -0.926180 -1.147957 -0.228704
v -0.708386 -1.147957 -0.228704
v -0.710033 -1.147957 -0.227057
v -0.710033 -1.147957 -0.227057
v -0.707783 -1.147957 -0.230954
v -0.707783 -1.147957 -0.230954
v -0.593533 -1.147957 -1.736954
v 0.926614 -1.147957 -1.733205
v 0.924967 -1.147957 -1.727058
v -0.599533 -1.147957 -1.730955
v -0.924533 -1.147957 -1.727057
v -0.593533 -1.147957 -1.724954
v -0.590533 -1.147957 -1.725758
v -0.590533 -1.147957 -1.725758
v 0.029610 -1.147957 -0.844642
v 0.028500 -1.147957 -0.843613
v 0.810217 -1.147957 -1.504955
v 0.073550 -1.147957 -1.004948
v 0.072550 -1.147957 -1.011045
v -0.021613 -1.147957 -1.089490
v 0.030159 -1.147957 -0.846119
v 0.708820 -1.145957 -1.733205
v 0.710467 -1.145957 -1.734852
v 0.710467 -1.145957 -1.734852
v 0.479114 -1.145957 -1.733205
v 0.479114 -1.145957 -1.733205
v 0.479717 -1.145957 -1.730955
v 0.479114 -1.147957 -1.733205
v 0.479114 -1.147957 -1.733205
v 0.472967 -1.145957 -1.727058
v 0.471320 -1.145957 -1.728705
v 0.475217 -1.145957 -1.726455
v 0.475217 -1.145957 -1.726455
v 0.235467 -1.145957 -1.727058
v 0.239967 -1.145957 -1.734852
v 0.239967 -1.145957 -1.734852
v 0.596967 -1.147957 -1.725759
v 0.596967 -1.147957 -1.725759
v 0.477467 -1.145957 -1.734852
v 0.477467 -1.145957 -1.734852
v 0.237717 -1.147957 -1.726455
v 0.237717 -1.147957 -1.726455
v 0.593967 -1.145957 -1.724955
v 0.137491 -1.147957 -1.097135
v 0.138682 -1.147957 -1.096466
v 0.149662 -1.147957 -1.128732
v 0.139662 -1.147957 -1.167864
v 0.139526 -1.147957 -1.166765
v 0.152620 -1.147957 -1.171319
v 0.152169 -1.147957 -1.170550
v 0.139135 -1.147957 -1.092232
v 0.158962 -1.147957 -1.168740
v 0.132717 -1.147957 -1.212964
v 0.132717 -1.147957 -1.212964
v 0.132717 -1.147957 -1.238945
v 0.132717 -1.147957 -1.238945
v 0.127227 -1.147957 -1.233455
v 0.180200 -1.147957 -1.096007
v 0.180200 -1.147957 -1.096007
v 0.177886 -1.147957 -1.096862
v 0.135377 -1.147957 -1.163847
v 0.173237 -1.147957 -1.090205
v -0.696793 -1.147957 -1.331454
v -0.694783 -1.147957 -1.323954
v -0.694783 -1.147957 -1.323954
v -0.702283 -1.147957 -1.336945
v -0.702283 -1.147957 -1.336945
v -0.824783 -1.147957 -1.323954
v -0.824783 -1.147957 -1.323954
v -0.519783 -1.147957 -1.308954
v -0.512283 -1.147957 -1.310964
v -0.619783 -1.147957 -1.308954
v 0.200009 -1.147957 -1.167326
v 0.317227 -1.147957 -1.233455
v 0.322717 -1.147957 -1.238945
v 0.322717 -1.147957 -1.238945
v 0.315217 -1.147957 -1.225955
v 0.330217 -1.147957 -1.210955
v 0.322717 -1.147957 -1.212964
v 0.322717 -1.147957 -1.212964
v -0.060189 -1.145957 -0.945758
v -0.060763 -1.145957 -0.946466
v 0.184106 -1.147957 -1.165955
v 0.184106 -1.147957 -1.165955
v 0.192856 -1.147957 -1.090850
v 0.189100 -1.147957 -1.089775
v -0.619783 -1.147957 -1.534954
v -0.519783 -1.147957 -1.534955
v -0.709783 -1.147957 -1.534954
v -0.809783 -1.147957 -1.534954
v -0.702283 -1.147957 -1.532945
v -0.504783 -1.147957 -1.519955
v -0.634783 -1.147957 -1.519954
v -0.634783 -1.147957 -1.519954
v -0.632773 -1.147957 -1.512454
v 0.240217 -1.147957 -1.504955
v 0.247717 -1.147957 -1.506964
v 0.322717 -1.147957 -1.532945
v -0.057283 -1.147957 -1.532945
v -0.049783 -1.147957 -1.504955
v 0.050217 -1.147957 -1.436955
v -0.049783 -1.147957 -1.436955
v 0.140217 -1.147957 -1.504955
v -0.632773 -1.145957 -1.022455
v -0.696793 -1.147957 -1.037454
v -0.696793 -1.147957 -1.037454
v -0.947533 -1.145957 -0.977057
v -0.945886 -1.145957 -0.978704
v -0.953680 -1.145957 -0.978704
v -0.822773 -1.145957 -1.037454
v -0.822773 -1.145957 -1.037454
v -0.822773 -1.147957 -1.037454
v -0.822773 -1.147957 -1.037454
v -0.817283 -1.145957 -1.042945
v -0.627283 -1.147957 -1.016964
v -0.627283 -1.147957 -1.016964
v -0.824783 -1.145957 -1.029954
v -0.824783 -1.145957 -1.029954
v -0.952033 -1.147957 -0.984851
v -0.952033 -1.147957 -0.984851
v -0.702283 -1.145957 -1.238945
v -0.702283 -1.145957 -1.238945
v -0.817283 -1.145957 -1.238945
v -0.817283 -1.145957 -1.238945
v -0.822773 -1.145957 -1.233454
v -0.519783 -1.145957 -1.014954
v -0.162948 -1.147957 -1.009884
v -0.162948 -1.147957 -1.009884
v -0.159709 -1.147957 -1.013526
v -0.817283 -1.147957 -1.238945
v -0.817283 -1.147957 -1.238945
v -0.506793 -1.145957 -1.218455
v -0.822773 -1.145957 -1.120454
v -0.817283 -1.145957 -1.212964
v -0.817283 -1.145957 -1.212964
v -0.619783 -1.145957 -1.142954
v -0.702283 -1.145957 -1.212964
v -0.702283 -1.145957 -1.212964
v -0.949783 -1.145957 -1.235454
v -0.949783 -1.145957 -1.235454
v -0.702283 -1.147957 -1.212964
v -0.702283 -1.147957 -1.212964
v -0.694783 -1.145957 -1.225954
v -0.696661 -1.145957 -1.218687
v -0.627283 -1.147957 -1.140945
v -0.627283 -1.147957 -1.140945
v -0.712283 -1.145957 -1.726454
v -0.712283 -1.145957 -1.726454
v -0.824783 -1.145957 -1.225954
v -0.512283 -1.145957 -1.114964
v -0.519783 -1.145957 -1.112954
v -0.627283 -1.147957 -1.212964
v -0.627283 -1.147957 -1.212964
v -0.619783 -1.145957 -1.112954
v -0.627283 -1.145957 -1.114964
v -0.627283 -1.145957 -1.114964
v -0.632773 -1.145957 -1.218454
v 0.130217 -1.145957 -0.802031
v 0.130034 -1.145957 -0.800311
v 0.123483 -1.145957 -0.796463
v 0.159835 -1.145957 -0.797309
v 0.156589 -1.145957 -0.798767
v 0.155928 -1.145957 -0.800330
v 0.155773 -1.145957 -0.802031
v 0.122254 -1.145957 -0.862016
v 0.120339 -1.145957 -0.859739
v 0.239809 -1.145957 -0.818080
v 0.240217 -1.145957 -0.816389
v 0.330217 -1.145957 -0.750955
v 0.322717 -1.145957 -0.748945
v 0.430217 -1.145957 -0.750955
v 0.122791 -1.147957 -0.792800
v 0.122791 -1.147957 -0.792800
v 0.161069 -1.145957 -0.796821
v 0.162073 -1.145957 -0.795748
v 0.162073 -1.145957 -0.795748
v 0.225349 -1.145957 -0.822422
v 0.229071 -1.145957 -0.824826
v 0.221205 -1.145957 -0.790084
v 0.213898 -1.145957 -0.817135
v 0.221686 -1.145957 -0.820599
v 0.315217 -1.145957 -0.735955
v 0.317227 -1.145957 -0.728455
v -0.022764 -1.147957 -0.792800
v -0.022764 -1.147957 -0.792800
v 0.247717 -1.145957 -0.722964
v 0.317227 -1.145957 -0.841455
v 0.430217 -1.145957 -0.848955
v -0.709783 -1.147957 -0.652954
v -0.822773 -1.145957 -0.939454
v -0.817283 -1.145957 -0.944945
v -0.817283 -1.145957 -0.944945
v 0.437717 -1.147957 -0.846945
v 0.437717 -1.147957 -0.846945
v 0.234627 -1.145957 -0.791753
v -0.109540 -1.145957 -0.947309
v -0.113391 -1.145957 -0.950795
v -0.519783 -1.147957 -0.622954
v -0.512283 -1.147957 -0.624964
v -0.512283 -1.147957 -0.624964
v -0.123201 -1.145957 -0.952177
v -0.122005 -1.145957 -0.958559
v -0.126169 -1.145957 -0.948531
v -0.217605 -1.145957 -0.870261
v -0.167733 -1.145957 -0.866504
v -0.118470 -1.145957 -0.864119
v -0.122005 -1.145957 -0.866145
v -0.122005 -1.145957 -0.866145
v -0.122005 -1.145957 -0.872534
v -0.122005 -1.145957 -0.872534
v -0.172355 -1.145957 -0.870902
v -0.169575 -1.145957 -0.870538
v -0.200842 -1.145957 -0.870954
v -0.200842 -1.145957 -0.870954
v -0.200842 -1.147957 -0.870954
v -0.200842 -1.147957 -0.870954
v 0.136259 -1.145957 -0.948298
v 0.134961 -1.145957 -0.951800
v 0.144662 -1.145957 -0.939392
v 0.144662 -1.145957 -0.939392
v 0.124662 -1.147957 -0.870955
v 0.124662 -1.147957 -0.870955
v -0.209922 -1.145957 -0.940850
v -0.213678 -1.145957 -0.939775
v -0.168241 -1.145957 -0.865588
v -0.222578 -1.145957 -0.946007
v -0.222578 -1.145957 -0.946007
v 0.130217 -1.145957 -0.870955
v 0.130217 -1.145957 -0.870955
v 0.040182 -1.145957 -0.964288
v 0.038537 -1.145957 -0.963833
v 0.038537 -1.145957 -0.963833
v 0.042524 -1.145957 -0.963214
v 0.046729 -1.145957 -0.954693
v 0.175773 -1.145957 -0.870955
v 0.175773 -1.145957 -0.870955
v 0.160217 -1.147957 -0.863767
v 0.160217 -1.147957 -0.863767
v 0.149967 -1.145957 -0.951815
v -0.079371 -1.145957 -0.870457
v 0.066884 -1.145957 -0.939392
v 0.066884 -1.145957 -0.939392
v -0.091022 -1.145957 -0.950029
v -0.009783 -1.145957 -0.943993
v -0.009451 -1.145957 -0.942471
v -0.009451 -1.145957 -0.942471
v 0.080044 -1.145957 -0.865121
v 0.069535 -1.145957 -0.947086
v 0.071606 -1.145957 -0.948819
v 0.066884 -1.145957 -0.946493
v 0.066884 -1.145957 -0.946493
v 0.077171 -1.145957 -0.940790
v 0.026357 -1.145957 -0.942232
v -0.696792 -1.147957 -0.645454
v -0.008675 -1.145957 -0.941634
v -0.064679 -1.145957 -0.948593
v -0.063759 -1.145957 -0.940955
v -0.044227 -1.145957 -0.867864
v -0.049672 -1.145957 -0.861709
v -0.110448 -1.145957 -0.869958
v -0.094279 -1.145957 -0.947135
v -0.046363 -1.145957 -0.948846
v -0.048533 -1.145957 -0.947083
v -0.080894 -1.145957 -0.867864
v -0.093498 -1.145957 -0.941021
v -0.020894 -1.145957 -0.870955
v -0.020894 -1.145957 -0.870955
v -0.004227 -1.145957 -0.951562
v -0.065225 -1.145957 -0.950026
v -0.065338 -1.145957 -0.970139
v -0.077231 -1.145957 -0.864105
v 0.246994 -1.145957 -1.011709
v 0.185877 -1.145957 -1.000503
v 0.190022 -1.145957 -1.008163
v 0.183238 -1.145957 -0.991060
v 0.443208 -1.145957 -1.022455
v 0.443208 -1.145957 -1.022455
v 0.443208 -1.147957 -1.022455
v 0.443208 -1.147957 -1.022455
v 0.189100 -1.145957 -1.089775
v 0.150217 -1.145957 -1.007812
v 0.252439 -1.145957 -1.017864
v 0.252303 -1.145957 -1.016765
v 0.252082 -1.145957 -1.019387
v 0.252082 -1.145957 -1.019387
v 0.252082 -1.147957 -1.019387
v 0.252082 -1.147957 -1.019387
v 0.107569 -1.145957 -1.163621
v 0.107891 -1.145957 -1.163177
v 0.209355 -1.145957 -1.007430
v 0.251205 -1.145957 -1.020301
v 0.445217 -1.145957 -1.029955
v 0.437717 -1.145957 -1.016964
v -0.178811 -1.145957 -1.020000
v -0.178811 -1.145957 -1.020000
v -0.176993 -1.145957 -1.020802
v -0.242859 -1.147957 -1.017829
v -0.242859 -1.147957 -1.017829
v -0.225720 -1.145957 -0.982066
v -0.178811 -1.147957 -1.020000
v -0.178811 -1.147957 -1.020000
v -0.244460 -1.145957 -0.992962
v -0.241745 -1.145957 -1.017621
v -0.249419 -1.145957 -0.991452
v -0.207800 -1.145957 -1.020077
v -0.111244 -1.145957 -1.020902
v -0.108463 -1.145957 -1.020538
v -0.115338 -1.147957 -1.000069
v -0.115338 -1.147957 -1.000069
v -0.179496 -1.145957 -1.016276
v -0.179783 -1.145957 -1.017743
v -0.223498 -1.145957 -0.975520
v -0.064783 -1.147957 -0.539955
v -0.106985 -1.145957 -1.019336
v -0.155410 -1.145957 -1.017142
v -0.155907 -1.145957 -1.015961
v -0.155907 -1.145957 -1.015961
v -0.159709 -1.145957 -1.013526
v -0.253116 -1.145957 -0.978732
v -0.253089 -1.145957 -0.979383
v 0.716614 -1.147957 -1.733205
v -0.250609 -1.145957 -1.020550
v -0.250157 -1.145957 -1.021319
v -0.218672 -1.145957 -1.015955
v -0.218672 -1.145957 -1.015955
v -0.171116 -1.145957 -1.005986
v -0.171988 -1.145957 -1.009236
v 0.207995 -1.147957 -0.865729
v 0.207995 -1.147957 -0.865729
v 0.188082 -1.145957 -0.843177
v 0.187426 -1.145957 -0.843231
v 0.189218 -1.145957 -0.843377
v 0.184662 -1.145957 -0.847569
v 0.220217 -1.145957 -0.857534
v 0.219775 -1.145957 -0.860165
v 0.219150 -1.145957 -0.853229
v -0.159887 -1.145957 -1.020955
v -0.157849 -1.145957 -1.020769
v 0.191242 -1.145957 -0.845588
v 0.190217 -1.145957 -0.843958
v 0.191675 -1.145957 -0.847482
v 0.193913 -1.145957 -0.853694
v 0.213394 -1.145957 -0.848229
v 0.215906 -1.145957 -0.849797
v 0.207995 -1.145957 -0.872239
v 0.207995 -1.145957 -0.872239
v 0.252397 -1.145957 -0.943458
v 0.251913 -1.145957 -0.942232
v 0.330217 -1.145957 -0.946955
v 0.430217 -1.145957 -0.946955
v 0.322717 -1.145957 -0.918964
v 0.322717 -1.145957 -0.918964
v 0.317227 -1.145957 -0.924455
v 0.330217 -1.145957 -0.916955
v 0.437717 -1.145957 -0.918964
v 0.437717 -1.145957 -0.918964
v 0.430217 -1.145957 -0.916955
v 0.251459 -1.145957 -0.946466
v 0.443208 -1.145957 -0.924455
v 0.445217 -1.145957 -0.931955
v 0.215721 -1.145957 -0.940955
v 0.215721 -1.145957 -0.940955
v 0.215721 -1.147957 -0.940955
v 0.215721 -1.147957 -0.940955
v -0.239922 -1.145957 -0.870000
v -0.239922 -1.145957 -0.870000
v -0.238104 -1.145957 -0.870802
v 0.209106 -1.145957 -0.957691
v 0.209106 -1.145957 -1.003958
v 0.317227 -1.145957 -0.939455
v 0.315217 -1.145957 -0.931955
v 0.322717 -1.145957 -0.944945
v 0.322717 -1.145957 -0.944945
v 0.186328 -1.145957 -0.961106
v 0.215721 -1.145957 -0.947257
v 0.215721 -1.145957 -0.947257
v 0.248464 -1.145957 -0.940955
v 0.250912 -1.145957 -0.941423
v -0.472533 -1.145957 -0.227057
v -0.472533 -1.145957 -0.227057
v -0.521783 -1.145957 -0.268954
v -0.511783 -1.145957 -0.271634
v -0.511783 -1.145957 -0.271634
v -0.437283 -1.145957 -0.330964
v -0.477033 -1.145957 -0.234852
v -0.477033 -1.145957 -0.234852
v 0.892217 -1.145957 -0.378955
v 0.522217 -1.145957 -0.398955
v 0.514564 -1.145957 -0.397432
v 0.889538 -1.145957 -0.278955
v 0.889538 -1.145957 -0.278955
v 0.892217 -1.145957 -0.288955
v 0.882217 -1.145957 -0.271634
v 0.882217 -1.145957 -0.271634
v 0.889538 -1.147957 -0.388955
v 0.889538 -1.147957 -0.388955
v 0.889538 -1.147957 -0.278955
v 0.889538 -1.147957 -0.278955
v -0.889103 -1.145957 -0.388954
v -0.889103 -1.145957 -0.388954
v -0.891783 -1.145957 -0.378954
v -0.881783 -1.147957 -0.271634
v -0.881783 -1.147957 -0.271634
v 0.471320 -1.145957 -0.228705
v 0.503740 -1.145957 -0.386608
v 0.477467 -1.145957 -0.227058
v 0.477467 -1.145957 -0.227058
v 0.472967 -1.147957 -0.227058
v 0.472967 -1.147957 -0.227058
v 0.708820 -1.145957 -0.233205
v 0.710467 -1.145957 -0.234852
v 0.710467 -1.145957 -0.234852
v 0.716614 -1.145957 -0.228705
v 0.037995 -1.145957 -0.994184
v 0.107319 -1.145957 -0.973208
v 0.043932 -1.145957 -1.020625
v 0.037995 -1.145957 -1.018802
v 0.062439 -1.145957 -1.022482
v 0.062439 -1.145957 -1.022482
v 0.025650 -1.145957 -1.020301
v -0.034224 -1.145957 -1.006404
v -0.037075 -1.145957 -1.009444
v 0.512717 -1.147957 -0.722964
v 0.056754 -1.145957 -1.020977
v 0.041293 -1.145957 -1.022066
v -0.008260 -1.145957 -1.020457
v 0.070517 -1.145957 -1.013822
v 0.070517 -1.145957 -1.013822
v -0.065228 -1.145957 -1.011709
v 0.026526 -1.145957 -1.019387
v 0.026526 -1.145957 -1.019387
v -0.090894 -1.145957 -1.010139
v -0.091019 -1.145957 -1.011706
v 0.021328 -1.145957 -0.951562
v 0.021441 -1.145957 -0.950026
v -0.095926 -1.145957 -1.015873
v -0.095926 -1.145957 -1.015873
v -0.095926 -1.147957 -1.015873
v -0.095926 -1.147957 -1.015873
v -0.004227 -1.145957 -1.010139
v -0.009259 -1.145957 -1.015873
v -0.009259 -1.145957 -1.015873
v -0.008241 -1.145957 -1.014939
v -0.009783 -1.145957 -1.017864
v -0.126793 -1.147957 -1.233455
v 0.024714 -1.145957 -1.014652
v 0.823208 -1.147957 -0.630455
v 0.825217 -1.147957 -0.637955
v 0.825217 -1.147957 -0.637955
v 0.175490 -1.145957 -0.963814
v 0.144662 -1.145957 -1.022534
v 0.144662 -1.145957 -1.022534
v 0.156219 -1.145957 -1.019958
v 0.144662 -1.147957 -1.022534
v 0.144662 -1.147957 -1.022534
v -0.009713 -1.145957 -0.973837
v -0.008990 -1.145957 -0.976437
v 0.512717 -1.145957 -0.624964
v 0.512717 -1.145957 -0.624964
v 0.507227 -1.145957 -0.630455
v 0.520217 -1.145957 -0.622955
v 0.635217 -1.145957 -0.637955
v 0.635217 -1.145957 -0.637955
v 0.633207 -1.145957 -0.630455
v 0.633207 -1.145957 -0.645455
v 0.633207 -1.145957 -0.728455
v 0.520217 -1.145957 -0.652955
v 0.620217 -1.145957 -0.652955
v 0.817717 -1.145957 -0.944945
v 0.817717 -1.145957 -0.944945
v 0.823207 -1.145957 -0.939455
v 0.810217 -1.145957 -0.946955
v 0.702717 -1.145957 -0.944945
v 0.702717 -1.145957 -0.944945
v 0.710217 -1.145957 -0.916955
v 0.710217 -1.145957 -0.946955
v 0.710217 -1.145957 -0.622955
v 0.702717 -1.147957 -0.918964
v 0.702717 -1.147957 -0.918964
v 0.825217 -1.145957 -0.735955
v 0.825217 -1.145957 -0.735955
v -0.709783 -1.145957 -1.632954
v 0.702717 -1.145957 -0.820964
v 0.702717 -1.145957 -0.820964
v 0.817717 -1.145957 -0.820964
v 0.817717 -1.145957 -0.820964
v 0.823207 -1.145957 -0.841455
v -0.519783 -1.145957 -1.632955
v -0.512283 -1.145957 -1.630945
v -0.822773 -1.145957 -1.610454
v -0.634783 -1.147957 -1.617954
v -0.634783 -1.147957 -1.617954
v -0.506793 -1.145957 -1.625455
v -0.506793 -1.145957 -1.625455
v -0.619783 -1.145957 -1.602955
v -0.824783 -1.145957 -1.617954
v -0.824783 -1.145957 -1.617954
v 0.430217 -1.145957 -1.632955
v 0.140217 -1.145957 -1.632955
v 0.132717 -1.145957 -1.630945
v 0.132717 -1.145957 -1.630945
v 0.823208 -1.145957 -0.547455
v 0.825217 -1.145957 -0.539955
v 0.825217 -1.145957 -0.539955
v 0.817717 -1.145957 -0.526964
v 0.810217 -1.145957 -0.524955
v 0.695217 -1.145957 -0.539955
v 0.695217 -1.145957 -0.539955
v -0.049783 -1.145957 -1.632955
v 0.437717 -1.145957 -1.630945
v 0.437717 -1.145957 -1.630945
v 0.437717 -1.147957 -1.630945
v 0.437717 -1.147957 -1.630945
v 0.443207 -1.145957 -1.625455
v 0.443207 -1.145957 -1.625455
v 0.430217 -1.145957 -1.602955
v 0.330217 -1.145957 -1.602955
v 0.437717 -1.145957 -1.604964
v 0.437717 -1.145957 -1.604964
v 0.710217 -1.145957 -1.406955
v 0.823207 -1.145957 -1.527455
v 0.823207 -1.145957 -1.527455
v 0.702717 -1.145957 -1.434945
v 0.710217 -1.145957 -1.436955
v 0.817717 -1.145957 -1.506965
v 0.810217 -1.145957 -1.504955
v 0.702717 -1.145957 -1.506965
v 0.702717 -1.145957 -1.532945
v 0.507227 -1.145957 -1.218455
v 0.505217 -1.145957 -1.225955
v 0.505217 -1.145957 -1.225955
v 0.702717 -1.145957 -1.630945
v 0.702717 -1.145957 -1.630945
v 0.823207 -1.145957 -1.625455
v 0.823207 -1.145957 -1.414455
v 0.823207 -1.145957 -1.414455
v 0.823207 -1.145957 -1.429455
v 0.823207 -1.145957 -1.429455
v 0.697227 -1.145957 -1.625455
v 0.710217 -1.145957 -1.602955
v 0.702717 -1.145957 -1.604964
v 0.702717 -1.145957 -1.604964
v 0.817717 -1.145957 -1.434945
v 0.010217 -1.145957 -0.863402
v 0.024895 -1.145957 -0.843657
v 0.023971 -1.145957 -0.844469
v -0.080154 -1.145957 -0.796228
v -0.078724 -1.145957 -0.797135
v 0.030159 -1.145957 -0.846119
v 0.029610 -1.145957 -0.844642
v -0.044633 -1.145957 -0.795758
v -0.015338 -1.145957 -0.802031
v -0.015522 -1.145957 -0.800311
v 0.012524 -1.145957 -0.797815
v 0.011468 -1.145957 -0.798251
v -0.044227 -1.145957 -0.793993
v -0.044270 -1.145957 -0.793458
v -0.057283 -1.145957 -0.748945
v -0.062773 -1.145957 -0.743455
v -0.062773 -1.145957 -0.743455
v -0.049783 -1.145957 -0.750955
v -0.064783 -1.145957 -0.735955
v 0.028500 -1.145957 -0.843613
v -0.062773 -1.147957 -0.743455
v -0.062773 -1.147957 -0.743455
v 0.014280 -1.145957 -0.797309
v 0.015514 -1.145957 -0.796821
v -0.022072 -1.145957 -0.796463
v -0.022736 -1.145957 -0.795677
v -0.020113 -1.145957 -0.797309
v 0.031328 -1.145957 -0.750955
v 0.050217 -1.145957 -0.750955
v 0.067630 -1.145957 -0.810955
v 0.067630 -1.145957 -0.810955
v 0.068515 -1.145957 -0.791397
v -0.100130 -1.145957 -0.799184
v -0.110174 -1.145957 -0.792305
v 0.106884 -1.145957 -0.794340
v 0.106884 -1.145957 -0.794340
v 0.083967 -1.145957 -0.810955
v 0.083967 -1.145957 -0.810955
v 0.057717 -1.145957 -0.748945
v 0.063208 -1.145957 -0.743455
v 0.063208 -1.145957 -0.743455
v 0.057717 -1.145957 -0.722964
v 0.057717 -1.145957 -0.722964
v 0.106465 -1.147957 -0.795633
v 0.106465 -1.147957 -0.795633
v 0.101109 -1.145957 -0.798809
v -0.634783 -1.145957 -0.637954
v -0.634783 -1.145957 -0.637954
v -0.632773 -1.145957 -0.645454
v -0.702283 -1.145957 -0.624964
v -0.702283 -1.145957 -0.624964
v -0.709783 -1.145957 -0.622954
v 0.082630 -1.147957 -0.855850
v 0.082630 -1.147957 -0.855850
v 0.065217 -1.145957 -0.637955
v 0.063208 -1.145957 -0.645455
v 0.063208 -1.145957 -0.630455
v -0.817283 -1.145957 -0.722964
v -0.818193 -1.145957 -0.723534
v -0.809783 -1.145957 -0.720954
v 0.057717 -1.145957 -0.624964
v 0.057717 -1.145957 -0.624964
v -0.506792 -1.145957 -0.645454
v 0.132717 -1.145957 -0.552945
v 0.140217 -1.145957 -0.554955
v -0.696792 -1.145957 -0.630454
v -0.506792 -1.145957 -0.728454
v 0.443208 -1.145957 -0.532455
v 0.443208 -1.145957 -0.532455
v -0.062773 -1.145957 -0.547454
v -0.062773 -1.145957 -0.547454
v -0.057283 -1.145957 -0.552945
v 0.322717 -1.145957 -0.552945
v 0.330217 -1.145957 -0.554955
v 0.317227 -1.145957 -0.547455
v 0.317227 -1.145957 -0.547455
v 0.627717 -1.145957 -0.820964
v 0.627717 -1.145957 -0.820964
v 0.635217 -1.147957 -0.735955
v 0.635217 -1.147957 -0.735955
v 0.512717 -1.145957 -0.820964
v 0.512717 -1.145957 -0.820964
v 0.063208 -1.145957 -0.547455
v 0.063208 -1.145957 -0.547455
v 0.063208 -1.147957 -0.547455
v 0.063208 -1.147957 -0.547455
v 0.507227 -1.145957 -0.728455
v 0.520217 -1.145957 -0.848955
v -0.049783 -1.145957 -0.554955
v 0.065217 -1.145957 -0.539955
v 0.065217 -1.145957 -0.539955
v -0.945283 -1.145957 -0.730954
v -0.945283 -1.145957 -0.730954
v -0.702283 -1.145957 -0.820964
v -0.702283 -1.145957 -0.820964
v -0.709783 -1.145957 -0.720954
v 0.240217 -1.145957 -0.652955
v 0.247717 -1.145957 -0.650945
v -0.239922 -1.147957 -0.870000
v -0.239922 -1.147957 -0.870000
v 0.321807 -1.145957 -0.723534
v -0.709783 -1.145957 -0.818954
v 0.322717 -1.145957 -0.722964
v 0.445217 -1.145957 -0.637955
v -0.619783 -1.145957 -0.750954
v -0.953680 -1.145957 -0.733204
v -0.694783 -1.145957 -0.735954
v -0.694783 -1.145957 -0.735954
v -0.694783 -1.147957 -0.735954
v -0.694783 -1.147957 -0.735954
v -0.634783 -1.145957 -0.833954
v -0.634783 -1.145957 -0.833954
v -0.696792 -1.145957 -0.841454
v -0.702283 -1.145957 -0.846945
v -0.702283 -1.145957 -0.846945
v -0.696792 -1.145957 -0.728454
v -0.627283 -1.147957 -0.748945
v -0.627283 -1.147957 -0.748945
v -0.809783 -1.145957 -0.848954
v -0.709783 -1.145957 -0.848954
v -0.329783 -1.145957 -0.848954
v -0.444783 -1.145957 -0.833954
v -0.437283 -1.145957 -0.748945
v -0.429783 -1.145957 -0.750954
v -0.519783 -1.145957 -0.750954
v -0.512283 -1.145957 -0.748945
v -0.314783 -1.145957 -0.637955
v -0.437283 -1.145957 -0.722964
v -0.438193 -1.145957 -0.723534
v -0.429783 -1.145957 -0.720954
v -0.329783 -1.145957 -0.622954
v -0.316792 -1.147957 -0.645454
v -0.316792 -1.147957 -0.645454
v -0.316792 -1.145957 -0.826454
v -0.316792 -1.145957 -0.826454
v -0.205177 -1.145957 -0.863402
v -0.239783 -1.145957 -0.750954
v -0.183116 -1.145957 -0.839809
v -0.183116 -1.145957 -0.839809
v -0.183116 -1.145957 -0.808559
v -0.232005 -1.145957 -0.790955
v -0.232005 -1.145957 -0.790955
v -0.252773 -1.145957 -0.728455
v -0.254783 -1.145957 -0.735954
v -0.126449 -1.145957 -0.789392
v -0.126449 -1.145957 -0.789392
v -0.126449 -1.147957 -0.789392
v -0.126449 -1.147957 -0.789392
v -0.157277 -1.145957 -0.813820
v -0.148342 -1.145957 -0.799184
v -0.232005 -1.145957 -0.816666
v -0.116449 -1.145957 -0.857812
v -0.117086 -1.145957 -0.862015
v -0.138303 -1.145957 -0.792272
v -0.247283 -1.145957 -0.722964
v -0.248193 -1.145957 -0.723534
v -0.132283 -1.145957 -0.722964
v -0.247283 -1.145957 -0.650945
v -0.247283 -1.145957 -0.650945
v -0.132283 -1.147957 -0.624964
v -0.132283 -1.147957 -0.624964
v -0.159783 -1.145957 -0.830868
v -0.157146 -1.145957 -0.848358
v -0.031225 -1.145957 -0.843594
v 0.018985 -1.145957 -0.859739
v -0.027406 -1.145957 -0.855219
v -0.075464 -1.145957 -0.861706
v -0.057283 -1.145957 -0.650945
v -0.057283 -1.145957 -0.650945
v -0.049783 -1.145957 -0.622954
v -0.057283 -1.145957 -0.624964
v -0.057283 -1.145957 -0.624964
v -0.062773 -1.145957 -0.449455
v -0.062773 -1.145957 -0.449455
v -0.889103 -1.147957 -0.388954
v -0.889103 -1.147957 -0.388954
v -0.506792 -1.145957 -0.924454
v -0.696792 -1.145957 -0.924454
v -0.062773 -1.147957 -0.449455
v -0.062773 -1.147957 -0.449455
v -0.627283 -1.145957 -0.944945
v -0.627283 -1.145957 -0.944945
v 0.317227 -1.145957 -0.449455
v 0.317227 -1.145957 -0.449455
v 0.315217 -1.145957 -0.441955
v 0.240217 -1.145957 -0.426955
v 0.050217 -1.145957 -0.426955
v 0.057717 -1.145957 -0.428964
v 0.057717 -1.145957 -0.428964
v -0.049783 -1.145957 -0.426955
v 0.317227 -1.147957 -0.449455
v 0.317227 -1.147957 -0.449455
v 0.031328 -1.145957 -0.456955
v 0.050217 -1.145957 -0.456955
v -0.619783 -1.145957 -0.554954
v -0.694783 -1.145957 -0.539954
v -0.694783 -1.145957 -0.539954
v -0.696792 -1.145957 -0.547454
v -0.817283 -1.145957 -0.552945
v -0.809783 -1.145957 -0.524954
v -0.817283 -1.145957 -0.526964
v -0.694783 -1.147957 -0.539954
v -0.694783 -1.147957 -0.539954
v 0.430217 -1.145957 -0.426955
v 0.445217 -1.145957 -0.441955
v 0.002467 -1.145957 -0.227057
v 0.002467 -1.145957 -0.227057
v -0.049783 -1.145957 -0.328955
v -0.057283 -1.145957 -0.330964
v -0.506792 -1.147957 -0.532454
v -0.506792 -1.147957 -0.532454
v -0.003680 -1.145957 -0.233204
v -0.619783 -1.145957 -0.524954
v -0.627283 -1.145957 -0.526964
v -0.627283 -1.145957 -0.526964
v -0.512283 -1.145957 -0.526964
v 0.240217 -1.145957 -0.328955
v 0.247717 -1.145957 -0.330964
v 0.233217 -1.145957 -0.230955
v 0.233820 -1.145957 -0.233205
v 0.233820 -1.145957 -0.233205
v 0.063208 -1.145957 -0.351455
v 0.065217 -1.145957 -0.343955
v 0.057717 -1.145957 -0.330964
v 0.050217 -1.145957 -0.328955
v 0.063208 -1.145957 -0.336455
v 0.063208 -1.145957 -0.336455
v 0.315217 -1.145957 -0.343955
v 0.317227 -1.145957 -0.351455
v 0.443208 -1.145957 -0.351455
v 0.430217 -1.145957 -0.328955
v 0.240217 -1.145957 -0.358955
v -0.506792 -1.145957 -0.434454
v -0.506792 -1.145957 -0.434454
v -0.696792 -1.145957 -0.449454
v -0.702283 -1.145957 -0.454945
v -0.953680 -1.145957 -0.483204
v -0.945283 -1.147957 -0.480954
v -0.945283 -1.147957 -0.480954
v -0.822773 -1.145957 -0.434454
v 0.132717 -1.147957 -0.650945
v 0.132717 -1.147957 -0.650945
v 0.317227 -1.145957 -0.630455
v 0.132717 -1.147957 -0.624964
v 0.132717 -1.147957 -0.624964
v 0.247717 -1.145957 -0.624964
v 0.247717 -1.145957 -0.624964
v 0.240217 -1.145957 -0.622955
v 0.317227 -1.145957 -0.645455
v 0.322717 -1.145957 -0.650945
v 0.322717 -1.145957 -0.650945
v 0.322717 -1.147957 -0.624964
v 0.322717 -1.147957 -0.624964
v 0.140217 -1.145957 -0.652955
v 0.127227 -1.145957 -0.630455
v 0.247717 -1.147957 -0.624964
v 0.247717 -1.147957 -0.624964
v 0.050217 -1.145957 -1.534955
v 0.050217 -1.145957 -1.504955
v 0.057717 -1.145957 -1.532945
v 0.063207 -1.145957 -1.527455
v 0.063207 -1.145957 -1.527455
v 0.445217 -1.145957 -1.519955
v 0.695217 -1.145957 -0.441955
v 0.695217 -1.145957 -0.441955
v 0.697227 -1.145957 -0.449455
v 0.697227 -1.145957 -0.434455
v 0.057717 -1.145957 -1.434945
v 0.050217 -1.145957 -1.436955
v 0.063207 -1.145957 -1.414455
v 0.063207 -1.145957 -1.414455
v -0.062773 -1.145957 -1.414455
v -0.062773 -1.145957 -1.414455
v -0.049783 -1.145957 -1.436955
v 0.330217 -1.145957 -1.406955
v 0.255217 -1.145957 -1.421955
v 0.253207 -1.145957 -1.414455
v 0.253207 -1.145957 -1.414455
v 0.322717 -1.145957 -1.434945
v 0.330217 -1.145957 -1.436955
v 0.140217 -1.145957 -1.406955
v 0.132717 -1.145957 -1.408964
v 0.140217 -1.145957 -1.436955
v 0.132717 -1.145957 -1.434945
v 0.810217 -1.145957 -0.456955
v 0.817717 -1.145957 -0.454945
v 0.825217 -1.145957 -0.441955
v 0.823208 -1.145957 -0.434455
v 0.823208 -1.145957 -0.434455
v -0.708386 -1.145957 -0.233204
v -0.707783 -1.145957 -0.230954
v -0.707783 -1.145957 -0.230954
v -0.712283 -1.145957 -0.235454
v -0.924533 -1.145957 -0.227057
v -0.924533 -1.145957 -0.227057
v 0.253207 -1.145957 -1.429455
v 0.253207 -1.145957 -1.429455
v 0.437717 -1.145957 -1.434945
v -0.922283 -1.147957 -1.726454
v -0.922283 -1.147957 -1.726454
v 0.920467 -1.145957 -1.727058
v 0.918820 -1.145957 -1.728705
v 0.918820 -1.145957 -1.728705
v -0.710033 -1.145957 -1.734852
v -0.710033 -1.145957 -1.734852
v -0.710033 -1.147957 -1.734852
v -0.710033 -1.147957 -1.734852
v 0.927217 -1.145957 -1.730955
v 0.927217 -1.145957 -1.730955
v 0.926614 -1.145957 -1.728705
v 0.926614 -1.145957 -1.728705
v 0.926614 -1.145957 -1.733205
v -0.920033 -1.145957 -0.234851
v -0.920033 -1.145957 -0.234851
v 0.924967 -1.145957 -1.734852
v 0.924967 -1.145957 -1.734852
v -0.918386 -1.145957 -0.233204
v 0.047509 -1.145957 -1.001007
v -0.714533 -1.145957 -1.727057
v -0.716180 -1.145957 -1.728704
v -0.716783 -1.145957 -1.730955
v -0.716783 -1.145957 -1.730955
v -0.712283 -1.147957 -1.726454
v -0.712283 -1.147957 -1.726454
v -0.590533 -1.145957 -1.725758
v -0.590533 -1.145957 -1.725758
v -0.926783 -1.145957 -1.730954
v -0.926783 -1.145957 -1.730954
v -0.926180 -1.145957 -1.728704
v -0.926180 -1.145957 -1.728704
v -0.598729 -1.145957 -1.727955
v -0.599533 -1.145957 -1.730955
v 0.029193 -1.145957 -1.136805
v 0.241614 -1.145957 -0.228705
v 0.810217 -1.145957 -1.112955
v 0.817717 -1.145957 -1.114964
v -0.235033 -1.145957 -1.734852
v -0.235033 -1.145957 -1.734852
v 0.956217 -1.145957 -0.218955
v 0.959217 -1.145957 -0.219759
v -0.232783 -1.145957 -1.730955
v 0.152169 -1.145957 -1.170550
v 0.152620 -1.145957 -1.171319
v 0.151884 -1.145957 -1.168576
v 0.152511 -1.147957 -1.142408
v 0.152511 -1.147957 -1.142408
v 0.157543 -1.145957 -1.170590
v -0.250267 -1.147957 -0.992408
v -0.250267 -1.147957 -0.992408
v 0.151884 -1.145957 -1.145521
v 0.088909 -1.145957 -1.170892
v 0.134766 -1.145957 -1.098594
v 0.135107 -1.145957 -1.098130
v 0.134219 -1.145957 -1.100026
v -0.253116 -1.147957 -0.978732
v 0.180486 -1.145957 -1.131347
v 0.179488 -1.145957 -1.131766
v 0.175424 -1.145957 -1.100899
v 0.137491 -1.145957 -1.164652
v 0.135377 -1.145957 -1.163847
v 0.149662 -1.145957 -1.128732
v 0.179661 -1.145957 -1.172482
v 0.179661 -1.145957 -1.172482
v 0.179661 -1.145957 -1.166076
v 0.179661 -1.145957 -1.166076
v 0.171593 -1.145957 -1.171174
v 0.181464 -1.147957 -1.130413
v 0.181464 -1.147957 -1.130413
v 0.180200 -1.145957 -1.096007
v 0.180200 -1.145957 -1.096007
v 0.177886 -1.145957 -1.096862
v 0.139256 -1.145957 -1.095758
v 0.150893 -1.147957 -1.131492
v 0.150893 -1.147957 -1.131492
v 0.153984 -1.145957 -1.132066
v -0.519783 -1.145957 -1.338954
v -0.632773 -1.145957 -1.331454
v -0.627283 -1.145957 -1.336945
v -0.627283 -1.145957 -1.336945
v -0.809783 -1.145957 -1.308954
v 0.132717 -1.145957 -1.238945
v 0.132717 -1.145957 -1.238945
v -0.709783 -1.145957 -1.308954
v 0.127227 -1.145957 -1.233455
v 0.240217 -1.145957 -1.210955
v 0.140217 -1.145957 -1.210955
v 0.247717 -1.145957 -1.238945
v 0.253207 -1.145957 -1.233455
v 0.253207 -1.145957 -1.233455
v 0.240217 -1.145957 -1.240955
v 0.430217 -1.145957 -1.210955
v 0.330217 -1.145957 -1.210955
v 0.253339 -1.145957 -1.218688
v 0.255217 -1.145957 -1.225955
v 0.322717 -1.145957 -1.238945
v 0.322717 -1.145957 -1.238945
v -0.519783 -1.145957 -1.308954
v 0.437717 -1.145957 -1.140945
v 0.443207 -1.145957 -1.135455
v 0.443207 -1.145957 -1.135455
v 0.430217 -1.145957 -1.142955
v 0.253207 -1.145957 -1.218455
v 0.437717 -1.145957 -1.114964
v 0.430217 -1.145957 -1.112955
v 0.213467 -1.145957 -1.150970
v 0.217439 -1.145957 -1.130000
v 0.216291 -1.145957 -1.118519
v -0.627283 -1.145957 -1.506964
v -0.632773 -1.145957 -1.512454
v -0.619783 -1.145957 -1.504954
v -0.702283 -1.145957 -1.532945
v -0.809783 -1.145957 -1.534954
v 0.188707 -1.145957 -1.098368
v 0.330217 -1.145957 -1.504955
v 0.317227 -1.145957 -1.512455
v 0.317227 -1.145957 -1.512455
v 0.317227 -1.147957 -1.512455
v 0.317227 -1.147957 -1.512455
v -0.126793 -1.147957 -1.527455
v -0.126793 -1.147957 -1.527455
v 0.322717 -1.145957 -1.506964
v 0.127227 -1.145957 -1.527455
v 0.127227 -1.145957 -1.527455
v -0.169036 -1.145957 -1.155850
v -0.169036 -1.145957 -1.155850
v -0.169036 -1.147957 -1.155850
v -0.169036 -1.147957 -1.155850
v -0.162202 -1.145957 -1.099876
v -0.162202 -1.145957 -1.099876
v -0.161450 -1.145957 -1.102968
v -0.164540 -1.145957 -1.097725
v -0.173082 -1.145957 -1.170955
v -0.173082 -1.145957 -1.170955
v -0.173082 -1.147957 -1.170955
v -0.173082 -1.147957 -1.170955
v -0.219047 -1.145957 -1.095113
v -0.219227 -1.145957 -1.094010
v -0.196693 -1.145957 -1.170954
v -0.196693 -1.145957 -1.170954
v -0.162202 -1.147957 -1.099876
v -0.162202 -1.147957 -1.099876
v -0.071207 -1.145957 -1.097309
v -0.069441 -1.145957 -1.096263
v -0.145202 -1.145957 -1.095633
v -0.145202 -1.145957 -1.095633
v -0.117076 -1.145957 -1.167142
v -0.117573 -1.145957 -1.165961
v -0.117573 -1.145957 -1.165961
v 0.022218 -1.147957 -1.102239
v 0.022218 -1.147957 -1.102239
v -0.146558 -1.145957 -1.096759
v -0.144783 -1.145957 -1.094340
v -0.144783 -1.145957 -1.094340
v -0.029263 -1.145957 -1.096615
v -0.038570 -1.145957 -1.169954
v -0.048359 -1.145957 -1.163281
v -0.057833 -1.145957 -1.113820
v 0.189218 -1.147957 -0.843377
v 0.188082 -1.147957 -0.843177
v 0.019918 -1.145957 -1.104731
v 0.021189 -1.145957 -1.103368
v 0.025927 -1.145957 -1.159189
v -0.091484 -1.145957 -1.091718
v -0.091484 -1.145957 -1.091718
v -0.092292 -1.145957 -1.092691
v -0.089662 -1.145957 -1.091076
v -0.006120 -1.145957 -1.014105
v -0.005209 -1.145957 -1.013621
v -0.032561 -1.145957 -1.157812
v -0.032561 -1.145957 -1.105538
v 0.031310 -1.145957 -1.089897
v 0.026894 -1.145957 -1.090571
v -0.096450 -1.145957 -1.017864
v -0.010729 -1.145957 -1.092305
v -0.021613 -1.145957 -1.089490
v -0.009259 -1.147957 -1.015873
v -0.009259 -1.147957 -1.015873
v -0.074832 -1.145957 -1.162148
v -0.038859 -1.145957 -1.092272
v -0.057283 -1.147957 -1.238945
v -0.057283 -1.147957 -1.238945
v -0.049783 -1.145957 -1.210955
v -0.057283 -1.145957 -1.212964
v -0.057283 -1.145957 -1.212964
v -0.069664 -1.145957 -1.170306
v -0.087835 -1.145957 -1.098531
v -0.084868 -1.145957 -1.102177
v 0.049662 -1.145957 -1.106059
v 0.087908 -1.145957 -1.090955
v 0.086441 -1.145957 -1.100026
v 0.246997 -1.147957 -0.950026
v 0.108423 -1.145957 -1.100029
v 0.046631 -1.145957 -1.095632
v 0.041614 -1.145957 -1.091539
v 0.049253 -1.145957 -1.101695
v 0.086328 -1.145957 -1.101562
v 0.091748 -1.145957 -1.166765
v 0.091104 -1.145957 -1.165534
v 0.091104 -1.145957 -1.165534
v 0.104537 -1.145957 -1.164939
v 0.106658 -1.145957 -1.164105
v 0.049265 -1.145957 -1.170851
v 0.106971 -1.145957 -1.170955
v 0.104517 -1.145957 -1.170457
v 0.058886 -1.145957 -1.098033
v 0.059835 -1.145957 -1.098767
v 0.056859 -1.145957 -1.097510
v 0.054766 -1.145957 -1.170955
v 0.053927 -1.145957 -1.132814
v 0.620217 -1.145957 -1.210955
v 0.520217 -1.145957 -1.210955
v 0.810217 -1.145957 -1.338955
v 0.817717 -1.145957 -1.336945
v 0.817717 -1.145957 -1.336945
v 0.823207 -1.145957 -1.331455
v 0.825217 -1.145957 -1.323955
v 0.825217 -1.145957 -1.323955
v 0.823207 -1.147957 -1.037455
v 0.823207 -1.147957 -1.037455
v 0.695217 -1.145957 -1.323955
v 0.695217 -1.145957 -1.323955
v 0.825217 -1.145957 -1.029955
v 0.825217 -1.145957 -1.029955
v 0.810217 -1.145957 -1.014955
v 0.695217 -1.145957 -1.225955
v 0.695217 -1.145957 -1.225955
v 0.695217 -1.147957 -1.225955
v 0.695217 -1.147957 -1.225955
v 0.825217 -1.147957 -1.225955
v 0.825217 -1.147957 -1.225955
v 0.697227 -1.145957 -1.233455
v 0.209106 -1.147957 -0.957691
v 0.702717 -1.145957 -1.114964
v 0.697227 -1.145957 -1.120455
v 0.710217 -1.145957 -1.112955
v 0.702717 -1.145957 -1.140945
v 0.710217 -1.145957 -0.652955
v 0.823207 -1.145957 -1.218455
v 0.057717 -1.145957 -1.310964
v 0.057717 -1.145957 -1.310964
v 0.057717 -1.147957 -1.310964
v 0.057717 -1.147957 -1.310964
v 0.240217 -1.145957 -1.308955
v -0.057283 -1.147957 -1.310964
v -0.057283 -1.147957 -1.310964
v 0.127227 -1.145957 -1.316455
v 0.140217 -1.145957 -1.338955
v 0.065217 -1.145957 -1.323955
v 0.050217 -1.145957 -1.308955
v -0.062773 -1.145957 -1.316455
v -0.049783 -1.145957 -1.338955
v -0.824783 -1.145957 -1.421954
v -0.822773 -1.145957 -1.429454
v -0.822773 -1.145957 -1.429454
v 0.317227 -1.147957 -1.316455
v 0.317227 -1.147957 -1.316455
v 0.445217 -1.145957 -1.323955
v 0.315217 -1.145957 -1.323955
v -0.316793 -1.145957 -1.120454
v -0.316793 -1.145957 -1.120454
v -0.442773 -1.145957 -1.218455
v -0.442773 -1.145957 -1.233454
v -0.437283 -1.145957 -1.238945
v -0.437283 -1.145957 -1.238945
v -0.512283 -1.145957 -1.434945
v -0.694783 -1.145957 -1.421954
v -0.696793 -1.145957 -1.429454
v -0.696793 -1.145957 -1.429454
v -0.138273 -1.145957 -1.164166
v -0.322283 -1.145957 -1.212964
v -0.322283 -1.145957 -1.212964
v -0.185392 -1.145957 -1.098640
v -0.185392 -1.145957 -1.098640
v -0.185861 -1.145957 -1.099945
v 0.212439 -1.147957 -0.872534
v 0.212439 -1.147957 -0.872534
v 0.212439 -1.147957 -0.865729
v 0.212439 -1.147957 -0.865729
v 0.221423 -1.147957 -0.871072
v -0.252773 -1.145957 -1.233454
v -0.247283 -1.145957 -1.238945
v -0.185392 -1.147957 -1.098640
v -0.185392 -1.147957 -1.098640
v -0.329783 -1.145957 -1.210954
v 0.512717 -1.147957 -0.624964
v 0.512717 -1.147957 -0.624964
v -0.429783 -1.145957 -1.112954
v -0.216771 -1.145957 -1.091193
v -0.217886 -1.145957 -1.091622
v -0.166488 -1.145957 -1.091307
v -0.164349 -1.145957 -1.090955
v -0.126793 -1.145957 -1.233455
v -0.183898 -1.145957 -1.097396
v -0.182261 -1.145957 -1.096305
v -0.124783 -1.147957 -1.225955
v -0.124783 -1.147957 -1.225955
v -0.126169 -1.147957 -0.948531
v -0.154708 -1.145957 -1.104427
v -0.153099 -1.145957 -1.101354
v 0.817717 -1.147957 -0.624964
v 0.817717 -1.147957 -0.624964
v 0.927217 -1.147957 -0.230955
v 0.927217 -1.147957 -0.230955
v 0.922717 -1.147957 -0.226455
v -0.254407 -1.147957 -0.340617
v -0.233386 -1.147957 -0.233205
v -0.237283 -1.147957 -0.235454
v -0.239783 -1.147957 -0.358954
v -0.246291 -1.147957 -0.357469
v -0.139783 -1.147957 -0.358955
v -0.316792 -1.147957 -0.336455
v -0.316792 -1.147957 -0.336455
v -0.429783 -1.147957 -0.328954
v -0.444783 -1.147957 -0.343954
v -0.479283 -1.147957 -0.230954
v 0.479114 -1.147957 -0.228705
v 0.479717 -1.147957 -0.230955
v 0.708820 -1.147957 -0.228705
v -0.314783 -1.147957 -0.539954
v 0.215721 -1.147957 -1.020955
v 0.215721 -1.147957 -1.020955
v 0.215721 -1.147957 -1.014444
v 0.215721 -1.147957 -1.014444
v -0.247595 -1.147957 -0.990954
v -0.245888 -1.147957 -0.991294
v -0.244935 -1.147957 -0.992104
v -0.221314 -1.147957 -0.980413
v -0.221314 -1.147957 -0.980413
v -0.222292 -1.147957 -0.981347
v -0.243815 -1.147957 -1.018740
v 0.817717 -1.145957 -1.408965
v 0.825217 -1.145957 -1.421955
v -0.155907 -1.147957 -1.015961
v -0.155907 -1.147957 -1.015961
v -0.155410 -1.147957 -1.017142
v -0.252690 -1.147957 -0.976777
v -0.108463 -1.147957 -1.020538
v -0.164227 -1.147957 -1.002621
v -0.250894 -1.147957 -0.995521
v -0.249384 -1.147957 -1.021827
v -0.155338 -1.147957 -1.017864
v -0.155682 -1.147957 -1.019382
v -0.223498 -1.147957 -0.975520
v -0.221870 -1.147957 -0.976365
v -0.004353 -1.147957 -1.011706
v -0.004887 -1.147957 -1.013177
v -0.213116 -1.147957 -1.007639
v -0.176606 -1.147957 -1.014166
v -0.240287 -1.147957 -1.017940
v -0.199327 -1.147957 -1.014756
v 0.187426 -1.147957 -0.843231
v 0.219150 -1.147957 -0.853229
v 0.220217 -1.147957 -0.857534
v 0.190217 -1.147957 -0.843958
v 0.191242 -1.147957 -0.845588
v 0.191675 -1.147957 -0.847482
v 0.202144 -1.147957 -0.843073
v 0.191882 -1.147957 -0.867838
v 0.191882 -1.147957 -0.867838
v 0.192821 -1.147957 -0.867621
v 0.191207 -1.147957 -0.868524
v 0.189922 -1.147957 -0.870538
v 0.221328 -1.147957 -0.940955
v 0.221328 -1.147957 -0.940955
v 0.248464 -1.147957 -0.940955
v 0.317227 -1.147957 -0.939455
v 0.445217 -1.147957 -0.931955
v 0.202230 -1.147957 -0.863326
v 0.197509 -1.147957 -0.859236
v -0.696792 -1.147957 -0.630454
v -0.130894 -1.147957 -0.943923
v -0.130625 -1.147957 -0.942691
v -0.175165 -1.147957 -0.870954
v -0.172355 -1.147957 -0.870902
v -0.216793 -1.147957 -0.869382
v -0.243408 -1.147957 -0.945946
v -0.236276 -1.147957 -0.942170
v -0.113165 -1.147957 -1.012148
v -0.213116 -1.147957 -0.953194
v -0.213116 -1.147957 -0.970138
v -0.501783 -1.147957 -0.378954
v -0.504462 -1.147957 -0.388954
v -0.504462 -1.147957 -0.388954
v -0.871783 -1.147957 -0.398954
v -0.881783 -1.147957 -0.396275
v -0.521783 -1.147957 -0.398954
v 0.504897 -1.147957 -0.278955
v 0.477467 -1.147957 -0.227058
v 0.477467 -1.147957 -0.227058
v 0.475217 -1.147957 -0.226455
v 0.475217 -1.147957 -0.235455
v 0.472967 -1.147957 -0.234852
v 0.472967 -1.147957 -0.234852
v 0.712717 -1.147957 -0.235455
v 0.714967 -1.147957 -0.227058
v 0.714967 -1.147957 -0.227058
v 0.100589 -1.147957 -0.969949
v 0.101328 -1.147957 -0.979965
v 0.049315 -1.147957 -1.018092
v 0.056754 -1.147957 -1.020977
v 0.047509 -1.147957 -1.001007
v 0.050026 -1.147957 -1.005772
v 0.081336 -1.147957 -1.018304
v 0.041704 -1.147957 -1.022045
v 0.038196 -1.147957 -0.992413
v 0.039054 -1.147957 -0.990868
v -0.019974 -1.147957 -1.020312
v -0.047505 -1.147957 -1.018139
v -0.041884 -1.147957 -1.012639
v 0.023909 -1.147957 -1.020892
v -0.059919 -1.147957 -1.016765
v 0.251660 -1.147957 -1.015534
v 0.251660 -1.147957 -1.015534
v -0.091019 -1.147957 -1.011706
v -0.024843 -1.147957 -1.006046
v -0.023463 -1.147957 -1.003316
v -0.008672 -1.147957 -0.979114
v -0.061017 -1.147957 -1.020301
v -0.059783 -1.147957 -1.017864
v -0.094908 -1.147957 -1.014939
v 0.128653 -1.147957 -1.019954
v 0.118863 -1.147957 -1.013281
v -0.329783 -1.147957 -1.338954
v 0.134961 -1.147957 -0.951800
v 0.136259 -1.147957 -0.948298
v 0.087318 -1.145957 -0.790955
v 0.156219 -1.147957 -1.019958
v 0.150217 -1.147957 -1.007812
v 0.150217 -1.147957 -0.970139
v 0.149580 -1.147957 -1.012016
v 0.196103 -1.147957 -1.014392
v 0.190022 -1.147957 -1.008163
v 0.437717 -1.147957 -1.016964
v 0.437717 -1.147957 -1.042945
v 0.252439 -1.147957 -1.017864
v 0.215150 -1.147957 -1.014304
v 0.209106 -1.147957 -1.003958
v -0.429783 -1.147957 -1.338954
v -0.132283 -1.147957 -1.336945
v -0.132283 -1.147957 -1.336945
v 0.520217 -1.147957 -1.436955
v 0.512717 -1.147957 -1.434945
v -0.132283 -1.147957 -1.434945
v -0.239783 -1.147957 -1.436954
v -0.247283 -1.147957 -1.434945
v -0.139783 -1.147957 -1.436955
v -0.429783 -1.147957 -1.436954
v 0.954114 -1.147957 -1.483205
v 0.954114 -1.147957 -1.483205
v 0.021174 -1.147957 -0.855219
v 0.018985 -1.147957 -0.859739
v -0.945283 -1.147957 -1.480954
v 0.620217 -1.147957 -1.534955
v 0.633207 -1.147957 -1.512455
v 0.096958 -1.145957 -0.804427
v -0.314783 -1.147957 -1.519955
v 0.620217 -1.147957 -1.602955
v -0.239783 -1.147957 -1.602955
v -0.139783 -1.147957 -1.602955
v -0.429783 -1.147957 -1.632955
v -0.442773 -1.147957 -1.610455
v -0.437283 -1.147957 -1.434945
v 0.479717 -1.147957 -1.730955
v 0.712717 -1.147957 -1.726455
v 0.712717 -1.147957 -1.726455
v 0.599163 -1.147957 -1.733955
v 0.590967 -1.147957 -1.736151
v 0.590967 -1.147957 -1.736151
v 0.588771 -1.147957 -1.733955
v 0.587967 -1.147957 -1.730955
v 0.588771 -1.147957 -1.727955
v -0.627283 -1.145957 -0.722964
v -0.619783 -1.145957 -0.720954
v 0.593967 -1.147957 -1.724955
v 0.000217 -1.147957 -1.726455
v 0.000217 -1.147957 -1.726455
v 0.004114 -1.147957 -1.733205
v -0.239533 -1.147957 -1.727057
v -0.237283 -1.147957 -1.735455
v 0.954114 -1.147957 -0.483205
v 0.620217 -1.147957 -0.426955
v 0.620217 -1.147957 -0.456955
v 0.633208 -1.147957 -0.434455
v -0.247283 -1.147957 -0.454945
v -0.322283 -1.147957 -0.454945
v -0.329783 -1.147957 -0.456954
v -0.316792 -1.147957 -0.434455
v -0.437283 -1.147957 -0.454945
v -0.429783 -1.147957 -0.456954
v 0.620217 -1.147957 -0.524955
v -0.139783 -1.147957 -0.524954
v -0.139783 -1.147957 -0.554954
v -0.329783 -1.147957 -0.524954
v 0.950217 -1.147957 -0.735455
v 0.950217 -1.147957 -0.735455
v 0.620217 -1.147957 -0.946955
v 0.520217 -1.147957 -0.946955
v 0.635217 -1.147957 -0.931955
v 0.635217 -1.147957 -0.931955
v -0.429783 -1.147957 -0.946954
v -0.322283 -1.147957 -0.944945
v -0.329783 -1.147957 -0.946954
v 0.950217 -1.147957 -0.985455
v 0.627717 -1.147957 -1.042945
v 0.620217 -1.147957 -1.044955
v 0.505217 -1.147957 -1.519955
v 0.454114 -1.147957 -0.978705
v 0.454114 -1.147957 -0.978705
v -0.442773 -1.147957 -1.037454
v -0.442773 -1.147957 -1.037454
v -0.314783 -1.147957 -1.029954
v 0.945717 -1.147957 -1.230955
v 0.945717 -1.147957 -1.230955
v 0.620217 -1.147957 -1.338955
v -0.252773 -1.147957 -1.331455
v -0.139783 -1.147957 -1.308955
v -0.822773 -1.147957 -0.728454
v -0.634783 -1.147957 -0.833954
v -0.634783 -1.147957 -0.833954
v -0.952033 -1.147957 -0.734851
v -0.952033 -1.147957 -0.734851
v -0.619783 -1.147957 -0.750954
v -0.952033 -1.147957 -0.727057
v -0.952033 -1.147957 -0.727057
v -0.442773 -1.147957 -0.630454
v -0.429783 -1.147957 -0.818954
v -0.429783 -1.147957 -0.652954
v -0.314783 -1.147957 -0.637954
v -0.322283 -1.147957 -0.748945
v -0.329783 -1.147957 -0.848954
v -0.442773 -1.147957 -0.743454
v -0.442773 -1.147957 -0.743454
v -0.437283 -1.147957 -0.748945
v -0.252773 -1.147957 -0.645454
v -0.254783 -1.147957 -0.637954
v -0.247283 -1.147957 -0.650945
v -0.247283 -1.147957 -0.650945
v -0.247283 -1.147957 -0.722964
v 0.253208 -1.145957 -0.532455
v 0.253208 -1.145957 -0.532455
v -0.174502 -1.147957 -0.800795
v -0.126792 -1.147957 -0.630455
v -0.139783 -1.147957 -0.750955
v -0.116699 -1.147957 -0.801815
v -0.117890 -1.147957 -0.798298
v -0.148342 -1.147957 -0.799184
v -0.157277 -1.147957 -0.813820
v 0.512717 -1.147957 -1.630945
v -0.191736 -1.147957 -0.792690
v -0.232005 -1.147957 -0.816666
v -0.119713 -1.147957 -0.796676
v -0.122005 -1.147957 -0.789392
v -0.122005 -1.147957 -0.789392
v -0.122005 -1.147957 -0.795798
v -0.122005 -1.147957 -0.795798
v -0.175998 -1.147957 -0.859531
v -0.049783 -1.147957 -0.622955
v 0.063208 -1.147957 -0.645455
v -0.062773 -1.147957 -0.645455
v 0.083551 -1.147957 -0.793871
v 0.069986 -1.147957 -0.795539
v 0.069406 -1.147957 -0.796305
v 0.057717 -1.147957 -0.748945
v 0.050217 -1.147957 -0.750955
v 0.034895 -1.147957 -0.791193
v 0.079644 -1.147957 -0.843663
v 0.090086 -1.147957 -0.804493
v 0.106884 -1.147957 -0.794340
v 0.106884 -1.147957 -0.794340
v 0.033245 -1.147957 -0.795977
v 0.322717 -1.147957 -0.454945
v -0.809783 -1.147957 -0.554954
v -0.619783 -1.147957 -0.524954
v -0.519783 -1.147957 -0.524954
v 0.057717 -1.147957 -0.356945
v 0.057717 -1.147957 -0.356945
v -0.817283 -1.147957 -0.552945
v -0.696792 -1.147957 -0.532454
v -0.062773 -1.147957 -0.351454
v -0.064783 -1.147957 -0.343955
v -0.049783 -1.147957 -0.358955
v 0.057717 -1.147957 -0.330964
v -0.003680 -1.147957 -0.228705
v 0.330217 -1.147957 -0.328955
v 0.430217 -1.147957 -0.328955
v 0.004114 -1.147957 -0.233205
v 0.477467 -1.147957 -0.234852
v 0.477467 -1.147957 -0.234852
v 0.235467 -1.147957 -0.227058
v 0.235467 -1.147957 -0.227058
v 0.237717 -1.147957 -0.226455
v 0.322717 -1.147957 -0.330964
v 0.445217 -1.147957 -0.343955
v 0.240217 -1.147957 -0.358955
v 0.140217 -1.147957 -0.328955
v 0.237717 -1.147957 -0.235455
v 0.233820 -1.147957 -0.228705
v 0.140217 -1.147957 -0.358955
v -0.945886 -1.147957 -0.483204
v -0.619783 -1.147957 -0.456954
v -0.546158 -1.147957 -0.456954
v -0.627283 -1.147957 -0.454945
v -0.627283 -1.147957 -0.454945
v 0.437717 -1.147957 -0.722964
v 0.438628 -1.147957 -0.723534
v 0.330217 -1.147957 -0.652955
v -0.953680 -1.147957 -0.483204
v 0.330217 -1.147957 -0.720955
v 0.430217 -1.147957 -0.652955
v 0.127227 -1.147957 -0.630455
v 0.443208 -1.147957 -0.630455
v 0.140217 -1.147957 -0.622955
v 0.240217 -1.147957 -0.622955
v -0.512283 -1.147957 -0.846945
v -0.519783 -1.147957 -0.848954
v -0.506792 -1.147957 -0.841454
v -0.822773 -1.147957 -0.826454
v -0.694783 -1.147957 -1.225954
v -0.953680 -1.147957 -1.233204
v -0.954283 -1.147957 -1.230954
v -0.954283 -1.147957 -1.230954
v -0.696793 -1.147957 -1.233454
v -0.702283 -1.147957 -1.238945
v -0.702283 -1.147957 -1.238945
v -0.709783 -1.147957 -1.210954
v -0.817283 -1.147957 -1.140945
v -0.809783 -1.147957 -1.142954
v -0.696793 -1.147957 -1.120454
v -0.619783 -1.147957 -1.210954
v -0.822905 -1.147957 -1.218687
v -0.822773 -1.147957 -1.218454
v -0.809783 -1.147957 -1.112954
v -0.709783 -1.147957 -1.112954
v 0.237438 -1.147957 -0.819784
v 0.236919 -1.147957 -0.819843
v 0.238890 -1.147957 -0.819149
v 0.239809 -1.147957 -0.818080
v -0.822773 -1.147957 -1.120454
v -0.817283 -1.147957 -1.114964
v -0.824783 -1.147957 -1.127954
v 0.430217 -1.147957 -0.750955
v 0.232954 -1.147957 -0.792847
v 0.230998 -1.147957 -0.793177
v 0.430217 -1.147957 -0.848955
v 0.330217 -1.147957 -0.848955
v 0.255217 -1.147957 -0.735955
v 0.253208 -1.147957 -0.728455
v -0.694783 -1.145957 -0.833954
v -0.694783 -1.145957 -0.833954
v 0.223759 -1.147957 -0.799982
v 0.220041 -1.147957 -0.797455
v 0.240217 -1.147957 -0.845746
v 0.237578 -1.147957 -0.857802
v 0.229071 -1.147957 -0.824826
v 0.237356 -1.147957 -0.833853
v 0.211328 -1.147957 -0.796041
v 0.211328 -1.147957 -0.796041
v 0.247717 -1.147957 -0.748945
v 0.240217 -1.147957 -0.750955
v 0.128330 -1.147957 -0.798033
v 0.124071 -1.147957 -0.791649
v 0.126042 -1.147957 -0.791074
v 0.160800 -1.147957 -0.791503
v 0.161851 -1.147957 -0.792293
v 0.157613 -1.147957 -0.790955
v 0.159835 -1.147957 -0.797309
v 0.158079 -1.147957 -0.797815
v 0.168550 -1.147957 -0.846788
v 0.169527 -1.147957 -0.844469
v 0.122439 -1.147957 -0.794097
v 0.110379 -1.147957 -0.843913
v -0.442773 -1.145957 -0.841454
v 0.172283 -1.147957 -0.843177
v 0.170450 -1.147957 -0.843657
v 0.127227 -1.147957 -0.743455
v 0.127227 -1.147957 -0.743455
v 0.125217 -1.147957 -0.735955
v -0.506792 -1.147957 -0.939454
v -0.512283 -1.147957 -0.944945
v 0.130217 -1.147957 -0.802031
v 0.130034 -1.147957 -0.800311
v -0.506792 -1.147957 -0.924454
v -0.822773 -1.147957 -0.924454
v -0.824783 -1.147957 -0.931954
v -0.824783 -1.147957 -0.931954
v -0.696792 -1.147957 -0.924454
v -0.696792 -1.147957 -0.939454
v -0.694783 -1.147957 -0.931954
v -0.694783 -1.147957 -0.931954
v -0.702283 -1.147957 -0.944945
v -0.702283 -1.147957 -0.944945
v -0.186486 -1.147957 -0.968519
v -0.209922 -1.147957 -0.940850
v -0.213678 -1.147957 -0.939775
v -0.198550 -1.147957 -0.947397
v -0.107027 -1.147957 -0.942341
v -0.107027 -1.147957 -0.942341
v -0.108537 -1.147957 -0.941423
v -0.190373 -1.147957 -0.957673
v -0.107774 -1.147957 -0.946263
v -0.237717 -1.147957 -0.864166
v 0.124662 -1.147957 -0.863767
v 0.124662 -1.147957 -0.863767
v 0.140217 -1.147957 -0.945798
v 0.140217 -1.147957 -0.945798
v 0.137959 -1.147957 -0.946615
v 0.140217 -1.147957 -0.939392
v 0.140217 -1.147957 -0.939392
v 0.051675 -1.147957 -0.949965
v 0.046729 -1.147957 -0.954693
v 0.056297 -1.147957 -0.947649
v 0.073009 -1.147957 -0.951345
v 0.042524 -1.147957 -0.963214
v 0.041568 -1.147957 -0.964010
v 0.039388 -1.147957 -0.953352
v -0.013166 -1.147957 -0.943699
v -0.013116 -1.147957 -0.944357
v -0.065225 -1.147957 -0.950026
v -0.047202 -1.147957 -0.870892
v -0.005877 -1.147957 -0.947708
v -0.007630 -1.147957 -0.947135
v -0.090894 -1.147957 -0.951562
v -0.090894 -1.147957 -1.010139
v -0.050095 -1.147957 -0.946198
v -0.060309 -1.147957 -0.942232
v -0.048511 -1.147957 -0.863847
v -0.046397 -1.147957 -0.864653
v -0.322283 -1.145957 -0.722964
v -0.321372 -1.145957 -0.723534
v -0.005807 -1.147957 -0.940955
v 0.022908 -1.147957 -0.940955
v 0.021441 -1.147957 -0.950026
v 0.021328 -1.147957 -0.951562
v -0.126792 -1.147957 -0.434455
v 0.022329 -1.147957 -0.948130
v -0.079352 -1.147957 -0.864939
v -0.078724 -1.147957 -0.864653
v 0.026357 -1.147957 -0.942232
v 0.025357 -1.147957 -0.941422
v -0.027734 -1.147957 -0.997448
v -0.027734 -1.147957 -0.997448
v -0.045130 -1.147957 -0.951389
v -0.512283 -1.147957 -1.042945
v -0.817283 -1.147957 -1.016964
v -0.809783 -1.147957 -1.014954
v -0.809783 -1.147957 -1.044954
v -0.822773 -1.147957 -1.022454
v -0.824783 -1.147957 -1.029954
v -0.824783 -1.147957 -1.029954
v -0.947533 -1.147957 -0.977057
v -0.627283 -1.147957 -1.042945
v -0.506793 -1.147957 -1.233454
v -0.504783 -1.147957 -1.225955
v -0.504783 -1.147957 -1.225955
v -0.702283 -1.147957 -1.016964
v -0.696793 -1.147957 -1.022454
v -0.709783 -1.147957 -1.014954
v 0.008091 -1.147957 -1.148348
v -0.252773 -1.147957 -1.233454
v -0.071207 -1.147957 -1.097309
v -0.075057 -1.147957 -1.100795
v -0.072300 -1.147957 -1.163923
v -0.068288 -1.147957 -1.166504
v -0.068116 -1.147957 -1.167500
v -0.068652 -1.147957 -1.169336
v -0.069664 -1.147957 -1.170306
v -0.029598 -1.147957 -1.164929
v -0.031502 -1.147957 -1.162812
v 0.016639 -1.147957 -1.098444
v 0.020229 -1.147957 -1.094280
v -0.029263 -1.147957 -1.096615
v 0.025511 -1.147957 -1.121273
v 0.029245 -1.147957 -1.125468
v 0.026894 -1.147957 -1.090570
v 0.021276 -1.147957 -1.093403
v -0.092292 -1.147957 -1.092691
v -0.068694 -1.147957 -1.092341
v -0.068694 -1.147957 -1.092341
v -0.057833 -1.147957 -1.113820
v -0.017642 -1.147957 -1.162016
v -0.017005 -1.147957 -1.157812
v -0.019025 -1.147957 -1.164120
v -0.101398 -1.147957 -1.170955
v -0.101398 -1.147957 -1.170955
v -0.101450 -1.147957 -1.116868
v -0.116571 -1.147957 -1.090955
v -0.116571 -1.147957 -1.090955
v -0.076554 -1.147957 -1.159531
v -0.083672 -1.147957 -1.108559
v -0.083672 -1.147957 -1.139809
v -0.083672 -1.147957 -1.139809
v -0.084868 -1.147957 -1.102177
v 0.103029 -1.147957 -1.168339
v 0.102995 -1.147957 -1.167864
v 0.055998 -1.147957 -1.097309
v 0.058886 -1.147957 -1.098033
v 0.091841 -1.147957 -1.093458
v 0.049677 -1.147957 -1.139688
v 0.049662 -1.147957 -1.156076
v 0.050369 -1.147957 -1.160314
v 0.053347 -1.147957 -1.092800
v 0.053347 -1.147957 -1.092800
v 0.054627 -1.147957 -1.091649
v 0.105165 -1.147957 -1.097135
v 0.103734 -1.147957 -1.096228
v 0.107337 -1.147957 -1.097949
v 0.103370 -1.147957 -1.092486
v 0.103370 -1.147957 -1.092486
v 0.104247 -1.147957 -1.091589
v 0.102995 -1.147957 -1.093993
v 0.049265 -1.147957 -1.170851
v 0.031228 -1.147957 -1.165623
v 0.031727 -1.147957 -1.166007
v 0.057717 -1.147957 -1.212964
v 0.057717 -1.147957 -1.212964
v 0.063207 -1.147957 -1.218455
v 0.050217 -1.147957 -1.210955
v 0.060773 -1.147957 -1.102031
v 0.060773 -1.147957 -1.170955
v 0.060773 -1.147957 -1.170955
v 0.060589 -1.147957 -1.100311
v 0.054766 -1.147957 -1.170955
v 0.172484 -1.147957 -1.164580
v 0.166745 -1.147957 -1.160069
v 0.162491 -1.147957 -1.167940
v 0.153984 -1.147957 -1.132066
v 0.177057 -1.147957 -1.132066
v 0.134766 -1.147957 -1.098594
v 0.156890 -1.147957 -1.141294
v 0.157843 -1.147957 -1.142104
v 0.825217 -1.147957 -1.323955
v 0.825217 -1.147957 -1.323955
v 0.810217 -1.147957 -1.338955
v 0.810217 -1.147957 -1.142955
v 0.710217 -1.147957 -1.210955
v 0.771217 -1.147957 -1.210955
v 0.823207 -1.147957 -1.218455
v 0.817717 -1.147957 -1.212964
v 0.817717 -1.147957 -1.212964
v 0.710217 -1.147957 -1.112955
v 0.702717 -1.147957 -1.114964
v 0.050217 -1.147957 -1.308955
v 0.063207 -1.147957 -1.316455
v 0.063207 -1.147957 -1.316455
v 0.430217 -1.147957 -1.308955
v -0.064783 -1.147957 -1.323955
v -0.064783 -1.147957 -1.323955
v -0.139783 -1.145957 -0.622954
v 0.255217 -1.147957 -1.323955
v 0.253207 -1.147957 -1.331455
v -0.512283 -1.147957 -1.408964
v 0.125217 -1.147957 -1.323955
v -0.632773 -1.147957 -1.429454
v -0.634783 -1.147957 -1.421954
v -0.634783 -1.147957 -1.421954
v -0.632773 -1.147957 -1.414454
v -0.329783 -1.147957 -1.112954
v -0.429783 -1.147957 -1.142954
v -0.329783 -1.147957 -1.142954
v -0.329783 -1.147957 -1.240955
v -0.442773 -1.147957 -1.233454
v -0.322283 -1.147957 -1.140945
v 0.954114 -1.147957 -0.978705
v 0.952467 -1.147957 -0.977058
v 0.952467 -1.147957 -0.977058
v -0.444783 -1.147957 -1.127954
v -0.442773 -1.147957 -1.135455
v -0.442773 -1.147957 -1.135455
v -0.119516 -1.147957 -1.170769
v -0.121554 -1.147957 -1.170955
v -0.141200 -1.147957 -1.168972
v -0.141450 -1.147957 -1.167743
v -0.064783 -1.147957 -1.617955
v -0.064783 -1.147957 -1.617955
v -0.118160 -1.147957 -1.170262
v -0.126793 -1.147957 -1.218455
v -0.254783 -1.147957 -1.225955
v -0.252773 -1.147957 -1.218455
v -0.184036 -1.147957 -1.110955
v -0.184036 -1.147957 -1.110955
v -0.181989 -1.147957 -1.092358
v -0.172023 -1.147957 -1.143663
v -0.219047 -1.147957 -1.095113
v -0.218422 -1.147957 -1.095977
v -0.219227 -1.147957 -1.094010
v 0.695217 -1.147957 -0.637955
v 0.695217 -1.147957 -0.637955
v 0.695217 -1.147957 -0.931955
v 0.695217 -1.147957 -0.931955
v 0.697227 -1.147957 -0.841455
v 0.702717 -1.147957 -0.748945
v 0.710217 -1.147957 -0.750955
v 0.810217 -1.147957 -0.720955
v 0.823208 -1.147957 -0.728455
v -0.506793 -1.147957 -1.625455
v -0.506793 -1.147957 -1.625455
v -0.504783 -1.147957 -1.617954
v -0.504783 -1.147957 -1.617954
v 0.710217 -1.147957 -0.848955
v -0.696793 -1.147957 -1.610454
v -0.694783 -1.147957 -1.617954
v -0.694783 -1.147957 -1.617954
v -0.696793 -1.147957 -1.625454
v 0.823208 -1.147957 -0.547455
v 0.817717 -1.147957 -0.552945
v -0.709783 -1.147957 -1.602955
v -0.702283 -1.147957 -1.604964
v -0.702283 -1.147957 -1.604964
v 0.317226 -1.147957 -1.625455
v 0.317226 -1.147957 -1.625455
v 0.127227 -1.147957 -1.610455
v 0.253207 -1.147957 -1.610455
v 0.437717 -1.147957 -1.604964
v 0.437717 -1.147957 -1.604964
v 0.445217 -1.147957 -1.617955
v 0.443207 -1.147957 -1.610455
v 0.057717 -1.147957 -1.630945
v 0.057717 -1.147957 -1.630945
v 0.050217 -1.147957 -1.632955
v 0.810217 -1.147957 -1.534955
v -0.062773 -1.147957 -1.625455
v 0.817717 -1.147957 -1.434945
v 0.695217 -1.147957 -1.519955
v 0.825217 -1.147957 -1.617955
v 0.825217 -1.147957 -1.617955
v 0.702717 -1.147957 -1.408965
v 0.710217 -1.147957 -1.406955
v 0.810217 -1.147957 -1.406955
v 0.697227 -1.147957 -1.625455
v 0.695217 -1.147957 -1.617955
v 0.695217 -1.147957 -1.617955
v 0.633207 -1.147957 -1.233455
v 0.620217 -1.147957 -1.112955
v 0.520217 -1.147957 -1.240955
v 0.512717 -1.147957 -1.238945
v 0.702717 -1.147957 -1.016964
v 0.710217 -1.147957 -1.014955
v 0.810217 -1.147957 -1.014955
v 0.817717 -1.147957 -1.016964
v -0.049123 -1.147957 -0.798593
v 0.322717 -1.145957 -0.454945
v 0.015244 -1.147957 -0.791503
v 0.016295 -1.147957 -0.792293
v 0.012057 -1.147957 -0.790955
v 0.022995 -1.147957 -0.846788
v 0.954114 -1.147957 -1.233205
v 0.011033 -1.147957 -0.798767
v -0.078724 -1.147957 -0.797135
v -0.076552 -1.147957 -0.797949
v -0.044227 -1.147957 -0.793993
v -0.021484 -1.147957 -0.791649
v -0.019514 -1.147957 -0.791074
v -0.075998 -1.147957 -0.863177
v 0.015514 -1.147957 -0.796821
v 0.014280 -1.147957 -0.797309
v -0.049783 -1.147957 -0.801562
v -0.049670 -1.147957 -0.800026
v 0.520217 -1.147957 -1.338955
v -0.519783 -1.147957 -0.720954
v -0.512283 -1.147957 -0.722964
v 0.016884 -1.147957 -0.794097
v 0.016818 -1.147957 -0.793383
v 0.208225 -1.145957 -1.159821
v -0.627283 -1.147957 -0.624964
v -0.627283 -1.147957 -0.624964
v -0.619783 -1.147957 -0.622954
v -0.632773 -1.147957 -0.645454
v 0.322717 -1.147957 -0.526964
v 0.330217 -1.147957 -0.524955
v 0.445217 -1.147957 -0.539955
v 0.247717 -1.147957 -0.552945
v 0.127227 -1.147957 -0.547455
v 0.127227 -1.147957 -0.547455
v 0.125217 -1.147957 -0.539955
v 0.057717 -1.147957 -0.552945
v 0.050217 -1.147957 -0.554955
v -0.619783 -1.147957 -0.848954
v -0.627283 -1.147957 -0.846945
v -0.627283 -1.147957 -0.846945
v 0.520217 -1.147957 -0.720955
v 0.633207 -1.147957 -0.645455
v 0.633207 -1.147957 -0.841455
v -0.709783 -1.145957 -0.524954
v 0.505217 -1.147957 -0.735955
v 0.505217 -1.147957 -0.735955
v 0.512717 -1.147957 -0.748945
v 0.507227 -1.147957 -0.826455
v 0.507227 -1.147957 -0.826455
v 0.702717 -1.147957 -0.722964
v 0.702717 -1.147957 -0.722964
v -0.444783 -1.147957 -0.637954
v -0.316792 -1.147957 -0.826454
v -0.316792 -1.147957 -0.826454
v -0.314783 -1.147957 -0.833954
v 0.233820 -1.147957 -0.233205
v 0.233820 -1.147957 -0.233205
v -0.949783 -1.145957 -0.476454
v -0.952033 -1.145957 -0.477057
v -0.952033 -1.145957 -0.477057
v 0.255217 -1.145957 -0.637955
v 0.253208 -1.145957 -0.630455
v 0.253208 -1.145957 -0.630455
v -0.254783 -1.147957 -0.735954
v 0.817717 -1.145957 -0.428964
v 0.817717 -1.145957 -0.428964
v 0.817717 -1.147957 -0.428964
v 0.817717 -1.147957 -0.428964
v 0.317227 -1.147957 -1.414455
v 0.317227 -1.147957 -1.414455
v 0.430217 -1.145957 -1.436955
v 0.317227 -1.147957 -0.434455
v 0.445217 -1.147957 -0.441955
v 0.437717 -1.147957 -0.454945
v -0.546158 -1.145957 -0.268954
v -0.809783 -1.147957 -0.524954
v -0.284783 -1.147957 -1.742954
v -0.490533 -1.147957 -1.742954
v 0.437717 -1.147957 -0.330964
v -0.716180 -1.145957 -1.733204
v 0.322717 -1.147957 -1.506964
v -0.632773 -1.147957 -0.434454
v -0.949783 -1.147957 -0.476454
v -0.316792 -1.145957 -0.924454
v -0.322283 -1.145957 -0.918964
v -0.322283 -1.145957 -0.918964
v -0.437283 -1.145957 -0.944945
v -0.437283 -1.145957 -0.944945
v 0.315217 -1.147957 -0.637955
v 0.317227 -1.147957 -0.630455
v -0.252773 -1.147957 -0.532454
v -0.252773 -1.147957 -0.532454
v 0.152986 -1.145957 -1.121778
v 0.152640 -1.145957 -1.123960
v 0.152640 -1.145957 -1.123960
v -0.822773 -1.147957 -0.939454
v 0.627717 -1.145957 -0.454945
v 0.627717 -1.145957 -0.454945
v -0.252773 -1.147957 -0.434455
v -0.252773 -1.147957 -0.434455
v 0.920467 -1.145957 -0.227058
v 0.920467 -1.145957 -0.227058
v 0.212405 -1.145957 -1.107673
v -0.478680 -1.145957 -1.728705
v -0.478680 -1.145957 -1.728705
v -0.634783 -1.145957 -1.519954
v -0.634783 -1.145957 -1.519954
v 0.204396 -1.147957 -0.798853
v -0.709783 -1.145957 -1.534954
v -0.822773 -1.145957 -1.512454
v -0.822773 -1.145957 -1.512454
v 0.247717 -1.145957 -1.506964
v 0.122819 -1.147957 -0.795677
v -0.809783 -1.145957 -1.504954
v -0.817283 -1.145957 -1.506964
v -0.169279 -1.147957 -1.117621
v -0.169279 -1.147957 -1.117621
v -0.239783 -1.145957 -1.504955
v -0.139783 -1.145957 -1.504955
v -0.437283 -1.145957 -1.532945
v -0.064783 -1.147957 -0.441955
v -0.130408 -1.147957 -0.798298
v 0.031228 -1.145957 -1.165623
v -0.109540 -1.147957 -0.947309
v -0.429783 -1.145957 -1.436954
v -0.329783 -1.145957 -1.436954
v -0.437283 -1.145957 -1.408964
v -0.083672 -1.145957 -1.139809
v -0.083672 -1.145957 -1.139809
v -0.083672 -1.145957 -1.108559
v 0.156493 -1.147957 -0.942305
v -0.247283 -1.145957 -1.336945
v -0.247283 -1.145957 -1.336945
v -0.239783 -1.145957 -1.338954
v -0.101450 -1.145957 -1.170864
v -0.070204 -1.145957 -1.091423
v -0.068797 -1.145957 -1.165588
v -0.101398 -1.145957 -1.170955
v -0.101398 -1.145957 -1.170955
v -0.027005 -1.145957 -1.172535
v -0.027005 -1.145957 -1.172535
v -0.027005 -1.145957 -1.166146
v -0.027005 -1.145957 -1.166146
v -0.092108 -1.147957 -0.947949
v -0.091554 -1.147957 -0.948593
v 0.103370 -1.145957 -1.092486
v 0.103370 -1.145957 -1.092486
v 0.102995 -1.145957 -1.093993
v -0.017092 -1.147957 -0.951441
v 0.103518 -1.145957 -1.165873
v 0.103518 -1.145957 -1.165873
v 0.102995 -1.145957 -1.167864
v 0.247544 -1.145957 -0.948594
v 0.246997 -1.145957 -0.950026
v 0.056328 -1.145957 -1.132291
v 0.056328 -1.145957 -1.132291
v -0.918386 -1.147957 -0.228704
v 0.127227 -1.147957 -1.414455
v 0.127227 -1.147957 -1.414455
v -0.955783 -1.147957 -0.218954
v 0.182161 -1.147957 -1.742955
v 0.445467 -1.147957 -1.742955
v -0.716783 -1.147957 -1.730955
v -0.716783 -1.147957 -1.730955
v -0.716180 -1.147957 -1.728704
v 0.107995 -1.147957 -0.218955
v -0.961783 -1.145957 -1.456704
v -0.961783 -1.145957 -1.089617
v -0.958783 -1.147957 -1.742150
v -0.958783 -1.147957 -1.742150
v 0.962217 -1.147957 -0.588955
v 0.956217 -1.147957 -1.742955
v 0.962217 -1.147957 -1.568955
v 0.962217 -1.147957 -1.218705
v -0.960979 -1.147957 -1.739954
v 0.144662 -1.147957 -0.939392
v 0.144662 -1.147957 -0.939392
v -0.140473 -1.147957 -1.165477
v -0.141162 -1.147957 -1.166276
v 0.918820 -1.147957 -1.733205
v 0.322717 -1.145957 -1.336945
v 0.322717 -1.145957 -1.336945
v -0.032350 -1.147957 -1.160384
v 0.035771 -1.147957 -1.128544
v -0.032561 -1.147957 -1.157812
v -0.619783 -1.145957 -1.406954
v -0.027967 -1.147957 -1.089484
v -0.027005 -1.147957 -1.089392
v -0.027005 -1.147957 -1.089392
v 0.233820 -1.145957 -1.728705
v 0.233820 -1.145957 -1.728705
v 0.477467 -1.147957 -1.734852
v 0.477467 -1.147957 -1.734852
v -0.057283 -1.147957 -1.212964
v -0.057283 -1.147957 -1.212964
v -0.049783 -1.147957 -1.210955
v -0.504783 -1.145957 -1.421955
v -0.506793 -1.145957 -1.414454
v -0.506793 -1.145957 -1.414454
v -0.442773 -1.145957 -1.135455
v -0.442773 -1.145957 -1.135455
v 0.157543 -1.147957 -1.170590
v 0.031310 -1.147957 -1.089897
v 0.033168 -1.147957 -1.089844
v -0.504783 -1.145957 -1.127954
v -0.504783 -1.145957 -1.127954
v 0.322717 -1.147957 -1.140945
v 0.330217 -1.147957 -1.142955
v 0.152986 -1.147957 -1.121778
v 0.152640 -1.147957 -1.123960
v 0.152640 -1.147957 -1.123960
v 0.445217 -1.147957 -1.225955
v 0.443207 -1.147957 -1.233455
v 0.443207 -1.147957 -1.218455
v 0.825217 -1.147957 -1.127955
v -0.062773 -1.147957 -1.316455
v -0.506793 -1.147957 -1.414454
v -0.506793 -1.147957 -1.414454
v -0.247283 -1.147957 -1.532945
v -0.696793 -1.145957 -1.022454
v -0.694783 -1.145957 -1.029954
v -0.694783 -1.145957 -1.029954
v -0.519783 -1.145957 -1.044954
v 0.060773 -1.145957 -1.170955
v 0.060773 -1.145957 -1.170955
v -0.949783 -1.145957 -1.226454
v -0.949783 -1.145957 -1.226454
v -0.121376 -1.147957 -1.163526
v -0.117573 -1.147957 -1.165961
v -0.117573 -1.147957 -1.165961
v -0.952033 -1.145957 -1.227057
v -0.546158 -1.145957 -1.112954
v 0.160800 -1.145957 -0.791503
v 0.157613 -1.145957 -0.790955
v -0.181494 -1.147957 -1.093594
v 0.129280 -1.145957 -0.798767
v 0.823207 -1.147957 -0.939455
v 0.817717 -1.147957 -0.820964
v 0.817717 -1.147957 -0.820964
v 0.810217 -1.147957 -0.818955
v 0.162073 -1.147957 -0.795748
v 0.162073 -1.147957 -0.795748
v 0.697227 -1.147957 -0.826455
v 0.237356 -1.145957 -0.833853
v 0.437717 -1.145957 -0.820964
v 0.437717 -1.145957 -0.820964
v 0.430217 -1.145957 -0.818955
v 0.255217 -1.147957 -1.617955
v 0.507227 -1.145957 -1.037455
v 0.507227 -1.145957 -1.037455
v 0.452467 -1.145957 -0.984852
v 0.452467 -1.145957 -0.984852
v 0.446320 -1.145957 -0.983205
v 0.446320 -1.145957 -0.983205
v 0.445717 -1.145957 -0.980955
v 0.710217 -1.147957 -0.524955
v 0.954717 -1.145957 -0.980955
v 0.954717 -1.145957 -0.980955
v 0.505217 -1.147957 -1.029955
v 0.505217 -1.147957 -1.029955
v 0.945717 -1.145957 -0.980955
v 0.945717 -1.145957 -0.980955
v 0.446320 -1.147957 -0.983205
v 0.446320 -1.147957 -0.983205
v 0.507227 -1.145957 -0.826455
v 0.507227 -1.145957 -0.826455
v -0.329783 -1.145957 -1.044954
v -0.454283 -1.145957 -0.980954
v -0.447533 -1.145957 -0.977057
v 0.452467 -1.145957 -0.977058
v 0.633207 -1.145957 -1.037455
v -0.437283 -1.145957 -1.042945
v -0.429783 -1.145957 -1.044954
v -0.429783 -1.145957 -0.946954
v -0.437283 -1.145957 -0.918964
v -0.437283 -1.145957 -0.918964
v -0.442773 -1.145957 -0.924454
v -0.314783 -1.145957 -0.931954
v -0.437283 -1.147957 -0.918964
v -0.437283 -1.147957 -0.918964
v 0.633207 -1.145957 -0.939455
v 0.512717 -1.145957 -0.552945
v 0.520217 -1.145957 -0.554955
v 0.950217 -1.145957 -0.735455
v 0.950217 -1.145957 -0.735455
v 0.627717 -1.145957 -0.526964
v 0.627717 -1.145957 -0.526964
v 0.946320 -1.145957 -0.728705
v 0.952467 -1.145957 -0.734852
v 0.952467 -1.145957 -0.734852
v -0.437283 -1.145957 -0.552945
v -0.429783 -1.145957 -0.554954
v -0.329783 -1.145957 -0.554954
v -0.254783 -1.145957 -0.539954
v 0.507227 -1.145957 -0.434455
v 0.633208 -1.145957 -0.449455
v 0.620217 -1.145957 -0.456955
v 0.507227 -1.145957 -0.449455
v 0.507227 -1.145957 -0.449455
v 0.507227 -1.147957 -0.449455
v 0.507227 -1.147957 -0.449455
v -0.139783 -1.145957 -0.426955
v 0.946320 -1.145957 -0.478705
v 0.946320 -1.145957 -0.478705
v 0.505217 -1.145957 -0.441955
v 0.505217 -1.145957 -0.441955
v 0.927217 -1.145957 -0.230955
v 0.927217 -1.145957 -0.230955
v 0.926614 -1.145957 -0.228705
v -0.239783 -1.145957 -0.426955
v -0.247283 -1.145957 -0.428964
v -0.247283 -1.145957 -0.428964
v -0.316792 -1.147957 -0.449454
v -0.316792 -1.147957 -0.449454
v 0.132717 -1.147957 -1.434945
v -0.429783 -1.145957 -0.426955
v -0.124783 -1.145957 -0.343955
v -0.124783 -1.145957 -0.343955
v -0.241180 -1.145957 -0.233204
v -0.132283 -1.145957 -0.330964
v -0.139783 -1.145957 -0.328955
v 0.918820 -1.145957 -0.228705
v 0.918217 -1.145957 -0.230955
v 0.918217 -1.145957 -0.230955
v -0.246291 -1.145957 -0.357469
v -0.233386 -1.145957 -1.728705
v -0.233386 -1.145957 -1.728705
v -0.470886 -1.145957 -1.733205
v -0.003680 -1.145957 -1.733205
v -0.002033 -1.145957 -1.734852
v -0.002033 -1.145957 -1.734852
v -0.472533 -1.147957 -1.734852
v -0.472533 -1.147957 -1.734852
v -0.254783 -1.145957 -1.617954
v -0.239783 -1.145957 -1.602955
v 0.520217 -1.145957 -1.602955
v 0.635217 -1.145957 -1.617955
v 0.635217 -1.145957 -1.617955
v -0.322283 -1.147957 -1.604964
v -0.322283 -1.147957 -1.604964
v 0.507227 -1.145957 -1.527455
v 0.507227 -1.145957 -1.527455
v 0.505217 -1.145957 -1.519955
v 0.627717 -1.145957 -1.532945
v 0.627717 -1.145957 -1.532945
v 0.633207 -1.145957 -1.527455
v 0.620217 -1.145957 -1.534955
v -0.437283 -1.145957 -1.630945
v -0.437283 -1.145957 -1.630945
v 0.507227 -1.147957 -1.527455
v 0.507227 -1.147957 -1.527455
v -0.316793 -1.145957 -1.610455
v -0.314783 -1.145957 -1.519955
v -0.247283 -1.145957 -1.506964
v -0.945283 -1.145957 -1.480954
v -0.953680 -1.145957 -1.478704
v -0.953680 -1.145957 -1.478704
v -0.953680 -1.147957 -1.478704
v -0.953680 -1.147957 -1.478704
v 0.520217 -1.145957 -1.436955
v 0.950217 -1.145957 -1.485455
v 0.950217 -1.145957 -1.485455
v -0.945886 -1.147957 -1.483204
v -0.945886 -1.147957 -1.483204
v 0.947967 -1.145957 -1.477058
v 0.952467 -1.145957 -1.484852
v -0.954283 -1.145957 -1.480954
v -0.126793 -1.145957 -1.429455
v -0.126793 -1.145957 -1.429455
v -0.442773 -1.145957 -1.414454
v -0.442773 -1.145957 -1.414454
v 0.620217 -1.145957 -1.436955
v -0.190373 -1.145957 -0.957673
v -0.186486 -1.145957 -0.968519
v -0.139783 -1.145957 -1.338955
v -0.247283 -1.147957 -1.336945
v -0.247283 -1.147957 -1.336945
v 0.633207 -1.145957 -1.331455
v 0.954114 -1.145957 -1.228705
v 0.954114 -1.145957 -1.228705
v -0.442773 -1.145957 -1.316455
v -0.442773 -1.145957 -1.316455
v -0.442773 -1.147957 -1.316455
v -0.442773 -1.147957 -1.316455
v -0.429783 -1.145957 -1.308954
v -0.444783 -1.145957 -1.323955
v -0.437283 -1.145957 -1.310964
v -0.437283 -1.145957 -1.310964
v 0.710217 -1.147957 -0.426955
v 0.065217 -1.147957 -1.421955
v 0.057717 -1.147957 -1.434945
v 0.247717 -1.147957 -1.434945
v 0.315217 -1.147957 -1.421955
v 0.253207 -1.147957 -1.414455
v 0.253207 -1.147957 -1.414455
v 0.430217 -1.147957 -1.436955
v 0.710217 -1.147957 -0.456955
v 0.240217 -1.147957 -1.436955
v 0.140217 -1.147957 -1.436955
v -0.926783 -1.147957 -0.230954
v -0.926783 -1.147957 -0.230954
v -0.922283 -1.147957 -1.735454
v -0.707783 -1.147957 -1.730955
v -0.707783 -1.147957 -1.730955
v 0.924967 -1.147957 -1.734852
v 0.924967 -1.147957 -1.734852
v 0.918820 -1.147957 -1.728705
v 0.918820 -1.147957 -1.728705
v -0.714533 -1.147957 -1.727057
v -0.712283 -1.147957 -1.735454
v -0.708386 -1.147957 -1.733204
v 0.702717 -1.147957 -1.042945
v 0.710217 -1.147957 -1.044955
v -0.822773 -1.147957 -1.429454
v -0.822773 -1.147957 -1.429454
v 0.918217 -1.147957 -1.730955
v 0.918217 -1.147957 -1.730955
v 0.073550 -1.147957 -0.954184
v 0.106884 -1.147957 -0.980868
v -0.824783 -1.147957 -1.421954
v -0.076918 -1.145957 -0.870955
v 0.710467 -1.145957 -1.727058
v 0.708820 -1.145957 -1.728705
v 0.708820 -1.147957 -1.733205
v -0.003680 -1.147957 -1.733205
v 0.712717 -1.145957 -1.726455
v 0.712717 -1.145957 -1.726455
v 0.714967 -1.145957 -1.727058
v 0.712717 -1.145957 -1.735455
v -0.004283 -1.147957 -1.730955
v 0.470717 -1.145957 -1.730955
v 0.470717 -1.145957 -1.730955
v 0.471320 -1.145957 -1.733205
v 0.239967 -1.147957 -1.734852
v 0.239967 -1.147957 -1.734852
v 0.138882 -1.147957 -1.165534
v 0.138882 -1.147957 -1.165534
v 0.137491 -1.147957 -1.164652
v 0.176207 -1.147957 -1.098646
v 0.134106 -1.147957 -1.101562
v 0.134219 -1.147957 -1.100026
v 0.175424 -1.147957 -1.100899
v 0.175217 -1.147957 -1.120764
v 0.178250 -1.147957 -1.089472
v 0.181884 -1.147957 -1.128854
v 0.156401 -1.147957 -1.171669
v 0.240217 -1.147957 -1.240955
v 0.140217 -1.147957 -1.240955
v 0.180200 -1.147957 -1.089392
v 0.180200 -1.147957 -1.089392
v 0.140217 -1.147957 -1.210955
v 0.181691 -1.147957 -1.127547
v -0.632773 -1.147957 -1.331454
v -0.822773 -1.147957 -1.316454
v -0.512283 -1.147957 -1.336945
v -0.512283 -1.147957 -1.336945
v -0.033789 -1.147957 -0.843265
v -0.546158 -1.147957 -1.308954
v -0.007630 -1.145957 -0.947135
v -0.709783 -1.147957 -1.338954
v 0.194978 -1.147957 -1.170077
v 0.213467 -1.147957 -1.150970
v 0.253207 -1.147957 -1.218455
v 0.253339 -1.147957 -1.218688
v 0.430217 -1.147957 -1.142955
v 0.255217 -1.147957 -1.225955
v -0.029227 -1.147957 -0.846788
v -0.027406 -1.147957 -0.855219
v 0.187515 -1.147957 -1.089507
v 0.437717 -1.147957 -1.114964
v 0.330217 -1.147957 -1.240955
v 0.253207 -1.147957 -1.233455
v 0.253207 -1.147957 -1.233455
v 0.247717 -1.147957 -1.238945
v -0.632773 -1.147957 -1.527454
v -0.619783 -1.147957 -1.504954
v -0.546158 -1.147957 -1.504955
v -0.817283 -1.147957 -1.532945
v 0.437717 -1.147957 -1.532945
v 0.253207 -1.147957 -1.527455
v 0.253207 -1.147957 -1.527455
v 0.247717 -1.147957 -1.532945
v 0.255217 -1.147957 -1.519955
v -0.627283 -1.147957 -1.506964
v 0.140217 -1.147957 -1.534955
v 0.240217 -1.147957 -1.534955
v 0.057717 -1.147957 -1.506964
v 0.050217 -1.147957 -1.504955
v -0.945886 -1.145957 -0.983204
v -0.945886 -1.145957 -0.983204
v -0.702283 -1.145957 -1.016964
v -0.945283 -1.145957 -0.980954
v -0.945283 -1.145957 -0.980954
v -0.954283 -1.145957 -0.980954
v -0.954283 -1.145957 -0.980954
v -0.627283 -1.145957 -1.042945
v -0.519783 -1.145957 -1.142954
v -0.947533 -1.145957 -1.227057
v -0.512283 -1.145957 -1.042945
v -0.519783 -1.145957 -1.240955
v -0.953680 -1.145957 -1.228704
v -0.953680 -1.145957 -1.228704
v -0.817283 -1.145957 -1.114964
v -0.632905 -1.145957 -1.218687
v -0.634783 -1.145957 -1.225954
v -0.817283 -1.145957 -1.140945
v -0.632773 -1.145957 -1.233454
v 0.026728 -1.147957 -0.843177
v -0.954283 -1.145957 -1.230954
v -0.954283 -1.145957 -1.230954
v -0.506792 -1.145957 -1.120454
v -0.702283 -1.145957 -1.140945
v -0.696793 -1.145957 -1.120454
v -0.702283 -1.145957 -1.114964
v -0.015338 -1.147957 -0.802031
v 0.118149 -1.145957 -0.855219
v 0.109491 -1.145957 -0.845006
v 0.109106 -1.145957 -0.846823
v 0.162373 -1.145957 -0.793383
v 0.161851 -1.145957 -0.792293
v 0.162439 -1.145957 -0.794097
v 0.128330 -1.145957 -0.798033
v 0.125443 -1.145957 -0.797309
v 0.202304 -1.145957 -0.809285
v 0.204887 -1.145957 -0.812344
v 0.240142 -1.145957 -0.793978
v 0.239536 -1.145957 -0.792228
v 0.056328 -1.147957 -1.132291
v 0.056328 -1.147957 -1.132291
v 0.056328 -1.147957 -1.126059
v 0.056328 -1.147957 -1.126059
v 0.132717 -1.145957 -0.748945
v 0.140217 -1.145957 -0.750955
v 0.175714 -1.145957 -0.846119
v 0.175166 -1.145957 -0.844642
v 0.229885 -1.145957 -0.807482
v 0.234634 -1.145957 -0.818815
v 0.233456 -1.145957 -0.863912
v 0.443208 -1.145957 -0.826455
v 0.443208 -1.145957 -0.826455
v 0.240217 -1.145957 -0.750955
v 0.247717 -1.145957 -0.748945
v -0.809783 -1.145957 -0.946954
v -0.129818 -1.145957 -0.941718
v -0.129818 -1.145957 -0.941718
v -0.130625 -1.145957 -0.942691
v -0.127995 -1.145957 -0.941076
v -0.130529 -1.147957 -0.945452
v -0.130529 -1.147957 -0.945452
v -0.506792 -1.147957 -0.630454
v -0.115131 -1.145957 -0.955630
v -0.240645 -1.145957 -0.868972
v -0.129818 -1.147957 -0.941718
v -0.129818 -1.147957 -0.941718
v -0.130894 -1.145957 -0.943923
v -0.512283 -1.147957 -0.650945
v -0.216793 -1.145957 -0.869382
v -0.217561 -1.145957 -0.939392
v -0.217561 -1.145957 -0.939392
v -0.130946 -1.145957 -0.862812
v -0.229541 -1.145957 -0.940205
v -0.106532 -1.145957 -0.943298
v -0.106450 -1.145957 -0.943993
v -0.107027 -1.145957 -0.942341
v -0.107027 -1.145957 -0.942341
v -0.217561 -1.145957 -0.945972
v -0.217561 -1.145957 -0.945972
v -0.222578 -1.147957 -0.946007
v -0.222578 -1.147957 -0.946007
v -0.198550 -1.145957 -0.947397
v 0.140217 -1.145957 -0.945798
v 0.140217 -1.145957 -0.945798
v -0.213116 -1.145957 -1.007639
v -0.213302 -1.145957 -0.950720
v -0.107774 -1.145957 -0.946263
v -0.106793 -1.145957 -0.945341
v -0.106793 -1.145957 -0.945341
v 0.051675 -1.145957 -0.949965
v 0.155773 -1.145957 -0.870955
v 0.155773 -1.145957 -0.870955
v 0.036884 -1.145957 -0.960590
v 0.036884 -1.145957 -0.960590
v 0.037391 -1.145957 -0.962620
v 0.038537 -1.147957 -0.963833
v 0.038537 -1.147957 -0.963833
v -0.090894 -1.145957 -0.951562
v -0.008991 -1.145957 -0.946323
v -0.009614 -1.145957 -0.945216
v 0.096914 -1.145957 -0.957709
v 0.086519 -1.145957 -0.945277
v 0.100589 -1.145957 -0.969949
v -0.061953 -1.145957 -0.947135
v 0.025357 -1.145957 -0.941422
v -0.017092 -1.145957 -0.951441
v -0.017372 -1.145957 -0.950514
v 0.022908 -1.145957 -0.940955
v -0.059783 -1.145957 -0.943993
v -0.059826 -1.145957 -0.943457
v -0.036450 -1.147957 -0.870955
v -0.036450 -1.147957 -0.870955
v -0.095198 -1.145957 -0.941589
v -0.045007 -1.145957 -0.865534
v -0.045007 -1.145957 -0.865534
v -0.045007 -1.147957 -0.865534
v -0.045007 -1.147957 -0.865534
v -0.045130 -1.145957 -0.951389
v -0.027734 -1.145957 -0.997448
v -0.027734 -1.145957 -0.997448
v 0.030217 -1.145957 -0.870955
v 0.030217 -1.145957 -0.870955
v -0.050723 -1.145957 -0.945208
v -0.046397 -1.145957 -0.864653
v -0.044363 -1.145957 -0.866765
v 0.024714 -1.145957 -0.947135
v 0.025904 -1.145957 -0.946466
v 0.430217 -1.145957 -1.014955
v 0.215721 -1.145957 -1.020955
v 0.215721 -1.145957 -1.020955
v 0.134872 -1.145957 -1.010384
v 0.251660 -1.145957 -1.015534
v 0.251660 -1.145957 -1.015534
v 0.065217 -1.147957 -0.539955
v 0.065217 -1.147957 -0.539955
v 0.430217 -1.145957 -1.044955
v 0.437717 -1.145957 -1.042945
v 0.108425 -1.145957 -1.161706
v 0.443207 -1.145957 -1.037455
v 0.443207 -1.145957 -1.037455
v -0.245888 -1.145957 -0.991294
v -0.244935 -1.145957 -0.992104
v -0.156494 -1.145957 -1.020261
v -0.240287 -1.145957 -1.017940
v -0.250267 -1.145957 -0.992408
v -0.250267 -1.145957 -0.992408
v -0.226111 -1.145957 -0.974762
v -0.226111 -1.145957 -0.974762
v -0.226745 -1.145957 -0.974097
v -0.179534 -1.145957 -1.018972
v -0.107997 -1.145957 -1.020306
v -0.178806 -1.145957 -1.015477
v -0.202769 -1.145957 -1.017326
v -0.252690 -1.145957 -0.976777
v -0.213879 -1.145957 -1.012074
v -0.215555 -1.145957 -1.014450
v -0.252619 -1.145957 -0.980824
v -0.222292 -1.145957 -0.981347
v -0.221314 -1.145957 -0.980413
v -0.221314 -1.145957 -0.980413
v -0.223290 -1.145957 -0.981766
v 0.212439 -1.145957 -0.865729
v 0.212439 -1.145957 -0.865729
v 0.184662 -1.145957 -0.867153
v 0.217874 -1.145957 -0.863012
v 0.229644 -1.145957 -0.867205
v 0.191882 -1.145957 -0.867838
v 0.191882 -1.145957 -0.867838
v 0.247885 -1.145957 -0.948130
v 0.192821 -1.145957 -0.867621
v 0.191207 -1.145957 -0.868524
v 0.512717 -1.147957 -0.650945
v 0.520217 -1.147957 -0.652955
v 0.193801 -1.145957 -0.867796
v 0.201146 -1.145957 -0.870934
v 0.209312 -1.145957 -0.953752
v 0.210634 -1.145957 -0.950069
v 0.620217 -1.147957 -0.720955
v 0.252034 -1.145957 -0.945758
v 0.252439 -1.145957 -0.943993
v 0.187665 -1.145957 -0.872066
v 0.188067 -1.145957 -0.872030
v 0.188996 -1.145957 -0.871614
v 0.189922 -1.145957 -0.870538
v -0.470885 -1.145957 -0.228704
v -0.442773 -1.145957 -0.336454
v -0.442773 -1.145957 -0.336454
v -0.474783 -1.145957 -0.235454
v -0.472533 -1.145957 -0.234852
v -0.472533 -1.145957 -0.234852
v -0.444783 -1.145957 -0.343954
v -0.470283 -1.147957 -0.230954
v -0.470283 -1.147957 -0.230954
v 0.508075 -1.145957 -0.393097
v -0.504462 -1.145957 -0.278954
v -0.511783 -1.145957 -0.396275
v -0.504462 -1.145957 -0.388954
v -0.504462 -1.145957 -0.388954
v -0.891783 -1.145957 -0.288954
v 0.633207 -1.147957 -0.728455
v -0.521783 -1.145957 -0.398954
v 0.882217 -1.147957 -0.271634
v 0.882217 -1.147957 -0.271634
v 0.714967 -1.145957 -0.227058
v 0.714967 -1.145957 -0.227058
v 0.475217 -1.145957 -0.235455
v 0.472967 -1.145957 -0.234852
v 0.472967 -1.145957 -0.234852
v 0.712717 -1.145957 -0.235455
v 0.712717 -1.145957 -0.226455
v 0.708820 -1.145957 -0.228705
v 0.708217 -1.145957 -0.230955
v 0.708217 -1.145957 -0.230955
v 0.081336 -1.145957 -1.018304
v 0.091884 -1.145957 -1.009548
v 0.106884 -1.145957 -0.980868
v 0.044696 -1.145957 -1.019184
v 0.045768 -1.145957 -1.018034
v 0.045768 -1.145957 -1.018034
v 0.049315 -1.145957 -1.018092
v 0.047283 -1.145957 -1.017621
v 0.066884 -1.147957 -1.022534
v 0.066884 -1.147957 -1.022534
v -0.059919 -1.145957 -1.016765
v 0.045113 -1.145957 -0.993715
v 0.022600 -1.145957 -1.013847
v 0.021988 -1.145957 -1.013177
v -0.024843 -1.145957 -1.006046
v -0.047505 -1.145957 -1.018139
v 0.021439 -1.145957 -1.011709
v 0.021328 -1.145957 -1.010139
v -0.095925 -1.145957 -1.019637
v -0.094927 -1.145957 -1.020457
v -0.091554 -1.145957 -1.013177
v -0.091876 -1.145957 -1.013621
v -0.096415 -1.145957 -1.018339
v 0.180200 -1.145957 -1.089392
v 0.180200 -1.145957 -1.089392
v 0.140217 -1.145957 -1.016146
v 0.140217 -1.145957 -1.016146
v 0.137625 -1.145957 -1.014929
v -0.022561 -1.145957 -1.095798
v -0.022561 -1.145957 -1.095798
v -0.094908 -1.145957 -1.014939
v -0.092786 -1.145957 -1.014105
v 0.512717 -1.145957 -0.650945
v -0.249384 -1.145957 -1.021827
v 0.620217 -1.145957 -0.720955
v 0.825217 -1.145957 -0.931955
v 0.825217 -1.145957 -0.931955
v 0.710217 -1.145957 -0.818955
v 0.702717 -1.145957 -0.624964
v 0.702717 -1.145957 -0.624964
v 0.810217 -1.145957 -0.652955
v 0.817717 -1.145957 -0.650945
v 0.817717 -1.145957 -0.650945
v 0.695217 -1.145957 -0.931955
v 0.695217 -1.145957 -0.931955
v 0.697227 -1.145957 -0.630455
v 0.702717 -1.145957 -0.722964
v 0.702717 -1.145957 -0.722964
v -0.694783 -1.145957 -1.617954
v -0.694783 -1.145957 -1.617954
v -0.506793 -1.145957 -1.610455
v -0.512283 -1.145957 -1.604964
v -0.512283 -1.145957 -1.604964
v -0.824783 -1.147957 -1.617954
v -0.824783 -1.147957 -1.617954
v -0.504783 -1.145957 -1.617954
v -0.504783 -1.145957 -1.617954
v -0.822773 -1.145957 -1.625454
v -0.696793 -1.145957 -1.610454
v 0.140217 -1.145957 -1.602955
v 0.823208 -1.145957 -0.532455
v 0.810217 -1.145957 -0.554955
v 0.817717 -1.145957 -0.552945
v 0.710217 -1.145957 -0.554955
v 0.697227 -1.145957 -0.547455
v -0.049783 -1.145957 -1.602955
v -0.057283 -1.145957 -1.604964
v -0.057283 -1.145957 -1.604964
v 0.322717 -1.145957 -1.604964
v 0.322717 -1.145957 -1.604964
v 0.695217 -1.145957 -1.421955
v 0.697227 -1.145957 -1.429455
v 0.697227 -1.145957 -1.429455
v 0.697227 -1.147957 -1.512455
v 0.697227 -1.147957 -1.512455
v 0.710217 -1.145957 -1.504955
v 0.710217 -1.145957 -1.534955
v 0.702717 -1.147957 -1.604964
v 0.702717 -1.147957 -1.604964
v 0.507227 -1.145957 -1.233455
v 0.825217 -1.145957 -1.617955
v 0.825217 -1.145957 -1.617955
v 0.505217 -1.147957 -1.225955
v 0.505217 -1.147957 -1.225955
v 0.697227 -1.145957 -1.610455
v 0.695217 -1.145957 -1.617955
v 0.695217 -1.145957 -1.617955
v 0.810217 -1.145957 -1.406955
v -0.091353 -1.145957 -0.848348
v -0.023116 -1.145957 -0.794097
v 0.011033 -1.145957 -0.798767
v -0.077942 -1.145957 -0.791021
v -0.080894 -1.145957 -0.793993
v -0.080746 -1.145957 -0.795121
v 0.016818 -1.145957 -0.793383
v 0.016295 -1.145957 -0.792293
v 0.085179 -1.145957 -0.791307
v 0.066275 -1.145957 -0.798640
v 0.066275 -1.145957 -0.798640
v 0.067769 -1.145957 -0.797395
v 0.069406 -1.145957 -0.796305
v 0.065806 -1.145957 -0.799945
v 0.036499 -1.145957 -0.797748
v 0.106412 -1.145957 -0.792658
v 0.106412 -1.145957 -0.792658
v 0.069262 -1.145957 -0.817621
v 0.069262 -1.145957 -0.817621
v 0.082387 -1.145957 -0.817621
v 0.082387 -1.145957 -0.817621
v 0.050217 -1.145957 -0.720955
v 0.069262 -1.147957 -0.817621
v 0.069262 -1.147957 -0.817621
v -0.809783 -1.145957 -0.622954
v 0.057717 -1.147957 -0.624964
v 0.057717 -1.147957 -0.624964
v -0.817283 -1.145957 -0.624964
v -0.817283 -1.145957 -0.624964
v -0.822773 -1.145957 -0.630454
v 0.050217 -1.145957 -0.622955
v 0.127227 -1.145957 -0.547455
v 0.127227 -1.145957 -0.547455
v 0.125217 -1.145957 -0.539955
v -0.512283 -1.145957 -0.624964
v -0.512283 -1.145957 -0.624964
v -0.632773 -1.145957 -0.630454
v -0.064783 -1.145957 -0.539955
v 0.330217 -1.145957 -0.524955
v 0.322717 -1.145957 -0.526964
v -0.062773 -1.147957 -0.532454
v -0.062773 -1.147957 -0.532454
v 0.240217 -1.145957 -0.554955
v 0.247717 -1.145957 -0.552945
v 0.430217 -1.145957 -0.554955
v 0.627717 -1.145957 -0.846945
v 0.627717 -1.145957 -0.846945
v 0.633207 -1.145957 -0.841455
v 0.620217 -1.145957 -0.848955
v 0.627717 -1.145957 -0.748945
v 0.627717 -1.145957 -0.748945
v -0.822773 -1.145957 -0.728454
v -0.817283 -1.145957 -0.748945
v -0.809783 -1.145957 -0.750954
v 0.443208 -1.145957 -0.630455
v -0.696792 -1.145957 -0.826454
v -0.952033 -1.145957 -0.734851
v -0.952033 -1.145957 -0.734851
v -0.822773 -1.145957 -0.841454
v -0.817283 -1.145957 -0.846945
v -0.817283 -1.145957 -0.846945
v -0.632773 -1.145957 -0.841454
v -0.329783 -1.145957 -0.750954
v -0.442773 -1.145957 -0.743454
v -0.442773 -1.145957 -0.743454
v -0.546158 -1.145957 -0.818954
v -0.949783 -1.145957 -0.726454
v -0.949783 -1.145957 -0.726454
v -0.952033 -1.145957 -0.727057
v -0.952033 -1.145957 -0.727057
v -0.442773 -1.145957 -0.728454
v -0.444783 -1.145957 -0.637954
v -0.316792 -1.145957 -0.728454
v -0.329783 -1.145957 -0.720954
v -0.322283 -1.145957 -0.748945
v -0.322283 -1.145957 -0.820964
v -0.322283 -1.145957 -0.820964
v -0.191736 -1.145957 -0.792690
v -0.192005 -1.145957 -0.793923
v -0.189106 -1.145957 -0.791076
v -0.168138 -1.145957 -0.792341
v -0.168138 -1.145957 -0.792341
v -0.234998 -1.145957 -0.862086
v -0.237717 -1.145957 -0.864166
v -0.176242 -1.145957 -0.805630
v -0.174502 -1.145957 -0.800795
v -0.116699 -1.145957 -0.801815
v -0.239783 -1.145957 -0.622954
v -0.147804 -1.145957 -0.863281
v -0.119713 -1.145957 -0.796676
v -0.117890 -1.145957 -0.798298
v -0.122005 -1.145957 -0.795798
v -0.122005 -1.145957 -0.795798
v -0.032960 -1.145957 -0.843177
v -0.033789 -1.145957 -0.843265
v -0.049783 -1.145957 -0.652955
v -0.062773 -1.145957 -0.630455
v -0.057283 -1.145957 -0.428964
v -0.057283 -1.145957 -0.428964
v -0.824783 -1.145957 -0.931954
v -0.824783 -1.145957 -0.931954
v -0.627283 -1.147957 -0.944945
v -0.627283 -1.147957 -0.944945
v -0.822773 -1.145957 -0.924454
v -0.709783 -1.145957 -0.946954
v -0.504783 -1.147957 -0.931954
v -0.504783 -1.147957 -0.931954
v -0.619783 -1.145957 -0.946954
v 0.330217 -1.145957 -0.456955
v 0.140217 -1.145957 -0.426955
v 0.132717 -1.145957 -0.428964
v 0.132717 -1.145957 -0.428964
v 0.127227 -1.145957 -0.434455
v 0.125217 -1.145957 -0.441955
v -0.062773 -1.145957 -0.434455
v -0.064783 -1.145957 -0.441954
v 0.057717 -1.145957 -0.454945
v -0.822773 -1.145957 -0.532454
v -0.702283 -1.145957 -0.552945
v 0.330217 -1.145957 -0.426955
v 0.193913 -1.147957 -0.853694
v 0.505217 -1.147957 -0.441955
v 0.505217 -1.147957 -0.441955
v 0.002467 -1.145957 -0.234852
v 0.002467 -1.145957 -0.234852
v -0.512283 -1.145957 -0.552945
v -0.506792 -1.145957 -0.547454
v -0.506792 -1.145957 -0.547454
v -0.519783 -1.145957 -0.554954
v -0.519783 -1.145957 -0.524954
v 0.057717 -1.145957 -0.356945
v 0.057717 -1.145957 -0.356945
v 0.140217 -1.145957 -0.328955
v 0.132717 -1.145957 -0.330964
v 0.322717 -1.145957 -0.356945
v 0.322717 -1.145957 -0.356945
v 0.330217 -1.145957 -0.358955
v 0.050217 -1.145957 -0.358955
v -0.809783 -1.145957 -0.456954
v -0.709783 -1.145957 -0.456954
v -0.632773 -1.145957 -0.449454
v 0.233820 -1.145957 -0.228705
v 0.477467 -1.145957 -0.234852
v 0.477467 -1.145957 -0.234852
v 0.239967 -1.145957 -0.227057
v 0.239967 -1.145957 -0.227057
v 0.330217 -1.145957 -0.328955
v 0.247717 -1.145957 -0.356945
v 0.247717 -1.145957 -0.356945
v -0.822773 -1.145957 -0.449454
v -0.817283 -1.145957 -0.454945
v -0.824783 -1.145957 -0.441954
v -0.824783 -1.145957 -0.441954
v -0.619783 -1.145957 -0.426954
v -0.952033 -1.145957 -0.484851
v -0.952033 -1.145957 -0.484851
v 0.330217 -1.145957 -0.652955
v 0.125217 -1.145957 -0.637955
v -0.512283 -1.145957 -0.454945
v 0.240217 -1.145957 -1.534955
v 0.140217 -1.145957 -1.534955
v 0.247717 -1.145957 -1.532945
v 0.253207 -1.145957 -1.527455
v 0.253207 -1.145957 -1.527455
v 0.810217 -1.145957 -0.426955
v 0.057717 -1.145957 -1.408964
v 0.050217 -1.145957 -1.406955
v -0.064783 -1.145957 -1.421955
v 0.322717 -1.145957 -1.408964
v 0.127227 -1.145957 -1.414455
v 0.127227 -1.145957 -1.414455
v 0.823208 -1.145957 -0.449455
v -0.926180 -1.145957 -0.228704
v -0.926783 -1.145957 -0.230954
v -0.926783 -1.145957 -0.230954
v 0.443207 -1.145957 -1.414455
v 0.443207 -1.145957 -1.414455
v 0.240217 -1.145957 -1.436955
v 0.247717 -1.145957 -1.434945
v -0.593533 -1.145957 -1.736954
v -0.918386 -1.145957 -1.728704
v -0.918386 -1.145957 -1.728704
v 0.924967 -1.145957 -1.727058
v 0.922717 -1.145957 -1.726455
v 0.922717 -1.145957 -1.726455
v 0.918217 -1.145957 -1.730955
v 0.918217 -1.145957 -1.730955
v -0.716180 -1.145957 -0.228704
v -0.924533 -1.145957 -1.727057
v -0.155682 -1.145957 -1.019382
v -0.045768 -1.145957 -1.020544
v -0.043672 -1.145957 -1.020955
v -0.155338 -1.145957 -1.017864
v 0.810217 -1.145957 -1.602955
v 0.322717 -1.145957 -0.330964
v 0.445467 -1.147957 -0.218955
v 0.956217 -1.147957 -0.218955
v 0.134766 -1.145957 -1.163177
v 0.056328 -1.145957 -1.126059
v 0.056328 -1.145957 -1.126059
v 0.091526 -1.147957 -1.169387
v 0.091526 -1.147957 -1.169387
v 0.136686 -1.145957 -1.170892
v 0.138428 -1.145957 -1.170301
v 0.158962 -1.145957 -1.168740
v -0.248793 -1.147957 -0.982066
v 0.053610 -1.145957 -1.125355
v 0.091884 -1.145957 -1.167864
v 0.136002 -1.145957 -1.097680
v 0.177057 -1.145957 -1.132066
v 0.134106 -1.145957 -1.101562
v 0.154514 -1.145957 -1.141006
v 0.172484 -1.145957 -1.164580
v 0.179280 -1.145957 -1.125521
v 0.139135 -1.145957 -1.092232
v 0.138134 -1.145957 -1.091423
v 0.179661 -1.147957 -1.166076
v 0.179661 -1.147957 -1.166076
v 0.166745 -1.145957 -1.160069
v -0.254783 -1.147957 -0.441955
v 0.152995 -1.147957 -1.100885
v 0.152995 -1.147957 -1.100885
v 0.176207 -1.145957 -1.098646
v -0.512283 -1.145957 -1.336945
v -0.512283 -1.145957 -1.336945
v -0.824783 -1.145957 -1.323954
v -0.824783 -1.145957 -1.323954
v -0.822773 -1.145957 -1.331454
v 0.134216 -1.145957 -1.161709
v 0.134106 -1.145957 -1.160139
v 0.194978 -1.145957 -1.170077
v 0.437717 -1.145957 -1.238945
v 0.437717 -1.145957 -1.238945
v 0.443207 -1.145957 -1.233455
v 0.430217 -1.145957 -1.240955
v 0.322717 -1.145957 -1.212964
v 0.322717 -1.145957 -1.212964
v 0.330217 -1.145957 -1.240955
v -0.506793 -1.145957 -1.331455
v -0.504783 -1.145957 -1.323955
v -0.504783 -1.145957 -1.323955
v 0.184106 -1.145957 -1.172535
v 0.184106 -1.145957 -1.172535
v -0.110634 -1.147957 -1.013923
v 0.437717 -1.145957 -1.212964
v 0.437717 -1.145957 -1.212964
v 0.204228 -1.145957 -1.097397
v 0.200009 -1.145957 -1.167326
v 0.203451 -1.145957 -1.164756
v -0.519783 -1.145957 -1.534955
v -0.824783 -1.145957 -1.519954
v 0.445217 -1.145957 -1.127955
v 0.443207 -1.145957 -1.120455
v 0.443207 -1.145957 -1.120455
v 0.189476 -1.145957 -1.100720
v 0.253207 -1.147957 -1.512455
v 0.253207 -1.147957 -1.512455
v 0.132717 -1.145957 -1.532945
v -0.512283 -1.145957 -1.532945
v -0.506793 -1.145957 -1.527455
v -0.506793 -1.145957 -1.527455
v -0.145254 -1.145957 -1.092658
v -0.145254 -1.145957 -1.092658
v -0.196693 -1.147957 -1.170954
v -0.196693 -1.147957 -1.170954
v -0.167809 -1.145957 -1.092471
v -0.167119 -1.145957 -1.091639
v -0.179783 -1.147957 -1.017743
v -0.179534 -1.147957 -1.018972
v 0.023534 -1.145957 -1.102240
v 0.023534 -1.145957 -1.102240
v 0.023873 -1.145957 -1.102622
v 0.023873 -1.145957 -1.102622
v -0.140477 -1.147957 -1.170000
v -0.140477 -1.147957 -1.170000
v -0.161581 -1.145957 -1.104493
v -0.138660 -1.145957 -1.170802
v 0.023534 -1.147957 -1.102240
v 0.023534 -1.147957 -1.102240
v -0.019025 -1.145957 -1.164120
v -0.031502 -1.145957 -1.162812
v -0.032350 -1.145957 -1.160384
v -0.029598 -1.145957 -1.164929
v 0.021276 -1.145957 -1.093403
v 0.010773 -1.145957 -1.130868
v 0.512717 -1.147957 -0.552945
v -0.027005 -1.147957 -1.166146
v -0.027005 -1.147957 -1.166146
v -0.048898 -1.145957 -1.099184
v 0.088224 -1.145957 -1.097680
v 0.065217 -1.147957 -1.225955
v 0.065217 -1.147957 -1.225955
v 0.090904 -1.145957 -1.096466
v 0.253208 -1.147957 -0.645455
v 0.253208 -1.147957 -0.645455
v 0.053347 -1.145957 -1.092800
v 0.053347 -1.145957 -1.092800
v 0.054627 -1.145957 -1.091649
v 0.103029 -1.145957 -1.168339
v 0.089714 -1.145957 -1.164652
v 0.135686 -1.145957 -1.090955
v 0.056562 -1.145957 -1.091075
v 0.105165 -1.145957 -1.097135
v 0.165998 -1.145957 -1.013281
v 0.103519 -1.145957 -1.169637
v 0.052995 -1.145957 -1.094097
v 0.053375 -1.145957 -1.095677
v 0.051962 -1.145957 -1.162455
v 0.050369 -1.145957 -1.160314
v 0.697227 -1.145957 -1.037455
v 0.697227 -1.145957 -1.037455
v 0.710217 -1.145957 -1.014955
v 0.633207 -1.145957 -1.120455
v 0.627717 -1.145957 -1.114964
v 0.627717 -1.145957 -1.114964
v 0.635217 -1.145957 -1.127955
v 0.635217 -1.145957 -1.127955
v 0.507227 -1.145957 -1.120455
v 0.505217 -1.145957 -1.127955
v 0.505217 -1.145957 -1.127955
v 0.512717 -1.145957 -1.212964
v 0.512717 -1.145957 -1.212964
v 0.330217 -1.147957 -0.916955
v 0.702717 -1.145957 -1.212964
v 0.702717 -1.145957 -1.212964
v 0.697227 -1.145957 -1.218455
v 0.710217 -1.145957 -1.210955
v 0.710217 -1.145957 -1.142955
v 0.817717 -1.145957 -1.212964
v 0.817717 -1.145957 -1.212964
v 0.330217 -1.145957 -1.338955
v 0.125217 -1.145957 -1.323955
v 0.240217 -1.145957 -1.338955
v 0.063207 -1.145957 -1.316455
v 0.063207 -1.145957 -1.316455
v -0.064783 -1.145957 -1.323955
v -0.064783 -1.145957 -1.323955
v 0.247717 -1.145957 -1.336945
v 0.247717 -1.145957 -1.336945
v -0.817283 -1.145957 -1.434945
v 0.253207 -1.145957 -1.331455
v 0.443207 -1.145957 -1.316455
v 0.443207 -1.145957 -1.316455
v 0.255217 -1.145957 -1.323955
v 0.317227 -1.145957 -1.331455
v -0.444783 -1.145957 -1.225955
v -0.506793 -1.145957 -1.429455
v -0.506793 -1.145957 -1.429455
v -0.316793 -1.147957 -1.120454
v -0.316793 -1.147957 -1.120454
v -0.121554 -1.145957 -1.170955
v -0.252773 -1.145957 -1.218455
v -0.254783 -1.145957 -1.225955
v -0.239783 -1.145957 -1.240955
v -0.437283 -1.145957 -1.140945
v -0.429783 -1.145957 -1.142954
v -0.444783 -1.145957 -1.127954
v -0.329783 -1.145957 -1.142954
v -0.322283 -1.145957 -1.140945
v -0.218827 -1.145957 -1.092491
v -0.218827 -1.145957 -1.092491
v -0.119516 -1.145957 -1.170769
v -0.181680 -1.145957 -1.095539
v -0.150557 -1.145957 -1.098809
v -0.217605 -1.147957 -0.870261
v 0.697227 -1.145957 -0.939455
v -0.716783 -1.145957 -0.230954
v -0.716783 -1.145957 -0.230954
v 0.926614 -1.147957 -0.233205
v 0.920467 -1.147957 -0.227058
v 0.920467 -1.147957 -0.227058
v -0.233386 -1.147957 -0.228705
v -0.232783 -1.147957 -0.230954
v -0.237283 -1.147957 -0.226454
v -0.314783 -1.147957 -0.343954
v -0.478680 -1.147957 -0.228704
v -0.478680 -1.147957 -0.228704
v -0.472533 -1.147957 -0.234852
v -0.472533 -1.147957 -0.234852
v -0.474783 -1.147957 -0.235454
v -0.470885 -1.147957 -0.233204
v 0.771217 -1.147957 -0.268955
v 0.665217 -1.147957 -0.268955
v 0.514564 -1.147957 -0.397432
v 0.508075 -1.147957 -0.393097
v 0.825217 -1.147957 -0.539955
v 0.825217 -1.147957 -0.539955
v -0.013706 -1.145957 -0.942355
v 0.053273 -1.147957 -1.010069
v 0.057384 -1.147957 -1.013536
v -0.008241 -1.147957 -1.014939
v -0.006120 -1.147957 -1.014105
v -0.126792 -1.147957 -0.532454
v -0.126792 -1.147957 -0.532454
v 0.210460 -1.147957 -1.020712
v 0.202835 -1.147957 -1.018583
v 0.107891 -1.147957 -1.098594
v 0.182439 -1.147957 -0.981284
v 0.183546 -1.147957 -0.969938
v 0.183238 -1.147957 -0.991060
v -0.225720 -1.147957 -0.982066
v -0.244460 -1.147957 -0.992962
v -0.223290 -1.147957 -0.981766
v -0.227561 -1.147957 -0.970764
v -0.249792 -1.147957 -0.971778
v -0.241745 -1.147957 -1.017621
v -0.111244 -1.147957 -1.020902
v -0.106622 -1.147957 -1.016504
v -0.106450 -1.147957 -1.017500
v -0.156494 -1.147957 -1.020261
v -0.176993 -1.147957 -1.020802
v -0.159887 -1.147957 -1.020955
v -0.178806 -1.147957 -1.015477
v -0.108394 -1.147957 -1.014739
v -0.107130 -1.147957 -1.015588
v -0.179496 -1.147957 -1.016276
v 0.251459 -1.147957 -0.946466
v 0.193801 -1.147957 -0.867796
v 0.188996 -1.147957 -0.871614
v 0.196041 -1.147957 -0.947878
v 0.212871 -1.147957 -0.948160
v 0.246994 -1.147957 -1.011709
v 0.315217 -1.147957 -0.931955
v 0.010372 -1.145957 -0.800329
v 0.187665 -1.147957 -0.872066
v 0.186309 -1.147957 -0.871770
v 0.188067 -1.147957 -0.872030
v 0.215721 -1.147957 -0.947257
v 0.215721 -1.147957 -0.947257
v -0.229541 -1.147957 -0.940205
v -0.169575 -1.147957 -0.870538
v -0.129401 -1.147957 -0.946545
v -0.224892 -1.147957 -0.946862
v -0.226571 -1.147957 -0.948646
v -0.501783 -1.147957 -0.288954
v -0.511783 -1.147957 -0.396275
v 0.479114 -1.147957 -0.233205
v 0.471320 -1.147957 -0.233205
v 0.872217 -1.147957 -0.268955
v 0.522217 -1.147957 -0.398955
v 0.096914 -1.147957 -0.957709
v 0.041293 -1.147957 -1.022066
v 0.039578 -1.147957 -1.021735
v 0.040159 -1.147957 -0.990114
v -0.005807 -1.147957 -1.020955
v -0.021346 -1.147957 -1.020845
v -0.043672 -1.147957 -1.020955
v 0.026884 -1.147957 -1.017864
v -0.005209 -1.147957 -1.013621
v -0.022404 -1.147957 -1.014097
v -0.020477 -1.147957 -1.014982
v -0.034224 -1.147957 -1.006404
v -0.009146 -1.147957 -0.981449
v -0.062758 -1.147957 -1.020892
v 0.109520 -1.147957 -0.998359
v 0.185877 -1.147957 -1.000503
v 0.251205 -1.147957 -1.020301
v 0.249464 -1.147957 -1.020892
v 0.252303 -1.147957 -1.016765
v 0.065802 -1.145957 -0.801402
v -0.132283 -1.147957 -1.310964
v -0.132283 -1.147957 -1.310964
v -0.444783 -1.147957 -1.323955
v -0.437283 -1.147957 -1.310964
v -0.437283 -1.147957 -1.310964
v -0.429783 -1.147957 -1.308954
v -0.329783 -1.147957 -1.308954
v 0.505217 -1.147957 -1.421955
v -0.247283 -1.147957 -1.408964
v -0.239783 -1.147957 -1.406955
v -0.132283 -1.147957 -1.408964
v -0.139783 -1.147957 -1.406955
v 0.946320 -1.147957 -1.478705
v 0.946320 -1.147957 -1.478705
v 0.945717 -1.147957 -1.480955
v 0.139304 -1.145957 -1.169387
v 0.139304 -1.145957 -1.169387
v -0.952033 -1.147957 -1.477057
v -0.954283 -1.147957 -1.480954
v -0.132283 -1.147957 -1.532945
v -0.702283 -1.145957 -1.630945
v -0.702283 -1.145957 -1.630945
v 0.620217 -1.147957 -1.504955
v 0.627717 -1.147957 -1.506965
v -0.254783 -1.147957 -1.519955
v -0.429783 -1.147957 -1.534955
v -0.437283 -1.147957 -1.532945
v -0.437283 -1.147957 -1.506964
v 0.098568 -1.145957 -0.801354
v 0.633207 -1.147957 -1.625455
v -0.126793 -1.147957 -1.625455
v -0.132283 -1.147957 -1.630945
v -0.132283 -1.147957 -1.630945
v -0.139783 -1.147957 -1.632955
v -0.247283 -1.147957 -1.630945
v -0.239783 -1.147957 -1.632955
v 0.714967 -1.147957 -1.727058
v 0.477467 -1.147957 -1.727058
v 0.085287 -1.145957 -0.796788
v 0.237717 -1.147957 -1.735455
v 0.472967 -1.147957 -1.727058
v 0.235467 -1.147957 -1.727058
v 0.233820 -1.147957 -1.733205
v 0.233820 -1.147957 -1.733205
v 0.002467 -1.147957 -1.727058
v -0.235033 -1.147957 -1.727057
v -0.477033 -1.147957 -1.727057
v -0.470886 -1.147957 -1.733205
v 0.954717 -1.147957 -1.480955
v 0.507227 -1.147957 -0.434455
v -0.314783 -1.147957 -0.441955
v -0.444783 -1.147957 -0.441954
v -0.429783 -1.147957 -0.426954
v 0.633208 -1.147957 -0.547455
v 0.627717 -1.147957 -0.552945
v 0.627717 -1.147957 -0.552945
v -0.132283 -1.147957 -0.526964
v -0.254783 -1.147957 -0.539954
v -0.322283 -1.147957 -0.526964
v -0.322283 -1.147957 -0.526964
v -0.322283 -1.147957 -0.552945
v 0.947967 -1.147957 -0.734852
v 0.633207 -1.147957 -0.939455
v 0.520217 -1.147957 -0.916955
v -0.429783 -1.147957 -0.916954
v -0.322283 -1.147957 -0.918964
v -0.322283 -1.147957 -0.918964
v -0.316792 -1.147957 -0.924454
v -0.442773 -1.147957 -0.924454
v -0.444783 -1.147957 -0.931955
v 0.947967 -1.147957 -0.977058
v 0.946320 -1.147957 -0.978705
v 0.450217 -1.147957 -0.985455
v 0.447967 -1.147957 -0.977058
v 0.454717 -1.147957 -0.980955
v 0.633207 -1.147957 -1.022455
v 0.452467 -1.147957 -0.984852
v 0.452467 -1.147957 -0.984852
v 0.454114 -1.147957 -0.983205
v 0.454114 -1.147957 -0.983205
v -0.437283 -1.147957 -1.042945
v -0.445283 -1.147957 -0.980954
v -0.449783 -1.147957 -0.985454
v -0.252773 -1.147957 -1.512455
v -0.252773 -1.147957 -1.512455
v 0.512717 -1.147957 -1.310964
v 0.520217 -1.147957 -1.308955
v 0.633207 -1.147957 -1.316455
v 0.620217 -1.147957 -1.308955
v 0.507227 -1.147957 -1.316455
v 0.507227 -1.147957 -1.316455
v -0.632773 -1.147957 -0.841454
v -0.632773 -1.147957 -0.728454
v -0.429783 -1.147957 -1.504955
v -0.329783 -1.147957 -1.504955
v -0.953680 -1.147957 -0.733204
v -0.696792 -1.147957 -0.743454
v -0.696792 -1.147957 -0.743454
v -0.702283 -1.147957 -0.748945
v -0.701372 -1.147957 -0.723534
v -0.696792 -1.147957 -0.728454
v -0.949783 -1.147957 -0.726454
v -0.949783 -1.147957 -0.726454
v -0.945283 -1.147957 -0.730954
v -0.945283 -1.147957 -0.730954
v -0.329783 -1.147957 -0.818954
v -0.322283 -1.147957 -0.820964
v -0.322283 -1.147957 -0.820964
v -0.444783 -1.147957 -0.833954
v -0.442773 -1.147957 -0.841454
v 0.520217 -1.147957 -1.602955
v -0.176242 -1.147957 -0.805630
v -0.124783 -1.147957 -0.637954
v -0.124783 -1.147957 -0.637954
v -0.187280 -1.147957 -0.798531
v -0.190512 -1.147957 -0.796545
v -0.117086 -1.147957 -0.862015
v -0.157146 -1.147957 -0.848358
v -0.147804 -1.147957 -0.863281
v -0.159783 -1.147957 -0.830868
v -0.225338 -1.147957 -0.836441
v -0.225338 -1.147957 -0.836441
v -0.174276 -1.147957 -0.862148
v -0.171745 -1.147957 -0.863923
v -0.132005 -1.147957 -0.857812
v 0.635217 -1.147957 -1.617955
v 0.635217 -1.147957 -1.617955
v -0.138303 -1.147957 -0.792272
v -0.110174 -1.147957 -0.792305
v -0.232227 -1.147957 -0.855985
v 0.050217 -1.147957 -0.652955
v 0.037162 -1.147957 -0.790955
v 0.050217 -1.147957 -0.622955
v 0.069678 -1.147957 -0.792358
v 0.070173 -1.147957 -0.793594
v 0.070217 -1.147957 -0.794114
v 0.063208 -1.147957 -0.743455
v 0.063208 -1.147957 -0.743455
v 0.065217 -1.147957 -0.735955
v 0.067769 -1.147957 -0.797395
v 0.038090 -1.147957 -0.800460
v 0.105109 -1.147957 -0.796759
v 0.101109 -1.147957 -0.798809
v 0.032620 -1.147957 -0.795113
v 0.032439 -1.147957 -0.794010
v 0.315217 -1.147957 -0.441955
v 0.627717 -1.147957 -0.846945
v 0.627717 -1.147957 -0.846945
v 0.247717 -1.147957 -0.454945
v 0.125217 -1.147957 -0.441955
v 0.240217 -1.147957 -0.456955
v 0.240217 -1.147957 -0.426955
v 0.140217 -1.147957 -0.426955
v -0.619783 -1.147957 -0.554954
v -0.512283 -1.147957 -0.526964
v 0.050217 -1.147957 -0.358955
v 0.063208 -1.147957 -0.336455
v 0.063208 -1.147957 -0.336455
v -0.057283 -1.147957 -0.330964
v 0.239967 -1.147957 -0.227058
v 0.239967 -1.147957 -0.227058
v 0.182162 -1.147957 -0.328955
v 0.247717 -1.147957 -0.330964
v 0.240217 -1.147957 -0.328955
v -0.519783 -1.147957 -0.456954
v -0.512283 -1.147957 -0.454945
v 0.443208 -1.147957 -0.351455
v 0.233217 -1.147957 -0.230955
v 0.253208 -1.145957 -0.645455
v 0.253208 -1.145957 -0.645455
v -0.809783 -1.147957 -0.456954
v -0.952033 -1.147957 -0.484851
v -0.952033 -1.147957 -0.484851
v -0.694783 -1.147957 -0.441954
v 0.430217 -1.147957 -0.720955
v 0.247717 -1.147957 -0.650945
v 0.140217 -1.147957 -0.652955
v 0.240217 -1.147957 -0.652955
v 0.445217 -1.147957 -0.637955
v -0.519783 -1.147957 -0.750954
v -0.619783 -1.147957 -1.240954
v -0.512283 -1.147957 -1.140945
v -0.949783 -1.147957 -1.235454
v -0.949783 -1.147957 -1.235454
v -0.952033 -1.147957 -1.234851
v -0.512283 -1.147957 -1.114964
v -0.619783 -1.147957 -1.112954
v -0.702283 -1.147957 -1.114964
v 0.240217 -1.147957 -0.816389
v 0.317227 -1.147957 -0.743455
v 0.317227 -1.147957 -0.743455
v 0.315217 -1.147957 -0.735955
v 0.228656 -1.147957 -0.792669
v 0.239536 -1.147957 -0.792228
v 0.240142 -1.147957 -0.793978
v 0.330217 -1.147957 -0.750955
v 0.322717 -1.147957 -0.748945
v -0.472533 -1.147957 -1.727057
v 0.233456 -1.147957 -0.863912
v 0.234634 -1.147957 -0.818815
v 0.202122 -1.147957 -0.801584
v 0.238560 -1.147957 -0.791308
v 0.238560 -1.147957 -0.791308
v 0.129280 -1.147957 -0.798767
v 0.162373 -1.147957 -0.793383
v 0.157024 -1.147957 -0.798251
v 0.155773 -1.147957 -0.802031
v 0.162439 -1.147957 -0.794097
v 0.111766 -1.147957 -0.843265
v 0.112596 -1.147957 -0.843177
v 0.161069 -1.147957 -0.796821
v 0.181328 -1.147957 -0.817083
v -0.519783 -1.147957 -0.946954
v 0.115468 -1.147957 -0.844607
v 0.116328 -1.147957 -0.846788
v 0.114330 -1.147957 -0.843594
v -0.444783 -1.145957 -0.735954
v 0.057717 -1.147957 -0.454945
v -0.619783 -1.145957 -0.818954
v -0.632773 -1.147957 -0.939454
v 0.050217 -1.147957 -0.426955
v 0.057717 -1.147957 -0.428964
v 0.057717 -1.147957 -0.428964
v -0.170894 -1.147957 -0.966666
v -0.112057 -1.147957 -0.940955
v -0.147644 -1.147957 -0.863429
v -0.168097 -1.147957 -0.869336
v -0.169108 -1.147957 -0.870306
v -0.234998 -1.147957 -0.862086
v 0.148776 -1.147957 -0.948298
v 0.044123 -1.147957 -0.947257
v 0.051940 -1.147957 -0.941589
v 0.040182 -1.147957 -0.964288
v -0.014870 -1.147957 -0.941433
v -0.050723 -1.147957 -0.945208
v -0.008991 -1.147957 -0.946323
v -0.060763 -1.147957 -0.946466
v -0.061953 -1.147957 -0.947135
v -0.091022 -1.147957 -0.950029
v -0.049678 -1.147957 -0.941577
v -0.050894 -1.147957 -0.944045
v -0.095710 -1.147957 -0.946228
v -0.096302 -1.147957 -0.945121
v -0.094279 -1.147957 -0.947135
v -0.014722 -1.147957 -0.946996
v -0.016747 -1.147957 -0.948124
v 0.021988 -1.147957 -0.948593
v -0.316792 -1.145957 -0.743454
v -0.316792 -1.145957 -0.743454
v -0.004227 -1.147957 -0.951562
v -0.046363 -1.147957 -0.948846
v 0.017077 -1.147957 -0.862025
v -0.519783 -1.147957 -1.044954
v -0.953680 -1.147957 -0.983204
v -0.619783 -1.147957 -1.014954
v -0.442773 -1.147957 -0.434454
v -0.709783 -1.147957 -1.240954
v -0.694783 -1.147957 -1.029954
v -0.694783 -1.147957 -1.029954
v 0.018706 -1.147957 -1.105336
v 0.019918 -1.147957 -1.104731
v -0.138273 -1.147957 -1.164166
v -0.074832 -1.147957 -1.162148
v 0.021447 -1.147957 -1.103030
v 0.021189 -1.147957 -1.103368
v -0.032561 -1.147957 -1.105538
v -0.069441 -1.147957 -1.096263
v -0.022561 -1.147957 -1.166146
v -0.022561 -1.147957 -1.166146
v -0.010729 -1.147957 -1.092305
v -0.017005 -1.147957 -1.105538
v -0.017255 -1.147957 -1.101815
v -0.018446 -1.147957 -1.098298
v 0.051380 -1.147957 -1.123663
v 0.053610 -1.147957 -1.125355
v 0.107569 -1.147957 -1.163621
v 0.107891 -1.147957 -1.163177
v 0.106658 -1.147957 -1.164105
v 0.053375 -1.147957 -1.095677
v 0.054039 -1.147957 -1.096463
v 0.059835 -1.147957 -1.098767
v 0.086988 -1.147957 -1.098593
v 0.086988 -1.147957 -1.163177
v 0.087600 -1.147957 -1.163847
v 0.104517 -1.147957 -1.170457
v 0.103519 -1.147957 -1.169637
v -0.316792 -1.147957 -0.532454
v 0.103143 -1.147957 -1.095121
v 0.105947 -1.147957 -1.091021
v 0.091884 -1.147957 -1.167864
v 0.106971 -1.147957 -1.170955
v 0.162308 -1.147957 -1.153036
v 0.052995 -1.147957 -1.094097
v 0.158318 -1.147957 -1.142962
v 0.153359 -1.147957 -1.141452
v 0.139256 -1.147957 -1.095758
v 0.697227 -1.147957 -1.316455
v 0.710217 -1.147957 -1.338955
v 0.810217 -1.147957 -1.210955
v 0.810217 -1.147957 -1.240955
v 0.697227 -1.147957 -1.233455
v 0.240217 -1.147957 -1.308955
v 0.443207 -1.147957 -1.316455
v 0.443207 -1.147957 -1.316455
v 0.430217 -1.147957 -1.338955
v -0.627283 -1.147957 -1.408964
v -0.619783 -1.147957 -1.406954
v -0.329783 -1.147957 -0.916954
v 0.127227 -1.147957 -1.316455
v -0.696793 -1.147957 -1.429454
v -0.696793 -1.147957 -1.429454
v -0.702283 -1.147957 -1.434945
v -0.702283 -1.147957 -1.408964
v -0.239783 -1.145957 -0.652955
v -0.809783 -1.147957 -1.406954
v -0.709783 -1.147957 -1.406954
v -0.817283 -1.147957 -1.408964
v -0.322283 -1.147957 -1.114964
v -0.164540 -1.147957 -1.097725
v -0.154708 -1.147957 -1.104427
v -0.214158 -1.147957 -1.098871
v -0.101450 -1.147957 -1.170864
v -0.132561 -1.147957 -1.116666
v -0.213576 -1.147957 -1.100460
v -0.125894 -1.147957 -1.152621
v -0.247283 -1.147957 -1.212964
v -0.247283 -1.147957 -1.212964
v -0.138660 -1.147957 -1.170802
v 0.017077 -1.145957 -0.862025
v 0.697227 -1.147957 -0.630455
v 0.810217 -1.147957 -0.750955
v -0.017225 -1.145957 -0.798033
v 0.697227 -1.147957 -0.924455
v 0.825217 -1.147957 -0.735955
v 0.825217 -1.147957 -0.735955
v -0.519783 -1.147957 -1.602955
v -0.619783 -1.147957 -1.632954
v 0.810217 -1.147957 -0.524955
v 0.823208 -1.147957 -0.532455
v 0.810217 -1.147957 -0.554955
v 0.247717 -1.147957 -1.630945
v 0.137959 -1.145957 -0.946615
v 0.140217 -1.147957 -1.602955
v 0.825217 -1.147957 -1.519955
v -0.049783 -1.147957 -1.632955
v 0.771217 -1.147957 -1.534955
v 0.710217 -1.147957 -1.534955
v 0.810217 -1.147957 -1.436955
v 0.823207 -1.147957 -1.625455
v 0.697227 -1.147957 -1.429455
v 0.697227 -1.147957 -1.429455
v 0.695217 -1.147957 -1.421955
v 0.702717 -1.147957 -1.434945
v 0.710217 -1.147957 -1.436955
v 0.771217 -1.147957 -1.632955
v 0.697227 -1.147957 -1.610455
v 0.710217 -1.147957 -1.602955
v 0.512717 -1.147957 -1.140945
v 0.633207 -1.147957 -1.135455
v 0.817717 -1.147957 -1.042945
v 0.507227 -1.147957 -1.233455
v 0.627717 -1.147957 -1.114964
v 0.627717 -1.147957 -1.114964
v 0.633207 -1.147957 -1.120455
v 0.635217 -1.147957 -1.127955
v 0.635217 -1.147957 -1.127955
v 0.697227 -1.147957 -1.037455
v 0.697227 -1.147957 -1.037455
v 0.010372 -1.147957 -0.800329
v -0.032960 -1.147957 -0.843177
v 0.010217 -1.147957 -0.802031
v -0.075998 -1.147957 -0.798593
v -0.077942 -1.147957 -0.791021
v -0.048203 -1.147957 -0.790955
v -0.049783 -1.147957 -0.750955
v -0.057283 -1.147957 -0.748945
v -0.079642 -1.147957 -0.791589
v -0.036449 -1.147957 -0.846823
v -0.088672 -1.147957 -0.830868
v -0.091353 -1.147957 -0.848348
v -0.091177 -1.147957 -0.813814
v -0.064783 -1.147957 -0.735955
v -0.045755 -1.147957 -0.791422
v -0.702283 -1.147957 -0.722964
v 0.253208 -1.147957 -0.532455
v 0.253208 -1.147957 -0.532455
v 0.240217 -1.147957 -0.554955
v 0.140217 -1.147957 -0.554955
v 0.132717 -1.147957 -0.552945
v 0.443207 -1.147957 -1.625455
v 0.443207 -1.147957 -1.625455
v 0.031328 -1.147957 -0.524955
v 0.507227 -1.147957 -0.645455
v 0.620217 -1.147957 -0.818955
v 0.627717 -1.147957 -0.722964
v 0.628628 -1.147957 -0.723535
v 0.507227 -1.147957 -0.841455
v 0.505217 -1.147957 -0.833955
v 0.505217 -1.147957 -0.833955
v 0.512717 -1.147957 -0.846945
v 0.620217 -1.147957 -0.848955
v 0.520217 -1.147957 -0.848955
v 0.710217 -1.147957 -0.720955
v 0.810217 -1.147957 -0.622955
v 0.823208 -1.147957 -0.645455
v -0.429783 -1.147957 -0.720954
v -0.809783 -1.147957 -0.750954
v -0.329783 -1.147957 -0.720954
v -0.239783 -1.147957 -0.720954
v -0.316792 -1.147957 -0.728454
v -0.627283 -1.145957 -0.454945
v -0.627283 -1.145957 -0.454945
v -0.184312 -1.147957 -0.802177
v -0.696792 -1.147957 -0.841454
v -0.132283 -1.147957 -0.748945
v 0.702717 -1.145957 -0.428964
v 0.702717 -1.145957 -0.428964
v -0.506793 -1.145957 -1.512455
v -0.506793 -1.145957 -1.512455
v -0.961783 -1.147957 -0.224954
v 0.239967 -1.147957 -0.234852
v 0.239967 -1.147957 -0.234852
v 0.035771 -1.145957 -1.128544
v 0.031209 -1.145957 -1.126702
v 0.952467 -1.145957 -0.977058
v 0.952467 -1.145957 -0.977058
v 0.954114 -1.145957 -0.978705
v 0.182162 -1.145957 -0.218955
v 0.905217 -1.145957 -0.218955
v -0.696792 -1.147957 -0.449454
v 0.162491 -1.145957 -1.167940
v 0.010217 -1.145957 -0.802031
v 0.952467 -1.145957 -0.727058
v 0.952467 -1.145957 -0.727058
v -0.817283 -1.147957 -0.846945
v -0.817283 -1.147957 -0.846945
v -0.619783 -1.145957 -1.308954
v 0.140217 -1.145957 -1.240955
v 0.229885 -1.147957 -0.807482
v 0.192856 -1.145957 -1.090850
v 0.443208 -1.147957 -0.728455
v -0.479283 -1.145957 -1.730955
v -0.478680 -1.145957 -1.733205
v -0.478680 -1.145957 -1.733205
v -0.233386 -1.147957 -1.728705
v -0.233386 -1.147957 -1.728705
v 0.004114 -1.145957 -1.728705
v 0.004114 -1.145957 -1.728705
v -0.189310 -1.145957 -1.000970
v -0.185338 -1.145957 -0.980000
v 0.188899 -1.145957 -1.162074
v -0.247283 -1.145957 -1.630945
v 0.317227 -1.145957 -1.527455
v 0.317227 -1.145957 -1.527455
v -0.504783 -1.145957 -1.519955
v -0.132561 -1.145957 -1.125989
v -0.132561 -1.145957 -1.125989
v -0.952033 -1.145957 -1.484851
v -0.627283 -1.145957 -0.428964
v -0.627283 -1.145957 -0.428964
v -0.027005 -1.145957 -1.095798
v -0.027005 -1.145957 -1.095798
v -0.316793 -1.145957 -1.414454
v -0.316793 -1.145957 -1.414454
v -0.022561 -1.145957 -1.166146
v -0.022561 -1.145957 -1.166146
v -0.227354 -1.147957 -0.950899
v -0.013706 -1.147957 -0.942355
v -0.064783 -1.145957 -1.225955
v -0.064783 -1.145957 -1.225955
v -0.027005 -1.147957 -1.095798
v -0.027005 -1.147957 -1.095798
v 0.025904 -1.147957 -0.946466
v 0.026478 -1.147957 -0.945758
v -0.060189 -1.147957 -0.945758
v 0.026841 -1.147957 -0.943457
v 0.026884 -1.147957 -0.943993
v -0.961783 -1.147957 -0.505204
v -0.961783 -1.147957 -0.723704
v -0.961783 -1.147957 -0.412954
v -0.490533 -1.145957 -1.742954
v -0.462283 -1.145957 -1.742954
v -0.101450 -1.145957 -1.742955
v -0.961783 -1.147957 -1.495204
v -0.961783 -1.147957 -1.372954
v -0.961783 -1.147957 -1.274954
v -0.961783 -1.147957 -0.970138
v 0.962217 -1.145957 -1.736955
v 0.962217 -1.145957 -1.456705
v 0.962217 -1.145957 -0.224955
v 0.961413 -1.145957 -0.221955
v 0.962217 -1.145957 -0.970139
v -0.132283 -1.145957 -1.630945
v -0.132283 -1.145957 -1.630945
v -0.478680 -1.147957 -1.733205
v -0.478680 -1.147957 -1.733205
v 0.025288 -1.147957 -1.143082
v 0.212405 -1.147957 -1.107673
v 0.057717 -1.147957 -1.532945
v -0.709783 -1.147957 -1.436954
v -0.519783 -1.145957 -1.210954
v -0.316792 -1.147957 -0.351454
v -0.512283 -1.145957 -1.140945
v 0.697227 -1.147957 -0.743455
v 0.697227 -1.147957 -0.743455
v 0.315217 -1.145957 -0.833955
v -0.822773 -1.147957 -1.625454
v 0.330217 -1.145957 -0.818955
v 0.238560 -1.145957 -0.791308
v 0.238560 -1.145957 -0.791308
v 0.240217 -1.147957 -1.632955
v 0.697227 -1.147957 -0.547455
v 0.945717 -1.147957 -0.980955
v 0.950217 -1.145957 -0.985455
v 0.445217 -1.145957 -0.833955
v -0.442773 -1.145957 -1.037454
v -0.442773 -1.145957 -1.037454
v -0.316792 -1.145957 -1.022455
v -0.316792 -1.145957 -1.022455
v -0.322283 -1.145957 -1.016964
v -0.447533 -1.145957 -0.984852
v -0.447533 -1.145957 -0.984852
v 0.620217 -1.145957 -0.554955
v 0.620217 -1.145957 -0.524955
v 0.954114 -1.145957 -0.733205
v 0.627717 -1.145957 -0.552945
v 0.627717 -1.145957 -0.552945
v -0.442773 -1.145957 -0.547454
v -0.442773 -1.145957 -0.547454
v -0.314783 -1.145957 -0.539954
v 0.946320 -1.145957 -0.483205
v -0.232783 -1.145957 -0.230954
v -0.237283 -1.145957 -0.226455
v -0.437283 -1.147957 -1.604964
v -0.437283 -1.147957 -1.604964
v -0.437283 -1.147957 -1.630945
v -0.437283 -1.147957 -1.630945
v -0.252773 -1.145957 -1.512455
v -0.252773 -1.145957 -1.512455
v 0.946320 -1.145957 -1.478705
v 0.946320 -1.145957 -1.478705
v 0.954114 -1.145957 -1.483205
v 0.954114 -1.145957 -1.483205
v 0.627717 -1.145957 -1.408965
v -0.252773 -1.147957 -1.414454
v -0.252773 -1.147957 -1.414454
v -0.322283 -1.145957 -1.408964
v 0.505217 -1.145957 -1.421955
v 0.633207 -1.145957 -1.414455
v -0.132283 -1.145957 -1.310964
v -0.132283 -1.145957 -1.310964
v -0.247283 -1.145957 -1.310964
v -0.126793 -1.145957 -1.316455
v 0.952467 -1.145957 -1.227058
v 0.109106 -1.145957 -0.870955
v 0.109106 -1.145957 -0.870955
v 0.109106 -1.147957 -0.870955
v 0.109106 -1.147957 -0.870955
v -0.057283 -1.147957 -1.434945
v 0.620217 -1.147957 -1.210955
v -0.918386 -1.147957 -0.233204
v 0.445217 -1.147957 -1.421955
v 0.041568 -1.145957 -0.964010
v 0.627717 -1.147957 -1.212964
v 0.627717 -1.147957 -1.212964
v 0.035567 -1.147957 -1.132514
v 0.043975 -1.147957 -0.991060
v 0.045113 -1.147957 -0.993715
v 0.029193 -1.147957 -1.136805
v 0.593967 -1.145957 -1.736955
v 0.590967 -1.145957 -1.736151
v 0.590967 -1.145957 -1.736151
v 0.475217 -1.147957 -1.726455
v 0.475217 -1.147957 -1.726455
v 0.233217 -1.145957 -1.730955
v 0.233820 -1.145957 -1.733205
v 0.233820 -1.145957 -1.733205
v 0.477467 -1.145957 -1.727058
v 0.150088 -1.147957 -1.126777
v 0.136686 -1.147957 -1.170892
v 0.139304 -1.147957 -1.169387
v 0.139304 -1.147957 -1.169387
v 0.179280 -1.147957 -1.125521
v 0.082387 -1.147957 -0.817621
v 0.082387 -1.147957 -0.817621
v 0.180907 -1.147957 -1.126365
v 0.138428 -1.147957 -1.170301
v 0.204228 -1.147957 -1.097397
v 0.187222 -1.147957 -1.164450
v -0.512283 -1.147957 -1.532945
v -0.506793 -1.147957 -1.527455
v -0.506793 -1.147957 -1.527455
v -0.519783 -1.147957 -1.504955
v 0.330217 -1.147957 -1.504955
v 0.430217 -1.147957 -1.504955
v -0.702283 -1.147957 -1.506964
v -0.709783 -1.145957 -1.014954
v -0.954283 -1.147957 -0.980954
v -0.512283 -1.145957 -1.238945
v -0.696793 -1.145957 -1.218454
v -0.696793 -1.145957 -1.233454
v -0.030087 -1.147957 -0.844607
v -0.632773 -1.145957 -1.120454
v 0.170450 -1.145957 -0.843657
v 0.127227 -1.145957 -0.728455
v -0.817283 -1.145957 -0.820964
v -0.817283 -1.145957 -0.820964
v 0.317227 -1.145957 -0.743455
v 0.317227 -1.145957 -0.743455
v 0.209252 -1.145957 -0.814995
v 0.201328 -1.145957 -0.805416
v 0.215773 -1.147957 -0.796041
v 0.215773 -1.147957 -0.796041
v -0.217018 -1.145957 -0.865961
v -0.217018 -1.145957 -0.865961
v -0.169108 -1.145957 -0.870306
v -0.236276 -1.145957 -0.942170
v 0.056297 -1.145957 -0.947649
v 0.140217 -1.145957 -0.939392
v 0.140217 -1.145957 -0.939392
v 0.210460 -1.145957 -1.020712
v 0.061328 -1.145957 -0.946493
v 0.061328 -1.145957 -0.946493
v 0.066884 -1.147957 -0.946493
v 0.066884 -1.147957 -0.946493
v 0.135721 -1.145957 -1.012812
v 0.038090 -1.145957 -0.800460
v -0.628193 -1.147957 -0.723534
v -0.047992 -1.145957 -0.941023
v -0.017561 -1.145957 -0.949566
v 0.021988 -1.145957 -0.948593
v -0.096450 -1.145957 -0.943993
v 0.026478 -1.145957 -0.945758
v 0.249464 -1.145957 -1.020892
v 0.221328 -1.147957 -1.020955
v 0.221328 -1.147957 -1.020955
v 0.250269 -1.145957 -1.014653
v 0.215721 -1.145957 -1.014444
v 0.215721 -1.145957 -1.014444
v 0.330217 -1.145957 -1.014955
v -0.108394 -1.145957 -1.014739
v -0.107130 -1.145957 -1.015588
v 0.184863 -1.145957 -0.869488
v -0.316792 -1.145957 -0.336454
v -0.316792 -1.145957 -0.336454
v -0.429783 -1.145957 -0.358954
v -0.322283 -1.145957 -0.330964
v 0.872217 -1.145957 -0.398955
v 0.040159 -1.145957 -0.990114
v 0.043975 -1.145957 -0.991060
v -0.021346 -1.145957 -1.020845
v -0.046971 -1.145957 -1.019555
v 0.062439 -1.145957 -1.015295
v 0.062439 -1.145957 -1.015295
v -0.062773 -1.147957 -1.610455
v -0.060562 -1.145957 -1.015534
v -0.060562 -1.145957 -1.015534
v -0.061953 -1.145957 -1.014652
v -0.019974 -1.145957 -1.020312
v 0.109520 -1.145957 -0.998359
v 0.144662 -1.145957 -1.016146
v 0.144662 -1.145957 -1.016146
v 0.029245 -1.145957 -1.125468
v 0.144662 -1.147957 -1.016146
v 0.144662 -1.147957 -1.016146
v 0.710217 -1.145957 -0.720955
v 0.823208 -1.145957 -0.728455
v 0.505217 -1.145957 -0.833955
v 0.505217 -1.145957 -0.833955
v 0.627717 -1.145957 -0.650945
v 0.627717 -1.145957 -0.650945
v 0.520217 -1.145957 -0.720955
v 0.695217 -1.145957 -0.637955
v 0.695217 -1.145957 -0.637955
v 0.697227 -1.145957 -0.743455
v 0.697227 -1.145957 -0.743455
v 0.702717 -1.145957 -0.748945
v -0.702283 -1.145957 -1.604964
v -0.702283 -1.145957 -1.604964
v 0.702717 -1.145957 -0.552945
v -0.696793 -1.145957 -1.625454
v 0.322717 -1.147957 -1.604964
v 0.322717 -1.147957 -1.604964
v -0.062773 -1.145957 -1.625455
v 0.253207 -1.145957 -1.610455
v 0.063207 -1.145957 -1.610455
v 0.823207 -1.145957 -1.610455
v 0.710217 -1.145957 -1.632955
v 0.810217 -1.145957 -1.436955
v -0.076552 -1.145957 -0.797949
v -0.044754 -1.145957 -0.792231
v -0.019514 -1.145957 -0.791074
v -0.035177 -1.145957 -0.843912
v 0.026728 -1.145957 -0.843177
v -0.100668 -1.145957 -0.863281
v -0.079642 -1.145957 -0.791589
v 0.037509 -1.145957 -0.798871
v 0.084548 -1.145957 -0.791638
v -0.080519 -1.145957 -0.792485
v -0.080519 -1.145957 -0.792485
v 0.065773 -1.145957 -0.800503
v 0.083858 -1.145957 -0.792471
v 0.032439 -1.145957 -0.794010
v 0.034895 -1.145957 -0.791193
v -0.628193 -1.145957 -0.723534
v -0.519783 -1.145957 -0.622954
v 0.437717 -1.145957 -0.552945
v 0.505217 -1.145957 -0.735955
v 0.505217 -1.145957 -0.735955
v -0.809783 -1.145957 -0.818954
v 0.240217 -1.145957 -0.720955
v 0.140217 -1.145957 -0.720955
v -0.696792 -1.145957 -0.743454
v -0.696792 -1.145957 -0.743454
v -0.702283 -1.147957 -0.846945
v -0.702283 -1.147957 -0.846945
v -0.506792 -1.145957 -0.826454
v -0.506792 -1.145957 -0.826454
v -0.546158 -1.145957 -0.750954
v -0.429783 -1.145957 -0.622954
v -0.442773 -1.145957 -0.645454
v -0.314783 -1.145957 -0.735954
v -0.224059 -1.145957 -0.859884
v -0.224059 -1.145957 -0.859884
v -0.139783 -1.145957 -0.750954
v -0.132283 -1.145957 -0.748945
v -0.170651 -1.145957 -0.797309
v -0.122005 -1.145957 -0.789392
v -0.122005 -1.145957 -0.789392
v -0.132005 -1.145957 -0.805538
v -0.124783 -1.145957 -0.637955
v -0.124783 -1.145957 -0.637955
v -0.247283 -1.145957 -0.624964
v -0.247283 -1.145957 -0.624964
v -0.176449 -1.145957 -0.850069
v -0.176449 -1.145957 -0.850069
v -0.247283 -1.147957 -0.624964
v -0.247283 -1.147957 -0.624964
v -0.016276 -1.145957 -0.798767
v -0.512283 -1.145957 -0.944945
v -0.519783 -1.145957 -0.946954
v -0.702283 -1.145957 -0.944945
v -0.702283 -1.145957 -0.944945
v -0.619783 -1.145957 -0.916954
v -0.702283 -1.145957 -0.526964
v -0.062773 -1.145957 -0.351455
v -0.696792 -1.145957 -0.532454
v 0.127227 -1.145957 -0.336455
v 0.127227 -1.145957 -0.336455
v 0.132717 -1.145957 -0.722964
v 0.132717 -1.145957 -0.722964
v 0.315217 -1.145957 -0.637955
v -0.049783 -1.145957 -1.504955
v 0.317227 -1.145957 -1.429455
v 0.317227 -1.145957 -1.429455
v 0.710217 -1.145957 -0.426955
v -0.922283 -1.145957 -0.235454
v -0.712283 -1.145957 -1.735454
v -0.707783 -1.145957 -1.730955
v -0.707783 -1.145957 -1.730955
v -0.708386 -1.145957 -1.733204
v 0.954114 -1.145957 -0.483205
v 0.050217 -1.145957 -0.524955
v 0.241614 -1.145957 -1.733205
v 0.031328 -1.145957 -1.210955
v 0.132717 -1.145957 -1.212964
v 0.132717 -1.145957 -1.212964
v 0.150088 -1.145957 -1.126777
v 0.178250 -1.145957 -1.089472
v 0.180907 -1.145957 -1.126365
v 0.247717 -1.145957 -1.212964
v 0.247717 -1.145957 -1.212964
v 0.189661 -1.145957 -1.157639
v -0.632773 -1.145957 -1.527454
v 0.315217 -1.145957 -1.519955
v -0.247283 -1.145957 -1.212964
v -0.247283 -1.145957 -1.212964
v -0.218422 -1.145957 -1.095977
v -0.215168 -1.145957 -1.097748
v -0.239783 -1.145957 -1.210954
v -0.118160 -1.145957 -1.170262
v -0.172023 -1.145957 -1.143663
v -0.139783 -1.145957 -1.210955
v -0.132283 -1.145957 -1.212964
v -0.132283 -1.145957 -1.212964
v 0.025511 -1.145957 -1.121273
v -0.073724 -1.145957 -1.090955
v -0.077005 -1.145957 -1.150069
v -0.077005 -1.145957 -1.150069
v 0.016639 -1.145957 -1.098444
v 0.020229 -1.145957 -1.094280
v -0.062773 -1.145957 -1.218455
v -0.091068 -1.145957 -1.096545
v 0.089714 -1.145957 -1.097135
v 0.103143 -1.145957 -1.095121
v 0.248780 -1.147957 -0.947680
v 0.250269 -1.147957 -0.947135
v 0.050217 -1.145957 -1.240955
v 0.086328 -1.145957 -1.160139
v 0.033168 -1.145957 -1.089843
v 0.103734 -1.145957 -1.096228
v 0.049662 -1.145957 -1.156076
v 0.049677 -1.145957 -1.139688
v 0.627717 -1.145957 -1.212964
v 0.627717 -1.145957 -1.212964
v 0.810217 -1.145957 -1.210955
v 0.702717 -1.147957 -1.336945
v 0.702717 -1.147957 -1.336945
v 0.702717 -1.145957 -1.016964
v 0.817717 -1.145957 -1.238945
v 0.817717 -1.145957 -1.238945
v 0.810217 -1.145957 -1.240955
v 0.229644 -1.147957 -0.867205
v -0.809783 -1.145957 -1.436954
v 0.330217 -1.145957 -1.308955
v -0.696793 -1.145957 -1.414454
v -0.696793 -1.145957 -1.414454
v -0.238104 -1.147957 -0.870802
v -0.251510 -1.147957 -0.334602
v -0.429783 -1.147957 -0.358954
v -0.025338 -1.147957 -1.009062
v 0.315217 -1.147957 -1.029955
v 0.108046 -1.147957 -1.162909
v -0.157849 -1.147957 -1.020769
v -0.250894 -1.147957 -1.018576
v 0.215906 -1.147957 -0.849797
v 0.184662 -1.147957 -0.847569
v 0.947967 -1.147957 -1.484852
v -0.127995 -1.147957 -0.941076
v 0.047283 -1.147957 -1.017621
v -0.008260 -1.147957 -1.020457
v 0.024714 -1.147957 -1.014652
v -0.010269 -1.147957 -0.983559
v 0.148197 -1.147957 -1.014120
v 0.247543 -1.147957 -1.013177
v 0.593967 -1.147957 -1.736955
v 0.475217 -1.147957 -1.735455
v -0.232783 -1.147957 -1.730955
v -0.437283 -1.147957 -0.552945
v -0.322283 -1.147957 -1.042945
v 0.952467 -1.147957 -1.234852
v -0.709783 -1.147957 -0.750954
v -0.442773 -1.147957 -0.728454
v -0.444783 -1.147957 -0.735954
v -0.189106 -1.147957 -0.791076
v -0.173168 -1.147957 -0.790955
v -0.169648 -1.147957 -0.791423
v -0.116449 -1.147957 -0.857812
v -0.233099 -1.147957 -0.859236
v -0.696792 -1.147957 -0.547454
v 0.031328 -1.147957 -0.358955
v 0.430217 -1.147957 -0.358955
v 0.241614 -1.147957 -0.228705
v -0.817283 -1.147957 -0.454945
v -0.519783 -1.147957 -1.142954
v -0.619783 -1.147957 -1.142954
v -0.809783 -1.147957 -1.240954
v -0.546158 -1.147957 -1.210954
v 0.162633 -1.147957 -0.862025
v 0.118149 -1.147957 -0.855219
v 0.174056 -1.147957 -0.843613
v -0.619783 -1.147957 -0.946954
v 0.050217 -1.147957 -0.456955
v 0.031328 -1.147957 -0.456954
v -0.062773 -1.147957 -0.434455
v -0.213302 -1.147957 -0.950720
v -0.138014 -1.147957 -0.869954
v -0.106532 -1.147957 -0.943298
v -0.080370 -1.147957 -0.869637
v -0.017339 -1.147957 -0.948755
v -0.080859 -1.147957 -0.868339
v -0.619783 -1.147957 -1.044954
v -0.817283 -1.147957 -1.042945
v -0.953680 -1.147957 -0.978704
v -0.945886 -1.147957 -0.978704
v -0.048359 -1.147957 -1.163281
v -0.060338 -1.147957 -1.130868
v -0.057702 -1.147957 -1.148358
v -0.087835 -1.147957 -1.098531
v 0.018203 -1.147957 -1.105399
v 0.086441 -1.147957 -1.100026
v 0.089714 -1.147957 -1.164652
v 0.086328 -1.147957 -1.101562
v 0.063207 -1.147957 -1.233455
v -0.049783 -1.147957 -1.308955
v -0.437283 -1.147957 -1.140945
v -0.185861 -1.147957 -1.099945
v -0.314783 -1.147957 -1.225955
v -0.181680 -1.147957 -1.095539
v -0.181450 -1.147957 -1.094114
v -0.185894 -1.147957 -1.100503
v -0.185864 -1.147957 -1.101402
v -0.149470 -1.147957 -1.090955
v -0.164349 -1.147957 -1.090955
v -0.632773 -1.147957 -1.610454
v 0.817717 -1.147957 -0.526964
v -0.031225 -1.147957 -0.843594
v -0.022072 -1.147957 -0.796463
v -0.062773 -1.147957 -0.728455
v -0.100130 -1.147957 -0.799184
v -0.519783 -1.147957 -0.652954
v -0.818193 -1.147957 -0.723534
v -0.817283 -1.147957 -0.722964
v -0.822773 -1.147957 -0.630454
v 0.255217 -1.147957 -0.539955
vn -1.0000 -0.0000 -0.0000
vn 0.8660 -0.0000 0.5000
vn 0.9659 -0.0000 0.2588
vn 0.8660 -0.0000 -0.5000
vn 1.0000 -0.0000 -0.0000
vn -0.7071 -0.0000 0.7071
vn -0.8660 -0.0000 0.5000
vn -0.1305 -0.0000 0.9914
vn 0.1305 -0.0000 0.9914
vn -0.9659 -0.0000 0.2588
vn -0.0000 -1.0000 -0.0000
vn -0.2588 -0.0000 -0.9659
vn -0.1305 -0.0000 -0.9914
vn -0.5000 -0.0000 0.8660
vn -0.2588 -0.0000 0.9659
vn -0.1305 -0.0001 -0.9914
vn 0.1305 -0.0001 -0.9914
vn -0.5000 -0.0000 -0.8660
vn -0.9994 -0.0000 -0.0350
vn -0.4299 0.9023 0.0308
vn -0.9829 0.0231 0.1829
vn -0.3357 -0.0000 0.9420
vn -0.2128 -0.0000 0.9771
vn -0.1305 0.0001 0.9914
vn -1.0000 0.0001 -0.0000
vn -1.0000 -0.0001 -0.0000
vn -0.0000 -0.0000 1.0000
vn -0.5370 -0.0000 0.8436
vn -0.7221 -0.0000 0.6918
vn -0.7220 -0.0000 0.6919
vn 0.7072 -0.0000 -0.7071
vn 0.7072 -0.0000 -0.7070
vn 0.1305 -0.0000 -0.9914
vn 0.7071 -0.0000 -0.7071
vn 0.2588 -0.0000 0.9659
vn 0.7074 -0.0000 0.7068
vn 0.4930 -0.0000 0.8700
vn -0.8660 -0.0000 -0.5000
vn -0.7071 -0.0000 -0.7071
vn -0.7070 -0.0000 -0.7072
vn -0.9412 -0.0000 0.3380
vn -0.9992 -0.0000 0.0410
vn -0.9411 -0.0000 0.3380
vn -0.9659 -0.0000 -0.2588
vn -0.0000 1.0000 -0.0001
vn -0.0000 1.0000 0.0002
vn -0.0000 1.0000 0.0003
vn -0.4208 -0.0000 -0.9071
vn -0.0932 -0.0000 -0.9957
vn -0.5934 -0.0000 0.8049
vn -0.6008 -0.0000 0.7994
vn 0.9659 -0.0000 -0.2588
vn 0.2361 -0.0001 -0.9717
vn 0.4084 -0.0000 -0.9128
vn 0.4083 -0.0000 -0.9128
vn 0.2588 -0.0000 -0.9659
vn 0.5000 -0.0000 -0.8660
vn 0.2589 -0.0000 -0.9659
vn -0.0000 1.0000 -0.0000
vn -0.8552 -0.0000 0.5183
vn -0.5520 -0.0000 0.8338
vn 0.9957 -0.0000 -0.0921
vn 0.9766 -0.0000 0.2151
vn 0.9185 -0.0000 0.3955
vn 0.8178 -0.0000 0.5755
vn -0.8061 -0.0000 0.5917
vn -0.5759 -0.0000 0.8175
vn -0.8582 -0.0000 0.5132
vn -0.8582 -0.0000 0.5133
vn -0.5960 -0.0000 -0.8030
vn -0.8607 -0.0000 -0.5092
vn 0.5000 -0.0000 0.8660
vn 0.9659 -0.0000 0.2589
vn 0.9024 -0.0000 -0.4308
vn 0.9946 -0.0000 -0.1042
vn -0.0231 -0.0000 -0.9997
vn -0.2703 -0.0000 -0.9628
vn -0.5882 -0.0000 -0.8087
vn -0.6817 -0.0000 -0.7316
vn -0.4684 0.0002 -0.8835
vn -0.4281 -0.0016 -0.9037
vn -0.4283 0.0016 -0.9036
vn -0.0000 -0.0000 -1.0000
vn 0.7071 -0.0000 -0.7072
vn -0.9840 -0.0000 -0.1781
vn -0.8313 -0.0000 -0.5558
vn -0.9984 -0.0000 0.0564
vn -0.9431 -0.0000 -0.3324
vn 0.4695 -0.0000 -0.8830
vn 0.8116 -0.0000 -0.5843
vn -0.5580 -0.0000 0.8299
vn -0.8851 -0.0000 0.4654
vn -0.5579 -0.0000 0.8299
vn -0.3848 -0.0000 -0.9230
vn -0.5264 -0.0000 -0.8502
vn 1.0000 -0.0000 -0.0078
vn 0.9844 -0.0000 0.1761
vn 0.2589 -0.0000 0.9659
vn -0.4182 -0.0000 0.9084
vn -0.6447 -0.0000 0.7645
vn -0.4181 -0.0000 0.9084
vn -0.9735 -0.0000 0.2287
vn -0.9985 -0.0000 0.0539
vn 0.7071 -0.0000 0.7071
vn -0.5404 -0.0000 0.8414
vn -0.6606 -0.0000 0.7507
vn -0.5403 -0.0000 0.8414
vn -0.8397 -0.0000 -0.5431
vn -0.6862 -0.0000 -0.7274
vn -0.8013 -0.0000 -0.5983
vn -0.4149 -0.0000 -0.9099
vn -0.8013 -0.0000 -0.5982
vn 0.8748 -0.0000 -0.4844
vn -0.9847 -0.0000 0.1742
vn -0.8308 -0.0000 0.5566
vn 0.9662 -0.0000 0.2576
vn -0.9337 -0.0000 -0.3579
vn -0.6683 -0.0000 -0.7439
vn -0.9337 -0.0000 -0.3580
vn -0.7072 -0.0000 0.7071
vn -0.0001 1.0000 -0.0000
vn -0.0000 1.0000 -0.0002
vn -0.8060 -0.0000 -0.5919
vn -0.4208 -0.0000 -0.9072
vn 0.8891 -0.0000 -0.4577
vn 0.9963 -0.0000 -0.0864
vn 0.9974 -0.0000 0.0717
vn 0.9437 -0.0000 0.3308
vn -0.1305 0.0001 -0.9914
vn -0.5000 -0.0001 -0.8660
vn -0.5521 -0.0000 0.8338
vn -0.3468 -0.0000 0.9379
vn 0.3992 -0.0000 -0.9169
vn -0.0408 -0.0000 0.9992
vn 0.2106 -0.0000 0.9776
vn 0.2107 -0.0000 0.9776
vn -0.4696 -0.0000 0.8829
vn -0.2809 -0.0000 0.9597
vn -0.9237 -0.0000 -0.3831
vn -0.6949 -0.0000 -0.7191
vn -0.6578 -0.0000 0.7532
vn 0.6368 -0.0000 -0.7710
vn -0.7071 -0.0000 -0.7072
vn -0.9272 -0.0000 -0.3746
vn -1.0000 -0.0000 0.0045
vn -0.6447 -0.0000 0.7644
vn -0.8988 -0.0000 0.4384
vn -0.7364 -0.0000 -0.6766
vn -0.7364 -0.0000 -0.6765
vn 0.9957 -0.0000 0.0925
vn -0.0847 -0.0000 -0.9964
vn 0.0899 -0.0000 -0.9960
vn -0.0847 0.0001 -0.9964
vn -0.6854 -0.0000 0.7281
vn -0.9193 -0.0000 0.3935
vn 0.9019 -0.0000 0.4320
vn 0.9998 -0.0000 0.0221
vn 0.6589 -0.0000 0.7522
vn 0.9072 -0.0000 0.4207
vn 0.6589 -0.0000 0.7523
vn -0.2493 -0.0000 0.9684
vn -0.4042 -0.0000 0.9147
vn -0.9986 -0.0000 0.0538
vn -0.9546 -0.0000 -0.2978
vn -0.9985 -0.0000 0.0538
vn 0.8994 -0.0000 -0.4372
vn 1.0000 -0.0000 0.0033
vn -0.2506 -0.0000 -0.9681
vn -0.4361 -0.0000 -0.8999
vn -0.4360 -0.0000 -0.8999
vn 0.9355 -0.0000 0.3534
vn 0.9186 -0.0000 0.3952
vn 0.9989 -0.0000 -0.0479
vn 0.9233 -0.0000 0.3841
vn -0.0613 -0.0000 0.9981
vn 0.0917 -0.0000 0.9958
vn 0.5707 -0.0000 0.8212
vn 0.5669 -0.0000 0.8238
vn 0.9271 -0.0000 0.3749
vn 0.8053 -0.0000 0.5929
vn 0.9999 -0.0000 0.0107
vn 0.9719 -0.0000 0.2354
vn -0.9815 -0.0037 -0.1914
vn -0.8606 -0.0000 -0.5092
vn -0.0000 1.0000 0.0001
vn -0.3297 -0.0000 0.9441
vn -0.3226 -0.0000 0.9465
vn 0.8616 -0.0000 0.5075
vn 0.9843 -0.0000 0.1765
vn 0.9843 -0.0000 0.1764
vn 0.9951 -0.0000 -0.0992
vn 0.9951 -0.0000 -0.0993
vn -0.7071 -0.0001 0.7071
vn -1.0000 -0.0000 0.0032
vn -0.9402 -0.0000 -0.3405
vn -0.1305 -0.0001 0.9914
vn 0.1305 -0.0001 0.9914
vn -0.9797 -0.0000 0.2007
vn -0.9410 -0.0000 0.3383
vn -0.9995 -0.0000 0.0324
vn -0.9834 -0.0000 -0.1816
vn 0.9914 -0.0000 0.1305
vn -0.9629 -0.0000 -0.2698
vn 0.9537 -0.0000 -0.3008
vn -0.0000 1.0000 -0.0003
vn -0.5625 -0.0000 -0.8268
vn -0.8530 -0.0000 -0.5219
vn -0.5626 -0.0000 -0.8267
vn 0.4166 -0.0000 0.9091
vn 0.0696 -0.0000 0.9976
vn -0.9858 -0.0000 -0.1677
vn -0.9932 -0.0000 0.1163
vn -0.2588 -0.0001 0.9659
vn 0.5000 0.0001 0.8660
vn -0.7072 -0.0000 -0.7071
vn 0.8004 -0.0000 0.5994
vn 0.4390 -0.0000 0.8985
vn 0.8004 -0.0000 0.5995
vn -0.4662 -0.0000 -0.8847
vn -0.0149 -0.0000 -0.9999
vn -0.7950 -0.0000 0.6066
vn 1.0000 -0.0000 0.0098
vn 0.9726 -0.0000 0.2323
vn 0.6817 -0.0000 -0.7316
vn 0.5849 -0.0000 -0.8111
vn 0.8337 -0.0000 0.5523
vn 0.9863 -0.0000 0.1648
vn 0.8336 -0.0000 0.5523
vn 0.8456 -0.0000 0.5339
vn 0.9838 0.0192 0.1783
vn 0.7071 -0.0001 0.7071
vn -0.3899 -0.0000 -0.9208
vn -0.1874 -0.0000 -0.9823
vn 0.1305 0.0001 0.9914
vn 0.5000 -0.0001 0.8660
vn 0.7410 -0.0000 -0.6716
vn 0.9277 -0.0000 -0.3733
vn 0.9906 -0.0000 -0.1365
vn -0.5792 -0.0000 0.8152
vn -0.8932 -0.0000 0.4497
vn 0.2278 -0.0000 -0.9737
vn 0.4156 -0.0000 -0.9095
vn 0.5298 -0.0000 -0.8481
vn 0.6760 -0.0000 -0.7369
vn 0.6466 -0.0000 -0.7628
vn 0.4349 -0.0000 -0.9005
vn -0.9507 -0.0000 0.3101
vn -0.8637 -0.0000 0.5040
vn 0.9914 -0.0000 -0.1305
vn 0.6197 -0.0066 0.7848
vn 0.8568 -0.0000 0.5156
vn 0.6197 -0.0000 0.7848
vn 0.9273 -0.0000 -0.3744
vn 1.0000 -0.0000 0.0044
vn -0.8431 -0.0000 -0.5378
vn 0.7961 -0.0000 -0.6052
vn -0.9998 -0.0000 -0.0214
vn -0.9008 -0.0000 0.4343
vn -0.7016 -0.0000 0.7126
vn -0.4469 -0.0000 0.8946
vn -0.7015 -0.0000 0.7126
vn 0.9659 -0.0000 -0.2589
vn -0.9962 -0.0000 -0.0870
vn 0.1305 0.0001 -0.9914
vn -0.9999 -0.0000 -0.0103
vn -0.8827 -0.0000 -0.4700
vn 0.9659 0.0001 0.2588
vn -0.5000 -0.0001 0.8660
vn 0.8116 -0.0000 -0.5842
vn -0.5890 -0.0000 0.8081
vn -0.5510 -0.0000 0.8345
vn -0.5980 -0.0000 0.8015
vn -0.6854 -0.0000 0.7282
vn 0.9973 -0.0000 -0.0729
vn 0.9338 -0.0000 -0.3579
vn 0.3092 -0.0000 0.9510
vn 0.2944 -0.0000 0.9557
vn 0.9669 -0.0000 -0.2550
vn 0.9669 -0.0000 -0.2551
vn 0.2560 -0.0000 0.9667
vn 0.0815 -0.0000 -0.9967
vn -0.1104 -0.0000 -0.9939
vn 0.9952 -0.0000 0.0980
vn -0.5627 -0.0000 0.8267
vn -0.7305 -0.0000 0.6829
vn 0.7262 -0.0000 -0.6874
vn -0.0000 -0.0001 1.0000
vn -0.9297 -0.0000 0.3682
vn -0.8059 -0.0000 0.5920
vn -0.8525 -0.0000 0.5227
vn -0.5900 -0.0000 0.8074
vn -0.5195 -0.0000 -0.8545
vn -0.3328 -0.0000 -0.9430
vn -0.5194 -0.0000 -0.8545
vn -0.5000 0.0001 0.8660
vn 0.8385 -0.0000 0.5449
vn 0.8386 -0.0000 0.5448
vn -0.9700 -0.0000 0.2431
vn 0.1723 -0.0000 -0.9850
vn 0.3322 -0.0000 -0.9432
vn 0.1723 -0.0000 -0.9851
vn 0.0864 -0.0000 -0.9963
vn -0.0943 -0.0000 -0.9955
vn 0.3144 -0.0000 0.9493
vn 0.4425 -0.0000 0.8968
vn 0.3143 -0.0000 0.9493
vn -0.7959 -0.0000 -0.6054
vn -0.7071 -0.0001 -0.7071
vn 0.3577 -0.0000 0.9338
vn 0.5197 -0.0000 0.8543
vn 0.3576 -0.0000 0.9339
vn 0.7298 -0.0000 -0.6837
vn 0.5606 -0.0000 -0.8281
vn 0.9659 0.0001 -0.2588
vn -0.9979 -0.0000 0.0654
vn -0.9332 -0.0000 0.3594
vn -0.2227 -0.0000 0.9749
vn 0.8617 -0.0000 0.5075
vn 0.9761 -0.0000 0.2172
vn 0.9404 -0.0000 -0.3401
vn -0.9526 -0.0000 0.3044
vn 0.7070 -0.0000 -0.7072
vn 0.9702 -0.0000 0.2424
vn 0.8771 -0.0000 0.4803
vn 0.9986 -0.0000 0.0531
vn -0.9988 -0.0000 -0.0486
vn -0.9687 -0.0000 -0.2481
vn 0.8569 -0.0000 0.5156
vn 0.9574 -0.0000 0.2888
vn 0.5727 -0.0000 0.8198
vn 0.4455 -0.0000 0.8953
vn -0.4746 -0.0000 -0.8802
vn -0.4746 0.0001 -0.8802
vn -0.9201 -0.0000 -0.3917
vn -0.9966 -0.0000 -0.0822
vn 0.2589 -0.0001 -0.9659
vn -0.8078 -0.0000 -0.5895
vn -0.4336 -0.0000 -0.9011
vn -0.3715 -0.0000 -0.9284
vn 0.9111 -0.0000 -0.4122
vn -0.8748 -0.0000 -0.4844
vn -0.6368 -0.0000 -0.7710
vn 0.8749 -0.0000 -0.4844
vn 0.5284 -0.0000 -0.8490
vn 0.6785 -0.0000 -0.7346
vn 0.5283 -0.0000 -0.8490
vn 0.6133 -0.0000 0.7898
vn 0.6133 -0.0000 0.7899
vn 0.3200 -0.0019 0.9474
vn 0.4379 -0.0020 0.8990
vn 0.2418 -0.0066 0.9703
vn 0.8135 -0.0000 0.5816
vn 0.6641 -0.0000 0.7476
vn 0.8660 -0.0000 0.5001
vn -0.4532 -0.0000 -0.8914
vn 0.5000 -0.0001 -0.8660
vn -0.0000 0.4472 0.8944
vn 0.8402 -0.0000 -0.5423
vn 0.8402 -0.0000 -0.5424
vn -0.8391 -0.0000 -0.5440
vn -0.9454 -0.0000 -0.3258
vn 0.8337 -0.0000 0.5522
vn -0.9656 -0.0000 0.2599
vn -0.9983 -0.0000 0.0583
vn -0.9999 -0.0000 0.0109
vn -0.9701 -0.0000 0.2425
vn -0.4481 -0.0000 -0.8940
vn 0.0627 -0.0000 0.9980
vn 0.7071 -0.0000 0.7072
vn 0.6152 -0.0000 -0.7883
vn 0.6153 -0.0000 -0.7883
vn 0.7262 -0.0000 -0.6875
vn 0.4413 -0.0000 0.8973
vn 0.7501 -0.0000 0.6613
vn 0.4413 -0.0000 0.8974
vn 0.0075 -0.0000 -1.0000
vn -0.6450 -0.0000 0.7641
vn -0.3969 -0.0000 0.9178
vn -0.6451 -0.0000 0.7641
vn 0.9841 -0.0000 0.1774
vn 0.8395 -0.0000 0.5433
vn -0.0000 -0.0001 -1.0000
vn 0.8128 -0.0000 0.5826
vn 0.4296 -0.0000 0.9030
vn 0.8127 -0.0000 0.5826
vn 0.4037 -0.0000 0.9149
vn 0.2107 0.0001 0.9776
vn -0.2589 0.0001 -0.9659
vn -0.5933 -0.0000 0.8050
vn -0.8550 -0.0000 0.5186
vn -0.4209 -0.0000 -0.9071
vn -0.2572 -0.0000 0.9664
vn -0.5480 -0.0000 0.8365
vn -0.5479 -0.0000 0.8365
vn -0.6368 -0.0000 -0.7711
vn 0.9184 -0.0000 0.3955
vn -0.9981 -0.0000 0.0620
vn -0.9693 -0.0000 -0.2458
vn 0.6953 -0.0000 -0.7187
vn 0.8386 -0.0000 -0.5447
vn 0.6564 -0.0000 -0.7544
vn 0.8793 0.0124 -0.4761
vn 0.7693 -0.0000 -0.6389
vn 0.8987 -0.0000 -0.4386
vn 0.7818 -0.0000 -0.6235
vn 0.9749 -0.0000 -0.2225
vn 0.8573 -0.0000 0.5149
vn -0.6458 0.0059 -0.7635
vn -0.7473 -0.0000 -0.6645
vn -0.6396 -0.0000 -0.7687
vn -0.8897 -0.0000 -0.4566
vn -0.9560 -0.0000 -0.2934
vn -0.8884 -0.0000 -0.4592
vn 0.9972 0.0726 0.0162
vn 0.9957 0.0925 -0.0000
vn -0.9356 -0.0000 0.3532
vn 0.2918 -0.0000 0.9565
vn 0.1872 -0.0000 0.9823
vn 0.4139 -0.0000 -0.9103
vn 0.1722 -0.0000 -0.9851
vn 0.3329 -0.0000 -0.9429
vn 0.6166 -0.0000 -0.7872
vn 0.3328 -0.0000 -0.9430
vn -0.6448 -0.0000 0.7644
vn -0.5943 -0.0000 0.8042
vn -0.8901 -0.0000 0.4557
vn 0.6333 -0.0000 0.7739
vn 0.8776 -0.0000 0.4795
vn 0.6466 -0.0000 -0.7629
vn 0.4348 -0.0000 -0.9005
vn 0.9239 -0.0000 0.3827
vn 0.9671 -0.0000 -0.2543
vn -0.7215 -0.0000 0.6924
vn -0.9377 -0.0000 0.3476
vn 0.6958 -0.0000 0.7182
vn 0.9798 -0.0000 -0.1999
vn 1.0000 -0.0000 0.0034
vn 0.8993 -0.0000 -0.4372
vn -0.8861 -0.0000 -0.4634
vn 0.7754 -0.0000 0.6315
vn 0.9610 -0.0000 0.2767
vn 0.7753 -0.0000 0.6315
vn 0.8660 -0.0001 0.5000
vn 0.2485 -0.0000 0.9686
vn 0.1601 -0.0001 0.9871
vn -0.0623 -0.0000 -0.9981
vn -0.9991 -0.0000 -0.0425
vn -0.9772 -0.0000 -0.2125
vn -0.8530 -0.0000 -0.5220
vn 0.6300 -0.0000 -0.7766
vn 0.8986 -0.0000 -0.4387
vn 0.9818 0.0074 -0.1900
vn 0.8834 -0.0000 -0.4686
vn 0.9772 -0.0000 -0.2125
vn 0.4367 -0.0000 0.8996
vn 0.7753 -0.0000 0.6316
vn 0.9374 -0.0000 0.3482
vn -0.0744 -0.0000 0.9972
vn -0.2915 -0.0000 0.9566
vn -0.0711 -0.0047 0.9975
vn 0.3906 -0.0000 -0.9205
vn 0.7389 -0.0000 -0.6738
vn 0.3906 -0.0000 -0.9206
vn 0.9984 -0.0000 -0.0566
vn 0.9989 -0.0000 0.0477
vn -0.2587 0.0001 -0.9659
vn -0.9804 0.0068 0.1969
vn -0.8778 -0.0000 0.4791
vn -0.9761 -0.0000 0.2173
vn 0.8987 -0.0000 -0.4385
vn -0.0000 1.0000 -0.0004
vn 0.9999 -0.0000 -0.0146
vn 0.8921 -0.0000 0.4518
vn -0.6522 -0.0000 -0.7580
vn -0.0000 -1.0000 -0.0001
vn 0.7207 -0.0000 0.6932
vn 0.3976 -0.0000 0.9175
vn -0.9990 -0.0000 0.0437
vn -0.9755 -0.0000 -0.2201
vn 0.9972 -0.0000 -0.0751
vn -0.9811 -0.0000 -0.1936
vn 0.6701 -0.0000 0.7423
vn 0.6700 -0.0000 0.7423
vn -0.1639 -0.0000 0.9865
vn -0.0022 -0.0000 1.0000
vn -0.9546 -0.0000 -0.2979
vn -0.9194 -0.0000 0.3934
vn -0.9993 -0.0000 0.0377
vn -0.6500 -0.0000 -0.7599
vn -0.4696 -0.0000 -0.8829
vn 0.6615 -0.0000 -0.7500
vn 0.4471 -0.0000 -0.8945
vn 0.6614 -0.0000 -0.7500
vn -0.3992 -0.0000 -0.9169
vn 0.9378 -0.0000 0.3471
vn 0.7704 -0.0000 0.6376
vn 0.7703 -0.0000 0.6376
vn 0.7838 -0.0000 0.6210
vn 0.0461 -0.0000 0.9989
vn 0.1586 -0.0000 0.9873
vn -0.6450 -0.0000 0.7642
vn -0.3970 -0.0000 0.9178
vn -0.9834 -0.0000 0.1814
vn -0.9834 -0.0018 0.1814
vn -0.2872 -0.0000 -0.9579
vn -0.1346 -0.0000 -0.9909
vn 0.2361 -0.0000 -0.9717
vn 0.7208 -0.0000 0.6932
vn -0.7216 -0.0000 0.6924
vn -0.9638 -0.0000 -0.2666
vn -0.8199 -0.0000 -0.5725
vn -0.4632 -0.0000 -0.8862
vn -0.9914 -0.0000 -0.1305
vn 0.8614 -0.0000 -0.5079
vn 0.9380 -0.0000 -0.3467
vn -0.7426 -0.0000 0.6698
vn -0.7438 -0.0000 0.6685
vn -0.9762 -0.0000 0.2167
vn -0.9980 -0.0000 0.0630
vn -0.7258 -0.0000 -0.6879
vn -0.8438 -0.0000 -0.5367
vn -0.7734 -0.0000 -0.6340
vn -0.3962 -0.0000 -0.9181
vn -1.0000 -0.0000 -0.0024
vn -0.9829 0.0048 0.1838
vn -0.8404 -0.0000 0.5419
vn -0.8404 -0.0000 0.5420
vn 0.9909 -0.0000 -0.1343
vn 1.0000 -0.0000 -0.0074
vn 0.7853 -0.0000 0.6192
vn 0.9873 -0.0000 0.1589
vn 0.9965 -0.0000 -0.0834
vn -0.0600 -0.0000 -0.9982
vn 0.2209 -0.0000 -0.9753
vn 0.9240 -0.0000 -0.3824
vn 0.2484 -0.0000 0.9686
vn 0.1601 -0.0000 0.9871
vn 0.2588 -0.0001 -0.9659
vn 0.8661 -0.0000 -0.4999
vn 0.3907 -0.0000 -0.9205
vn 0.8385 -0.0000 0.5448
vn 0.9971 -0.0000 0.0763
vn 0.9850 -0.0000 -0.1724
vn 0.8127 -0.0000 0.5827
vn -0.9638 -0.0000 -0.2665
vn 0.6756 -0.0000 -0.7372
vn 0.5533 -0.0000 -0.8330
vn 0.6756 -0.0000 -0.7373
vn 0.3759 -0.0000 -0.9266
vn 0.5422 -0.0000 -0.8402
vn 0.6428 -0.0000 -0.7661
vn 0.8993 -0.0000 -0.4373
vn 0.6427 -0.0000 -0.7661
vn -0.5752 -0.0000 0.8180
vn -0.2104 -0.0000 -0.9776
vn -0.0190 -0.0000 -0.9998
vn -0.2103 -0.0000 -0.9776
vn -0.9830 -0.0231 0.1822
vn 0.1617 -0.0000 -0.9868
vn -0.0932 -0.0000 -0.9956
vn 0.5704 -0.0000 -0.8213
vn 0.7479 -0.0000 -0.6638
vn 0.5704 -0.0000 -0.8214
vn 0.4436 -0.0000 -0.8962
vn -0.4139 -0.0000 -0.9103
vn -0.1772 -0.0000 -0.9842
vn -0.1773 -0.0000 -0.9842
vn 0.2129 -0.0000 -0.9771
vn -0.9693 -0.0000 -0.2457
vn -0.0000 0.0001 1.0000
vn -0.6783 -0.0000 -0.7348
vn -0.5355 -0.0000 -0.8445
vn -0.5355 -0.0000 -0.8446
vn 0.9969 -0.0000 -0.0787
vn 1.0000 -0.0000 -0.0004
vn 0.0929 -0.0000 -0.9957
vn -0.8206 -0.0000 0.5714
vn -0.8146 -0.0000 0.5800
vn -0.8206 -0.0000 0.5715
vn -0.0000 -1.0000 0.0003
vn 0.8672 -0.0000 0.4979
vn 0.9663 -0.0000 0.2576
vn -0.9729 -0.0000 -0.2310
vn -0.0924 -0.0000 -0.9957
vn -0.9838 -0.0000 -0.1795
vn 0.7818 -0.0000 0.6235
vn 0.4339 -0.0000 0.9010
vn 0.0523 -0.0000 -0.9986
vn -0.1028 -0.0000 -0.9947
vn -0.7353 -0.0000 -0.6777
vn -0.8627 -0.0000 -0.5058
vn 0.6368 -0.0000 -0.7711
vn -0.2588 -0.0001 -0.9659
vn -0.9730 -0.0000 0.2306
vn -0.9731 -0.0000 0.2306
vn 0.9522 -0.0000 0.3055
vn 0.7329 -0.0000 0.6803
vn 0.9522 -0.0000 0.3056
vn 0.6573 -0.0000 -0.7537
vn 0.7920 -0.0000 -0.6105
vn 0.6572 -0.0000 -0.7537
vn 0.7709 -0.0000 0.6369
vn 0.9401 -0.0000 0.3408
vn 0.2679 -0.0000 -0.9634
vn -0.8146 -0.0000 0.5801
vn -0.7316 -0.0000 0.6817
vn -0.9918 -0.0000 -0.1278
vn -0.7642 -0.0000 0.6450
vn -0.7569 -0.0000 0.6535
vn -0.7643 -0.0000 0.6449
vn -0.9848 -0.0000 -0.1734
vn 0.1434 -0.0000 -0.9897
vn -0.0832 -0.0000 -0.9965
vn -0.0833 -0.0000 -0.9965
vn 0.9651 -0.0000 -0.2619
vn -0.2628 -0.0000 0.9649
vn -0.0191 -0.0000 0.9998
vn -0.0190 -0.0001 0.9998
vn 0.9642 -0.0000 -0.2653
vn 0.9992 -0.0000 -0.0411
vn 0.3827 -0.0000 0.9239
vn -0.2913 -0.0000 0.9566
vn -0.3435 -0.0000 -0.9392
vn -0.0000 -1.0000 0.0006
vn 0.7960 -0.0000 -0.6053
vn -0.9914 -0.0000 0.1305
vn -0.9938 -0.0000 -0.1108
vn -0.9822 -0.0000 -0.1879
vn -0.9993 -0.0000 0.0378
vn -0.9730 -0.0000 -0.2310
vn -0.4531 -0.0000 -0.8914
vn 0.4790 0.0003 0.8778
vn 0.4811 -0.0000 0.8767
vn 0.0989 -0.0000 0.9951
vn -0.5626 -0.0000 -0.8268
vn 0.3577 -0.0000 0.9339
vn -0.2573 -0.0000 0.9663
vn -0.8378 -0.0000 -0.5459
vn -0.9712 -0.0000 -0.2383
vn 0.9993 -0.0000 -0.0386
vn 0.9477 -0.0000 0.3193
vn 0.9993 -0.0000 -0.0387
vn -0.2386 -0.0000 -0.9711
vn -0.3099 -0.0000 -0.9508
vn -0.2383 -0.0000 -0.9712
vn 0.9717 -0.0000 0.2364
vn 0.7268 -0.0000 0.6869
vn 0.9849 -0.0000 -0.1733
vn 0.8834 -0.0000 -0.4687
vn 0.6221 -0.0000 0.7829
vn 0.3963 -0.0000 0.9181
vn 0.5310 -0.0000 -0.8474
vn 0.6849 -0.0000 -0.7286
vn 0.6124 -0.0000 -0.7905
vn -0.9691 -0.0000 0.2468
vn -0.9691 -0.0000 0.2469
vn 0.9850 -0.0000 -0.1723
vn 0.9999 -0.0000 -0.0101
vn 0.9454 -0.0000 -0.3258
vn 0.4261 -0.0051 0.9047
vn 0.4269 0.0051 0.9043
vn -0.2525 -0.0000 0.9676
vn -0.5976 -0.0000 0.8018
vn -0.1306 -0.0000 0.9914
vn 0.9402 -0.0000 0.3408
vn 0.9956 -0.0000 0.0941
vn 0.0693 -0.0000 0.9976
vn -0.1771 -0.0000 0.9842
vn 0.8130 -0.0000 0.5823
vn 0.4267 -0.0000 0.9044
vn -0.7250 -0.0000 -0.6887
vn 1.0000 0.0001 -0.0000
vn -0.8793 -0.0000 -0.4762
vn -0.8793 -0.0000 -0.4763
vn -0.1607 -0.0000 0.9870
vn -0.2960 0.0001 0.9552
vn 0.6950 -0.0000 0.7190
vn 0.6949 -0.0000 0.7191
vn 0.2634 -0.0000 -0.9647
vn 0.5112 -0.0000 -0.8595
vn -1.0000 -0.0000 0.0047
vn -0.9973 -0.0000 0.0730
vn -0.9742 -0.0000 -0.2258
vn 0.5958 -0.0000 0.8031
vn 0.3209 -0.0000 0.9471
vn -0.7960 -0.0000 -0.6053
vn -0.5448 -0.0000 0.8386
vn -0.9659 -0.0000 -0.2589
vn -0.8916 -0.0000 -0.4529
vn -0.9042 -0.0000 -0.4272
vn -0.4086 -0.0000 -0.9127
vn -0.0000 -1.0000 0.0001
vn 0.3976 -0.0000 0.9176
vn 0.2177 -0.0000 0.9760
vn -0.9994 -0.0000 -0.0351
vn -0.9990 -0.0384 0.0227
vn 0.7712 -0.0000 -0.6366
vn 0.2183 -0.0000 0.9759
vn 0.2182 -0.0000 0.9759
vn -0.4221 -0.0000 -0.9065
vn -0.7427 -0.0000 -0.6696
vn 0.9725 -0.0000 0.2329
vn 0.9221 -0.0000 -0.3868
vn 0.8070 -0.0000 -0.5905
vn -0.7543 -0.0000 -0.6565
vn 0.3321 -0.0000 -0.9432
vn 0.1722 0.0001 -0.9851
vn 0.2587 -0.0000 -0.9659
vn -0.6290 -0.0000 -0.7774
vn 0.9989 -0.0000 0.0464
vn 0.5726 -0.0000 0.8198
vn 0.5664 -0.0000 0.8241
vn 0.4295 -0.0000 0.9030
vn -0.9999 -0.0000 0.0130
vn -0.4271 -0.0000 -0.9042
vn 0.2588 -0.0001 0.9659
vn 0.9958 -0.0000 -0.0921
vn 0.6563 -0.0000 -0.7545
vn -0.7782 -0.0000 0.6281
vn 0.7071 0.0001 -0.7071
vn 0.9272 -0.0000 -0.3745
vn 1.0000 -0.0000 0.0045
vn -0.6448 -0.0000 -0.7643
vn -0.4948 -0.0000 -0.8690
vn -0.0000 -1.0000 0.0004
vn 0.6769 -0.0000 0.7360
vn -0.9838 -0.0009 -0.1794
vn -0.9860 -0.1669 0.0054
vn 0.7071 -0.0001 -0.7071
vn -0.9402 -0.0000 -0.3406
vn -0.5977 -0.0000 0.8017
vn -0.8025 -0.0000 0.5966
vn -0.2589 -0.0000 -0.9659
vn 0.6851 -0.0000 -0.7284
vn 0.4972 -0.0000 -0.8676
vn 0.5307 -0.0000 -0.8475
vn 0.7148 -0.0000 -0.6993
vn 0.5308 -0.0000 -0.8475
vn -0.7457 -0.0000 0.6663
vn -0.7456 -0.0000 0.6664
vn 0.1374 -0.0000 -0.9905
vn 0.2488 -0.0000 -0.9686
vn -0.8725 -0.0000 0.4886
vn -0.6151 -0.0000 0.7884
vn -0.4248 -0.0000 -0.9053
vn -0.9742 -0.0000 -0.2259
vn 0.1962 -0.0000 0.9806
vn 0.3136 -0.0000 0.9496
vn -0.8431 -0.0000 -0.5377
vn 0.1826 -0.0000 0.9832
vn 0.9269 -0.0000 0.3754
vn 0.7382 -0.0000 0.6746
vn 0.1456 -0.0179 -0.9892
vn 0.4886 -0.0000 -0.8725
vn 0.1455 -0.0000 -0.9894
vn -0.9193 -0.0000 0.3936
vn 0.0863 -0.0000 -0.9963
vn -0.5343 -0.0000 0.8453
vn -0.7071 -0.0000 0.7072
vn 0.4339 -0.0000 -0.9010
vn -0.9739 -0.0000 -0.2268
vn 0.6851 -0.0000 -0.7285
vn -0.9570 -0.0000 -0.2899
vn 1.0000 -0.0000 0.0018
vn -0.8660 -0.0001 0.5000
vn -0.7070 -0.0000 0.7072
vn 0.4181 -0.0073 -0.9084
vn 0.5297 -0.0171 -0.8480
vn -0.9852 -0.0000 0.1716
vn -0.9560 -0.0000 -0.2933
vn -0.1875 -0.0000 -0.9823
vn -0.0982 -0.0000 -0.9952
vn 0.4867 -0.0000 -0.8736
vn 0.4425 -0.0000 0.8967
vn 0.6754 -0.0000 0.7375
vn 0.9651 -0.0000 -0.2620
vn -0.2588 0.0001 0.9659
vn 0.5499 -0.0000 -0.8352
vn 0.7022 -0.0000 -0.7120
vn 0.5498 -0.0000 -0.8353
vn -0.9772 -0.0000 -0.2126
vn -0.0434 -0.0000 0.9991
vn -0.1076 -0.0000 0.9942
vn -0.8661 -0.0000 -0.5000
vn 0.9847 -0.0000 -0.1744
vn 0.9844 -0.0251 -0.1743
vn -0.9765 -0.0000 0.2157
vn -0.8405 -0.0000 0.5419
vn -0.1866 -0.0000 0.9824
vn 0.0940 -0.0000 0.9956
vn -0.9218 -0.0000 -0.3878
vn -0.5899 -0.0000 0.8075
vn -0.3758 -0.0000 0.9267
vn -0.5898 -0.0000 0.8075
vn -0.8737 -0.0000 -0.4865
vn -0.1085 -0.0000 -0.9941
vn -0.0501 -0.0000 -0.9987
vn -0.0502 -0.0000 -0.9987
vn 0.9965 0.0010 -0.0834
vn -0.8024 -0.0000 -0.5967
vn -0.8947 -0.0000 -0.4468
vn 0.6688 -0.0000 -0.7435
vn 0.9877 -0.0000 -0.1565
vn 0.9705 -0.0000 -0.2413
vn -0.6009 -0.0000 0.7993
vn -0.6847 -0.0000 0.7288
vn 0.5198 -0.0000 0.8543
vn 0.4028 -0.0000 0.9153
vn 0.1586 -0.0000 0.9874
vn 0.4027 -0.0000 0.9153
vn 0.8776 -0.0000 0.4794
vn 0.9993 -0.0000 0.0383
vn -0.6398 -0.0000 0.7685
vn -0.0051 -0.0184 0.9998
vn -0.0001 -0.0012 1.0000
vn -0.6392 -0.0000 0.7690
vn -0.5509 -0.0000 0.8346
vn -0.0651 -0.0000 -0.9979
vn 0.6134 -0.0000 0.7898
vn -0.9990 -0.0000 0.0455
vn -0.5356 -0.0000 -0.8445
vn -0.9204 -0.0000 -0.3910
vn -0.7821 -0.0000 0.6232
vn -0.7125 -0.0000 0.7017
vn -0.9041 -0.0000 -0.4272
vn -0.7736 -0.0000 -0.6337
vn -0.9041 -0.0000 -0.4273
vn 0.5665 -0.0000 0.8241
vn 0.9856 0.0074 -0.1688
vn 0.9992 -0.0007 0.0406
vn 0.9992 0.0007 0.0405
vn 0.8673 -0.0000 0.4978
vn -0.8660 -0.0000 0.5001
vn 0.7246 -0.0000 0.6892
vn 0.3613 -0.0000 0.9324
vn 0.7245 -0.0000 0.6893
vn 0.1120 -0.0000 0.9937
vn -0.4622 -0.0000 -0.8868
vn -0.9560 -0.0000 -0.2935
vn -0.2589 -0.0000 0.9659
vn -0.9571 -0.0000 -0.2899
vn 0.9121 -0.0000 -0.4100
vn -0.0660 -0.0000 0.9978
vn 0.3485 -0.0000 0.9373
vn 0.1430 -0.0000 0.9897
vn -0.6494 -0.0000 -0.7605
vn -0.6493 -0.0000 -0.7605
vn 0.9787 0.0088 -0.2049
vn 0.9154 0.0062 -0.4025
vn 0.9713 -0.0000 0.2380
vn 0.4181 -0.0000 -0.9084
vn -0.4247 -0.0000 -0.9053
vn 0.2567 -0.0000 -0.9665
vn 0.6200 -0.0000 -0.7846
vn 0.2339 -0.0000 -0.9723
vn 0.2339 -0.0000 -0.9722
vn -0.7479 -0.0000 0.6638
vn -0.7438 -0.0000 0.6684
vn -0.7425 -0.0000 0.6698
vn 0.9782 -0.0000 0.2075
vn 0.9779 0.0250 0.2075
vn -0.0409 -0.0000 0.9992
vn 0.2107 -0.0000 0.9775
vn 0.6428 -0.0000 -0.7660
vn -0.3979 -0.0000 0.9174
vn 0.8661 -0.0000 -0.5000
vn 0.3181 -0.0000 -0.9481
vn 0.3182 -0.0000 -0.9480
vn 0.7161 -0.0000 0.6980
vn 0.9713 -0.0000 -0.2380
vn 0.9968 -0.0000 -0.0800
vn 0.9713 -0.0000 -0.2381
vn -0.9355 -0.0000 -0.3534
vn -0.5984 -0.0000 0.8012
vn -0.8379 -0.0000 -0.5459
vn -0.8378 -0.0000 -0.5460
vn -0.2176 -0.0000 0.9760
vn -0.8661 -0.0000 -0.4999
vn 0.2178 -0.0000 0.9760
vn -0.9789 0.0020 0.2044
vn 0.4180 -0.0000 -0.9084
vn -0.4640 -0.0000 -0.8858
vn -0.4641 0.0001 -0.8858
vn -0.4187 -0.0000 -0.9081
vn -0.6301 -0.0000 -0.7765
vn -0.3384 -0.0000 0.9410
vn -0.2239 -0.0000 0.9746
vn 0.9841 -0.0000 0.1773
vn -0.2283 -0.0000 -0.9736
vn -0.7977 -0.0000 -0.6030
vn -0.9680 0.0037 -0.2511
vn -0.9994 -0.0000 0.0351
vn -0.9701 -0.0000 -0.2425
vn 0.2747 -0.0000 0.9615
vn -0.0000 0.0001 -1.0000
vn -0.0457 -0.0000 -0.9990
vn -0.7072 -0.0001 -0.7071
vn -0.6263 -0.0000 -0.7796
vn -0.5259 -0.0000 -0.8506
vn -0.6264 -0.0000 -0.7795
vn -0.9217 -0.0000 -0.3878
vn -0.3286 -0.0000 -0.9445
vn -0.4949 -0.0000 -0.8690
vn 0.8821 -0.0000 0.4710
vn 0.6458 -0.0000 0.7635
vn 0.1120 -0.0000 -0.9937
vn -0.9633 -0.0000 0.2684
vn -0.4852 -0.0000 0.8744
vn -0.9990 -0.0000 0.0454
vn 0.5335 -0.0000 0.8458
vn -0.4352 -0.0000 -0.9003
vn 0.9758 -0.0000 0.2187
vn 0.6687 -0.0000 -0.7435
vn 0.1981 -0.0000 0.9802
vn 0.0426 -0.0000 0.9991
vn 0.9072 -0.0000 0.4206
vn 0.9523 -0.0000 -0.3050
vn 0.9523 -0.0000 -0.3051
vn -0.2587 0.0001 -0.9660
vn 0.7409 -0.0000 -0.6716
vn 0.7072 -0.0000 0.7070
vn 0.8098 -0.0000 -0.5868
vn 0.8098 -0.0000 -0.5867
vn -0.3979 0.0001 0.9174
vn 0.6605 -0.0047 0.7509
vn -0.3403 -0.0000 0.9403
vn -0.2600 -0.0000 0.9656
vn 0.9749 -0.0000 0.2225
vn 0.9950 0.0029 -0.1001
vn 0.9950 -0.0000 -0.1001
vn 0.9967 -0.0000 -0.0813
vn 0.7071 0.0001 0.7071
vn 0.6722 -0.0000 0.7404
vn -0.1831 -0.0000 0.9831
vn 0.0154 -0.0000 0.9999
vn -0.1832 -0.0000 0.9831
vn -0.3963 -0.0000 -0.9181
vn -0.2213 -0.0000 -0.9752
vn 0.9972 0.0014 -0.0750
vn 0.9659 -0.0001 -0.2588
vn 0.8987 -0.0000 -0.4387
vn -0.3023 -0.0000 0.9532
vn -0.8916 -0.0000 -0.4528
vn 0.9365 -0.0000 -0.3507
vn -0.7240 -0.0000 -0.6898
vn -0.7238 -0.0000 -0.6900
vn 0.4141 -0.0000 0.9102
vn 0.1306 -0.0000 -0.9914
vn 0.5552 -0.0000 0.8317
vn 0.1139 -0.0000 0.9935
vn -0.8026 -0.0000 0.5966
vn -0.9791 0.0021 0.2036
vn -0.9993 -0.0017 -0.0383
vn -0.9993 0.0017 -0.0382
vn -1.0000 -0.0000 0.0044
vn -0.9659 -0.0000 0.2589
vn 0.5715 -0.0000 -0.8206
vn 0.9685 0.2485 0.0130
vn 0.9861 0.0201 0.1648
vn -0.8804 -0.0000 -0.4742
vn -0.8140 -0.0000 -0.5808
vn 0.0522 -0.0000 -0.9986
vn -0.9860 -0.0000 -0.1665
vn -0.9752 -0.0000 -0.2213
vn 0.3181 -0.0000 -0.9480
vn 0.6299 -0.0000 -0.7766
vn 0.7298 -0.0000 -0.6836
vn 0.6605 -0.0000 0.7509
vn 0.6605 -0.0000 0.7508
vn -0.2391 -0.0000 -0.9710
vn 0.9807 -0.0000 0.1955
vn -0.1833 -0.0000 0.9831
vn -0.1835 -0.0000 0.9830
vn 0.5707 -0.0000 0.8211
vn 0.6770 -0.0000 0.7360
vn -0.8884 -0.0000 -0.4591
vn 0.1934 -0.0000 0.9811
vn 0.3001 -0.0000 0.9539
vn 0.1926 -0.0000 0.9813
vn -0.9272 -0.0000 -0.3745
vn -0.8627 0.0013 -0.5058
vn -0.7352 0.0169 -0.6776
vn -0.8611 0.0481 -0.5061
vn -0.8637 0.0013 -0.5041
vn -0.7352 0.0169 -0.6777
vn 0.9770 -0.0000 -0.2130
vn 0.9994 -0.0000 -0.0342
vn -0.2391 -0.0001 -0.9710
vn -0.2787 -0.0000 -0.9604
vn 0.7329 -0.0000 0.6804
vn 0.2665 -0.0000 0.9638
vn 0.0358 -0.0000 0.9994
vn -0.8778 -0.0000 0.4790
vn 0.3499 -0.0000 -0.9368
vn 0.3550 0.0091 -0.9348
vn -0.1638 -0.0000 0.9865
vn 0.9770 -0.0000 -0.2133
vn -0.5950 -0.0000 0.8037
vn -0.6933 -0.0000 0.7206
vn -0.5949 -0.0000 0.8038
vn 0.9610 -0.0000 0.2766
vn 0.0357 -0.0000 0.9994
vn -0.4316 -0.0000 0.9021
vn -0.2252 -0.0000 0.9743
vn -0.0256 -0.0000 0.9997
vn -0.2253 -0.0000 0.9743
vn -0.9860 0.0022 -0.1665
vn -0.9822 0.1876 -0.0044
vn -0.7737 -0.0000 -0.6336
vn -0.9993 -0.0000 -0.0385
vn -0.9962 -0.0000 -0.0871
vn -0.9848 -0.0000 -0.1735
vn -0.8958 -0.0000 -0.4445
vn -0.9595 -0.0000 -0.2816
vn -0.7353 -0.0000 -0.6778
vn -0.4623 -0.0000 -0.8867
vn -0.9819 0.0013 0.1895
vn -0.8824 -0.0000 0.4705
vn -0.9804 -0.0000 0.1971
vn -0.9752 -0.0000 -0.2214
vn 0.9803 -0.0000 -0.1975
vn 0.9803 -0.0000 -0.1976
vn 0.1987 -0.0000 -0.9801
vn 0.3759 -0.0000 -0.9267
vn -0.2917 -0.0000 0.9565
vn -0.5750 -0.0000 0.8181
vn -0.8852 -0.0000 0.4653
vn 0.2746 -0.0000 0.9615
vn 0.0954 -0.0000 -0.9954
vn 0.0952 -0.0000 -0.9955
vn -0.5751 -0.0000 0.8181
vn 0.9981 -0.0007 0.0612
vn 0.5423 -0.0000 0.8402
vn 0.5422 -0.0000 0.8403
vn 0.1160 -0.0000 -0.9932
vn -0.5754 -0.0000 0.8179
vn 0.8671 -0.0000 0.4981
vn 0.8672 -0.0000 0.4980
vn -0.7854 -0.0000 0.6190
vn 0.0104 -0.0036 0.9999
vn 0.0410 0.0013 0.9992
vn 0.0406 -0.0013 0.9992
vn 0.6266 -0.0000 0.7794
vn -0.2195 -0.0000 -0.9756
vn 0.9671 -0.0000 -0.2542
vn -0.0485 -0.0000 0.9988
vn -0.7569 -0.0000 0.6536
vn -0.7158 -0.0000 0.6983
vn -0.2787 -0.0001 -0.9604
vn -0.0874 -0.0000 0.9962
vn -0.0880 -0.0000 0.9961
vn 0.9652 -0.0000 0.2615
vn 0.9558 -0.0000 0.2941
vn -0.6895 -0.0000 0.7243
vn -0.9690 -0.0000 0.2469
vn 0.7245 -0.0000 0.6892
vn -0.7220 -0.0000 0.6918
vn -0.9994 -0.0013 -0.0339
vn -0.9994 0.0013 -0.0338
vn 0.4476 -0.0000 -0.8942
vn 0.7197 -0.0000 -0.6942
vn -0.4853 -0.0000 0.8744
vn -0.6896 -0.0000 0.7242
vn -0.0255 -0.0000 0.9997
vn 0.2859 -0.0000 0.9583
vn 0.9048 -0.0000 -0.4257
vn 0.9920 -0.0000 0.1264
vn 0.9951 -0.0000 0.0988
vn 0.9951 -0.0000 0.0987
vn 0.1590 -0.0000 -0.9873
vn -0.0913 -0.0000 -0.9958
vn -0.0487 -0.0000 0.9988
vn -0.0486 -0.0000 0.9988
vn 0.4456 -0.0000 0.8953
vn 0.3293 -0.0000 -0.9442
vn 0.9994 -0.0000 0.0335
vn 0.9805 -0.0000 0.1965
vn 0.9805 -0.0000 0.1966
vn 0.3089 0.0177 0.9509
vn 0.6183 0.0293 0.7854
vn 0.4070 0.1555 0.9001
vn -0.1032 -0.0000 -0.9947
vn -0.1033 -0.0000 -0.9946
vn 0.8714 -0.0000 0.4905
vn 0.7474 -0.0000 0.6644
vn 0.7475 -0.0000 0.6643
vn -0.9932 -0.1154 0.0169
vn -0.9968 0.0778 -0.0201
vn 0.9614 -0.0000 0.2752
vn 0.9614 -0.0000 0.2753
vn -0.6906 -0.0000 0.7233
vn -0.1077 -0.0000 0.9942
vn 0.7022 -0.0000 -0.7119
vn -0.5393 -0.0000 -0.8421
vn 0.0968 -0.0000 -0.9953
vn 0.6604 -0.0000 0.7509
vn 0.3129 -0.0000 0.9498
vn -0.7472 -0.0000 -0.6646
vn 0.7502 -0.0000 0.6612
vn -0.2587 -0.0000 -0.9659
vn 0.5428 -0.0000 0.8399
vn -0.9240 -0.0000 -0.3824
vn 0.6759 -0.0000 -0.7370
vn 0.9296 -0.0000 -0.3687
vn -0.2040 -0.0000 -0.9790
vn 0.1137 -0.0000 0.9935
vn -0.2896 -0.0000 0.9571
vn -0.9840 -0.0000 -0.1783
vn 0.4973 -0.0000 -0.8676
vn 0.3290 -0.0000 -0.9443
vn 0.0001 1.0000 -0.0000
vn -0.0924 -0.0012 -0.9957
vn 0.3490 0.0076 -0.9371
vn 0.5243 0.0342 -0.8509
vn 0.8791 -0.0000 -0.4766
vn 0.5337 -0.0000 -0.8457
vn 0.7235 -0.0000 -0.6904
vn 0.9920 -0.0000 0.1265
vn -0.9783 -0.0000 -0.2074
vn -0.9613 -0.0000 0.2756
vn -0.9948 -0.0000 0.1018
vn -0.9612 -0.0000 0.2757
vn -0.2572 -0.0000 0.9663
vn -0.0018 -0.0000 1.0000
vn 0.3043 -0.0001 -0.9526
vn 0.9659 -0.0001 0.2588
vn -0.8550 -0.0000 0.5187
vn 0.0408 -0.0000 -0.9992
vn -0.9217 -0.0000 -0.3879
vn -0.5392 -0.0000 -0.8422
vn -0.8851 -0.0000 0.4653
vn -0.7071 0.0001 0.7071
vn 0.6167 -0.0000 -0.7872
vn 0.7334 -0.0000 -0.6798
vn -0.2494 -0.0000 0.9684
vn -0.8749 -0.0000 -0.4844
vn -0.6399 -0.0000 0.7685
vn -0.9512 -0.0000 0.3085
vn -0.4148 -0.0000 -0.9099
vn -0.0914 -0.0000 -0.9958
vn 0.9450 -0.0000 -0.3270
vn -0.6152 -0.0000 0.7884
vn -0.6139 -0.0000 -0.7894
vn -0.2898 -0.0000 0.9571
vn -0.2589 0.0001 0.9659
vn 0.3043 -0.0000 -0.9526
vn 0.0899 -0.0000 -0.9959
vn -0.2588 0.0001 -0.9659
vn -0.5546 0.0563 -0.8302
vn -0.5462 0.0191 -0.8375
vn -0.7736 -0.0000 -0.6336
vn -0.7239 -0.0000 -0.6899
vn -0.9570 -0.0003 -0.2901
vn -0.9570 0.0003 -0.2900
vn -0.1264 -0.0000 -0.9920
vn 0.7201 -0.0000 -0.6938
vn 0.7162 -0.0000 0.6979
vn 0.7072 -0.0000 0.7071
vn -0.6906 -0.0000 0.7232
vn -0.6905 -0.0000 0.7233
vn -0.3101 -0.0000 -0.9507
vn -0.3798 -0.0000 -0.9251
vn -0.2563 -0.0000 0.9666
vn -0.2560 -0.0000 0.9667
vn -0.0000 -1.0000 0.0002
vn -0.0000 0.4398 -0.8981
vn -0.9948 -0.0000 0.1017
vn 0.4931 -0.0000 0.8700
vn -0.1774 -0.0000 0.9841
vn -0.3004 -0.0000 0.9538
vn 0.0980 -0.0001 0.9952
vn 0.7694 -0.0000 -0.6388
vn -0.2589 -0.0001 -0.9659
vn -0.3358 -0.0000 0.9420
vn -0.0000 0.1839 0.9829
vn -0.5371 -0.0000 0.8435
vn -0.0012 1.0000 0.0010
vn -0.0000 0.0830 0.9965
vn -0.0001 1.0000 -0.0002
vn 0.0003 1.0000 0.0001
vn -0.0006 1.0000 -0.0001
vn -0.0001 1.0000 -0.0001
vn -0.0000 1.0000 0.0004
vn 0.0001 1.0000 -0.0002
vn 0.8179 -0.0000 0.5754
vn -0.0000 1.0000 0.0016
vn -0.4077 -0.0297 -0.9126
vn 0.2587 0.0001 -0.9659
vn -0.7072 -0.0000 0.7070
vn -0.0000 1.0000 0.0018
vn -0.0038 1.0000 -0.0000
vn 0.0001 1.0000 -0.0005
vn 0.0001 1.0000 0.0001
vn -0.0000 0.0703 0.9975
vn -0.0000 0.0519 -0.9987
vn -0.0000 1.0000 0.0006
vn 0.0003 1.0000 -0.0002
vn 0.0002 1.0000 -0.0000
vn 0.0002 1.0000 -0.0001
vn 0.0001 1.0000 -0.0001
vn -0.0000 1.0000 -0.0056
vn -0.0000 1.0000 -0.0019
vn -0.0002 1.0000 -0.0000
vn -0.0014 0.9999 -0.0126
vn 0.0001 1.0000 -0.0004
vn -0.0004 1.0000 -0.0003
vn -0.0000 1.0000 -0.0009
vn 0.0004 1.0000 0.0004
vn 0.0001 1.0000 0.0055
vn -0.0009 1.0000 -0.0006
vn -0.0003 1.0000 0.0006
vn 0.0003 1.0000 -0.0006
vn 0.0004 1.0000 -0.0001
vn -0.0000 1.0000 0.0013
vn -0.0009 1.0000 0.0007
vn -0.7071 0.0001 -0.7071
vn -0.2507 -0.0000 -0.9681
vn -0.9411 -0.0000 0.3383
vn -0.0001 1.0000 0.0001
vn -0.0012 1.0000 0.0008
vn -0.0000 1.0000 0.0005
vn 0.4390 -0.0001 0.8985
vn 0.5850 -0.0000 -0.8111
vn 0.9810 -0.0000 0.1942
vn 0.2560 -0.0001 0.9667
vn -0.8525 -0.0000 0.5228
vn -0.9201 -0.0000 -0.3918
vn 0.0075 0.0001 -1.0000
vn 0.2589 0.0001 -0.9659
vn 0.0004 1.0000 -0.0000
vn -0.0000 0.4093 0.9124
vn -0.0000 1.0000 0.0039
vn -0.0003 1.0000 -0.0000
vn -0.0003 1.0000 0.0020
vn -0.0006 1.0000 0.0007
vn 0.0003 1.0000 -0.0013
vn -0.0000 0.4472 -0.8944
vn -0.0000 0.4473 -0.8944
vn -0.0002 1.0000 -0.0002
vn -0.0000 1.0000 -0.0005
vn -0.0004 1.0000 -0.0000
vn -0.0001 1.0000 0.0004
vn -0.0001 1.0000 0.0002
vn -0.0002 1.0000 0.0001
vn 0.0001 1.0000 0.0002
vn -0.0000 1.0000 0.0017
vn -0.0021 1.0000 -0.0012
vn -0.0002 1.0000 0.0009
vn -0.0001 1.0000 -0.0004
vn -0.0000 1.0000 0.0007
vn 0.0005 1.0000 -0.0004
vn -0.0005 1.0000 0.0029
vn -0.0000 1.0000 -0.0020
vn -0.0000 1.0000 0.0059
vn 0.0005 1.0000 -0.0000
vn 0.0001 1.0000 0.0008
vn 0.0006 1.0000 -0.0000
vn 0.0006 1.0000 0.0005
vn -0.0000 0.0831 0.9965
vn -0.3469 -0.0000 0.9379
vn -0.0000 1.0000 -0.0008
vn 0.0005 1.0000 0.0004
vn 0.0001 1.0000 0.0003
vn 0.0003 1.0000 0.0014
vn -0.0000 1.0000 -0.0006
vn 0.6959 -0.0000 0.7181
vn -0.8862 -0.0000 -0.4633
vn -0.4632 -0.0000 -0.8863
vn -0.9828 -0.0000 0.1845
vn -0.0000 -1.0000 -0.0002
vn -0.0000 -1.0000 -0.0003
vn 0.7480 -0.0000 -0.6637
vn -0.0000 0.0378 0.9993
vn -0.0000 -1.0000 0.0008
vn -0.7316 -0.0000 0.6818
vn -0.2629 -0.0000 0.9648
vn -0.7072 -0.0000 -0.7070
vn 0.4032 -0.0895 0.9107
vn 0.0002 1.0000 -0.0003
vn 0.2588 0.0001 -0.9659
vn -0.9771 -0.0000 -0.2126
vn -0.0000 -1.0000 -0.0032
vn -0.0000 -1.0000 -0.0005
vn -0.0000 -1.0000 -0.0004
vn -0.0000 -0.4472 0.8944
vn -0.0000 -1.0000 0.0005
vn -0.0000 -1.0000 -0.0020
vn -0.0000 -0.1644 0.9864
vn -0.0000 -0.0830 0.9965
vn 0.0001 -1.0000 -0.0000
vn -0.0000 -0.6541 0.7564
vn -0.0000 -0.0830 -0.9965
vn 0.7148 -0.0000 -0.6994
vn 0.1374 -0.0001 -0.9905
vn -0.0000 -1.0000 -0.0008
vn -0.0000 -0.4093 0.9124
vn -0.0000 -1.0000 -0.0036
vn -0.0005 -1.0000 -0.0005
vn 0.7070 -0.0000 0.7072
vn -0.0000 -1.0000 -0.0014
vn -0.9659 0.0001 -0.2589
vn -0.8025 -0.0000 -0.5967
vn -0.6848 -0.0000 0.7287
vn -0.6393 -0.0000 0.7690
vn -0.7125 -0.0000 0.7016
vn 0.9987 -0.0445 -0.0230
vn -0.8885 -0.0000 -0.4590
vn 0.2340 -0.0000 -0.9722
vn 0.7072 -0.0001 -0.7071
vn -0.0458 0.0001 -0.9990
vn -0.0000 0.9994 0.0342
vn -0.0000 0.7140 0.7002
vn 0.0155 -0.0001 0.9999
vn -0.0000 -0.0629 0.9980
vn -0.0000 -1.0000 -0.0022
vn -0.0000 -1.0000 0.0012
vn -0.0000 -1.0000 0.0007
vn -0.0000 -0.9993 0.0382
vn -0.0000 -1.0000 -0.0013
vn -0.0000 -1.0000 0.0019
vn 0.5423 -0.0000 -0.8402
vn 0.9659 0.0001 -0.2589
vn -0.0000 -1.0000 -0.0009
vn -0.9920 -0.1253 0.0125
vn 0.5959 -0.0000 0.8031
vn -0.8637 -0.0000 -0.5040
vn -0.6934 -0.0000 0.7206
vn -0.0000 0.6717 -0.7408
vn -0.0000 0.0830 -0.9965
vn -0.0000 1.0000 0.0008
vn 0.6688 -0.0000 -0.7434
vn 0.9704 -0.0000 -0.2413
vn 0.9981 -0.0000 0.0612
vn 0.8669 -0.0000 0.4984
vn -0.0000 -1.0000 -0.0015
vn 0.0133 0.0100 0.9999
vn -0.7159 -0.0000 0.6982
vn -0.0000 1.0000 0.0009
vn 0.0003 1.0000 -0.0000
vn -0.9962 -0.0872 0.0078
vn -0.0000 -1.0000 -0.0017
vn -0.0006 -1.0000 -0.0000
vn -0.0435 -0.0000 0.9991
vn -0.0000 -1.0000 -0.0033
vn -0.0000 -0.0550 0.9985
vn -0.0000 -1.0000 0.0036
vn -0.0000 -1.0000 0.0025
vn -0.0000 -1.0000 -0.0023
vn -0.0000 -1.0000 0.0016
vn -0.0000 -0.9998 0.0175
vn -0.0000 -1.0000 0.0009
vn -0.0000 -0.4398 -0.8981
vn 0.0001 -1.0000 0.0004
vn 0.6786 -0.0000 -0.7345
vn -0.6848 -0.0000 0.7288
vn -0.9659 0.0001 -0.2588
vn -0.0000 -0.6706 0.7418
vn -0.0000 -0.0002 -1.0000
vn -0.0000 0.2567 0.9665
vn -0.0000 -0.1741 0.9847
vn -0.0000 -0.1972 -0.9804
vn -0.0059 0.9380 -0.3466
vn -0.0000 0.2755 0.9613
vn -0.0000 1.0000 0.0030
vn -0.9525 -0.0078 -0.3044
vn -0.1264 -0.0001 -0.9920
vn -0.0000 0.6353 0.7722
vn -0.0004 1.0000 0.0004
vn -0.0000 1.0000 -0.0007
vn 0.0001 1.0000 0.0007
vn -0.0001 1.0000 0.0003
vn -0.3003 -0.0000 0.9538
s 1
f 13665//1 11782//1 7380//1
f 12839//2 13635//3 13075//3
f 8102//4 10240//5 8103//5
f 13093//6 14672//7 10913//6
f 10282//8 911//9 10281//9
f 12930//7 9577//10 10651//10
f 9775//11 4919//11 12322//11
f 11015//12 12345//13 7515//13
f 8525//6 14057//14 9715//6
f 10541//8 7304//15 12819//8
f 11606//16 14061//17 13558//17
f 12470//18 7480//12 2051//18
f 13378//19 12453//20 12452//21
f 8506//10 9912//1 8514//1
f 11929//22 13188//23 12814//23
f 13709//10 3550//1 14363//1
f 7040//14 12206//24 12205//14
f 11718//14 7227//6 8709//6
f 38//25 44//1 45//26
f 10728//15 7066//27 9479//27
f 52//27 12819//8 13644//27
f 460//28 14490//29 13925//30
f 8496//3 14058//5 8498//3
f 10411//31 3338//4 7278//32
f 11417//33 10273//13 14265//33
f 10457//4 7389//34 13113//4
f 8072//35 12619//9 8074//9
f 12444//36 7734//37 7733//36
f 13807//14 6822//6 6820//6
f 3193//38 9456//39 10745//40
f 13901//41 7987//42 7988//43
f 11707//1 10851//44 11708//44
f 14402//6 13939//7 7090//7
f 109//45 14669//46 8733//47
f 9987//48 11134//49 2156//48
f 5260//8 6859//9 12347//9
f 7258//44 8728//44 10870//44
f 10871//10 8724//7 10867//7
f 9658//50 8442//51 14635//50
f 6255//33 3061//13 13997//13
f 11818//14 6835//6 11819//6
f 14648//14 12398//7 8491//7
f 6706//18 6115//13 6707//13
f 13060//52 13621//4 3406//4
f 10869//15 89//27 13061//27
f 11565//53 14036//54 1460//55
f 7273//56 124//57 13633//58
f 10780//57 10787//34 10778//34
f 7153//59 165//59 171//59
f 2242//60 13881//61 7673//61
f 12514//62 13747//63 12811//62
f 11399//10 14252//1 8151//1
f 13717//64 11172//65 13297//64
f 12423//1 10794//1 11098//1
f 12430//66 13237//67 2209//66
f 14353//44 11761//1 14746//1
f 7089//8 13941//15 14401//15
f 10536//27 7751//27 10534//27
f 14741//68 7988//43 7975//69
f 10512//70 13219//71 7644//70
f 9632//4 13518//34 12243//34
f 3163//7 9419//6 6140//7
f 9544//39 6628//38 9546//38
f 12941//72 9522//9 12942//9
f 8652//9 10976//72 7459//9
f 6998//3 14439//2 6996//73
f 1937//74 9896//75 13177//75
f 5212//76 7584//77 7585//76
f 12422//78 11042//79 10797//78
f 9874//80 11058//81 10474//82
f 12309//56 8592//83 12311//83
f 9093//59 12860//59 754//59
f 12774//57 7449//34 12769//84
f 9902//85 13194//86 13193//85
f 14436//3 9537//5 9535//3
f 9926//87 11082//88 2259//87
f 12394//89 7547//90 14512//89
f 12595//91 8890//92 701//93
f 11699//72 7230//9 11700//9
f 11205//94 2381//95 8156//94
f 2494//96 13848//97 2526//97
f 12223//27 6913//35 10414//98
f 9603//10 3014//7 12666//7
f 10921//99 8779//100 8780//101
f 13649//102 13656//103 10434//102
f 8838//104 12866//72 8836//72
f 10950//105 13697//106 13696//107
f 1975//14 7528//6 7526//6
f 11832//9 13137//72 10967//9
f 12822//52 11740//4 12824//4
f 5224//108 14417//109 13186//108
f 10966//8 11832//9 10967//9
f 2045//8 12463//14 13158//14
f 14376//110 7710//111 2182//112
f 347//33 10956//56 13684//56
f 13110//33 11805//13 7406//13
f 13519//113 14752//5 1533//5
f 14502//33 250//13 14503//13
f 14020//114 1448//115 13533//114
f 10382//8 1423//9 10381//9
f 7093//104 13943//72 14360//72
f 12270//116 11561//5 10389//5
f 859//4 11947//52 11945//52
f 13111//117 395//118 399//119
f 10831//120 9388//7 7201//7
f 10450//4 8810//34 7387//4
f 10732//59 7641//59 11081//121
f 11796//8 13115//15 13672//15
f 8800//122 8802//59 14676//59
f 10928//123 13664//124 13663//123
f 14487//125 11781//126 440//125
f 10791//1 10800//44 10789//44
f 7359//127 450//128 11764//127
f 8054//13 12020//12 14312//129
f 13173//130 12348//38 14096//130
f 10937//131 11789//132 11791//131
f 14091//35 7521//72 14093//72
f 9431//33 12778//13 9428//13
f 8453//33 12258//133 11575//133
f 6693//3 7442//5 7440//3
f 928//57 4183//4 13766//4
f 9270//134 2311//135 14726//136
f 7129//6 9433//14 7142//6
f 2656//137 13369//138 12123//137
f 12075//139 11217//140 11216//139
f 10069//141 11929//22 505//141
f 1495//142 14751//113 13519//113
f 10767//18 9424//143 9429//18
f 11021//144 12338//145 9834//144
f 6829//146 548//147 13741//146
f 7827//88 13863//148 14550//149
f 12036//38 11283//39 7932//38
f 14428//18 9588//13 6943//13
f 9275//150 7817//5 2308//150
f 810//7 4088//1 13792//1
f 12863//151 11891//152 14708//153
f 6854//154 723//155 722//154
f 1023//4 10246//5 1024//5
f 11691//39 7212//18 13614//18
f 4032//33 9097//13 12577//13
f 11882//156 10037//157 10036//156
f 14787//158 11907//159 11906//160
f 5721//161 2436//162 2434//161
f 9989//163 13272//164 2116//165
f 9743//11 6605//11 6604//11
f 13864//166 11188//167 11187//166
f 13647//168 3810//169 13655//170
f 12460//171 13265//172 12462//172
f 8366//14 12336//7 1542//7
f 6976//3 13966//5 6978//3
f 12605//173 11856//174 11857//173
f 10435//33 1543//83 8371//13
f 13849//175 2465//176 5739//176
f 14227//177 685//178 10612//178
f 11237//1 5591//38 11236//38
f 13904//179 11151//180 11150//179
f 4001//181 8880//182 687//181
f 3897//71 13730//183 13729//184
f 1972//38 14094//18 1973//18
f 11930//59 8996//185 918//59
f 12387//186 11038//187 7539//186
f 8178//188 10320//189 1387//190
f 12059//191 2471//127 7807//192
f 11392//10 12635//1 8139//1
f 240//8 13141//14 13610//14
f 13499//193 10367//7 8303//7
f 12364//8 1894//9 12365//9
f 10563//194 6731//195 13733//194
f 12263//196 1469//197 9666//197
f 4655//198 13458//199 1317//198
f 8570//9 9774//35 12318//9
f 3168//18 12174//38 13932//18
f 10018//8 751//9 10016//9
f 14053//173 1268//174 14611//173
f 2660//200 12117//201 13250//201
f 8546//34 8539//4 8537//34
f 5982//202 11276//3 11278//202
f 10189//203 13711//203 11873//203
f 7263//34 13636//4 8720//34
f 3858//11 12505//11 12510//11
f 11981//4 10157//5 13794//5
f 14317//33 1425//13 9653//13
f 1615//33 9805//133 1613//133
f 12389//90 7548//204 7547//90
f 11137//59 11141//205 7692//45
f 8832//18 10947//13 11817//13
f 14192//206 8971//207 8970//208
f 11985//14 10141//6 13795//6
f 4095//33 9089//13 12565//13
f 10308//27 7541//27 7655//27
f 13891//209 11302//210 2644//209
f 11619//72 6600//2 12297//72
f 7146//10 9425//1 7139//1
f 14103//211 1919//212 14097//212
f 11643//1 9733//7 9732//1
f 10703//5 14164//4 13960//5
f 13586//8 12296//15 13579//213
f 12725//12 7206//16 13613//16
f 8670//10 13049//1 8672//1
f 886//4 9026//34 14205//4
f 13970//72 12943//35 2910//214
f 11240//1 11252//1 13876//1
f 10767//18 9428//13 12778//13
f 874//38 12558//39 13777//215
f 9051//216 7877//217 7876//218
f 4433//8 11344//9 13320//9
f 8166//6 4188//7 929//7
f 9316//219 2666//220 7948//219
f 11250//35 9254//9 2349//9
f 13761//38 14270//39 13762//39
f 13778//59 877//59 10829//59
f 11718//14 13055//8 7229//14
f 9029//35 10117//9 9042//9
f 8242//35 7682//9 8241//9
f 11816//35 13130//9 13686//9
f 14749//14 10843//15 9606//15
f 7403//106 12683//221 13697//106
f 10554//59 7314//59 7316//185
f 9672//222 8402//223 1482//222
f 8237//104 12687//2 8250//104
f 11542//5 14018//2 12392//2
f 10529//38 13739//44 12536//38
f 12696//8 11509//9 7830//9
f 11828//57 10972//4 11829//4
f 875//12 14207//13 14714//13
f 8760//18 7225//13 8759//13
f 14767//224 7689//225 7688//224
f 8840//38 12871//1 12873//38
f 8104//35 6887//9 8106//9
f 14138//226 2215//227 2214//228
f 9929//229 2281//230 7660//229
f 6859//9 12346//72 12347//9
f 14513//4 12397//5 7575//5
f 8340//231 9619//2 11537//231
f 12413//232 2280//233 2251//232
f 3481//33 229//13 3490//13
f 9066//2 10125//104 9067//104
f 13783//39 11961//39 11959//143
f 11705//24 13056//234 10850//24
f 10682//52 13966//5 2879//5
f 14506//52 10986//4 14782//4
f 8120//33 10635//57 8118//57
f 11348//7 10590//10 13396//10
f 14592//2 8143//104 8141//104
f 8099//2 10235//104 8093//104
f 12196//12 7071//18 13953//18
f 13192//197 5128//235 9895//197
f 14642//34 8456//34 8446//34
f 7264//7 6607//6 6609//6
f 12308//6 6876//7 13592//6
f 14487//125 12754//236 12870//236
f 2647//237 7294//238 2648//238
f 7351//34 7356//4 7349//34
f 9520//33 14432//13 12210//13
f 13595//59 72//59 1698//59
f 12127//239 2567//240 14567//239
f 7696//241 2202//242 7694//241
f 12339//2 13169//3 12340//3
f 12140//243 11313//244 2562//243
f 14497//245 8834//246 8833//245
f 11360//34 12902//4 1084//4
f 2618//247 12136//248 2617//248
f 7248//249 7919//52 7246//52
f 10649//38 9578//44 13984//38
f 11341//38 6621//44 6620//38
f 13806//8 12582//14 13807//14
f 13401//8 10373//15 13402//15
f 9153//8 10215//15 9154//15
f 8273//52 11190//5 1188//5
f 10192//250 717//251 14687//252
f 7523//253 5300//254 2026//254
f 7854//255 7865//255 8842//255
f 7522//256 12350//253 7523//253
f 1127//38 14242//44 12614//38
f 7318//104 13092//2 7317//2
f 14578//6 12701//7 11342//7
f 10484//257 1855//258 14519//257
f 9041//259 7890//260 7889//261
f 4846//196 13502//197 14315//197
f 9297//262 13358//4 12038//4
f 714//38 6868//39 14693//39
f 8226//59 8267//59 13485//59
f 1272//14 4629//6 11461//6
f 11477//38 13474//39 11482//39
f 12689//33 8283//13 10345//13
f 13698//8 14498//14 13707//14
f 14029//1 1472//263 6760//263
f 9633//264 1505//129 4796//129
f 846//4 12567//52 13784//52
f 1260//12 14041//129 1261//129
f 12372//265 12903//266 7595//265
f 8668//214 13056//234 206//234
f 966//8 4246//14 967//14
f 14719//6 10407//7 857//7
f 11468//267 12687//2 1241//2
f 8764//33 14225//57 8763//57
f 10999//6 12342//7 14509//7
f 9110//3 12573//2 793//2
f 9097//13 14226//18 12577//13
f 10691//34 13958//4 12954//4
f 1537//196 4762//268 13523//268
f 8980//12 12537//13 8979//13
f 7364//89 11423//269 11422//89
f 4012//270 734//271 13812//270
f 4642//272 1302//273 1301//272
f 12304//33 11651//13 12305//13
f 9105//9 10151//8 9104//8
f 1813//5 14773//4 12780//5
f 14756//274 2261//275 11572//274
f 10595//38 10701//39 2796//38
f 6266//2 10830//3 12232//3
f 10300//57 7198//58 7202//58
f 9925//88 11102//148 11082//88
f 2671//276 12119//277 12120//276
f 13562//5 5046//4 14058//5
f 10182//278 11857//173 13809//279
f 12120//276 11295//280 2671//276
f 6589//278 14611//173 8199//278
f 6579//281 1300//282 9695//282
f 6615//38 6554//44 8549//44
f 7929//249 9286//283 7930//283
f 8377//8 9644//14 1496//14
f 1467//196 4674//268 1478//14
f 14119//284 11052//285 11051//284
f 14036//54 1458//286 1460//55
f 14554//9 9172//35 14728//9
f 1293//287 14283//197 12284//196
f 8390//4 4790//5 13520//5
f 10583//288 1284//289 1283//288
f 11039//290 14114//291 1958//291
f 9661//292 10048//293 13530//294
f 8524//295 14059//24 14057//14
f 1528//8 6568//15 9997//15
f 9676//296 11559//297 9674//297
f 9881//298 11039//290 11040//298
f 14753//299 8391//300 1492//301
f 9645//8 8395//9 12247//9
f 12722//39 11676//39 11667//39
f 10604//4 5338//57 12467//4
f 12450//302 13255//303 12451//303
f 1416//52 12255//5 1420//5
f 934//72 12654//9 935//9
f 822//2 10124//104 12840//104
f 12017//160 11078//159 11080//160
f 7514//5 6864//3 6862//3
f 14493//27 13466//27 13471//27
f 3150//33 9430//57 13013//57
f 14520//304 1878//305 10627//306
f 1007//33 14590//56 13429//56
f 13510//2 12699//104 8345//104
f 14508//307 5262//39 1994//215
f 7517//2 11022//104 7518//104
f 13494//6 4393//7 13496//7
f 9626//7 8335//14 9623//14
f 9010//308 12659//18 9028//18
f 10914//39 10570//38 6042//38
f 14093//72 7520//2 12339//2
f 10056//309 8015//310 13390//311
f 10991//72 12466//9 7485//9
f 9234//312 7846//313 7845//312
f 9503//17 2842//16 12201//16
f 1153//2 14308//72 8293//72
f 8586//314 12741//4 9777//314
f 7267//2 11748//3 6802//3
f 6948//52 9582//5 6947//5
f 6659//5 12758//52 13668//5
f 12518//315 8986//316 14711//315
f 8609//59 36//59 34//59
f 13601//52 4916//4 9803//52
f 12465//33 14505//13 12477//13
f 2119//75 13258//5 2115//5
f 11277//59 7912//59 34//59
f 9541//18 7164//39 9542//39
f 9546//38 6626//44 6963//44
f 14458//12 12236//13 3047//13
f 9269//317 2302//93 2301//317
f 12804//318 11120//319 2180//188
f 6891//57 9571//34 6892//34
f 12266//286 1446//320 1458//286
f 7128//10 6066//1 10762//1
f 1789//59 11603//59 12661//59
f 9305//321 2660//200 2658//321
f 6705//57 7134//84 6709//322
f 9966//323 13242//324 13240//323
f 9324//18 7504//39 9325//39
f 13027//10 9452//1 10791//1
f 5357//5 11429//325 13174//325
f 7103//38 9441//39 7105//39
f 10064//326 534//327 533//326
f 832//4 12572//5 13780//5
f 14605//328 14049//329 14535//329
f 2064//4 6789//52 7475//52
f 8261//18 10340//13 8262//13
f 13487//33 12688//57 13488//57
f 6616//39 6556//38 6615//38
f 12803//330 2112//331 14152//331
f 11604//3 14054//5 11611//3
f 1364//86 10893//332 11440//333
f 2915//1 13976//38 2914//38
f 924//33 7234//56 13769//56
f 10299//146 1370//147 1368//146
f 499//334 12519//335 14710//335
f 1776//10 9713//1 8505//1
f 12244//56 13515//56 14010//336
f 14042//337 1312//338 1311//337
f 8314//3 9827//2 13507//2
f 7174//57 14453//34 10807//34
f 10276//59 8488//59 8495//59
f 12064//118 2451//339 2450//118
f 11594//3 12780//5 11599//3
f 10197//340 736//312 735//340
f 1429//341 9681//342 10175//342
f 8021//12 12613//13 8023//13
f 7610//7 10482//1 1866//1
f 9798//3 1658//2 8632//73
f 11069//35 9909//9 13202//9
f 10890//12 8731//83 11746//12
f 9480//35 7066//27 12990//35
f 11521//142 9806//113 1900//343
f 14103//211 13186//108 13185//211
f 11046//197 14105//235 14104//197
f 11652//8 9757//15 13596//213
f 8562//104 11641//104 12715//104
f 11658//10 8619//7 12319//7
f 6590//344 1294//345 1292//346
f 8668//214 10861//2 10860//214
f 10058//347 11906//160 14701//348
f 14521//5 10624//5 9879//5
f 13001//3 12226//5 13009//3
f 6955//2 13978//5 6344//2
f 8486//18 9906//13 8485//13
f 13642//13 9210//12 10273//13
f 12515//349 11925//350 11927//351
f 1498//1 11552//10 12248//1
f 14108//352 7550//353 13196//352
f 13500//113 7554//52 7552//52
f 8830//254 10951//2 8831//354
f 8615//12 9787//16 1668//16
f 8079//197 12611//235 12612//197
f 9943//148 2239//355 11102//148
f 11033//34 9859//4 14511//4
f 9521//8 12942//9 9522//9
f 10539//27 7762//27 13259//27
f 1642//1 9770//44 11653//44
f 7489//8 12344//15 10998//15
f 10393//3 3485//5 7457//3
f 13162//356 12358//4 11010//4
f 2790//8 10719//15 10467//213
f 4922//24 13587//234 14079//234
f 12746//35 12220//9 12933//9
f 8293//72 14310//9 11508//9
f 11624//16 6597//12 10399//16
f 666//59 11864//59 8906//357
f 12171//358 14237//224 11585//359
f 1390//360 13127//361 11586//361
f 13673//6 3641//7 13687//7
f 6073//8 7097//9 12180//9
f 12827//59 2058//59 7470//59
f 12265//362 13535//227 1431//226
f 7237//27 8706//35 7238//35
f 13481//3 4458//5 12692//3
f 11787//363 8795//364 8797//363
f 13150//18 12476//38 12475//18
f 9968//365 7709//366 9969//366
f 14192//206 13748//367 14790//367
f 13150//18 12477//13 14505//13
f 7877//217 13873//368 13328//368
f 14736//72 7160//369 10776//104
f 8097//13 10228//12 14244//13
f 8761//10 14670//7 6470//7
f 5483//27 14463//27 14465//27
f 187//57 12817//34 13618//34
f 13098//60 11791//131 13671//60
f 10303//370 8194//74 1336//371
f 6739//55 2646//372 2223//55
f 2038//38 12474//44 9847//38
f 12440//373 7712//374 7714//375
f 13599//214 14079//234 13587//234
f 1333//376 7364//89 11422//89
f 10093//377 424//378 423//379
f 7362//380 392//381 443//380
f 13048//17 13613//16 7206//16
f 10826//38 10812//39 10810//39
f 9174//83 7891//56 7893//382
f 14777//383 2177//384 2176//385
f 9831//8 11539//9 9832//9
f 2461//386 13859//136 2462//387
f 13822//83 10709//12 10722//388
f 9373//33 2520//13 9374//13
f 12480//50 650//51 649//389
f 14680//12 7406//13 11805//13
f 1437//113 12723//5 1438//5
f 14135//390 2259//87 2258//390
f 12459//48 13255//303 2161//391
f 11777//392 10094//393 429//394
f 13986//15 2982//27 13981//27
f 7593//341 5201//395 7594//342
f 12591//64 10498//65 671//396
f 13370//5 7950//5 7952//5
f 11991//59 13800//59 13801//59
f 3958//397 11866//398 703//397
f 9371//8 2515//9 9372//9
f 5465//242 7685//399 2202//242
f 10458//3 13960//5 10460//3
f 14185//400 11165//401 11166//402
f 1954//360 14768//361 1955//361
f 13212//403 2296//404 13204//403
f 9280//115 2283//50 2285//115
f 10726//405 12025//406 7058//406
f 14108//352 13195//407 14347//407
f 14682//2 8855//104 8853//104
f 5519//408 14632//409 2255//410
f 7300//2 7082//3 7301//3
f 9298//104 11287//2 5945//2
f 5222//411 14519//257 1915//411
f 13624//39 7221//18 8678//18
f 9403//33 3075//13 6808//13
f 12261//115 14635//50 1448//115
f 8142//59 985//59 3241//59
f 14776//412 13224//413 2268//412
f 13881//61 11104//132 7673//61
f 13954//18 12986//39 14354//39
f 8646//35 14085//9 1636//9
f 14795//198 11993//199 740//198
f 7880//14 7885//6 7878//6
f 2281//230 12099//414 12100//415
f 11228//34 8998//4 11230//4
f 9236//221 2417//416 2429//221
f 11272//6 7908//14 9302//14
f 9268//417 11222//418 2358//417
f 8958//6 14792//7 559//7
f 14769//332 1930//376 7563//333
f 9293//11 13831//11 13830//11
f 13973//33 2924//13 14216//13
f 11402//18 10256//39 10255//18
f 12539//5 489//325 12538//325
f 10050//419 574//420 12846//420
f 11045//59 14416//59 7559//45
f 6754//421 2165//422 2164//423
f 11378//35 10252//9 1021//9
f 14756//274 13535//227 12264//227
f 757//38 10161//39 11990//215
f 12700//33 1147//13 4436//13
f 8475//39 10948//18 8832//18
f 10195//33 14691//13 3954//13
f 11382//18 4300//13 1036//13
f 10817//8 10834//15 10832//15
f 13820//38 14440//1 13821//1
f 9788//17 1668//16 9787//16
f 14145//424 2141//147 2150//146
f 12070//106 2429//221 2431//106
f 12356//425 1918//426 1886//425
f 14734//427 2388//428 2387//427
f 10459//104 12208//214 2818//214
f 2409//429 9224//430 2411//430
f 3957//281 732//282 14801//282
f 1131//10 12701//7 6622//10
f 13833//104 2715//431 5936//431
f 11316//432 2579//62 2578//432
f 13059//3 161//2 160//73
f 8465//3 12279//2 1404//2
f 10292//8 908//9 13072//9
f 11206//1 2360//1 9267//1
f 10561//433 633//434 638//433
f 9138//196 10217//268 9136//268
f 747//4 14234//34 12598//4
f 13775//33 7299//56 13773//56
f 8937//435 10058//347 14701//348
f 7791//436 13846//96 2494//96
f 327//33 3586//57 324//57
f 10742//104 12268//72 7098//72
f 7184//35 12158//9 3036//9
f 12838//166 8889//437 8887//438
f 2529//59 2505//59 11161//59
f 1699//33 4965//57 13643//57
f 8532//34 5004//57 8534//34
f 13907//164 13280//439 2530//164
f 12458//123 2161//391 2138//123
f 14112//440 1947//441 12895//442
f 10864//443 162//104 161//2
f 9231//444 2407//445 2406//444
f 7390//33 383//13 7382//13
f 263//18 10973//13 10490//13
f 2986//33 9573//57 6891//57
f 10047//293 14695//446 591//293
f 2602//447 12135//247 2618//247
f 9383//367 2521//206 14545//367
f 6545//5 10639//52 9590//52
f 14593//38 8117//39 8110//39
f 14744//27 14479//35 12188//35
f 6737//104 10085//2 11900//104
f 6625//12 6661//129 1418//129
f 9289//38 7939//44 9290//44
f 12111//27 13354//35 12112//35
f 9157//3 12978//2 10707//3
f 10736//56 10478//57 10476//58
f 9346//207 13377//448 2599//449
f 6213//33 3103//13 9394//13
f 6815//450 705//451 13715//450
f 12134//452 2575//453 2595//454
f 12516//455 11926//456 11925//350
f 14143//457 7733//36 13270//457
f 750//72 12479//2 10017//72
f 14619//13 4865//33 14620//33
f 8003//59 7971//59 11147//59
f 12094//458 2276//459 11088//460
f 12138//28 7959//30 2629//28
f 13097//367 454//206 11779//367
f 11350//35 10221//9 11353//9
f 13419//38 12628//39 14587//39
f 9001//8 10532//15 9003//15
f 7288//104 107//2 7287//2
f 9338//102 2591//165 11308//102
f 7308//5 12764//52 7309//52
f 13892//461 2654//462 2653//463
f 9311//464 2674//465 2673//464
f 12115//12 13357//83 13351//466
f 11285//34 11281//4 7925//34
f 12036//38 6875//1 12037//1
f 7902//6 14410//7 7907//7
f 10587//8 13686//9 13130//9
f 3723//467 422//468 439//469
f 13991//27 6932//35 10647//35
f 12496//470 8935//222 594//470
f 1930//376 12394//89 14512//89
f 4191//33 9004//13 12653//13
f 7302//52 7076//52 10557//52
f 7556//59 11739//471 90//59
f 1935//472 12772//473 1936//473
f 12415//474 2251//232 2249//474
f 12187//104 3281//2 12189//2
f 5914//11 5899//11 9327//475
f 8263//8 13215//14 8264//14
f 6546//5 6922//52 6924//52
f 13338//5 9163//52 12034//5
f 753//12 10160//13 767//13
f 14784//476 621//477 623//476
f 7413//478 334//479 11826//478
f 2931//7 12219//10 10661//10
f 12501//480 627//275 8940//480
f 12137//42 2556//481 7987//42
f 11576//142 9655//113 1437//113
f 9624//15 8335//14 8337//15
f 14404//3 14350//5 7308//5
f 2832//214 9507//234 7007//234
f 7090//7 10752//10 7091//10
f 10949//33 11817//13 10947//13
f 13577//8 5038//14 1747//14
f 13886//2 13355//104 7936//2
f 12116//39 11290//38 9289//38
f 7077//44 7064//44 7069//44
f 10610//482 685//178 686//483
f 2815//59 2814//59 10462//59
f 1948//59 11041//59 1957//45
f 13906//484 7884//485 14544//485
f 9192//164 7999//439 7997//486
f 13558//17 9722//56 13559//56
f 6702//6 10757//6 7127//6
f 9712//17 11624//16 10399//16
f 7724//264 1248//129 4502//129
f 8504//39 9708//39 10304//39
f 10689//17 9501//56 10690//56
f 12281//487 1304//488 1303//155
f 9874//80 1916//489 14518//490
f 6966//3 6645//2 6643//73
f 12206//24 2819//234 6432//234
f 8515//2 9737//3 9736//2
f 11688//14 3476//8 13050//14
f 12361//196 11046//197 14104//197
f 5581//491 13309//492 2369//493
f 14324//56 13048//17 10855//56
f 8595//52 11281//4 9288//4
f 11365//8 10619//14 11366//14
f 1513//342 9634//494 1512//494
f 1434//495 14027//496 2237//497
f 14159//498 13265//172 11139//498
f 13972//33 2938//13 6360//13
f 7906//1 12032//44 14553//44
f 12183//1 10902//10 10905//10
f 13788//72 10153//9 14722//9
f 13276//499 13843//500 12041//499
f 13780//5 10144//2 834//2
f 255//8 13138//14 8662//14
f 13300//105 12070//106 2431//106
f 9357//63 2572//385 2580//63
f 907//72 13072//9 908//9
f 8907//83 8920//83 12507//83
f 8284//52 10379//5 8286//5
f 10293//501 1381//502 1394//379
f 12438//503 11133//468 11146//504
f 6970//56 6648//57 6646//56
f 10582//243 12810//244 11920//243
f 9955//505 11118//506 11129//505
f 12427//507 2223//55 14527//507
f 9808//264 1623//129 9809//129
f 8613//6 14074//14 8629//6
f 8225//8 8244//15 8223//15
f 13903//495 2547//508 2546//495
f 1635//104 9813//2 4866//104
f 9048//39 10132//18 828//18
f 14585//235 14412//104 12611//235
f 9368//509 2543//434 2542//509
f 9331//257 7983//510 2569//257
f 14760//8 13585//9 9753//9
f 14122//511 1946//512 1945//511
f 14574//33 12710//56 13408//56
f 14744//27 7342//15 14478//27
f 821//5 10136//2 822//2
f 13883//513 13342//38 7913//513
f 12048//363 7826//364 13307//363
f 11619//72 12292//9 10376//9
f 9235//416 14358//478 2417//416
f 8118//57 4294//4 1032//4
f 867//4 12561//57 4139//4
f 3868//514 10508//515 568//514
f 7271//10 133//7 10885//7
f 12583//38 12917//44 9564//44
f 13865//424 13326//147 2364//146
f 6294//33 6943//13 9588//13
f 12195//56 7346//57 3248//58
f 14019//33 3209//13 6100//13
f 11706//295 10850//24 6759//14
f 9426//8 3157//9 9427//9
f 1780//1 5054//38 8528//38
f 12861//516 464//517 463//516
f 12901//518 13180//519 1929//518
f 993//33 10258//56 13428//56
f 9575//8 2967//9 9576//9
f 7243//3 8696//2 13816//73
f 1903//494 9811//13 14619//13
f 9011//44 10283//44 9013//44
f 12979//18 9150//13 12980//13
f 13837//520 2662//521 7945//520
f 12663//522 8195//523 1346//522
f 9432//8 3146//9 13934//9
f 9744//2 8542//104 11632//2
f 11671//35 12326//9 1626//9
f 5972//11 5964//11 5971//11
f 11426//85 10537//524 10898//85
f 2236//525 12145//526 11094//527
f 5663//340 7845//312 2416//340
f 11409//35 10270//9 14596//9
f 11402//18 4241//13 973//13
f 13614//18 7211//13 13615//13
f 4178//8 935//9 12654//9
f 268//5 7463//52 7465//5
f 871//9 6683//72 6684//9
f 11695//33 7235//57 13617//57
f 1487//159 9678//150 1485//150
f 9292//7 8666//6 9294//6
f 1480//1 8408//10 4683//1
f 11203//528 7855//529 5664//528
f 1195//59 6548//59 11625//59
f 8108//3 10240//5 12630//3
f 3146//9 13935//72 13934//9
f 8505//1 8511//44 8503//44
f 14023//158 1487//159 8424//158
f 10938//206 455//207 454//206
f 9319//530 2644//209 7964//530
f 14653//18 9725//13 12703//13
f 9156//52 6682//4 9158//4
f 1038//9 14248//8 13422//8
f 7790//52 14730//5 2509//5
f 10955//33 346//13 3612//13
f 3222//59 14390//59 14389//59
f 12512//159 598//150 11907//159
f 3579//531 14681//532 13703//531
f 14532//5 2187//5 9962//5
f 9102//18 10138//13 9103//13
f 8133//8 14249//14 1004//14
f 12228//44 10642//1 13983//1
f 10091//533 448//534 447//533
f 8551//9 6552//35 4993//9
f 9569//33 2985//13 9570//13
f 11417//33 13438//56 11419//56
f 10073//484 474//28 11771//484
f 962//13 12647//33 11397//33
f 7430//532 305//535 14681//532
f 7917//56 13357//83 9300//382
f 12941//72 10020//104 13734//72
f 9746//52 8539//4 12303//4
f 7381//536 393//537 11786//536
f 7325//52 10908//4 10559//4
f 4442//33 76//83 10357//13
f 7317//2 3271//3 7324//3
f 2807//6 12205//14 12972//6
f 10704//16 9517//12 9516//16
f 1415//56 6660//264 14646//56
f 13982//57 6906//56 6918//538
f 9562//7 6908//6 6910//6
f 9605//35 3011//72 6265//72
f 10402//6 13938//7 3205//7
f 6630//6 13971//7 2931//7
f 10868//6 8724//7 8725//6
f 10881//12 139//83 8692//466
f 7119//4 14442//34 12181//539
f 7236//33 8679//13 7224//13
f 9353//63 2633//383 7977//63
f 9317//463 2640//540 11305//463
f 11185//541 2444//297 7820//297
f 971//33 4234//57 11404//57
f 9707//542 1276//543 1286//542
f 12513//63 483//544 13747//63
f 13180//519 14113//545 1941//545
f 2860//38 12039//1 14195//38
f 3086//52 6196//5 10803//5
f 1900//343 14100//5 11059//5
f 8600//1 8583//44 6570//44
f 12186//7 7343//6 7345//6
f 9334//546 2626//547 2620//548
f 7283//56 8731//83 10889//83
f 10996//104 7469//2 14162//2
f 6711//24 13557//234 6712//234
f 3405//11 3332//11 9799//11
f 6827//549 409//550 408//549
f 10296//442 1385//441 14647//442
f 14113//545 1942//522 1941//545
f 12736//11 6780//11 12199//11
f 10506//551 2287//552 7629//553
f 1609//1 4878//7 14087//1
f 3399//56 139//83 3391//382
f 12057//459 2440//554 2439//459
f 12666//7 3013//14 14749//14
f 1400//264 14041//129 12277//264
f 9675//5 1485//150 9678//150
f 14110//555 7615//556 1870//557
f 12452//21 14539//468 11312//558
f 6733//44 9386//38 3038//38
f 8561//1 8573//44 8559//44
f 6801//52 11749//52 6803//52
f 884//38 9020//39 9007//39
f 14197//559 524//560 7369//560
f 8487//314 9913//4 8489//314
f 14203//561 8770//562 449//563
f 6818//44 10904//1 12183//1
f 8384//72 7016//35 7015//214
f 9333//547 2627//564 2626//547
f 10758//3 9465//5 9463//3
f 6985//12 12213//13 2868//13
f 10480//10 7437//1 10481//1
f 9358//62 2580//63 2579//62
f 12274//5 14636//5 12272//5
f 757//38 14796//1 10163//38
f 14789//467 540//468 11910//469
f 11854//27 11859//27 13712//27
f 10891//39 8730//38 3355//38
f 11894//565 3838//566 567//567
f 6965//33 9519//57 6638//57
f 10939//568 408//549 403//568
f 12816//38 8687//44 8699//44
f 8092//35 14245//9 8091//9
f 13222//315 14776//412 2268//412
f 9272//397 2305//569 7635//397
f 3054//7 10337//10 10828//10
f 6911//15 14422//27 12223//27
f 9988//164 13261//439 13272//164
f 952//18 12648//13 962//13
f 14772//570 11614//24 11613//570
f 14251//33 1018//13 10247//13
f 9545//12 6647//12 14342//12
f 12418//293 2294//446 2293//293
f 3210//33 7086//56 7084//56
f 14361//104 10975//72 253//72
f 10188//571 8876//571 680//571
f 12173//8 3174//9 9415//9
f 9477//1 14672//7 9478//7
f 768//33 10600//56 769//56
f 2720//249 5982//202 11278//202
f 12132//572 14545//367 2531//573
f 13853//574 7631//575 7633//575
f 11341//38 8033//39 8031//39
f 10431//38 9552//39 10429//39
f 5002//33 11645//13 6606//13
f 14595//121 9209//185 8150//59
f 10939//568 401//576 13103//576
f 12735//33 12703//13 9725//13
f 13786//6 12570//7 810//7
f 9321//577 13364//578 2652//579
f 8600//1 4949//7 12313//1
f 3677//580 10923//11 14204//11
f 11502//538 10822//33 10820//538
f 915//38 8988//44 10278//38
f 14580//33 11300//133 8041//133
f 8755//581 2394//582 14132//582
f 14044//488 8205//583 1304//488
f 9998//79 1390//360 1389//79
f 14548//33 9380//57 7788//57
f 10061//48 11909//584 8956//124
f 9340//207 2609//585 2597//449
f 10364//196 1176//197 10363//197
f 2787//586 6510//587 12984//587
f 8255//33 10350//57 8256//57
f 4010//317 701//93 712//317
f 10450//4 7385//52 10451//52
f 10172//588 9134//589 10616//589
f 12965//52 13958//4 13571//52
f 11620//33 5014//57 11621//57
f 9496//56 2850//83 9498//83
f 12585//12 6894//12 14334//12
f 3718//175 11795//176 12546//176
f 10862//33 923//13 14468//13
f 14783//38 13151//44 10009//44
f 12098//590 7652//591 2404//590
f 11576//142 12258//133 9656//592
f 13525//593 14014//13 8396//13
f 249//18 14503//13 250//13
f 1233//4 10327//52 1235//52
f 12599//83 8892//83 8894//83
f 13338//5 6491//2 2762//2
f 9702//594 1274//595 14492//595
f 7242//52 13636//4 7244//4
f 7363//269 1358//204 11423//269
f 11331//5 14570//5 14572//5
f 879//8 10108//15 11934//15
f 11480//33 14811//133 11478//133
f 10312//596 1352//597 1350//598
f 13868//599 2334//600 7887//601
f 11247//2 13871//5 12086//2
f 8312//4 6650//34 12337//4
f 11475//1 12278//7 4659//1
f 8565//2 9773//104 8572//104
f 9223//535 2409//429 2408//535
f 11726//6 111//7 11724//6
f 5475//602 2196//603 2194//602
f 8290//44 10368//38 1158//38
f 2939//33 9557//57 6961//57
f 14793//33 843//13 12562//13
f 10671//10 12039//1 2859//1
f 10319//33 1281//13 9689//13
f 11638//18 14072//13 11637//13
f 13116//604 1336//371 1399//604
f 1503//38 12248//1 9646//38
f 988//7 10250//1 989//1
f 8305//10 10367//7 11499//10
f 11404//57 13434//34 8162//84
f 9328//1 2641//1 5925//1
f 3413//7 11733//6 7241//6
f 9314//605 13365//606 13364//578
f 8277//10 12690//1 1193//1
f 10529//38 12534//39 495//39
f 10064//326 551//607 3812//607
f 1150//342 14303//494 1149//494
f 9088//8 9071//15 9069//15
f 8865//57 7462//84 267//322
f 12748//11 12749//11 9820//11
f 7291//310 14138//226 2214//228
f 10739//56 7074//57 10472//58
f 10609//18 10607//39 10546//18
f 8664//6 13138//14 10592//6
f 12773//33 7451//57 12774//57
f 14688//33 3946//56 694//56
f 6860//13 14096//130 12353//13
f 9437//11 14443//11 6076//11
f 14367//34 12741//4 8585//4
f 11357//10 10216//7 14243//10
f 8841//1 12872//7 12871//1
f 839//1 12564//44 840//44
f 14173//608 655//609 654//610
f 9120//8 10021//14 745//14
f 1420//5 12254//2 8455//2
f 14392//11 3533//11 6716//11
f 7098//72 6857//9 7099//9
f 11005//611 2399//263 7844//611
f 1632//4 9814//5 1633//5
f 5160//612 1965//613 5162//614
f 11061//615 13450//472 8182//615
f 14700//4 10084//52 14378//52
f 2667//616 14738//617 2668//618
f 10417//619 14120//620 71//620
f 13832//621 13341//104 13833//104
f 7286//1 8715//7 7264//7
f 1271//181 8216//182 8214//182
f 10052//458 582//622 8951//460
f 9181//104 11262//104 7905//104
f 8365//8 12334//14 8366//14
f 14038//528 8431//529 8438//529
f 11217//140 11878//623 11209//623
f 13509//35 9832//9 11539//9
f 2870//72 9536//104 14747//72
f 2862//14 6380//6 2861//193
f 3965//624 3955//11 3956//475
f 12388//11 9889//11 9885//11
f 349//625 10957//34 3603//625
f 12101//626 2730//10 12103//10
f 6386//33 2868//13 12213//13
f 5334//27 2059//35 10997//98
f 4644//627 11450//628 9704//628
f 12246//33 8396//13 14014//13
f 12105//72 7911//197 2725//72
f 8312//4 9829//52 8313//52
f 11521//142 9805//133 9804//142
f 12101//626 7913//513 7914//626
f 7282//34 11751//4 102//34
f 8607//13 8627//12 4935//16
f 12511//296 14696//541 12788//296
f 13620//7 6759//14 6758//7
f 7250//33 8759//13 7225//13
f 9058//35 10145//9 836//9
f 14663//104 7231//72 11699//72
f 4819//38 11512//44 14012//44
f 14798//629 725//630 9599//629
f 10822//33 1165//13 14302//13
f 750//72 10016//9 751//9
f 11536//341 11529//44 14009//341
f 1514//341 9635//342 1513//342
f 262//33 7464//57 8865//57
f 14229//328 8883//329 717//251
f 4850//33 1602//13 4851//13
f 9630//52 8328//4 9632//4
f 13794//5 12581//2 11982//354
f 9908//8 13202//9 9909//9
f 9574//18 2976//12 2975//18
f 11656//295 4922//24 9789//295
f 1649//7 9789//295 14338//7
f 12240//35 1566//35 13506//35
f 3060//12 13997//13 3061//13
f 12915//33 1036//13 4300//13
f 12421//313 7629//553 1441//313
f 11048//196 5234//14 1922//14
f 13158//14 7499//6 7497//6
f 931//4 7233//34 7232//4
f 9839//57 12885//58 9840//58
f 4432//11 4430//11 4431//11
f 1503//38 6564//39 8387//39
f 10025//148 8946//631 565//148
f 14588//72 6882//9 1038//9
f 7607//12 5096//13 7609//13
f 9243//632 2387//427 11220//633
f 1837//2 8490//3 14128//2
f 12530//464 14703//598 545//464
f 9991//464 2110//598 2109//464
f 1515//7 12714//1 1516//1
f 11163//102 11159//163 11162//102
f 9963//384 2178//634 2177//384
f 2122//206 12447//367 12446//635
f 6273//18 6934//12 2947//18
f 8518//4 9738//52 8519//52
f 9628//18 13516//12 1557//18
f 1327//72 11441//104 14284//72
f 13171//14 6674//6 6871//6
f 12275//309 13538//310 1452//636
f 12554//8 871//9 6684//9
f 7175//33 13917//57 7174//57
f 13858//91 67//92 2455//93
f 13849//175 2448//637 2463//175
f 9741//15 1740//27 5001//27
f 8090//13 12627//12 12626//13
f 5733//638 7795//639 2473//638
f 7429//535 8833//245 305//535
f 9985//640 2170//641 2172//642
f 5766//28 2506//30 2508//28
f 13791//39 9077//39 9075//40
f 12043//643 7793//644 14546//645
f 1514//341 9647//1 14318//341
f 9421//646 1286//542 8220//646
f 5354//224 7749//225 14237//224
f 12139//163 2625//486 2624//165
f 11693//52 7215//5 13616//5
f 13567//14 14758//7 1759//7
f 10925//164 6656//439 413//164
f 9025//8 14268//14 9022//14
f 239//57 6583//84 6581//322
f 4744//11 6401//11 6979//11
f 11489//44 12690//1 10344//44
f 8862//1 13704//44 8864//44
f 2886//8 6988//15 6986//15
f 3705//574 8803//575 13670//575
f 9965//324 11109//647 13242//324
f 12131//164 14564//439 2625//486
f 6398//33 10680//13 12211//13
f 10321//648 9308//649 1341//648
f 6856//8 7099//9 6857//9
f 14134//650 2269//651 7672//650
f 6139//33 3169//13 13931//13
f 448//534 14203//561 449//563
f 5180//652 70//653 1850//652
f 9639//196 1536//197 9638//197
f 9270//134 2301//317 7640//134
f 11363//593 12899//13 1094//13
f 1469//197 9667//235 9666//197
f 6946//6 14429//6 9592//6
f 8185//518 1363//519 8183//518
f 6826//550 411//654 409//550
f 9937//655 13222//315 13236//656
f 7511//10 2023//7 10006//7
f 12553//8 891//27 892//9
f 8087//33 10233//56 8088//56
f 10980//33 10490//13 10973//13
f 11021//144 9833//307 14508//307
f 11387//6 14299//6 999//6
f 313//9 12866//72 12867//9
f 12855//33 476//83 8979//13
f 222//72 3477//9 223//9
f 4824//11 4818//11 9629//11
f 8388//34 12245//4 8390//4
f 14653//18 5019//38 9726//18
f 10193//657 14690//658 13724//543
f 12170//659 11585//359 1379//659
f 9243//632 2370//660 12077//661
f 6954//5 13977//4 13978//5
f 5613//662 2327//663 2351//662
f 6323//664 2993//9 9568//9
f 1023//4 10294//34 12631//539
f 9251//123 11255//391 2347//123
f 939//8 10267//15 8170//15
f 12432//665 2197//666 2196//603
f 8514//1 9911//38 10346//38
f 14080//104 1658//2 12327//443
f 13890//667 2650//668 11302//210
f 9336//669 13639//670 2621//669
f 11894//565 10564//671 14178//565
f 10550//12 30//13 12829//12
f 1426//8 8458//15 8449//15
f 12424//11 5806//11 5494//11
f 188//52 3417//5 189//5
f 13627//14 3439//8 3438//14
f 863//104 14209//2 9032//104
f 8710//39 156//38 12816//38
f 8564//5 9772//2 8565//2
f 6//672 12833//5 9//249
f 6967//52 2907//4 9550//4
f 7303//6 150//7 7305//7
f 6982//52 9537//5 2864//5
f 3408//27 8698//35 7255//35
f 9351//673 2602//447 2601//674
f 11546//14 8356//6 8354//6
f 11996//675 2341//676 7871//675
f 1329//123 14291//48 1330//124
f 1572//4 12239//52 11531//52
f 8378//35 12247//9 8395//9
f 11648//5 8568//52 4968//5
f 12675//187 1332//284 1331//187
f 13501//235 14315//197 13502//197
f 11882//156 3739//677 647//678
f 7455//8 254//9 7456//9
f 8270//18 12679//13 1227//13
f 12250//8 1527//9 4774//9
f 10898//85 1364//86 11426//85
f 978//27 14255//9 14254//27
f 11995//5 2391//5 11997//5
f 9252//679 2353//680 7874//679
f 1324//5 11442//3 1344//3
f 14213//8 826//9 10122//9
f 252//3 7452//5 7453//3
f 10115//27 841//8 11971//9
f 3961//11 13713//11 3962//11
f 10614//3 9856//2 7517//2
f 12222//8 12933//9 12220//9
f 3308//5 7348//52 9486//52
f 9481//104 3243//2 13084//2
f 11371//10 12617//10 13416//10
f 14076//5 13590//4 12317//4
f 8840//38 7415//39 13693//215
f 8785//3 10934//2 434//2
f 9631//3 11526//2 8330//73
f 6160//8 965//9 14262//9
f 8464//59 7748//59 11421//59
f 934//72 4177//2 12655//72
f 5252//11 10001//11 10002//11
f 5958//27 11289//35 9299//35
f 9281//114 2445//681 11186//681
f 12670//682 1373//683 11433//682
f 10792//18 13920//13 10802//13
f 6258//8 3064//9 12678//9
f 9530//72 7154//104 7156//104
f 8383//15 10675//15 7017//15
f 14806//684 1397//685 11445//684
f 8373//39 6639//39 6641//39
f 11416//2 12650//3 12649//2
f 13568//17 9710//56 8502//56
f 7473//59 10981//59 10601//59
f 10346//38 5078//39 11609//39
f 321//686 7405//39 319//215
f 6549//10 12732//1 1780//1
f 12858//39 12571//18 9102//18
f 1504//12 4796//129 1505//129
f 4279//11 9443//11 9445//11
f 13156//8 14090//14 1975//14
f 1279//38 14047//1 9694//38
f 7060//56 14441//83 13822//83
f 8560//39 14071//18 11638//18
f 4533//509 13449//434 1342//509
f 11999//676 2339//687 2341//676
f 10073//484 479//485 12540//485
f 6660//264 1418//129 6661//129
f 7260//38 14668//688 13062//688
f 14737//299 2295//300 13206//420
f 9199//689 2475//690 7848//689
f 14808//671 1477//691 11453//671
f 11607//16 14131//12 14129//16
f 13422//8 4305//14 13423//14
f 11797//2 7400//104 11798//104
f 1849//33 7617//56 7604//56
f 9931//11 9933//475 10513//692
f 13942//8 7088//9 13944//9
f 13607//295 14073//24 14074//14
f 4480//8 1209//9 10334//9
f 12141//693 8010//694 2548//693
f 11545//196 9824//14 11546//14
f 12775//27 8898//27 8900//27
f 10027//477 12799//694 621//477
f 11589//104 12279//2 10391//104
f 14295//8 1219//9 14296//9
f 825//35 10122//9 826//9
f 10310//291 11431//186 1378//291
f 13044//33 13913//56 13047//56
f 9174//83 11256//12 9184//388
f 10067//695 14789//467 11916//696
f 1610//38 14087//1 4876//38
f 8379//104 10378//2 8381//104
f 13900//697 2620//548 2619//697
f 14533//698 11125//305 2195//699
f 4120//11 4119//11 5//11
f 1512//494 4801//13 13522//13
f 8359//538 12246//33 8369//538
f 12241//104 11526//2 14004//2
f 10175//342 9654//494 1427//494
f 5748//700 2458//701 2457//700
f 5656//11 5661//11 5657//11
f 7612//6 10483//7 7610//7
f 8299//44 13281//44 8301//44
f 8870//18 14501//13 8871//13
f 14494//118 13662//339 395//118
f 2867//39 14195//38 6376//39
f 7706//702 14535//329 14049//329
f 8320//268 14005//6 14621//6
f 10377//8 9723//14 13567//14
f 12909//104 9565//72 6920//72
f 5908//703 2638//704 2637//703
f 12088//95 2382//705 2381//95
f 10159//33 767//13 10160//13
f 10024//420 11884//706 11886//707
f 1427//494 9653//13 1425//13
f 8315//6 4878//7 1608//7
f 1697//18 12305//13 11651//13
f 9466//38 7313//44 9467//44
f 6331//56 6916//57 6895//708
f 9352//709 2601//674 2600//709
f 2648//238 13078//710 13363//710
f 6920//72 9568//9 2993//9
f 2930//44 9554//38 10431//38
f 6959//72 12217//9 2941//9
f 6279//57 6933//56 6951//538
f 225//8 14407//14 11680//14
f 1621//4 4892//5 1618//5
f 12669//711 8178//188 1374//711
f 7460//8 8652//9 7459//9
f 9086//14 14408//8 14220//14
f 14620//33 9817//56 14659//56
f 6690//384 303//712 6688//713
f 12178//33 3197//13 12179//13
f 14613//142 4488//133 4487//142
f 13045//5 9389//2 7200//2
f 14800//627 741//714 9132//627
f 14797//155 9599//629 723//155
f 11914//715 12863//151 14708//153
f 1751//18 5033//13 13578//13
f 8346//113 8333//52 8331//52
f 11643//1 14066//44 11647//44
f 6574//56 12332//264 11664//56
f 13585//9 9754//716 9753//9
f 9745//3 11632//2 8545//3
f 11896//432 2603//717 11319//432
f 10692//39 7003//39 8749//39
f 13902//484 2629//28 2574//484
f 7100//4 6098//34 6093//4
f 12377//1 6889//1 7620//1
f 13612//6 13141//14 13139//6
f 13952//3 14483//5 9474//5
f 12673//453 2095//718 9308//649
f 14720//8 4121//15 856//15
f 9448//1 14046//10 14047//1
f 12955//7 7019//10 7001//10
f 6469//11 6465//11 6466//11
f 4027//11 3942//11 6297//11
f 7287//2 106//3 12823//3
f 11592//34 9682//4 1402//4
f 10848//34 3017//57 10300//57
f 9482//18 8767//39 9483//39
f 11286//56 7923//83 12110//83
f 8596//3 7936//2 7934//73
f 10007//14 11017//15 14092//15
f 10062//123 8956//124 8955//123
f 13826//15 13335//27 13828//27
f 12123//137 2657//719 2656//137
f 937//38 9211//39 938//39
f 14039//8 1406//9 10392//9
f 6227//33 10847//13 13915//13
f 1973//18 9852//13 1974//13
f 14740//367 2598//206 2585//367
f 1183//14 11505//6 11504//6
f 8310//342 14292//494 8311//494
f 3406//4 11715//34 10876//720
f 7906//1 14410//7 13823//1
f 13163//721 9855//722 13164//722
f 5192//723 1883//724 1884//723
f 1151//341 4416//44 4422//341
f 10358//264 1142//129 10359//129
f 11463//12 9689//13 1281//13
f 10977//725 3503//11 6164//11
f 12287//543 8246//658 1276//543
f 8160//3 12643//5 10266//3
f 9108//4 12574//52 9109//52
f 8986//316 10069//141 505//141
f 9506//24 7007//234 9507//234
f 7788//57 9378//34 2507//34
f 14227//177 11849//726 684//177
f 342//8 13133//14 340//14
f 6307//34 2977//57 13982//57
f 242//10 3509//1 244//1
f 7265//104 8736//2 7267//2
f 10547//11 12834//11 3351//11
f 192//72 13058//9 191//9
f 10873//104 8712//2 10872//2
f 1182//8 12695//14 1183//14
f 13206//420 14133//446 14737//299
f 14223//33 9084//13 14224//13
f 7245//2 154//104 8696//2
f 9342//727 11146//504 2086//728
f 8255//33 10340//13 10351//33
f 10825//34 13994//57 13999//34
f 2955//44 12231//1 9587//44
f 8610//729 12719//34 9800//34
f 1140//72 13320//9 11344//9
f 14289//730 11453//671 1351//730
f 1025//2 10246//5 10245//2
f 6192//11 9454//11 10979//11
f 3038//38 13909//39 3046//143
f 227//18 3490//13 229//13
f 7676//5 2220//5 11115//5
f 13867//731 2328//732 2327//663
f 6270//733 3009//18 6271//18
f 1197//8 4475//14 1198//14
f 6838//33 11516//13 6839//13
f 14742//734 2538//735 8017//734
f 6657//3 13668//5 6671//3
f 4509//8 8241//9 7682//9
f 8279//10 14813//1 8281//1
f 9830//11 9622//11 12238//11
f 12288//203 13465//203 11456//203
f 14717//57 10290//4 901//4
f 12529//736 12806//737 8969//738
f 9730//18 10357//13 14671//13
f 3040//7 6746//10 3039//10
f 9322//739 2652//579 8695//740
f 9362//385 2634//384 2633//383
f 7214//33 13615//13 7211//13
f 1859//741 5181//742 1869//742
f 5235//11 9863//11 5236//11
f 9170//8 14554//9 14728//9
f 12329//8 1626//9 12326//9
f 3157//9 12878//72 9427//9
f 10439//11 10437//11 4809//11
f 14778//743 2168//744 2167//743
f 11760//72 13645//9 3336//72
f 6332//39 14335//38 12583//38
f 13078//710 2546//495 13363//710
f 12526//330 8966//188 8965//330
f 6855//272 722//154 12013//272
f 7522//256 9849//34 12351//256
f 9302//14 14556//196 5938//196
f 6861//33 12359//356 13162//356
f 11755//13 4124//130 4125//13
f 11001//35 14765//9 7488//9
f 11362//308 10555//39 12898//308
f 12859//104 14794//72 13803//72
f 11514//308 4831//38 10438//308
f 12311//83 13594//12 14068//388
f 9366//745 2552//70 13387//745
f 10803//5 6785//3 10805//3
f 10617//27 11349//8 11353//9
f 9332//240 2569//257 2567//240
f 6613//35 131//27 6611//98
f 6886//8 8106//9 6887//9
f 14314//33 13522//13 4801//13
f 9363//70 2534//184 2552//70
f 5607//33 2343//13 5608//13
f 14231//116 674//5 8908//5
f 3702//682 8799//746 410//682
f 8739//747 3320//748 8741//747
f 12660//468 1394//379 8472//468
f 10200//255 10442//749 10202//749
f 12579//8 755//9 12578//9
f 6421//11 9518//11 3298//11
f 9083//18 14224//13 9084//13
f 14179//11 14174//11 3898//11
f 11793//750 11795//176 8793//750
f 14076//5 11640//3 11639//5
f 2377//751 9240//752 2374//752
f 10621//33 8090//13 12626//13
f 3807//753 525//754 13750//755
f 5204//756 7595//265 1891//756
f 9091//34 9081//34 11975//32
f 12450//302 2164//423 7720//757
f 6045//11 6051//11 10906//11
f 4274//33 11393//13 4275//13
f 5689//11 5685//11 12047//11
f 3209//13 6097//12 6100//13
f 8637//34 4888//4 1621//4
f 12145//526 2234//758 11094//527
f 9947//27 2231//27 5493//27
f 1112//38 11325//44 11324//38
f 11974//104 10154//72 13788//72
f 14630//1 9649//10 9647//1
f 9495//14 14450//759 3122//14
f 7170//104 6182//72 3073//72
f 10724//760 14727//405 10726//405
f 12768//8 10968//14 11831//14
f 11493//72 10348//104 4482//72
f 3356//34 13637//57 3357//57
f 5445//761 2182//112 2173//761
f 1470//72 8428//369 9667//235
f 5737//561 13293//562 2468//563
f 3342//18 11731//39 7269//39
f 11701//33 7249//57 187//57
f 7594//342 9810//494 1903//494
f 8493//44 5107//38 1826//38
f 7474//34 10003//4 2064//4
f 234//104 10976//72 8653//72
f 7094//3 6080//5 6079//3
f 14025//275 2263//762 2261//275
f 8672//1 3475//44 11690//44
f 14123//763 1955//361 14768//361
f 3147//8 9433//14 7131//14
f 11550//33 4799//133 1494//133
f 11582//764 14026//495 1434//495
f 10883//10 11710//7 3395//765
f 1866//1 9867//44 13199//44
f 14150//597 2112//331 2111//597
f 10309//186 1331//187 11431//186
f 14106//18 6685//39 7078//39
f 9752//7 1692//6 14330//6
f 9923//5 13217//5 9921//5
f 9616//33 3047//13 12236//13
f 11719//12 8716//18 3367//18
f 13716//167 13297//64 11188//167
f 820//52 10135//5 821//5
f 11372//33 8085//56 8083//56
f 1858//14 7590//759 7588//766
f 1864//342 12324//494 1627//494
f 9994//767 12456//768 7741//243
f 12024//83 10700//12 10594//388
f 12969//17 9508//56 12971//56
f 6467//44 8746//44 8762//44
f 14375//769 2242//60 2252//769
f 13478//4 8253//52 8230//52
f 8603//35 1659//35 14081//98
f 10548//513 6782//38 3382//38
f 2877//57 6396//34 2878//34
f 7023//38 6422//39 10698//39
f 1119//4 12607//52 14581//52
f 3071//5 6183//3 3072//3
f 1175//235 9734//104 4408//235
f 10096//315 4720//770 1488//412
f 3104//33 6212//57 10780//57
f 14507//14 12472//7 2033//7
f 11843//3 7465//5 7448//3
f 5182//196 13192//197 9895//197
f 3171//5 7114//52 12226//5
f 5981//104 2725//72 2718//104
f 5132//5 11105//5 11035//325
f 12414//771 2272//772 2280//233
f 3166//57 6137//34 3172//84
f 5160//612 7567//773 1967//612
f 12386//187 11051//284 11038//187
f 12371//774 1880//775 1878//305
f 3393//83 159//56 158//83
f 1500//56 9633//264 8399//56
f 8332//3 9619//2 8339//2
f 10609//18 10545//13 2048//13
f 6372//15 12948//15 12944//15
f 10798//14 9408//6 7173//6
f 13609//9 7446//72 13144//9
f 12091//222 7639//223 2299//222
f 14682//2 10971//3 13134//2
f 2914//38 13974//39 12745//39
f 11049//776 1935//472 7569//615
f 7029//777 9506//24 7031//777
f 8256//57 9612//34 9610//34
f 3839//778 572//779 609//780
f 1140//72 14301//2 4427//72
f 3664//449 13677//781 455//207
f 2828//16 9514//12 9513//16
f 973//13 7295//33 971//33
f 2523//85 11911//503 12813//503
f 13411//38 10227//39 13412//39
f 1373//683 10313//123 1329//123
f 13547//34 14773//4 1812//4
f 8824//782 2433//783 2459//782
f 8685//104 3420//72 192//72
f 13930//6 12623//7 1056//7
f 937//38 12645//44 10274//784
f 6632//10 9561//1 2915//1
f 10657//52 6356//4 7329//52
f 6169//3 7158//5 13923//5
f 1633//5 9813//2 8644//2
f 9411//58 3132//57 10786//58
f 7289//35 14666//27 8735//35
f 10655//8 12221//14 6956//14
f 886//4 10102//52 11941//52
f 12946//12 12210//13 14432//13
f 911//9 14266//72 10281//9
f 13040//34 13912//34 13042//32
f 12065//785 8002//453 8001//786
f 7357//35 7341//27 7339//98
f 713//12 3954//13 14691//13
f 1445//787 12781//788 1466//526
f 13894//789 2632//790 13895//790
f 14613//142 14001//113 8346//113
f 9271//569 14523//791 2305//569
f 12767//792 1861//793 1856//794
f 13627//14 7220//6 11716//6
f 9022//14 11938//6 9023//6
f 9970//27 2188//27 5463//27
f 7412//479 322//795 334//479
f 12500//275 626//734 627//275
f 2514//796 7786//797 7781//798
f 14043//630 1311//337 8205//583
f 8049//34 14241//4 8048//4
f 12067//799 2408//535 13232//532
f 10965//8 283//9 3539//9
f 71//620 5649//751 2377//751
f 2499//1 11155//44 11153//44
f 13699//5 7450//52 7442//5
f 13135//33 8871//13 14501//13
f 14511//4 9858//52 1980//52
f 12483//88 565//148 8950//88
f 11984//35 10165//9 9101//9
f 7775//800 5771//801 2502//801
f 1837//2 13550//104 11602//104
f 11709//39 3453//39 200//39
f 12671//773 1328//802 1326//773
f 8817//7 10941//10 8814//10
f 3705//574 405//803 404//574
f 14656//34 4951//57 9764//34
f 11801//104 10934//2 10932//104
f 13683//8 10585//15 13680//15
f 7739//804 2109//464 7737//804
f 14175//805 8897//806 650//51
f 12271//807 1431//226 13538//310
f 11633//33 6603//56 11634//56
f 11366//14 12616//6 11370//6
f 11578//104 12254//2 12257//104
f 7401//8 10446//27 378//9
f 13820//38 10708//39 10710//38
f 9952//309 7291//310 7293//636
f 13675//3 7393//2 13676//2
f 10386//56 9788//17 9793//56
f 13844//808 2516//809 2517//810
f 8232//6 12278//7 1256//7
f 13106//8 388//9 13107//9
f 14428//18 9586//39 9585//18
f 14650//6 12407//7 10275//7
f 14482//12 3268//18 6046//18
f 3102//18 9394//13 3103//13
f 5652//811 2367//812 2388//428
f 10578//101 13741//146 14702//101
f 546//59 8957//59 12805//45
f 12003//813 12013//272 739//813
f 9132//627 12600//628 14800//627
f 11379//7 13834//10 11380//10
f 11806//33 10931//56 14674//56
f 747//4 12597//5 748//5
f 12093//814 11088//460 11090//815
f 13708//6 14498//14 14500//6
f 14050//271 8213//816 1264//817
f 560//10 14792//7 13740//10
f 10772//3 6109//5 9438//3
f 12837//551 8887//438 697//551
f 1969//818 14117//604 1970//604
f 10194//542 13724//543 683//542
f 10199//528 735//340 737//528
f 7562//52 5199//5 1888//5
f 8763//57 10565//34 9074//34
f 12845//33 14214//57 9111//57
f 12017//160 7637//347 13880//819
f 867//4 10114//5 9043//5
f 10298//147 11433//682 1370//147
f 11484//72 4457//104 14297//72
f 4567//1 1357//820 1359//1
f 10410//4 9//249 3338//4
f 11972//5 13074//3 11973//3
f 12033//33 9767//13 9160//13
f 977//9 4238//72 14255//9
f 14215//33 9103//13 10138//13
f 13096//572 11779//367 437//821
f 12122//521 2663//822 2662//521
f 8158//5 13435//52 12643//5
f 12081//823 13314//824 13318//823
f 3197//13 9457//12 12179//13
f 12856//1 12877//44 12857//44
f 9024//10 10284//10 11942//10
f 7501//59 2024//59 6853//59
f 11536//341 14008//342 8310//342
f 8561//1 8590//10 4977//1
f 10872//2 110//5 10887//5
f 941//7 4215//10 942//10
f 11279//34 2721//34 7922//34
f 14593//38 12907//1 12632//38
f 14202//825 457//826 456//827
f 7427//828 304//229 303//712
f 10893//332 1333//376 11440//333
f 10131//33 829//13 14210//13
f 14288//434 1353//194 13449//434
f 890//33 4149//56 885//56
f 3158//8 13928//14 7144//14
f 5154//358 7688//224 1960//358
f 9195//829 2489//830 9198//831
f 1473//832 12270//116 11093//581
f 9099//6 10164//7 775//833
f 14408//8 14722//9 10153//9
f 14592//2 12593//3 12641//2
f 6761//611 1472//263 1471//611
f 14419//8 1021//9 10252//9
f 859//4 7298//34 7297//4
f 855//130 4127//38 4124//130
f 9063//33 11964//56 9065//56
f 737//528 10201//529 10199//528
f 936//8 4179//15 930//15
f 9034//10 12874//1 851//1
f 5679//834 2480//835 2424//836
f 12984//587 12028//837 7054//837
f 12130//484 2631//28 2630//484
f 14032//838 1475//590 1436//838
f 6704//33 13936//57 6705//57
f 3374//11 10547//11 7256//11
f 8597//39 8582//39 8579//39
f 7178//5 12235//2 10814//2
f 11606//16 5050//12 14060//16
f 13189//1 12815//1 13187//1
f 1529//6 6566//7 1515//7
f 8421//1 1462//1 8411//1
f 6017//6 3247//7 3246//6
f 7560//34 5223//34 1909//34
f 1778//295 6711//24 12733//295
f 3610//11 4196//11 6771//11
f 14732//317 2455//93 2454//317
f 12791//35 9609//9 12793//9
f 9500//52 6997//52 12963//262
f 14574//33 12613//13 14311//33
f 11414//10 4232//1 953//1
f 11420//14 6160//8 12642//14
f 4959//15 1705//27 4961//27
f 10045//222 596//223 8935//222
f 9410//733 10784//18 9412//18
f 9155//6 4349//7 11364//7
f 13034//8 12160//15 10816//15
f 7179//35 12678//9 3064//9
f 6189//8 3077//9 6181//9
f 14320//35 12320//234 1648//234
f 9115//52 12586//5 759//5
f 13814//2 4359//104 11351//104
f 12522//776 490//472 13745//776
f 12455//377 2160//502 7718//501
f 1988//625 11029//34 9854//625
f 8992//3 14276//3 13759//3
f 2937//12 6360//13 2938//13
f 10035//412 8949//413 573//839
f 8548//5 4999//52 12300//5
f 10050//419 651//372 575//419
f 11743//12 8738//18 7259//18
f 10535//5 2092//5 7760//5
f 8564//5 4942//52 9765//5
f 12044//533 2467//534 7803//533
f 9495//14 13020//840 9493//840
f 3655//746 13663//123 8799//746
f 13845//188 556//319 8966//188
f 2513//72 9372//9 2515//9
f 9159//2 7045//104 12978//2
f 8176//763 13127//361 13126//841
f 10277//44 12406//38 11598//38
f 11484//72 14296//9 1219//9
f 927//33 4190//57 928//57
f 5760//600 2336//842 2334//600
f 10686//10 9531//10 10673//10
f 1279//38 9688//39 1280//39
f 4166//33 11944//13 12658//13
f 11902//33 12854//56 11904//56
f 13855//843 2439//459 2438//843
f 12485//390 622//87 620//390
f 9136//268 10216//7 9137//7
f 10079//844 478//845 477//844
f 13760//33 12656//57 14717//57
f 5708//846 2401//409 2400//847
f 6638//57 6972//34 6636//34
f 311//10 3563//1 13700//1
f 880//6 4154//7 11935//7
f 2487//848 14731//849 11166//402
f 874//38 11949//44 12557//38
f 6697//4 7101//34 6081//4
f 2344//33 5606//56 2338//56
f 9043//5 10113//3 9045//3
f 1313//196 12283//268 1272//14
f 11955//33 4125//13 12560//33
f 13445//4 4210//52 949//262
f 931//4 13443//52 11408//52
f 8060//3 4339//3 1076//73
f 5269//11 6277//11 6343//11
f 6806//384 2590//634 2573//384
f 9341//208 2597//449 2596//206
f 8265//38 11077//39 13483//39
f 958//5 14259//3 13433//3
f 13164//722 9835//2 13166//2
f 12580//8 9101//9 10165//9
f 7490//104 9835//2 7492//104
f 851//1 4127//38 854//38
f 8146//52 14260//5 958//5
f 12024//83 12760//56 2799//382
f 3594//416 11826//478 11825//416
f 984//8 12637//15 8123//15
f 8243//104 10330//2 4498//104
f 6039//56 3267//83 6040//83
f 11846//850 14690//658 12602//658
f 9111//57 12576//4 9108//4
f 1178//10 13282//10 11510//10
f 8528//38 5055//39 1783//39
f 14228//288 730//289 12018//288
f 9359//851 2562//243 13392//851
f 13208//435 7637//347 2298//435
f 10514//852 7644//70 7646//852
f 7968//102 2624//165 2622//102
f 7002//38 7012//39 7010//39
f 10759//104 14444//104 13007//104
f 5650//853 2378//854 2376//853
f 12357//426 1919//212 1918//426
f 13953//18 14356//39 9489//143
f 9384//208 2522//449 2521//206
f 13879//459 2257//554 2276//459
f 13191//72 12396//369 5128//235
f 14612//855 6590//344 1292//346
f 12282//154 1303//155 1302//273
f 4005//856 708//346 707//855
f 2498//308 5787//18 2519//18
f 14496//474 2527//232 323//474
f 1019//33 10295//56 1020//56
f 4988//56 8538//83 4989//382
f 12991//6 12987//7 10730//6
f 3057//2 6253//104 3063//104
f 5204//756 1892//857 5205//857
f 1002//38 12634//39 11396//143
f 9924//384 7659//712 2273//713
f 6203//8 3092//9 12164//9
f 7109//44 12174//38 3167//38
f 8523//2 6598//3 6600//2
f 920//7 14274//10 13765//10
f 1025//2 10254//104 1022//104
f 9221//516 7799//858 2483//859
f 12925//52 14307//52 14576//52
f 9191//572 2585//367 2584//821
f 13419//38 12621//44 4315//784
f 873//10 10407//7 4118//10
f 10260//33 986//13 4258//13
f 12639//8 983//9 14253//9
f 8870//18 6586//39 6585//18
f 9200//701 7848//689 2458//701
f 13576//10 6559//10 6557//10
f 986//13 6993//12 4258//13
f 14713//12 14468//13 923//13
f 5589//860 7876//218 2313//861
f 5481//730 2229//671 2545//730
f 1018//13 4271//12 10247//13
f 830//33 10129//56 9055//56
f 13418//2 13414//3 4313//2
f 1085//56 4345//33 4343//56
f 14191//449 529//781 8971//207
f 4141//83 13775//33 14714//13
f 1530//729 9643//34 8361//34
f 2257//554 14135//390 2258//390
f 1792//72 11612//104 12291//72
f 10275//7 12408//10 1835//10
f 744//862 14236//863 4011//134
f 14614//129 4514//12 11075//129
f 1176//197 4408//235 10363//197
f 7000//44 6451//38 7002//38
f 12957//3 6447//3 12959//3
f 4404//8 11508//9 14310//9
f 2428//864 13864//166 11187//166
f 10560//865 638//433 589//865
f 11367//4 10232//34 10231//866
f 9347//635 2599//449 2598//206
f 14176//5 8933//5 14373//5
f 10620//8 8091//9 14245//9
f 1004//14 8131//6 8129//6
f 637//115 12480//50 649//389
f 11367//4 13415//52 11373//262
f 5466//11 7707//11 14140//11
f 11372//33 8098//83 14244//13
f 10987//104 14781//72 10991//72
f 6814//867 13715//450 711//868
f 2812//17 6678//56 6676//56
f 3354//11 12737//11 4334//11
f 1363//519 12682//545 13455//545
f 9984//641 2169//869 2170//641
f 13860//134 2462//387 13859//136
f 10004//56 7479//56 7484//336
f 8044//12 4365//13 9128//13
f 3264//59 17//59 7353//59
f 6508//34 6682//4 6680//34
f 10770//44 3130//1 13957//1
f 1865//341 5184//1 14349//341
f 8066//44 4351//44 8075//44
f 7991//870 2606//871 7989//872
f 11352//33 4364//56 8050//56
f 14617//3 4396//3 1161//73
f 13768//3 6770//3 6768//3
f 2645//873 12121//822 5913//873
f 11336//34 4423//4 1136//4
f 10230//8 8074//9 12619//9
f 2492//14 9377//6 13287//6
f 12831//33 83//56 3337//708
f 2509//5 9278//3 7772//3
f 11346//6 12896//7 11348//7
f 12319//7 8622//14 4912//14
f 838//7 10116//1 839//1
f 14169//874 654//610 11880//874
f 14162//2 2057//3 6543//3
f 6956//14 6635//6 6633//6
f 12832//11 6262//11 6163//11
f 9596//44 2945//1 13990//1
f 12922//3 2979//5 6546//5
f 1922//14 7621//759 7599//766
f 11682//6 14407//14 7468//6
f 10098//875 8786//639 418//876
f 11332//877 2541//865 2540//877
f 9601//44 3015//44 6261//44
f 3193//38 10753//44 9455//878
f 14775//651 7647//879 2269//651
f 5713//125 11196//126 2405//125
f 1122//264 7980//56 13399//56
f 11349//8 4370//15 11347//15
f 9485//34 7346//57 9487//57
f 10032//880 8944//526 8943//787
f 1493//403 4723//470 13526//470
f 13411//38 12618//44 10229//38
f 10204//33 9128//13 4365//13
f 10633//104 2978//104 6321//104
f 12517//683 8955//123 544//746
f 14741//68 2617//248 12136//248
f 12037//1 6876//7 13885//7
f 12977//44 7052//44 7050//44
f 11598//38 5100//39 7608//39
f 10559//4 10907//57 13949//57
f 14431//8 13964//15 14434//15
f 1152//3 14305//2 1153//2
f 5800//194 2545//730 2544//194
f 1136//4 8026//52 8024//52
f 5880//401 11887//881 11888//718
f 981//38 4257//143 982//40
f 8030//35 4382//9 1126//9
f 6059//10 3290//7 11198//7
f 10605//12 9846//13 2035//13
f 13898//882 2600//709 2616//883
f 9367//434 2544//194 2543//434
f 9131//10 11322//7 12015//10
f 3722//126 443//380 11781//126
f 6832//884 13756//885 8977//884
f 14360//72 13944//9 7088//9
f 13423//14 12624//7 11379//7
f 7051//39 6528//18 12979//18
f 12431//886 14530//887 2210//886
f 10198//365 699//366 11855//366
f 5700//888 2421//381 2420//380
f 5194//889 7584//77 14101//77
f 7472//33 10993//56 2063//56
f 10077//890 11914//715 508//890
f 9972//891 14538//892 2143//893
f 1149//494 4436//13 1147//13
f 1067//8 10237//15 13929//15
f 2039//10 12472//7 12473//10
f 8135//4 4249//34 14563//4
f 1190//72 10352//104 7829//72
f 1185//33 10354//57 1186//57
f 1142//129 4417//12 10359//129
f 14165//8 7488//9 14765//9
f 1164//142 11300//133 4399//142
f 6941//3 2951//5 6545//5
f 1172//8 4394//15 1155//15
f 11487//38 12680//18 8270//18
f 432//4 10930//34 3648//4
f 14086//8 1636//9 14085//9
f 10516//3 6252//2 3057//2
f 3048//33 9615//57 14460//57
f 1438//5 8429//3 1453//73
f 13990//1 2944//10 6282//10
f 14325//34 3452//4 11687//4
f 6939//14 9579//7 12930//7
f 7381//536 452//894 3713//894
f 7177//34 9615//57 7189//34
f 11382//18 14247//38 14804//18
f 11493//72 10334//9 1209//9
f 14640//10 9659//7 14022//10
f 1122//264 8055//895 14312//129
f 11000//104 5286//2 11008//104
f 10584//289 11466//270 1284//289
f 12851//6 3282//6 10917//6
f 11878//623 2375//896 11209//623
f 325//18 7421//39 13129//18
f 9611//52 4458//5 13482//5
f 6479//38 10575//44 13339//44
f 9730//18 8302//39 10356//18
f 10676//59 1071//59 1116//59
f 1186//57 4440//34 1187//34
f 3613//8 313//9 12867//9
f 14704//502 2365//101 7872//502
f 12259//44 14813//1 14294//44
f 12905//308 5215//39 9865//897
f 11473//850 8246//658 12286//658
f 10922//146 412//147 8779//100
f 1353//194 14289//730 1351//730
f 12682//545 1346//522 13455//545
f 7996//898 2614//899 2571//900
f 2994//8 12224//14 6939//14
f 7553//3 9618//3 9781//73
f 13473//264 7722//56 13477//56
f 953//1 10263//44 11412//44
f 1117//10 14313//7 11326//10
f 1123//3 10211//2 1124//2
f 913//733 12653//13 9004//13
f 1779//6 12733//295 5052//6
f 8268//34 10329//4 1233//4
f 12055//398 11194//901 2397//398
f 14809//8 1243//9 4490//9
f 7157//3 3118//5 13927//5
f 13405//52 14241//4 12609//52
f 3062//33 13994//57 7191//57
f 8266//264 11075//129 12686//264
f 7332//52 3296//4 6054//4
f 9700//252 14605//328 13463//252
f 4915//56 1650//83 4900//83
f 13523//268 4761//759 1522//766
f 5900//902 2672//903 2639//902
f 12492//904 14571//905 14694//904
f 10725//906 6512//760 10724//760
f 12018//288 11847//907 14228//288
f 10452//3 13112//2 11797//2
f 282//6 10968//14 7436//6
f 263//18 3515//39 10974//18
f 14040//588 9396//589 10397//589
f 6763//99 2100//146 13273//101
f 3536//33 8851//13 3535//13
f 1348//197 14284//72 14283//197
f 1421//59 1410//59 1412//59
f 6488//39 13332//38 6479//38
f 6472//34 2854//34 6461//34
f 6703//8 6072//15 6701//15
f 1496//14 4786//6 1497//6
f 2551//275 14742//734 8017//734
f 2038//38 9845//39 2037//39
f 5690//908 2483//859 2482//908
f 12035//5 7895//52 13825//52
f 1631//34 12330//4 1632//4
f 834//2 10142//104 835//104
f 14115//909 11040//298 1950//820
f 8261//18 4464//39 10341//18
f 5478//79 1954//360 11042//79
f 10051//372 635//320 651//372
f 11528//10 4808//10 4834//10
f 12147//865 2542//509 2541//865
f 841//8 6842//15 9046//15
f 11540//8 14623//15 11535//15
f 14088//196 1544//287 1558//197
f 741//714 14795//198 740//198
f 2374//752 5641//910 2372//910
f 12955//7 8649//6 6449//7
f 1240//33 12679//13 4489//33
f 12549//911 447//533 8788//911
f 4600//455 14647//442 1395//455
f 9888//685 1961//455 1968//685
f 12391//370 1937//74 1939//370
f 7367//378 8173//101 1381//502
f 12482//838 8946//631 10026//631
f 7424//5 308//5 10960//5
f 248//10 13142//1 8862//1
f 6037//56 10907//57 10909//58
f 10615//338 9134//589 727//338
f 9165//7 10667//10 9167//10
f 1516//1 12713//44 11555//44
f 10733//1 2244//1 13228//1
f 10297//441 11429//325 1385//441
f 6990//72 6404//9 2885//9
f 13598//2 14762//214 13599//214
f 2350//8 5616//14 7880//14
f 1210//8 4469//14 1191//14
f 9036//8 10111//14 853//14
f 12134//452 2593//830 12442//831
f 5258//33 7515//13 12345//13
f 13896//163 7997//486 2591//165
f 9100//8 9107//15 9098//15
f 12352//33 6860//13 12353//13
f 1413//6 9659//7 1414//7
f 8367//10 4861//10 9823//10
f 12128//912 2621//669 2623//912
f 14368//56 4933//17 4932//58
f 11650//7 8577//6 4949//7
f 12381//773 1932//913 7567//773
f 4923//570 8650//24 1648//234
f 7119//4 9465//5 7120//5
f 3703//147 410//682 412//147
f 9142//2 12983//3 9145//3
f 12783//50 13234//51 2283//50
f 13602//17 4935//16 4933//17
f 1622//44 4893//1 4874//44
f 12317//4 8594//34 12310//34
f 8491//7 5108//10 8492//10
f 10507//166 2288//437 2287//552
f 13159//8 10012//14 14507//14
f 5232//914 1914//915 1913//914
f 832//4 10130//34 14217//4
f 1766//4 6599//52 8522//52
f 1198//14 4474//6 1199//6
f 1691//2 4979//104 13584//104
f 1536//197 12253//235 9638//197
f 340//14 13131//6 11809//6
f 9276//916 2308//150 11078//159
f 9086//14 14219//6 11988//6
f 12125//917 2673//464 2655//918
f 13194//86 14769//332 7563//333
f 10814//2 13036//104 12792//104
f 2574//484 6805//634 13902//484
f 6158//14 10774//6 7148//14
f 2965//33 6293//57 2962//57
f 4990//12 8538//83 11627//919
f 2923//12 14216//13 2924//13
f 14059//24 8512//234 9716//234
f 11644//18 6606//13 11645//13
f 2405//125 7811//920 5713//125
f 10388//83 8417//83 8418//83
f 9724//8 10376//9 12292//9
f 8548//5 4997//2 14654//2
f 6046//18 3285//39 6044//39
f 249//18 6847//143 3502//18
f 1899//1 5176//10 5195//1
f 7516//33 5256//56 11011//56
f 5533//795 2249//474 2248//795
f 14291//48 1361//560 1330//124
f 12952//8 13969//14 2862//14
f 6489//11 6438//11 6433//11
f 6035//5 7356//4 12191//4
f 8673//33 3470//57 8674//57
f 10721//59 2781//59 10711//59
f 5987//6 13343//14 13884//14
f 12143//8 3036//9 12158//9
f 7103//38 14035//44 9440//38
f 9176//39 13342//38 5984//38
f 6023//44 8765//1 9477//1
f 812//7 4083//1 813//1
f 9608//8 12793//9 9609//9
f 10679//18 12211//13 10680//13
f 355//104 10951//2 10952//921
f 314//12 3612//13 346//13
f 10713//6 2783//7 10712//6
f 7176//52 9614//5 7178//5
f 13589//2 4930//3 4928//2
f 13814//2 4361//3 4360//2
f 8257//10 4517//7 8259//10
f 14654//2 4994//104 6551//104
f 13900//697 2085//922 12461//923
f 1034//2 10243//3 4292//2
f 8227//10 4485//7 8239//10
f 9703//11 14048//11 6576//11
f 9932//877 2107//924 11086//877
f 11986//1 10149//44 14724//44
f 6514//906 12980//13 9150//13
f 14345//33 8811//56 8809//56
f 3175//8 9420//15 3162//15
f 13676//2 7391//104 6669//104
f 9719//27 13577//8 1762//9
f 12172//1 10775//10 13023//10
f 901//4 4161//52 903//52
f 13581//33 4951//57 13582//57
f 2838//59 1687//59 1711//59
f 11633//33 5033//13 12293//33
f 3943//925 10192//250 14687//252
f 13445//4 4207//34 14264//866
f 5210//489 1915//411 1916//489
f 12484//87 8950//88 622//87
f 11685//314 3452//4 7209//314
f 7359//127 467//192 7360//192
f 12328//33 1616//13 14083//13
f 13863//148 2402//355 14550//149
f 6361//8 2941//9 12217//9
f 13553//8 12411//15 14651//15
f 11059//5 14099//3 14516//73
f 1792//72 6712//234 13557//234
f 8570//9 12314//8 11652//8
f 1788//5 12731//4 14054//5
f 6403//8 2885//9 6404//9
f 2824//34 6436//34 10449//34
f 9673//758 1464//926 1465//758
f 6369//10 14433//7 6370//765
f 6668//35 7394//9 6670//9
f 14649//8 12399//14 14648//14
f 10924//103 413//164 415//103
f 5207//775 13195//407 1880//775
f 351//721 10954//254 8830//254
f 8513//214 9716//234 8512//234
f 2890//38 6408//44 6409//38
f 7605//34 5084//4 1842//4
f 12355//915 1885//927 1914//915
f 2787//586 6525//928 6524//586
f 2876//6 9534//6 2875//6
f 2066//3 5326//2 7487//2
f 12429//67 2210//886 13237//67
f 2841//12 12201//16 2842//16
f 3097//14 6215//7 3096//7
f 2313//861 2380//929 14735//930
f 3073//72 6181//9 3077//9
f 2883//33 6397//57 2877//57
f 9142//2 7034//104 2797//2
f 10895//931 2204//5 2197//666
f 10879//38 143//44 3394//44
f 6700//3 13933//5 10765//3
f 9287//249 2685//4 5974//4
f 5283//733 13157//18 9324//18
f 2774//6 6521//7 2775//7
f 9887//684 1968//685 1938//684
f 1819//214 9919//234 1817//234
f 12926//8 14748//14 2958//14
f 11717//10 7218//1 178//1
f 853//14 4129//6 852//6
f 11800//33 7388//56 10456//56
f 11534//6 14322//7 11533//7
f 7580//35 12365//9 1894//9
f 9343//367 2596//206 14566//367
f 14121//8 1839//9 14770//9
f 8265//38 4516//44 4515//38
f 7509//44 7507//44 10608//44
f 14652//33 9906//13 5104//33
f 10995//3 5333//3 10988//3
f 12092//470 2299//222 2296//404
f 13589//2 4927//104 14319//932
f 13476//34 14812//4 13478//4
f 2934//2 3300//3 3299//2
f 11698//39 7226//18 8760//18
f 14123//763 1945//511 1943//763
f 1815//17 5070//56 13546//56
f 1384//512 14278//818 1398//818
f 8352//35 4774//9 1527//9
f 1189//3 11190//5 10353//3
f 8497//104 5043//72 8513//214
f 10603//14 10982//6 10602//6
f 5482//671 2227//691 2229//671
f 6795//35 14206//9 892//9
f 5699//381 7835//933 2421//381
f 4148//33 889//13 4150//13
f 5974//4 7927//34 8642//34
f 11174//934 2479//935 7801//936
f 13873//368 2351//662 13328//368
f 8707//1 7223//44 13625//44
f 8681//52 13052//5 8680//5
f 13064//11 6618//11 11//692
f 269//104 7446//72 266//72
f 3170//104 9414//72 10763//72
f 5095//33 7609//13 5096//13
f 1888//5 5198//2 11064//2
f 5139//937 1965//613 1964//523
f 9281//114 2285//115 2284//114
f 12416//292 2293//293 2292//292
f 1620//56 9808//264 4889//56
f 1628//12 4872//129 1629//129
f 12592//167 671//396 8889//437
f 5237//33 12906//13 9868//13
f 6486//34 2745//34 2742//34
f 7024//10 13959//1 7022//1
f 13829//7 13337//6 6480//6
f 759//5 12587//3 758//3
f 7307//104 7079//2 7300//2
f 4804//10 8338//7 9626//7
f 8372//12 10436//13 8371//13
f 11010//4 12360//5 7514//5
f 13689//44 8478//44 8476//44
f 14398//202 3335//2 2//202
f 11157//938 3585//796 2514//796
f 3174//9 9414//72 9415//9
f 8311//494 6839//13 11516//13
f 1164//142 4398//113 1162//343
f 5853//401 13392//851 2576//401
f 12335//8 8343//9 12697//9
f 13565//295 14771//24 5082//14
f 1402//4 8468//52 1403//52
f 1531//52 14017//5 11542//5
f 14020//114 1435//681 9677//681
f 4014//11 8886//11 3931//11
f 10865//17 147//895 2732//16
f 13520//5 10378//2 14629//2
f 2519//18 9374//13 2520//13
f 7670//550 7634//654 2290//654
f 14746//1 10423//10 7862//10
f 5624//682 2346//746 2332//682
f 12148//480 2551//275 2536//939
f 6869//1 12348//38 13172//38
f 232//10 7466//1 8657//1
f 14763//8 11013//9 14764//9
f 10464//15 2794//27 6532//27
f 4906//52 1656//52 4905//940
f 14661//33 7461//57 239//57
f 14515//538 4850//33 4844//538
f 14095//33 1982//83 9852//13
f 8678//18 7224//13 8679//13
f 847//3 10127//2 9066//2
f 12155//163 2530//164 11159//163
f 860//3 14209//2 862//2
f 2749//39 6501//18 14555//18
f 1270//941 12280//181 1271//181
f 13869//260 2324//942 7890//260
f 2302//93 5565//92 2303//92
f 9843//34 12890//57 9839//57
f 14202//825 428//943 14200//943
f 6692//104 13137//72 6694//72
f 8674//57 3465//34 11692//322
f 6542//52 12981//4 6536//4
f 12491//758 14370//926 617//758
f 765//1 13797//44 11980//44
f 14405//944 645//157 8930//944
f 10068//682 544//746 8962//682
f 3415//15 14665//27 7237//27
f 14555//18 9160//13 9767//13
f 3198//33 7102//56 3199//56
f 7487//2 5328//72 13155//72
f 1168//34 4403//34 1163//34
f 4588//11 4589//11 4570//11
f 11013//9 11023//35 14764//9
f 919//6 14267//7 920//7
f 3058//52 6251//52 3056//52
f 7123//33 6075//56 7125//56
f 7022//1 12207//38 7023//38
f 9258//945 418//876 8806//946
f 12440//373 2147//947 12441//947
f 3826//814 8951//460 12797//815
f 12906//13 5214//12 9868//13
f 13104//364 399//119 8795//364
f 10013//8 2041//9 14089//9
f 12825//11 4969//692 4970//11
f 2067//10 5320//10 12881//10
f 12349//948 2035//13 9846//13
f 3863//949 8926//950 630//949
f 12081//823 2328//732 5610//951
f 2866//57 6384//34 2865//729
f 7305//7 32//626 14328//626
f 9669//952 1449//953 4698//954
f 6267//52 3018//52 6268//52
f 12170//659 1358//204 12665//204
f 1253//142 12237//113 13500//113
f 1625//104 4894//2 4895//104
f 3341//12 13631//18 3342//18
f 10055//807 2561//226 8015//310
f 14782//4 7482//34 10005//34
f 6664//44 12454//38 2826//38
f 11778//769 13098//60 13671//60
f 14161//8 7477//27 7478//9
f 9543//44 3114//1 12172//1
f 6955//2 6345//104 12747//104
f 3632//8 6670//9 7394//9
f 14163//33 2048//13 10545//13
f 1697//18 4973//39 12738//18
f 11364//7 4352//10 1090//10
f 7697//1 2185//1 9957//1
f 755//9 14794//72 12578//9
f 3041//6 9385//7 3040//7
f 352//955 13132//956 13125//955
f 3355//38 8729//1 7286//1
f 13496//7 4392//10 1157//10
f 5874//957 2627//564 12129//564
f 13817//7 2802//6 6531//6
f 11525//59 7626//59 11515//59
f 6523//8 7054//837 12028//837
f 10046//446 11886//707 14695//446
f 1988//625 9853//721 13163//721
f 12149//958 2536//939 5495//959
f 13250//201 13889//960 13248//960
f 8657//1 8658//44 8655//44
f 11517//8 14084//14 1605//14
f 5488//5 11097//5 12836//5
f 13580//6 9733//7 11642//7
f 14475//961 7948//219 2664//961
f 14109//258 1856//794 1855//258
f 7434//11 10962//692 3568//11
f 951//39 4230//18 952//18
f 12765//52 10972//4 10970//52
f 2526//97 13904//179 11150//179
f 5012//11 14387//11 8254//11
f 14753//299 1491//446 14754//446
f 10172//588 707//855 9135//962
f 5942//513 11268//44 2707//513
f 561//3 10085//2 562//2
f 9185//8 2871//9 6390//9
f 9550//4 6648//57 9551//57
f 797//52 13079//5 11972//5
f 3928//313 697//551 738//313
f 6283//15 2954//27 13991//27
f 11393//13 4276//12 4275//13
f 14700//4 3827//34 10086//4
f 10323//804 13453//464 14607//804
f 1190//72 7830//9 11509//9
f 5424//746 7746//123 2124//746
f 13507//2 4839//104 13508//104
f 14155//468 7718//501 14539//468
f 2442//87 13856//88 7827//88
f 9364//71 13278//963 2534//184
f 13055//8 11700//9 7230//9
f 1601//196 14007//268 8320//268
f 8439//11 4690//11 4724//11
f 748//5 12479//2 12000//2
f 888//2 4143//104 893//104
f 13501//235 4822//104 4806//235
f 1409//38 11581//39 1417//39
f 9995//401 11148//851 2095//718
f 3053//44 13996//38 10826//38
f 9138//196 1095//287 12612//197
f 9968//365 1273//964 11124//365
f 3179//38 6066//1 6065//878
f 1253//142 14811//133 14810//592
f 3149//6 13928//14 6130//6
f 10398//338 9396//589 1312//338
f 3587//33 326//13 3588//13
f 6580//965 14606//966 1306//867
f 14137//967 1441//313 1440//967
f 5697//750 2465//176 2422//750
f 9700//252 1269//968 12290//969
f 6515//27 2773//35 6513//35
f 761//57 4032//33 4031//57
f 12392//2 4771//104 1526//104
f 2869//33 6385//57 2866//57
f 4639//482 1288//178 1289//483
f 12790//691 2226//970 2227//691
f 14181//226 616//971 2561//226
f 7625//34 4837//4 1572//4
f 5181//742 1850//652 1869//742
f 8151//1 4243//44 970//688
f 1005//10 12907//1 1014//1
f 14655//38 11622//44 5019//38
f 2175//63 14777//383 2176//385
f 5428//484 2178//634 9964//634
f 14051//270 1264//817 11466//270
f 8881//972 470//935 8775//973
f 14187//473 8984//684 491//473
f 9690//974 1285//975 1287//177
f 12189//2 3283//5 6035//5
f 1488//412 4718//976 1489//976
f 14421//52 3001//4 6337//4
f 3161//104 12878//72 3156//72
f 12445//123 2156//48 7746//123
f 2934//2 7323//72 6959//72
f 10737//12 6687//18 14106//18
f 9492//72 7063//27 7062//72
f 1401//56 12277//264 9684//56
f 10887//5 11751//4 7284//4
f 13193//85 5492//524 9902//85
f 6858//8 5263//14 13171//14
f 4836//11 11066//11 4510//11
f 12662//523 1360//613 8195//523
f 1191//14 4468//6 1192//6
f 8781//59 8798//59 407//59
f 9886//659 7548//204 5145//204
f 10015//977 13719//978 659//979
f 350//980 13125//955 13123//980
f 5140//522 1964//523 1942//522
f 14279//909 1388//298 1357//820
f 5956//15 13356//27 5958//27
f 4676//981 1475//590 14031//982
f 3358//56 13637//57 8718//58
f 1231//38 4493//44 12090//38
f 189//5 3419//3 190//3
f 3829//983 731//984 14171//985
f 12894//630 706//337 725//630
f 13120//162 13696//107 338//162
f 2826//38 6434//39 2827//39
f 13838//903 7945//520 2672//903
f 8347//44 4855//44 14626//44
f 7727//986 2149//987 7408//986
f 13450//472 4544//473 1369//473
f 1405//35 10392//9 1406//9
f 3343//44 128//44 3344//44
f 10269//8 14596//9 10270//9
f 13781//8 10118//15 809//15
f 904//104 13071//72 907//72
f 14037//691 1463//988 1477//691
f 2647//237 6738//286 6811//237
f 1818//104 5074//72 1819//214
f 8424//158 14024//347 14023//158
f 3385//27 8714//35 10874//35
f 13126//841 1383//511 8176//763
f 12824//4 88//57 3375//57
f 4991//27 13586//8 8551//9
f 12672//612 1326//773 1325//612
f 8194//74 14286//75 2119//75
f 10576//502 14702//101 542//502
f 12130//484 2635//634 5891//634
f 6535//34 12981//4 2800//34
f 2126//559 9986//49 5387//559
f 11981//4 4037//34 10158//4
f 11236//38 9261//39 11233//39
f 10773//104 13935//72 12779//72
f 12674//284 1334//285 1332//284
f 11533//7 9621//10 12368//10
f 5768//5 7882//5 12084//5
f 8818//6 10940//7 8817//7
f 13923//5 14448//52 13922//52
f 14384//746 2138//123 2137//746
f 1664//34 4916//4 11660//4
f 8516//104 9736//2 9740//104
f 9259//989 13662//339 14491//339
f 13349//39 2706//39 5941//39
f 1165//13 10370//12 14302//13
f 14785//764 624//495 625//764
f 13617//57 12729//34 8682//34
f 3105//72 6209//9 3106//9
f 7368//101 1368//146 8173//101
f 14652//33 8481//56 8479//56
f 6459//24 2847//234 6460//234
f 12525//597 13751//331 14709//990
f 5629//468 2362//501 2361//468
f 7326//6 3290//7 7315//6
f 14197//559 8969//738 510//559
f 13244//991 2205//992 2206//991
f 618//59 8925//59 11890//59
f 12548//993 423//379 422//468
f 12362//994 7585//76 1910//995
f 9690//974 1288//178 4645//178
f 14488//996 481//634 14199//634
f 12267//320 11582//764 1446//320
f 10526//997 2172//642 11123//997
f 2342//12 5608//13 2343//13
f 764//10 4023//1 765//1
f 12903//266 5192//723 1884//723
f 915//38 4185//39 909//215
f 12023//10 2801//7 13817//7
f 1623//129 9759//12 9809//129
f 13067//34 124//57 7272//57
f 6275//104 2952//104 6276//921
f 14151//598 2111//597 2110//598
f 5406//99 2150//146 2151//101
f 1700//34 4965//57 4967//34
f 7100//4 9444//52 10749//262
f 6019//11 6780//11 6018//11
f 5605//83 11254//303 12085//303
f 13906//484 2508//28 14542//484
f 14281//559 1361//560 14282//560
f 14153//998 7754//999 2103//1000
f 12401//1001 11035//325 1947//441
f 3083//14 6201//6 13028//6
f 12803//330 2180//188 7698//711
f 6057//18 3293//38 9466//38
f 6532//27 2793//35 6540//35
f 1857//196 5178//14 1858//14
f 6337//4 6916//57 13979//57
f 14141//1002 2203//1003 2205//992
f 5621//1004 2355//1005 2354//1006
f 2236//525 9370//1007 9369//1008
f 9121//1 10164//7 14796//1
f 5681//1 2399//263 12058//263
f 3074//18 6808//13 3075//13
f 12772//473 1938//684 1936//473
f 564//35 10088//9 563//9
f 14198//165 519//164 13656//103
f 7201//7 9387//1 6749//1
f 2476//1009 5742//911 2464//911
f 14193//384 481//634 482//384
f 9253//680 7887//601 2353//680
f 14385//682 2137//746 2136//682
f 5664//528 2416//340 11203//528
f 3065//8 7186//15 6741//15
f 8965//330 12524//331 12526//330
f 11697//59 168//59 181//59
f 13852//1010 2252//769 2452//1010
f 10492//611 676//1011 8874//1012
f 8501//34 12731//4 8500//4
f 1162//343 4397//52 1160//52
f 2345//5 8998//4 13871//5
f 11775//126 2420//380 11196//126
f 5646//1013 11218//1014 2384//1013
f 5487//1 13230//1 12425//1
f 12482//838 571//1015 570//1016
f 2547//508 12141//693 2548//693
f 11935//7 12552//10 11937//10
f 178//1 13054//44 180//44
f 5597//1017 2320//1018 2319//1019
f 5565//92 7635//397 2303//92
f 6928//10 12231//1 2956//1
f 4681//255 1474//255 4691//749
f 1981//10 6675//1 6869//1
f 7530//33 11030//56 1986//56
f 9096//18 4022//39 14226//18
f 9896//75 2216//5 13177//75
f 3933//1020 710//365 10198//365
f 5696//1021 7807//192 2469//1022
f 6731//195 10564//671 6730//671
f 9530//72 6713//98 14366//72
f 3055//6 10339//7 3054//7
f 13878//1023 14525//1024 13220//1023
f 5505//1 2266//1 5510//1
f 1752//59 1753//59 2901//59
f 6579//281 1306//867 1305//281
f 3100//52 13916//5 14456//5
f 10595//38 2795//44 12022//44
f 2843//104 6457//214 10696//214
f 1832//34 9913//4 1834//4
f 1325//612 12664//614 12672//612
f 7259//18 8737//38 7260//38
f 5952//10 7937//7 9292//7
f 1238//6 4485//7 1236//7
f 2060//38 14166//44 12476//38
f 10054//1025 619//1026 582//622
f 10185//1027 703//397 8890//92
f 610//59 10509//185 10502//185
f 2479//935 12069//894 13291//1028
f 13735//745 13731//70 12802//852
f 5738//534 2468//563 2467//534
f 6167//34 3132//57 9413//57
f 3076//33 9402//57 3069//57
f 10081//885 499//334 13756//885
f 318//5 3590//3 320//3
f 12523//754 509//802 525//754
f 537//804 12530//464 545//464
f 6749//1 10845//44 6750//44
f 1558//197 4832//716 4807//197
f 3824//1 583//1 3901//1
f 2813//34 14164//4 7039//4
f 1084//4 8077//52 8063//52
f 6767//15 148//27 3408//27
f 12887//846 678//409 677//846
f 12846//420 10520//1029 12848//1030
f 2500//10 5789//1 2499//1
f 237//5 3479//52 3485//5
f 7805//1 7841//1 5670//1
f 1112//38 12021//39 1113//39
f 5704//1031 2443//390 2440//554
f 11145//1032 12065//785 8001//786
f 3834//5 598//150 3833//150
f 13145//8 13609//9 13144//9
f 260//57 11837//84 11835//322
f 1617//1 13743//10 4893//1
f 10075//572 13748//367 11919//821
f 13560//34 5046//4 13561//4
f 1074//2 4337//104 1081//104
f 9492//72 14352//104 3312//369
f 12533//1033 477//844 8974//1034
f 5540//1035 13220//1023 2271//1035
f 3890//1036 620//390 619//1026
f 5720//162 13300//105 2436//162
f 244//1 3508//44 246//44
f 5854//453 2576//401 2575//453
f 13030//52 10427//5 3071//5
f 5205//857 2339//687 14721//687
f 6764//502 13273//101 2160//502
f 10577//379 542//502 541//501
f 3877//656 653//315 652//656
f 3960//1037 579//1038 614//581
f 846//4 11965//34 12875//4
f 315//8 6837//14 11818//14
f 12433//1039 2209//66 11110//1039
f 1073//3 12610//2 1074//2
f 9361//871 2623//912 2606//871
f 350//980 13122//686 321//686
f 3953//386 13725//136 672//386
f 14185//400 11166//402 14731//849
f 6834//1040 493//1041 3762//1042
f 12151//1043 2517//810 2518//1043
f 12068//313 2428//864 7846//313
f 13692//1016 2402//355 13862//631
f 13860//134 2454//317 11214//134
f 5678//128 2424//836 11199//128
f 8207//1044 1300//282 8203//1044
f 10581//432 12811//62 512//1045
f 13451//290 10310//291 1378//291
f 7666//83 2270//83 5546//83
f 8306//196 10366//213 1167//213
f 4018//11 4019//11 6226//11
f 4900//83 1676//12 4924//12
f 9412//18 3131//39 6171//39
f 10311//597 1354//331 1352//597
f 7347//59 14391//59 60//59
f 11487//38 4860//44 4852//38
f 4995//7 1729//6 5000//6
f 10572//835 461//1046 465//835
f 14040//588 14612//855 1315//588
f 13850//690 2476//1009 2475//690
f 12544//701 428//943 427//701
f 11495//3 10379//5 4473//3
f 14172//1047 8904//1048 655//609
f 6158//14 6714//840 6159//840
f 2588//185 11320//59 7982//59
f 1407//33 8192//56 8190//56
f 13295//989 12063//339 9206//1049
f 3917//1050 659//979 660//1051
f 11248//59 13313//59 2340//59
f 881//12 4150//13 889//13
f 14786//495 623//476 624//495
f 6828//147 8962//682 548//147
f 326//13 13129//18 3588//13
f 964//72 14262//9 965//9
f 3582//795 323//474 322//795
f 3097//14 9399//8 6216//14
f 6691//5 2490//5 5764//5
f 4544//473 11445//684 1369//473
f 1826//38 9907//18 8486//18
f 9399//8 3106//9 6209//9
f 191//9 3439//8 13626//8
f 2082//33 5338//57 2083//57
f 11020//145 12342//7 12338//145
f 5917//1052 7964//530 2675//1052
f 9459//33 7124//13 6077//13
f 9979//102 2116//165 7731//102
f 14755//293 1491//446 10048//293
f 9476//34 3259//57 13950//57
f 4723//470 1482//222 13526//470
f 1159//308 10368//38 10369//308
f 5385//1053 11145//1032 2145//1053
f 2026//254 5286//2 11002//2
f 9028//18 12658//13 11944//13
f 296//59 1062//59 85//185
f 10322//464 1350//598 13453//464
f 4003//451 687//181 705//451
f 10929//858 469//1054 464//517
f 9930//712 7660//229 7659//712
f 10239//8 1066//9 4324//9
f 10321//648 1387//190 10320//189
f 14372//39 6807//18 3074//18
f 9665//1055 10096//315 8444//656
f 6271//18 3016//39 6260//39
f 1761//35 14062//9 1762//9
f 10927//128 451//1056 450//128
f 474//28 13650//1057 475//30
f 12470//18 2052//38 14783//38
f 8813//44 10579//38 8812//38
f 11416//2 4205//104 947//104
f 8820//8 10944//15 387//15
f 1542//7 4854//10 1541//10
f 5597//1017 2495//1058 5775//1059
f 4643//714 1317//198 14609//714
f 12543//700 427//701 13661//700
f 13109//1 397//1 10936//1
f 760//34 4031//57 4026//31
f 4013//289 13812//270 730//289
f 389//35 13107//9 388//9
f 8848//18 7444//39 14504//18
f 14474//1060 643//1061 66//1060
f 4644//627 14609//714 1309//627
f 10063//327 508//890 534//327
f 3755//11 3790//11 3791//11
f 1844//2 12405//3 12755//2
f 7370//48 524//560 13664//124
f 1610//38 4875//39 1611//39
f 13105//1062 463//516 462//908
f 9574//18 2974//39 6311//39
f 12050//858 2478//1063 7799//858
f 5622//1064 13321//1065 2355//1005
f 9315//220 2653//463 2666//220
f 5647//1066 2380//929 2379//1066
f 6810//1067 642//1068 3895//1069
f 2139//1070 10522//1071 10521//1070
f 9220//1072 2482//908 2481//1073
f 12089//705 2384//1013 2382//705
f 14194//383 482//384 483//544
f 14189//440 488//441 11926//456
f 10042//114 637//115 8928//114
f 6061//15 3288//27 6062//27
f 2040//35 14089//9 2041//9
f 3068//10 9404//1 3067//1
f 12669//711 1354//331 12668//1074
f 1600//593 4851//13 1602//13
f 12035//5 2747//3 7903//5
f 1143//264 4424//56 1135//56
f 3957//281 711//868 726//281
f 6831//1 496//1 6833//1
f 4913//15 8622//14 1660//15
f 10403//8 6103//15 10401//15
f 914//10 4188//7 4187//10
f 10076//164 520//439 519//164
f 1125//104 10211//2 4374//104
f 3322//1075 66//1060 65//1075
f 9239//854 2379//1066 2378//854
f 14132//582 2250//5 5528//5
f 987//6 10251//7 988//7
f 883//44 10105//38 884//38
f 11519//386 2311//135 11243//386
f 3871//1076 8940//480 604//1076
f 9474//5 3260//52 6027//52
f 745//14 11322//7 716//7
f 1030//38 13835//44 14247//38
f 818//33 4094//56 819//56
f 1518//39 4765//39 4782//215
f 11247//2 5595//104 2348//104
f 8135//4 4254//52 996//262
f 10469//52 3584//5 318//5
f 14201//472 491//473 490//472
f 8555//44 5036//44 11630//44
f 828//18 14210//13 829//13
f 13766//4 4182//52 917//52
f 13853//574 2446//803 2447//574
f 5509//51 2241//806 13234//51
f 10031//1077 642//1068 13721//1078
f 14399//2 3336//72 3335//2
f 3320//748 64//1079 12493//1080
f 12493//1080 64//1079 14332//1081
f 12493//1080 14332//1081 14571//905
f 842//12 12562//13 843//13
f 12502//734 587//735 626//734
f 647//678 12533//1033 8974//1034
f 567//567 8013//1082 8011//1083
f 629//1084 3863//949 630//949
f 657//1085 3904//1086 658//1085
f 14196//596 14709//990 14703//598
f 615//1 5824//1 2557//1
f 2887//6 13962//7 9165//7
f 3083//14 6203//8 12163//14
f 14489//102 415//103 416//102
f 4971//39 1680//38 14761//38
f 5692//835 2481//1073 2480//835
f 11985//14 10151//8 10152//14
f 12478//434 13733//194 633//434
f 605//1087 13730//183 3873//1088
f 3866//1089 629//1084 611//1090
f 10094//393 406//1091 429//394
f 5511//5 11085//5 9934//5
f 5823//5 2558//5 3319//5
f 1127//38 8038//39 1128//215
f 5531//479 2248//795 2425//479
f 921//44 14272//38 13761//38
f 13781//8 10145//9 10120//8
f 12487//70 13729//184 13731//70
f 3948//595 668//595 3932//595
f 1409//38 14021//44 12262//38
f 7900//8 6494//213 2759//213
f 335//782 7422//1092 336//1092
f 5973//15 13353//27 12111//27
f 3869//1093 568//514 572//779
f 2336//842 13847//436 7791//436
f 1725//39 12302//18 11644//18
f 5708//846 2398//1094 5710//1094
f 10140//11 6284//11 6175//11
f 13687//7 3640//10 13688//10
f 922//104 14266//72 910//72
f 13796//10 4069//1 12856//1
f 9510//17 2828//16 9513//16
f 11983//104 12581//2 4020//921
f 11834//33 3522//57 260//57
f 9076//12 12565//13 9089//13
f 5587//1095 7874//679 2322//1095
f 811//120 4084//7 812//7
f 12603//174 688//1096 11856//174
f 10798//14 6189//8 9400//14
f 4580//19 4598//467 1382//696
f 10457//4 10946//52 379//52
f 13008//35 12180//9 7097//9
f 8984//684 12515//349 8985//1097
f 14456//5 7161//3 7152//3
f 13552//59 40//59 6786//59
f 3096//7 7166//10 6722//10
f 14184//718 532//851 11165//401
f 932//3 4177//2 933//2
f 6947//5 12230//3 14425//3
f 14052//174 1269//968 1268//174
f 4438//11 9532//11 4439//11
f 3810//169 8777//1098 13655//170
f 5422//682 2124//746 13256//682
f 11911//503 2361//468 12813//503
f 4596//685 1395//455 1397//685
f 3978//344 709//345 708//346
f 12935//34 13977//4 2919//4
f 2925//33 6346//56 2918//56
f 343//6 12872//7 344//833
f 10196//312 738//313 736//312
f 349//625 3604//721 351//721
f 981//38 10250//1 4259//784
f 14733//127 11199//128 2471//127
f 9971//892 2167//743 14538//892
f 3968//1044 732//282 681//1044
f 6990//72 6400//104 9528//72
f 9993//1099 2145//1053 7712//374
f 7361//381 414//933 392//381
f 14757//340 1440//967 1442//340
f 1466//526 9673//758 1465//758
f 1495//142 4799//133 4798//592
f 6706//18 9436//143 9434//18
f 13894//789 14567//239 14559//789
f 14117//604 1939//370 1970//604
f 13238//1 5147//1 14115//909
f 3401//12 158//83 157//1100
f 13616//5 6593//3 6591//3
f 14114//291 7539//186 1958//291
f 5403//1101 11139//498 2130//1101
f 12601//337 727//338 706//337
f 4598//467 8472//468 1392//469
f 8848//18 3535//13 8851//13
f 14705//99 2364//146 2365//101
f 7575//5 5113//3 1934//73
f 1946//512 14118//818 1969//818
f 3675//695 3723//467 441//696
f 223//9 3476//8 210//8
f 813//1 4082//44 13790//44
f 6265//72 3020//2 6266//2
f 11420//14 4227//6 954//6
f 11799//35 7398//9 378//9
f 10034//315 573//839 653//315
f 1841//52 5084//4 5085//52
f 3998//646 683//542 682//646
f 13017//34 3109//57 13926//57
f 1643//39 4936//39 1644//39
f 11830//33 13143//57 11828//57
f 8094//4 4326//34 14803//4
f 1672//1 8625//44 8623//44
f 11688//14 3468//6 211//6
f 2942//8 6355//15 2932//15
f 3//11 6469//11 4299//11
f 9975//432 2134//62 7743//432
f 9980//28 2114//29 2113//28
f 2958//14 6288//6 2957//6
f 14182//409 550//1102 8777//1098
f 12456//768 2133//1103 7741//243
f 5933//719 2658//321 2657//719
f 8928//114 3836//681 10042//114
f 9886//659 1960//358 7545//659
f 1422//35 10381//9 1423//9
f 5288//52 2011//52 5289//52
f 1282//8 4661//15 1258//15
f 10918//12 3257//18 9482//18
f 5654//1104 2369//493 2368//1104
f 1118//34 4377//4 1119//4
f 3658//1105 13661//700 394//1105
f 10033//526 617//758 8944//526
f 14788//1106 634//1107 8926//950
f 5394//572 2098//367 2097//572
f 5771//801 2503//1108 2502//801
f 10006//7 2021//14 10007//14
f 7426//229 13703//531 304//229
f 3163//7 6141//10 3164//10
f 5503//734 2265//1109 2263//762
f 1034//2 6883//72 14588//72
f 3085//104 12165//72 3091//72
f 11157//938 3570//232 10963//938
f 3091//72 12164//9 3092//9
f 5617//8 2349//9 9254//9
f 14232//329 693//702 8883//329
f 14488//996 460//28 13651//996
f 1852//1 5233//10 5184//1
f 13988//6 2983//6 6303//6
f 5769//1 2533//1 5763//1
f 9686//11 11662//11 4867//11
f 9883//556 1872//1110 7615//556
f 10000//1 2089//1 5362//1
f 10011//6 6850//6 6797//6
f 227//18 3491//143 13146//18
f 502//59 487//1111 486//59
f 5628//377 7872//502 2362//501
f 13792//1 4080//44 9049//44
f 1571//56 10435//33 4838//56
f 940//6 14257//7 941//7
f 3807//753 11909//584 3757//1112
f 10092//378 8780//101 424//378
f 793//2 4048//72 798//72
f 5179//1113 1910//995 1873//1114
f 2870//72 6390//9 2871//9
f 1323//4 4523//34 14807//4
f 5418//62 2175//63 2134//62
f 12380//455 12895//442 1961//455
f 1478//14 4686//759 1479//766
f 8599//8 4950//213 1689//213
f 5299//44 2025//44 5301//44
f 14208//8 9042//9 10117//9
f 8266//264 4511//56 1232//56
f 14139//399 2201//1115 7685//399
f 12446//635 7744//449 2122//206
f 12069//894 2406//444 13291//1028
f 14148//1116 2148//1117 2140//1116
f 9498//83 2849//12 6464//12
f 13692//1016 2404//590 2403//1016
f 6717//1118 12492//904 14694//904
f 14032//838 2239//355 9942//631
f 14190//993 541//501 540//468
f 4711//71 1451//1119 13219//71
f 5375//1120 2171//1121 2101//1122
f 13597//6 4954//6 1696//6
f 5553//437 2289//64 2288//437
f 1693//59 1687//59 1785//59
f 9657//51 1459//806 8442//51
f 324//57 3569//34 317//34
f 7124//13 12998//12 6077//13
f 1535//235 12252//369 12253//235
f 11648//5 4978//2 1691//2
f 1618//5 4894//2 1624//2
f 2891//39 6409//38 6410//39
f 9212//117 2450//118 7824//119
f 5732//1123 13305//393 2448//637
f 3846//292 591//293 590//292
f 5552//64 2310//65 2289//64
f 588//877 10560//865 589//865
f 9207//639 2452//1010 7795//639
f 3067//1 6178//44 3066//44
f 5675//5 11202//5 5688//5
f 3385//27 6608//15 13628//27
f 14149//987 13270//457 2149//987
f 5742//911 7803//533 2464//911
f 12541//441 489//325 488//441
f 788//39 14221//18 9083//18
f 8070//35 4324//9 1066//9
f 4910//44 1675//44 1653//688
f 13855//843 69//1124 5682//1124
f 14038//528 1442//340 1443//528
f 5946//3 11287//2 13360//73
f 5936//431 7930//283 9286//283
f 3136//1 6117//44 7133//44
f 10782//733 3115//18 9541//18
f 12//83 15//83 21//83
f 2760//34 6498//57 6497//34
f 6961//57 6356//4 2935//4
f 1997//104 12346//72 13165//72
f 5848//62 7977//63 2603//717
f 837//6 4114//7 838//7
f 608//1125 3839//778 609//780
f 4612//571 1299//571 1298//571
f 203//2 3451//1126 10861//2
f 5872//572 14566//367 2607//821
f 12066//453 11888//718 8002//453
f 3205//7 6095//10 3206//10
f 5703//1127 2442//87 2443//390
f 14281//559 14604//736 1339//559
f 14738//617 13367//277 2668//618
f 13103//576 2549//1128 5822//1128
f 3263//45 19//59 3254//59
f 1240//33 4488//133 12192//133
f 1002//38 12635//1 12636//878
f 6710//5 6110//52 6109//5
f 10186//569 11868//1129 11866//398
f 2704//59 1682//185 2697//185
f 5368//147 2136//682 14541//147
f 6004//12 10473//18 13954//18
f 10926//836 465//835 451//1056
f 5430//468 2154//501 11133//468
f 677//846 3983//1130 12887//846
f 8099//2 11368//3 10234//2
f 4590//298 13451//290 1388//298
f 10099//639 436//1010 8786//639
f 5557//1024 7670//550 14525//1024
f 5429//377 7725//502 2154//501
f 3168//18 13931//13 3169//13
f 5694//1131 68//397 67//92
f 5060//11 5061//11 5059//11
f 10059//1102 551//607 550//1102
f 13620//7 10853//1 11707//1
f 9335//670 2632//790 13639//670
f 13700//1 3564//44 301//44
f 2892//52 8827//52 6969//52
f 1079//4 4380//34 4379//4
f 5363//424 14541//147 2100//146
f 2491//8 5791//14 2492//14
f 10696//214 6460//234 2847//234
f 1398//818 13116//604 1399//604
f 8094//4 4317//52 8101//262
f 1533//5 4768//3 1532//73
f 6041//12 3267//83 3266//12
f 7200//2 6225//104 3035//104
f 6371//6 14433//7 2905//1132
f 3967//1 676//1011 3982//1011
f 5379//738 2128//737 2127//736
f 6751//39 10839//39 10837//40
f 12518//315 14710//335 12519//335
f 14383//147 13256//682 2141//147
f 9981//502 2151//101 7725//502
f 10317//207 2120//448 7744//449
f 13866//1065 2358//417 13321//1065
f 6755//1133 2174//1134 2165//422
f 5454//1003 11110//1039 2203//1003
f 5498//27 2232//27 5480//27
f 13065//15 131//27 3347//27
f 13418//2 4314//104 1065//104
f 6043//1 7354//7 12186//7
f 10838//12 13915//13 10847//13
f 6054//4 3295//57 6055//57
f 5625//746 2347//123 2346//746
f 5795//180 2518//1043 11151//180
f 1101//44 4367//38 1102//38
f 5992//34 10478//57 13955//57
f 13488//57 4470//34 1203//34
f 9237//478 2425//479 14358//478
f 1904//33 5226//538 1905//538
f 2989//52 12918//52 10623//52
f 5879//28 2592//30 2631//28
f 3412//56 149//17 10865//17
f 5596//1018 7889//261 2320//1018
f 7422//1092 337//1135 336//1092
f 7593//341 5195//1 12367//1136
f 6477//10 2739//7 13829//7
f 11812//59 312//59 11811//59
f 1126//9 10375//8 13401//8
f 1115//6 14313//7 8056//7
f 11345//8 4435//15 1133//15
f 4654//1137 1301//272 1316//1137
f 14457//38 6204//18 3102//18
f 14706//8 3734//15 558//15
f 12499//320 625//764 635//320
f 1641//10 9769//1 1642//1
f 5428//484 2113//28 2155//484
f 14739//384 2635//634 2634//384
f 3069//57 6174//34 3070//34
f 887//3 10100//2 888//2
f 7796//59 7815//59 7840//59
f 1151//341 14304//342 1150//342
f 6697//4 6080//5 12993//5
f 6328//10 3005//7 9562//7
f 1242//35 4490//9 1243//9
f 6273//18 2946//39 6280//39
f 12864//44 5272//38 1972//38
f 5811//1 2539//1 5812//1
f 10178//1138 679//1138 11865//1138
f 14142//1139 2184//1140 7710//111
f 12435//1115 2198//1141 2201//1115
f 10521//1070 2140//1116 2139//1070
f 14154//1142 2103//1000 2168//744
f 968//6 4246//14 4245//6
f 7139//1 6128//44 3153//688
f 1283//288 4605//907 10583//288
f 2191//1143 13889//960 5927//1143
f 12110//83 2682//12 5960//388
f 7864//6 59//6 3236//6
f 256//5 3514//52 7452//5
f 1323//4 14290//5 1324//5
f 14168//1144 11880//874 634//1107
f 1810//6 5082//14 5081//6
f 8282//18 10345//13 8283//13
f 5001//27 1738//35 5003//35
f 3718//175 11777//392 444//175
f 12332//264 1629//129 4872//129
f 4706//435 1484//347 1483//435
f 3616//11 3617//11 14394//11
f 11031//33 9861//56 1984//56
f 2512//104 9279//72 2513//72
f 11477//38 4659//1 4658//38
f 13084//2 3251//5 3308//5
f 798//72 4047//9 9105//9
f 170//10 14470//1 8707//1
f 6517//15 2780//27 6515//27
f 2786//928 12025//406 6525//928
f 2835//777 6459//24 6458//1145
f 11778//769 13102//1010 13101//769
f 4615//1138 1266//1138 1265//1138
f 10679//18 13841//39 13965//18
f 14706//8 10088//9 3735//8
f 5521//924 1342//509 2107//924
f 3837//1146 11891//152 12862//1147
f 1079//4 4340//52 1077//52
f 13887//13 2709//12 5940//1148
f 9068//35 4111//9 11971//9
f 1016//104 4287//104 1009//104
f 1739//33 5004//57 1744//57
f 5943//626 2712//10 5944//10
f 8102//4 4273//34 10241//539
f 3348//104 127//2 12839//2
f 6334//104 6901//104 6903//104
f 714//38 3972//44 12596//38
f 5519//408 2254//1149 2253//1150
f 13083//2 3297//73 3304//73
f 5927//1143 11129//505 2191//1143
f 7402//221 11825//416 12683//221
f 9471//104 3286//2 13083//2
f 1569//35 12697//9 8343//9
f 1865//341 12325//342 1864//342
f 6042//38 3274//1 6043//1
f 11621//57 9731//4 1766//4
f 10783//58 3109//57 3108//58
f 3099//104 12162//72 3105//72
f 6420//17 10704//16 9516//16
f 1429//341 4683//1 4682//341
f 11047//235 5216//369 14105//235
f 13041//52 6223//5 13045//5
f 13821//1 2783//7 6520//7
f 10790//39 13919//18 10792//18
f 5356//78 1389//79 2090//78
f 7038//6 6444//6 9512//6
f 9768//33 6498//57 2756//57
f 8816//12 7382//13 383//13
f 3413//7 141//10 140//7
f 11065//8 5191//15 1868//15
f 961//57 4221//34 960//34
f 13013//57 13993//34 14447//84
f 2375//896 5650//853 2376//853
f 3725//1151 8788//911 457//826
f 5630//147 2332//682 13326//147
f 13884//14 13348//196 5989//196
f 5734//1152 2473//638 2472//945
f 13918//33 10802//13 13920//13
f 3346//6 133//7 132//6
f 8319//8 4879//15 1607//15
f 3366//10 111//7 13070//7
f 5828//385 2573//384 2572//385
f 1194//39 10342//18 8282//18
f 8812//38 7384//39 382//39
f 4953//83 13581//33 11637//13
f 6470//7 2858//6 6471//6
f 1747//14 5035//6 1748//6
f 1573//44 4831//38 1559//38
f 8264//14 4517//7 1222//7
f 6021//56 3259//57 3258//58
f 5976//56 2689//17 5975//17
f 5913//873 2664//961 2645//873
f 1605//14 4880//6 1614//6
f 12354//927 1886//425 1885//927
f 2822//10 6440//10 2825//10
f 6782//38 3381//39 3382//38
f 14002//33 6707//13 6115//13
f 3334//52 125//52 3339//52
f 4961//27 1703//35 4962//35
f 3361//56 88//57 86//58
f 12126//462 2655//918 2654//462
f 5999//10 12987//7 13956//7
f 14363//1 3551//44 14327//44
f 6063//35 3288//27 3287//35
f 6024//104 3252//104 6025//104
f 5325//15 2077//27 5334//27
f 959//104 14261//72 964//72
f 9972//891 2555//1153 5437//1154
f 14285//738 1321//737 14604//736
f 3160//5 6123//52 13933//5
f 13898//882 2614//899 5849//899
f 5194//889 1860//1155 1876//889
f 2874//44 6393//44 6392//44
f 5874//957 2581//1156 2582//957
f 9310//465 2675//1052 2674//465
f 4414//11 4412//11 4413//11
f 6015//1 3247//7 6016//7
f 11955//33 12561//57 11953//57
f 5862//243 2568//244 2570//243
f 2317//10 5592//1 11237//1
f 3212//3 6092//3 6101//3
f 2776//10 6521//7 6530//10
f 12076//1014 11216//139 11218//1014
f 14144//1157 2147//947 2169//869
f 254//9 10975//72 7456//9
f 2763//104 6491//2 6490//1158
f 1032//4 4293//52 1033//52
f 3095//44 6205//38 14457//38
f 12073//812 2368//1104 2367//812
f 13305//393 5730//1159 2413//1160
f 8384//72 14439//2 9910//443
f 12156//1161 2501//1162 7793//644
f 13957//1 3129//10 6173//10
f 3379//35 89//27 101//98
f 14736//72 3121//98 10781//72
f 3916//1163 660//1051 656//1164
f 9628//18 1588//38 4819//38
f 1246//3 10330//2 8231//2
f 869//104 6683//72 870//72
f 5313//10 2072//10 5324//10
f 1649//7 4929//1 1672//1
f 1574//3 14000//2 13510//2
f 10604//4 5323//52 2073//52
f 5387//559 2127//736 2126//559
f 1248//129 10333//12 4502//129
f 2079//8 5341//14 10603//14
f 2894//3 6405//3 6411//3
f 1751//18 5037//39 14063//18
f 13983//1 2987//10 6315//10
f 3349//15 14666//27 3350//27
f 3407//6 11710//7 146//6
f 1231//38 4504//39 1247//39
f 1137//3 14301//2 1139//2
f 1011//8 4281//15 998//15
f 1754//34 5020//4 8518//4
f 6014//44 10738//1 6015//1
f 6335//3 3002//3 6544//3
f 12931//72 9576//9 2967//9
f 1056//7 4316//10 13410//10
f 8680//5 3436//3 176//3
f 6029//15 7341//27 13948//27
f 14513//4 5116//34 5117//4
f 10571//1073 462//908 461//1046
f 6009//35 10741//27 7081//98
f 4345//33 1096//83 1094//13
f 6034//35 3278//27 3277//98
f 11064//2 5221//104 1893//104
f 1102//38 4366//39 1098//39
f 9751//10 8750//7 9752//7
f 3165//33 6136//57 3166//57
f 5497//758 2225//926 2234//758
f 6899//733 9570//13 2985//13
f 12185//12 3292//18 6057//18
f 10582//243 532//851 3815//851
f 10481//1 3527//44 8850//688
f 1838//35 14770//9 1839//9
f 5474//774 2194//602 11125//305
f 13598//2 4914//3 4902//2
f 1759//7 5017//10 1757//10
f 11397//33 12646//57 961//57
f 13981//27 2981//35 6320//35
f 991//35 14253//9 983//9
f 5342//8 7485//9 12466//9
f 13927//5 3117//52 13018//52
f 1627//494 14083//13 1616//13
f 13840//851 2570//243 11887//881
f 3880//1165 3848//11 12497//11
f 11607//16 5071//17 1815//17
f 6000//34 7074//57 12198//57
f 975//104 4238//72 976//72
f 1976//10 5273//10 1971//10
f 6007//15 10741//27 6008//27
f 283//9 3540//35 3539//9
f 792//10 10148//1 11986//1
f 3137//10 6118//1 3136//1
f 5693//397 2397//398 68//397
f 14606//966 4635//451 1270//941
f 2990//3 6314//3 2991//3
f 14510//511 1384//512 1383//511
f 2984//39 13984//38 6299//39
f 14743//207 2523//85 2522//449
f 2959//104 13989//72 12931//72
f 1663//39 4903//39 1667//39
f 13970//72 6645//2 9540//2
f 14761//38 73//44 4964//44
f 1679//59 1647//59 13588//1166
f 221//104 14467//72 222//72
f 5994//15 7063//27 9491//27
f 4011//134 712//317 744//862
f 9250//48 11254//303 11255//391
f 4987//10 1728//7 4995//7
f 6278//34 6935//57 6279//57
f 13155//72 14780//9 7478//9
f 12437//1167 2173//761 2171//1121
f 14134//650 2237//497 14027//496
f 2047//10 5348//10 2043//10
f 286//59 7163//59 806//59
f 10089//935 452//894 470//935
f 3698//1021 467//192 466//1021
f 4607//83 1275//83 4606//83
f 3179//38 6064//39 3182//143
f 6056//56 3295//57 3291//58
f 6053//15 3278//27 14745//27
f 5404//1168 2130//1101 7734//37
f 1844//2 5087//104 1845//104
f 2829//104 6443//72 2832//214
f 12124//1169 2651//1170 2650//668
f 7933//16 5953//382 5957//83
f 14393//11 6149//11 6148//11
f 5719//1105 2457//700 2456//1105
f 339//59 815//59 824//59
f 9213//364 7824//119 7826//364
f 3367//18 119//39 3368//39
f 432//4 3647//52 433//52
f 13888//1171 14556//196 2714//1171
f 5948//720 13358//4 7916//720
f 13828//27 2748//35 6482//35
f 8823//1092 2434//161 2433//783
f 3899//403 594//470 593//1172
f 10895//931 2637//703 2636//931
f 5943//626 2707//513 2713//626
f 7911//197 5989//196 13348//196
f 2679//59 2700//122 2701//59
f 3599//161 338//162 337//1135
f 13832//621 2714//1171 11266//621
f 5977//16 2733//12 5978//1148
f 3855//1061 8930//944 643//1061
f 10879//38 155//39 145//38
f 2818//214 6432//234 2819//234
f 2962//57 6289//34 2961//729
f 3989//271 675//816 734//271
f 13665//1 11784//1 11782//1
f 12839//2 127//2 13635//3
f 8102//4 10241//539 10240//5
f 13093//6 9478//7 14672//7
f 10282//8 9001//8 911//9
f 12930//7 9579//7 9577//10
f 9775//11 14082//11 4919//11
f 11015//12 11018//12 12345//13
f 8525//6 8524//295 14057//14
f 10541//8 7896//15 7304//15
f 11606//16 14060//16 14061//17
f 12470//18 7483//1173 7480//12
f 11312//558 11311//11 13378//19
f 13378//19 13377//448 9348//448
f 9356//19 9355//27 12453//20
f 13378//19 9348//448 9356//19
f 12452//21 11312//558 13378//19
f 13378//19 9356//19 12453//20
f 8506//10 8508//10 9912//1
f 11929//22 10071//1174 13188//23
f 13709//10 14499//10 3550//1
f 7040//14 7041//24 12206//24
f 11718//14 7229//14 7227//6
f 42//59 39//11 37//26
f 35//25 14388//11 14328//626
f 43//11 42//59 37//26
f 35//25 14328//626 32//626
f 45//26 43//11 37//26
f 37//26 35//25 32//626
f 6775//1 6776//83 38//25
f 37//26 32//626 6775//1
f 10548//513 46//11 45//26
f 45//26 37//26 6775//1
f 38//25 6787//59 41//25
f 45//26 6775//1 38//25
f 6781//513 10548//513 45//26
f 38//25 41//25 44//1
f 44//1 6781//513 45//26
f 10728//15 7067//15 7066//27
f 13645//9 11759//9 14337//27
f 52//27 10541//8 12819//8
f 13645//9 14337//27 52//27
f 12819//8 51//1175 13644//27
f 13644//27 13645//9 52//27
f 460//28 3662//1176 14490//29
f 8496//3 13562//5 14058//5
f 10411//31 10410//4 3338//4
f 11417//33 13642//13 10273//13
f 10457//4 10455//34 7389//34
f 8072//35 9139//35 12619//9
f 12444//36 5404//1168 7734//37
f 13807//14 12582//14 6822//6
f 3193//38 9455//878 9456//39
f 13901//41 12137//42 7987//42
f 11707//1 10853//1 10851//44
f 14402//6 13940//6 13939//7
f 109//45 11752//59 14669//46
f 14669//46 14667//59 8733//47
f 9987//48 9986//49 11134//49
f 5260//8 6858//8 6859//9
f 7258//44 13629//44 8728//44
f 10871//10 8727//10 8724//7
f 9658//50 9657//51 8442//51
f 6255//33 3062//33 3061//13
f 11818//14 6837//14 6835//6
f 14648//14 12399//14 12398//7
f 6706//18 9434//18 6115//13
f 13060//52 13622//262 13621//4
f 10869//15 87//840 89//27
f 11565//53 11567//53 14036//54
f 7273//56 7272//57 124//57
f 10780//57 6212//57 10787//34
f 9189//59 8114//1177 985//59
f 985//59 8121//59 8122//59
f 985//59 8122//59 8127//59
f 9189//59 985//59 8127//59
f 231//59 13706//59 265//59
f 9189//59 8127//59 231//59
f 9187//59 9189//59 231//59
f 231//59 265//59 13608//59
f 247//59 13611//59 8860//45
f 9187//59 231//59 13608//59
f 13608//59 247//59 8860//45
f 13608//59 8860//45 8861//1178
f 13420//45 9187//59 13608//59
f 243//59 8111//59 13420//45
f 10750//1179 12995//59 243//59
f 243//59 13420//45 13608//59
f 13608//59 8861//1178 8665//59
f 243//59 13608//59 8665//59
f 243//59 8665//59 241//59
f 10750//1179 243//59 241//59
f 10750//1179 241//59 8663//59
f 7104//59 10750//1179 8663//59
f 7104//59 8663//59 11683//59
f 7104//59 11683//59 10396//59
f 8858//59 8859//59 245//59
f 7104//59 10396//59 8858//59
f 7104//59 8858//59 245//59
f 245//59 10754//59 10755//59
f 245//59 10755//59 7113//59
f 245//59 7113//59 13002//59
f 245//59 13002//59 13000//185
f 245//59 13000//185 3173//59
f 7104//59 245//59 3173//59
f 7104//59 3173//59 10764//59
f 7104//59 10764//59 13006//59
f 3207//121 7104//59 13006//59
f 3207//121 13006//59 13003//59
f 946//59 10751//59 12996//59
f 12996//59 3207//121 13003//59
f 13005//59 7108//1111 957//59
f 12996//59 13003//59 13005//59
f 3273//185 7355//59 946//59
f 946//59 12996//59 13005//59
f 957//59 3107//59 10799//59
f 946//59 13005//59 957//59
f 10553//59 3273//185 946//59
f 13088//59 10552//59 10553//59
f 10900//59 13088//59 10553//59
f 10899//185 10900//59 10553//59
f 7331//59 10899//185 10553//59
f 7331//59 10553//59 946//59
f 13082//59 7331//59 946//59
f 957//59 10799//59 6723//59
f 13082//59 946//59 957//59
f 13081//59 13082//59 957//59
f 957//59 6723//59 6721//59
f 957//59 6721//59 3094//59
f 13085//59 13081//59 957//59
f 8168//59 7311//59 13087//59
f 13087//59 13085//59 957//59
f 945//59 8168//59 13087//59
f 11410//59 945//59 13087//59
f 950//1180 11410//59 13087//59
f 13446//1181 950//1180 13087//59
f 13446//1181 13087//59 957//59
f 948//59 13446//1181 957//59
f 11418//59 948//59 957//59
f 8150//59 77//59 943//59
f 943//59 11418//59 957//59
f 13437//59 8150//59 943//59
f 11405//59 13437//59 943//59
f 8159//1111 11405//59 943//59
f 974//59 8159//1111 943//59
f 974//59 943//59 957//59
f 8161//59 974//59 957//59
f 979//59 8161//59 957//59
f 13436//59 979//59 957//59
f 13436//59 957//59 3094//59
f 11403//59 13436//59 3094//59
f 11403//59 3094//59 14452//59
f 972//59 11403//59 14452//59
f 14595//121 8148//59 8149//59
f 13441//59 14595//121 8149//59
f 13441//59 8149//59 11398//59
f 11721//45 8169//59 11411//59
f 13441//59 11398//59 969//1182
f 11721//45 11411//59 13441//59
f 13632//59 11721//45 13441//59
f 13632//59 13441//59 969//1182
f 122//59 13632//59 969//1182
f 122//59 969//1182 8152//59
f 11730//59 122//59 8152//59
f 10554//59 8719//185 6612//59
f 10412//59 10419//1183 10554//59
f 14396//121 82//1184 10412//59
f 3123//59 10785//59 14397//59
f 7137//59 3123//59 14397//59
f 14397//59 14396//121 10412//59
f 10554//59 6612//59 8722//121
f 10554//59 8722//121 11735//59
f 7136//1111 7137//59 14397//59
f 3120//59 13025//59 14451//59
f 14451//59 7136//1111 14397//59
f 10412//59 10554//59 11735//59
f 10412//59 11735//59 11732//59
f 3120//59 14451//59 14397//59
f 11401//59 14597//59 3120//59
f 3120//59 14397//59 10412//59
f 10412//59 11732//59 11728//59
f 10412//59 11728//59 11730//59
f 9018//59 13448//59 963//59
f 9019//59 9018//59 963//59
f 9019//59 963//59 8147//59
f 6794//59 9019//59 8147//59
f 6794//59 8147//59 8145//59
f 6793//59 6794//59 8145//59
f 6793//59 8145//59 13431//59
f 11940//59 6793//59 13431//59
f 861//59 9014//59 9016//59
f 8164//45 861//59 9016//59
f 8164//45 9016//59 11940//59
f 339//59 13440//59 8163//59
f 8163//59 8164//45 11940//59
f 3059//59 339//59 8163//59
f 7192//59 3059//59 8163//59
f 3120//59 10412//59 11730//59
f 3120//59 11730//59 8152//59
f 3120//59 8152//59 972//59
f 11401//59 3120//59 972//59
f 11400//59 11401//59 972//59
f 11400//59 972//59 14452//59
f 13432//59 11400//59 14452//59
f 13431//59 13432//59 14452//59
f 10823//59 7192//59 8163//59
f 10811//59 10823//59 8163//59
f 11940//59 13431//59 14452//59
f 11940//59 14452//59 7149//59
f 10811//59 8163//59 11940//59
f 3052//59 10811//59 11940//59
f 11940//59 7149//59 7150//59
f 11940//59 7150//59 3101//59
f 10827//59 3052//59 11940//59
f 13037//59 10827//59 11940//59
f 6740//59 13037//59 11940//59
f 6742//59 6740//59 11940//59
f 6742//59 11940//59 3101//59
f 7188//59 6742//59 3101//59
f 7188//59 3101//59 10779//59
f 7180//59 7188//59 10779//59
f 7180//59 10779//59 3098//59
f 10517//59 7180//59 3098//59
f 10515//59 10517//59 3098//59
f 168//59 10824//59 10515//59
f 169//59 168//59 10515//59
f 169//59 10515//59 3098//59
f 8708//59 169//59 3098//59
f 8708//59 3098//59 7151//59
f 165//59 12730//59 171//59
f 171//59 8708//59 7151//59
f 7153//59 13019//59 165//59
f 171//59 7151//59 7153//59
f 2242//60 13882//60 13881//61
f 12514//62 12513//63 13747//63
f 11399//10 7048//10 14252//1
f 13717//64 11177//1185 11172//65
f 12423//1 10796//1 10794//1
f 12430//66 12429//67 13237//67
f 14353//44 3232//44 11761//1
f 7089//8 13942//8 13941//15
f 10536//27 13269//27 7751//27
f 14741//68 13901//41 7988//43
f 10512//70 4711//71 13219//71
f 9632//4 8328//4 13518//34
f 3163//7 13004//6 9419//6
f 9544//39 14341//39 6628//38
f 12941//72 13734//72 9522//9
f 8652//9 8653//72 10976//72
f 6998//3 9910//443 14439//2
f 1937//74 9897//74 9896//75
f 5212//76 14101//77 7584//77
f 12422//78 5478//79 11042//79
f 10474//82 9873//1186 9874//80
f 9874//80 14518//490 1879//1187
f 11058//81 1883//724 10475//724
f 9874//80 1879//1187 11058//81
f 11058//81 10475//724 10474//82
f 12309//56 8593//1188 8592//83
f 9093//59 9094//59 12860//59
f 754//59 12004//59 9093//59
f 12774//57 7451//57 7449//34
f 9902//85 9901//86 13194//86
f 14436//3 2864//5 9537//5
f 9926//87 9925//88 11082//88
f 12394//89 12389//90 7547//90
f 12595//91 10185//1027 8890//92
f 11699//72 7231//72 7230//9
f 11205//94 12088//95 2381//95
f 2494//96 13846//96 13848//97
f 12223//27 14422//27 6913//35
f 9603//10 10835//956 3014//7
f 10921//99 10922//146 8779//100
f 13649//102 14198//165 13656//103
f 8838//104 8846//104 12866//72
f 10950//105 7403//106 13697//106
f 1975//14 14090//14 7528//6
f 11832//9 6694//72 13137//72
f 12822//52 11741//52 11740//4
f 5224//108 14111//109 14417//109
f 10966//8 12768//8 11832//9
f 2045//8 14161//8 12463//14
f 14376//110 14142//1139 7710//111
f 347//33 10955//33 10956//56
f 13110//33 11806//33 11805//13
f 13519//113 14751//113 14752//5
f 14502//33 11834//33 250//13
f 14020//114 12261//115 1448//115
f 10382//8 1426//8 1423//9
f 7093//104 7095//104 13943//72
f 12270//116 11571//116 11561//5
f 859//4 7297//4 11947//52
f 13111//117 14494//118 395//118
f 10831//120 10833//1189 9388//7
f 10450//4 8808//34 8810//34
f 9113//59 11989//59 8888//59
f 9112//59 9113//59 8888//59
f 14365//59 9114//59 9112//59
f 8873//59 10495//59 10443//45
f 14365//59 9112//59 8888//59
f 8872//59 8873//59 10443//45
f 14365//59 8888//59 695//59
f 11867//205 8872//59 10443//45
f 663//45 11867//205 10443//45
f 13799//59 13810//59 14692//59
f 14692//59 673//45 11858//59
f 14692//59 11858//59 11853//59
f 743//59 13799//59 14692//59
f 10497//59 743//59 14692//59
f 14692//59 11853//59 8918//59
f 8893//1190 8913//59 720//59
f 720//59 9133//1191 11994//121
f 11994//121 11992//59 721//45
f 11994//121 721//45 12014//59
f 8893//1190 720//59 11994//121
f 8893//1190 11994//121 12014//59
f 8893//1190 12014//59 13811//59
f 8893//1190 13811//59 724//45
f 8893//1190 724//45 9126//45
f 8893//1190 9126//45 9125//45
f 10497//59 14692//59 8918//59
f 10496//45 10497//59 8918//59
f 12009//1183 13808//59 690//59
f 690//59 11197//59 13304//59
f 690//59 13304//59 7836//59
f 12008//185 12009//1183 690//59
f 742//59 12008//185 690//59
f 690//59 7836//59 7847//59
f 728//46 742//59 690//59
f 11189//59 13294//59 13296//59
f 13296//59 2474//59 7794//59
f 7794//59 7205//59 7204//59
f 7204//59 2243//1192 11103//59
f 7794//59 7204//59 11103//59
f 11189//59 13296//59 7794//59
f 7825//59 11189//59 7794//59
f 7825//59 7794//59 11103//59
f 2449//59 7825//59 11103//59
f 2449//59 11103//59 10732//59
f 2460//59 2449//59 10732//59
f 698//45 10496//45 8918//59
f 695//59 698//45 8918//59
f 2246//59 7632//59 8400//59
f 2246//59 8400//59 8401//59
f 2245//59 2246//59 8401//59
f 2245//59 8401//59 11554//59
f 2256//59 2245//59 11554//59
f 10732//59 2256//59 11554//59
f 8360//59 1524//59 13512//59
f 8360//59 13512//59 11543//59
f 8358//59 8360//59 11543//59
f 8358//59 11543//59 11544//59
f 8397//59 8358//59 11544//59
f 8397//59 11544//59 13511//59
f 1519//59 8397//59 13511//59
f 1519//59 13511//59 1521//59
f 13524//59 1519//59 1521//59
f 13524//59 1521//59 14156//59
f 11554//59 13524//59 14156//59
f 11554//59 14156//59 1523//1111
f 10732//59 11554//59 1523//1111
f 10732//59 1523//1111 13521//59
f 12449//59 12448//1111 1511//59
f 12449//59 1511//59 8374//59
f 13521//59 12449//59 8374//59
f 13521//59 8374//59 8375//59
f 10732//59 13521//59 8375//59
f 10732//59 8375//59 11547//59
f 10732//59 11547//59 8385//59
f 14365//59 695//59 8918//59
f 14628//59 8389//59 2901//59
f 2901//59 2815//59 6975//59
f 2901//59 6975//59 10669//59
f 12794//1186 14689//59 702//185
f 11871//59 666//59 12794//1186
f 12019//59 733//59 11871//59
f 11845//59 729//59 12019//59
f 11850//59 661//59 669//1193
f 11845//59 12019//59 11871//59
f 11848//59 11850//59 669//1193
f 11851//59 11848//59 669//1193
f 12794//1186 702//185 8891//45
f 12794//1186 8891//45 663//45
f 8906//357 11864//59 11872//59
f 8947//59 11898//59 8919//59
f 8906//357 11872//59 13710//59
f 569//59 8947//59 8919//59
f 8906//357 13710//59 8875//185
f 12796//59 569//59 8919//59
f 8906//357 8875//185 8877//1194
f 8919//59 8906//357 8877//1194
f 8919//59 8877//1194 12011//1195
f 12794//1186 663//45 10443//45
f 12794//1186 10443//45 14365//59
f 11903//59 12798//1196 581//59
f 12800//59 14673//59 578//59
f 578//59 11903//59 581//59
f 578//59 581//59 8952//59
f 11875//59 12800//59 578//59
f 11876//59 11875//59 578//59
f 578//59 8952//59 11905//59
f 578//59 11905//59 8921//59
f 8923//59 11876//59 578//59
f 8924//59 8923//59 578//59
f 578//59 8921//59 8922//59
f 578//59 8922//59 577//59
f 8924//59 578//59 577//59
f 8924//59 577//59 12796//59
f 11877//59 8924//59 12796//59
f 6743//59 10518//47 11899//45
f 6744//59 6743//59 11899//45
f 6744//59 11899//45 13737//59
f 8896//59 6744//59 13737//59
f 8896//59 13737//59 11877//59
f 8929//45 11862//1197 11863//59
f 11863//59 8896//59 11877//59
f 11871//59 12794//1186 14365//59
f 2901//59 10669//59 6981//59
f 2901//59 6981//59 6980//59
f 11871//59 14365//59 8918//59
f 11845//59 11871//59 8918//59
f 14628//59 2901//59 6980//59
f 14628//59 6980//59 14437//59
f 14628//59 14437//59 12950//59
f 14628//59 12950//59 12951//59
f 11551//59 14628//59 12951//59
f 11551//59 12951//59 2872//59
f 8386//59 11551//59 2872//59
f 8386//59 2872//59 10672//59
f 8385//59 8386//59 10672//59
f 8385//59 10672//59 10670//59
f 8385//59 10670//59 2808//59
f 2808//59 10445//59 10444//59
f 2808//59 10444//59 10681//59
f 11845//59 8918//59 8899//59
f 669//1193 11845//59 8899//59
f 669//1193 8899//59 8911//59
f 11863//59 11877//59 12796//59
f 636//59 8929//45 11863//59
f 14697//1111 636//59 11863//59
f 11851//59 669//1193 8911//59
f 11851//59 8911//59 8893//1190
f 8878//59 11851//59 8893//1190
f 8878//59 8893//1190 9125//45
f 8879//59 8878//59 9125//45
f 8879//59 9125//45 9127//205
f 10491//185 8879//59 9127//205
f 10491//185 9127//205 728//46
f 13714//185 10491//185 728//46
f 8385//59 2808//59 10681//59
f 8385//59 10681//59 12953//59
f 8385//59 12953//59 6977//59
f 8385//59 6977//59 2884//59
f 8385//59 2884//59 6991//59
f 8385//59 6991//59 6995//45
f 8385//59 6995//45 6987//59
f 704//59 13714//185 728//46
f 12010//59 704//59 728//46
f 10674//59 10683//59 7030//59
f 10674//59 7030//59 7037//59
f 10674//59 7037//59 6665//59
f 12011//1195 12010//59 728//46
f 8919//59 12011//1195 728//46
f 2823//59 12970//59 2803//59
f 2803//59 2751//59 2789//59
f 2803//59 2789//59 7055//59
f 12961//59 2823//59 2803//59
f 12961//59 2803//59 7055//59
f 10466//59 10705//59 1736//59
f 12961//59 7055//59 10466//59
f 10453//59 12961//59 10466//59
f 10466//59 1736//59 1814//59
f 1814//59 13563//59 13564//59
f 1814//59 13564//59 11593//185
f 10453//59 10466//59 1814//59
f 7014//59 10453//59 1814//59
f 1814//59 11593//185 8484//59
f 8483//59 1807//59 8753//59
f 7014//59 1814//59 8484//59
f 8484//59 8483//59 8753//59
f 8484//59 8753//59 8754//59
f 6665//59 7014//59 8484//59
f 10674//59 6665//59 8484//59
f 8484//59 8754//59 8271//59
f 8484//59 8271//59 8272//59
f 10685//59 10674//59 8484//59
f 10685//59 8484//59 8272//59
f 10685//59 8272//59 13486//59
f 6987//59 10685//59 13486//59
f 6987//59 13486//59 11490//59
f 8919//59 728//46 690//59
f 14697//1111 11863//59 12796//59
f 599//59 12789//59 12787//1182
f 12787//1182 14697//1111 12796//59
f 12787//1182 12796//59 8919//59
f 585//59 599//59 12787//1182
f 584//59 585//59 12787//1182
f 584//59 12787//1182 8919//59
f 8936//185 584//59 8919//59
f 8385//59 6987//59 11490//59
f 8385//59 11490//59 11492//59
f 8385//59 11492//59 1181//59
f 8385//59 1181//59 8274//59
f 8275//59 11503//59 1177//59
f 1177//59 11481//59 13479//59
f 1177//59 13479//59 11590//59
f 8274//59 8275//59 1177//59
f 595//45 8936//185 8919//59
f 13638//59 11885//45 595//45
f 13290//59 13638//59 595//45
f 13290//59 595//45 8919//59
f 11215//59 13290//59 8919//59
f 8385//59 8274//59 1177//59
f 11215//59 8919//59 690//59
f 2453//59 11215//59 690//59
f 8233//59 11476//59 1257//59
f 1257//59 13176//1198 2218//121
f 14464//59 11096//59 7292//59
f 1257//59 2218//121 14464//59
f 8252//59 8233//59 1257//59
f 13544//59 8252//59 1257//59
f 11588//59 13544//59 1257//59
f 7292//59 2213//46 7691//59
f 7691//59 11116//1111 11158//59
f 11158//59 2535//59 11095//59
f 11095//59 2235//1199 14250//59
f 11095//59 14250//59 13231//59
f 7691//59 11158//59 11095//59
f 7292//59 7691//59 11095//59
f 7292//59 11095//59 13231//59
f 7292//59 13231//59 14528//59
f 14464//59 7292//59 14528//59
f 11173//59 2453//59 690//59
f 11171//59 11173//59 690//59
f 14464//59 14528//59 7662//59
f 14464//59 7662//59 7663//59
f 2435//59 11171//59 690//59
f 7822//59 2432//59 2435//59
f 2437//59 7822//59 2435//59
f 14464//59 7663//59 7944//59
f 14464//59 7944//59 11292//59
f 2437//59 2435//59 690//59
f 11182//1200 2437//59 690//59
f 1257//59 14464//59 11292//59
f 2659//59 14568//59 511//59
f 1257//59 11292//59 2659//59
f 511//59 8693//59 8694//59
f 11293//59 2669//47 13366//59
f 511//59 8694//59 11293//59
f 511//59 11293//59 13366//59
f 13366//59 13368//59 2670//122
f 13366//59 2670//122 11301//59
f 7814//59 11182//1200 690//59
f 7813//59 7814//59 690//59
f 511//59 13366//59 11301//59
f 511//59 11301//59 11296//59
f 511//59 11296//59 14562//59
f 14562//59 7947//59 2661//59
f 2661//59 7946//59 11738//59
f 2661//59 11738//59 13372//45
f 14562//59 2661//59 13372//45
f 14562//59 13372//45 14558//59
f 7815//59 7813//59 690//59
f 7840//59 7815//59 690//59
f 14557//59 7940//59 11107//59
f 14557//59 11107//59 14471//59
f 7949//59 14557//59 14471//59
f 2208//59 11111//59 2211//59
f 7949//59 14471//59 2208//59
f 2665//59 7949//59 2208//59
f 2208//59 2211//59 14526//59
f 14526//59 7678//59 7679//59
f 7679//59 7969//59 11304//59
f 7679//59 11304//59 7951//59
f 2208//59 14526//59 7679//59
f 14558//59 2665//59 2208//59
f 14562//59 14558//59 2208//59
f 2208//59 7679//59 7951//59
f 2208//59 7951//59 7962//1201
f 7839//59 7840//59 690//59
f 11180//59 2484//59 7839//59
f 2477//46 7800//205 11180//59
f 7802//185 2477//46 11180//59
f 11180//59 7839//59 690//59
f 14562//59 2208//59 7962//1201
f 511//59 14562//59 7962//1201
f 511//59 7962//1201 13361//59
f 511//59 13361//59 13362//59
f 2659//59 511//59 13362//59
f 2659//59 13362//59 7942//1202
f 7802//185 11180//59 690//59
f 7784//59 7802//185 690//59
f 2659//59 7942//1202 7943//59
f 7943//59 2217//59 12175//59
f 12175//59 13937//185 1290//59
f 12175//59 1290//59 8211//59
f 2659//59 7943//59 12175//59
f 7783//59 7784//59 690//59
f 13394//59 7783//59 690//59
f 2659//59 12175//59 8211//59
f 2659//59 8211//59 8212//59
f 11200//59 13394//59 690//59
f 2423//59 11200//59 690//59
f 2659//59 8212//59 11455//1111
f 1257//59 2659//59 11455//1111
f 1257//59 11455//1111 13464//59
f 1257//59 13464//59 8202//59
f 1257//59 8202//59 8204//59
f 1257//59 8204//59 12146//59
f 1257//59 12146//59 13457//59
f 1257//59 13457//59 1307//1203
f 1257//59 1307//1203 14610//185
f 7808//59 2423//59 690//59
f 2470//59 7808//59 690//59
f 13947//46 8222//59 8219//59
f 8219//59 8221//59 8249//59
f 8249//59 1262//59 13468//59
f 11457//59 11451//59 13908//59
f 8249//59 13468//59 11457//59
f 13947//46 8219//59 8249//59
f 8215//59 13947//46 8249//59
f 8249//59 11457//59 13908//59
f 13908//59 1318//59 13462//59
f 13462//59 13459//122 13460//59
f 13462//59 13460//59 13461//59
f 8249//59 13908//59 13462//59
f 8215//59 8249//59 13462//59
f 8215//59 13462//59 13461//59
f 8218//46 8215//59 13461//59
f 8218//46 13461//59 8200//59
f 14610//185 8218//46 8200//59
f 14610//185 8200//59 8201//59
f 2470//59 690//59 7847//59
f 13292//122 2470//59 7847//59
f 11181//59 13292//122 7847//59
f 7804//59 11181//59 7847//59
f 7804//59 7847//59 11176//185
f 2466//185 7804//59 11176//185
f 2466//185 11176//185 13308//1204
f 13288//185 2466//185 13308//1204
f 13288//185 13308//1204 2412//59
f 13289//45 13288//185 2412//59
f 11179//59 13289//45 2412//59
f 7849//59 2414//59 11179//59
f 7796//59 7798//59 7849//59
f 13303//59 11201//45 7796//59
f 2410//59 13302//59 13303//59
f 2282//59 13233//59 2410//59
f 13225//59 2274//46 2282//59
f 13225//59 2282//59 2410//59
f 2410//59 13303//59 7796//59
f 7796//59 7849//59 11179//59
f 7796//59 11179//59 2412//59
f 13225//59 2410//59 7796//59
f 13218//59 13225//59 7796//59
f 7796//59 2412//59 13306//59
f 7796//59 13306//59 2460//59
f 13218//59 7796//59 2460//59
f 13218//59 2460//59 10732//59
f 7664//59 11100//59 11101//1183
f 7664//59 11101//1183 13218//59
f 13205//59 13214//59 7651//59
f 7651//59 7664//59 13218//59
f 1257//59 14610//185 8201//59
f 1257//59 8201//59 1310//45
f 1257//59 1310//45 8206//59
f 1257//59 8206//59 11452//59
f 1257//59 11452//59 1314//59
f 1257//59 1314//59 9397//59
f 1257//59 9397//59 1291//1205
f 1257//59 1291//1205 8197//121
f 8198//59 1267//59 11448//59
f 8198//59 11448//59 11449//59
f 8197//121 8198//59 11449//59
f 8197//121 11449//59 11459//59
f 13203//59 13205//59 7651//59
f 2306//471 13203//59 7651//59
f 2306//471 7651//59 13218//59
f 7624//59 2306//471 13218//59
f 1257//59 8197//121 11459//59
f 1257//59 11459//59 11460//59
f 1257//59 11460//59 1278//59
f 1257//59 1278//59 9449//59
f 1257//59 9449//59 11462//59
f 1257//59 11462//59 13470//59
f 11588//59 1257//59 13470//59
f 11588//59 13470//59 9284//59
f 8474//59 11588//59 9284//59
f 8474//59 9284//59 8191//59
f 8466//59 8474//59 8191//59
f 8466//59 8191//59 9283//59
f 8466//59 9283//59 11439//59
f 11436//45 11435//59 1320//59
f 11439//59 11436//45 1320//59
f 1320//59 8181//59 14599//45
f 1320//59 14599//45 8188//45
f 8466//59 11439//59 1320//59
f 13545//59 8466//59 1320//59
f 1320//59 8188//45 8189//185
f 1320//59 8189//185 13452//59
f 1320//59 13452//59 1340//59
f 1320//59 1340//59 14608//59
f 1320//59 14608//59 1349//45
f 1320//59 1349//45 13454//59
f 11425//59 14598//45 1375//59
f 1375//59 8179//1203 11587//59
f 11587//59 14603//59 1386//59
f 11587//59 1386//59 8172//59
f 11425//59 1375//59 11587//59
f 11424//59 11425//59 11587//59
f 11587//59 8172//59 8171//59
f 11424//59 11587//59 8171//59
f 13454//59 11424//59 8171//59
f 13454//59 8171//59 1319//59
f 1320//59 13454//59 1319//59
f 11454//59 14637//59 14633//59
f 1320//59 1319//59 11454//59
f 11454//59 14633//59 14634//59
f 11454//59 14634//59 8407//59
f 1320//59 11454//59 8407//59
f 1320//59 8407//59 8423//59
f 13545//59 1320//59 8423//59
f 13545//59 8423//59 10176//59
f 13545//59 10176//59 1428//45
f 13545//59 1428//45 11577//45
f 13545//59 11577//45 8454//59
f 8454//59 1424//59 14222//59
f 8454//59 14222//59 8451//59
f 8454//59 8451//59 8448//59
f 8454//59 8448//59 8450//59
f 13545//59 8454//59 8450//59
f 13545//59 8450//59 14639//59
f 11591//59 13545//59 14639//59
f 11591//59 14639//59 6623//59
f 11590//59 11591//59 6623//59
f 11590//59 6623//59 6624//59
f 7648//59 13221//121 13223//1206
f 7661//59 7648//59 13223//1206
f 7661//59 13223//1206 7623//59
f 2238//1207 7661//59 7623//59
f 2238//1207 7623//59 7624//59
f 13537//45 2238//1207 7624//59
f 13537//45 7624//59 13218//59
f 13537//45 13218//59 10732//59
f 1177//59 11590//59 6624//59
f 1177//59 6624//59 12568//59
f 13534//59 11569//59 1433//59
f 14643//59 1447//1111 13534//59
f 8425//59 11560//121 11558//1208
f 14643//59 13534//59 1433//59
f 1486//59 8425//59 11558//1208
f 14643//59 1433//59 11583//59
f 8420//59 1486//59 11558//1208
f 14643//59 11583//59 13537//45
f 8403//59 8420//59 11558//1208
f 8416//47 8403//59 11558//1208
f 8432//59 10065//45 8416//47
f 8433//59 8432//59 8416//47
f 8416//47 11558//1208 14643//59
f 1177//59 12568//59 13536//1209
f 8385//59 1177//59 13536//1209
f 8433//59 8416//47 14643//59
f 2278//59 8433//59 14643//59
f 8385//59 13536//1209 14641//59
f 8445//59 8447//59 1412//59
f 8385//59 14641//59 8445//59
f 2278//59 14643//59 13537//45
f 2277//59 2278//59 13537//45
f 8385//59 8445//59 1412//59
f 1412//59 1411//59 11563//59
f 11564//59 8427//1210 8430//59
f 1412//59 11563//59 11564//59
f 10732//59 8385//59 1412//59
f 7643//59 2277//59 13537//45
f 7642//59 7643//59 13537//45
f 1412//59 11564//59 8430//59
f 8430//59 8437//59 8436//59
f 8436//59 13531//59 13532//59
f 8436//59 13532//59 2286//59
f 1412//59 8430//59 8436//59
f 7642//59 13537//45 10732//59
f 14524//1211 7642//59 10732//59
f 1412//59 8436//59 2286//59
f 1412//59 2286//59 7630//59
f 11089//1212 14524//1211 10732//59
f 2275//59 11089//1212 10732//59
f 1412//59 7630//59 10662//45
f 1412//59 10662//45 13211//59
f 11091//59 2275//59 10732//59
f 7657//59 11556//59 11091//59
f 14522//122 7657//59 11091//59
f 10732//59 1412//59 13211//59
f 10732//59 13211//59 11242//59
f 7636//59 14522//122 11091//59
f 2304//122 7636//59 11091//59
f 10732//59 11242//59 11244//59
f 10732//59 11244//59 2300//59
f 2304//122 11091//59 10732//59
f 13216//1213 2304//122 10732//59
f 10732//59 2300//59 7641//59
f 11081//121 13216//1213 10732//59
f 11796//8 7401//8 13115//15
f 11773//59 13657//1214 426//59
f 11772//59 11773//59 426//59
f 13659//59 11774//59 11772//59
f 390//59 13678//59 13659//59
f 11780//59 13646//59 390//59
f 438//205 11780//59 390//59
f 390//59 13659//59 11772//59
f 390//59 11772//59 426//59
f 6655//59 438//205 390//59
f 6655//59 390//59 426//59
f 6655//59 426//59 425//59
f 6654//59 6655//59 425//59
f 6654//59 425//59 11792//59
f 8792//59 13924//122 8804//1215
f 8804//1215 6654//59 11792//59
f 8800//122 402//45 10440//59
f 8804//1215 11792//59 8800//122
f 8791//59 8792//59 8804//1215
f 8794//59 8791//59 8804//1215
f 8800//122 10440//59 10441//45
f 8800//122 10441//45 8801//59
f 8794//59 8804//1215 8800//122
f 442//59 8794//59 8800//122
f 8800//122 8801//59 8802//59
f 8802//59 12752//59 12753//59
f 14676//59 442//59 8800//122
f 8802//59 12753//59 14676//59
f 10928//123 7370//48 13664//124
f 14487//125 3722//126 11781//126
f 10791//1 9452//1 10800//44
f 7359//127 10927//128 450//128
f 8054//13 8053//12 12020//12
f 13173//130 13172//38 12348//38
f 10937//131 10935//132 11789//132
f 14091//35 11016//35 7521//72
f 9431//33 3150//33 12778//13
f 8453//33 14317//33 12258//133
f 6693//3 13699//5 7442//5
f 928//57 4190//57 4183//4
f 9270//134 7640//134 2311//135
f 7129//6 7131//14 9433//14
f 2656//137 7963//138 13369//138
f 12075//139 12074//140 11217//140
f 10069//141 10071//1174 11929//22
f 1495//142 4798//592 14751//113
f 10767//18 7141//40 9424//143
f 11021//144 11020//145 12338//145
f 6829//146 6828//147 548//147
f 7827//88 13856//88 13863//148
f 12036//38 12109//1216 11283//39
f 14428//18 9585//18 9588//13
f 9275//150 7819//5 7817//5
f 810//7 12570//7 4088//1
f 12863//151 12862//1147 11891//152
f 6854//154 14797//155 723//155
f 1023//4 12631//539 10246//5
f 11691//39 10856//39 7212//18
f 4032//33 774//33 9097//13
f 11882//156 645//157 10037//157
f 14787//158 12512//159 11907//159
f 5721//161 5720//162 2436//162
f 9989//163 9988//164 13272//164
f 9743//11 8553//11 6605//11
f 13864//166 13716//167 11188//167
f 13647//168 13190//1217 3810//169
f 12460//171 13266//171 13265//172
f 8366//14 12334//14 12336//7
f 6976//3 2879//5 13966//5
f 12605//173 12603//174 11856//174
f 8371//13 10436//13 10435//33
f 10435//33 14127//33 1543//83
f 13849//175 2463//175 2465//176
f 14227//177 684//177 685//178
f 11237//1 5592//1 5591//38
f 13904//179 5795//180 11151//180
f 4001//181 10611//182 8880//182
f 3897//71 12842//1119 13730//183
f 1972//38 5272//38 14094//18
f 9002//59 14712//59 11930//59
f 11930//59 8995//59 8996//185
f 918//59 9002//59 11930//59
f 12387//186 12386//187 11038//187
f 8178//188 14280//318 10320//189
f 12059//191 14733//127 2471//127
f 11392//10 14298//10 12635//1
f 240//8 13145//8 13141//14
f 13499//193 10365//193 10367//7
f 12364//8 11065//8 1894//9
f 10563//194 10562//195 6731//195
f 12263//196 1467//196 1469//197
f 4655//198 9692//1218 13458//199
f 8570//9 8571//716 9774//35
f 3168//18 3167//38 12174//38
f 10018//8 9120//8 751//9
f 14053//173 14052//174 1268//174
f 2660//200 12118//200 12117//201
f 8546//34 12303//4 8539//4
f 5982//202 11595//3 11276//3
f 10189//203 10187//203 13711//203
f 7263//34 7244//4 13636//4
f 12510//11 12509//11 3858//11
f 3858//11 3859//11 12505//11
f 12505//11 12508//11 12510//11
f 11981//4 10158//4 10157//5
f 14317//33 8453//33 1425//13
f 1615//33 12328//33 9805//133
f 12389//90 5145//204 7548//204
f 11434//45 14599//45 8181//59
f 11434//45 8181//59 1371//59
f 1372//59 11434//45 1371//59
f 11446//59 1338//59 14601//1219
f 1372//59 1371//59 11446//59
f 11428//59 1372//59 11446//59
f 11446//59 14601//1219 1337//59
f 7763//1220 7761//59 7747//59
f 11428//59 11446//59 1337//59
f 1337//59 7763//1220 7747//59
f 1337//59 7747//59 2157//59
f 8174//59 11428//59 1337//59
f 8473//59 8175//1214 1367//59
f 1367//59 8174//59 1337//59
f 14540//59 2108//59 13221//121
f 13221//121 7648//59 7645//59
f 7645//59 2262//45 2260//59
f 2260//59 8441//59 8440//59
f 8440//59 14638//59 8434//59
f 8434//59 8435//185 8412//59
f 8434//59 8412//59 8410//59
f 2260//59 8440//59 8434//59
f 14540//59 13221//121 7645//59
f 7645//59 2260//59 8434//59
f 7645//59 8434//59 8410//59
f 7738//59 14540//59 7645//59
f 13260//59 7738//59 7645//59
f 11142//59 13260//59 7645//59
f 8473//59 1367//59 1337//59
f 10180//59 1393//59 8473//59
f 8471//59 8470//59 10180//59
f 2121//59 11136//59 8471//59
f 13271//59 7745//47 2121//59
f 13271//59 2121//59 8471//59
f 8471//59 10180//59 8473//59
f 11570//59 11569//59 13534//59
f 13534//59 1456//46 1457//59
f 11570//59 13534//59 1457//59
f 11574//45 11570//59 1457//59
f 11574//45 1457//59 8443//59
f 11566//59 11574//45 8443//59
f 11566//59 8443//59 1461//185
f 11566//59 1461//185 10097//185
f 11566//59 10097//185 13529//59
f 11566//59 13529//59 1490//45
f 11566//59 1490//45 10049//1221
f 11566//59 10049//1221 13528//122
f 8471//59 8473//59 1337//59
f 13262//59 13271//59 8471//59
f 13262//59 8471//59 1337//59
f 13527//59 8403//59 8416//47
f 1481//46 13527//59 8416//47
f 8392//45 1481//46 8416//47
f 13528//122 8392//45 8416//47
f 11566//59 13528//122 8416//47
f 11566//59 8416//47 11562//59
f 11556//59 7657//59 7658//59
f 7658//59 14631//59 8413//59
f 7658//59 8413//59 8414//59
f 2117//45 13262//59 1337//59
f 11135//59 2117//45 1337//59
f 11556//59 7658//59 8414//59
f 8430//59 8427//1210 10082//59
f 11557//59 14633//59 14637//59
f 8430//59 10082//59 11557//59
f 11556//59 8414//59 8430//59
f 1455//59 11556//59 8430//59
f 13540//59 1430//59 13539//59
f 13539//59 1432//1111 1450//59
f 1450//59 11573//185 11083//185
f 1450//59 11083//185 11084//59
f 13540//59 13539//59 1450//59
f 1455//59 8430//59 11557//59
f 11562//59 1455//59 11557//59
f 13540//59 1450//59 11084//59
f 11566//59 11562//59 11557//59
f 11566//59 11557//59 14637//59
f 11566//59 14637//59 13540//59
f 8410//59 11566//59 13540//59
f 8410//59 13540//59 11084//59
f 7730//1111 11135//59 1337//59
f 7730//1111 1337//59 2157//59
f 7645//59 8410//59 11084//59
f 7645//59 11084//59 11087//59
f 7730//1111 2157//59 11142//59
f 7729//59 7730//1111 11142//59
f 11142//59 7645//59 11087//59
f 11137//59 14603//59 11587//59
f 11142//59 11087//59 11137//59
f 7732//185 7729//59 11142//59
f 13080//59 7732//185 11142//59
f 11137//59 11587//59 1343//59
f 1343//59 9309//59 2096//59
f 1343//59 2096//59 2132//185
f 13080//59 11142//59 11137//59
f 11117//471 13080//59 11137//59
f 11137//59 1343//59 2132//185
f 11137//59 2132//185 7742//59
f 7693//185 11117//471 11137//59
f 7692//45 7693//185 11137//59
f 11137//59 7742//59 11141//205
f 8832//18 10948//18 10947//13
f 14192//206 14191//449 8971//207
f 11985//14 10152//14 10141//6
f 4095//33 818//33 9089//13
f 10308//27 7543//27 7541//27
f 13891//209 13890//667 11302//210
f 11619//72 8523//2 6600//2
f 7146//10 11839//10 9425//1
f 14103//211 13185//211 1919//212
f 11643//1 11642//7 9733//7
f 10703//5 7039//4 14164//4
f 13586//8 14064//8 12296//15
f 12725//12 12726//12 7206//16
f 8670//10 8676//10 13049//1
f 886//4 9015//34 9026//34
f 13970//72 12215//98 12943//35
f 11240//1 11238//1 11252//1
f 10767//18 9429//18 9428//13
f 874//38 12557//38 12558//39
f 9051//216 13874//1222 7877//217
f 4433//8 11345//8 11344//9
f 8166//6 7277//6 4188//7
f 9316//219 9315//220 2666//220
f 11250//35 9255//35 9254//9
f 13761//38 14272//38 14270//39
f 10844//59 10841//59 9006//59
f 9006//59 9009//59 865//59
f 9006//59 865//59 14718//59
f 10829//59 10844//59 9006//59
f 9035//59 9033//59 10829//59
f 13772//59 13776//59 876//59
f 876//59 9035//59 10829//59
f 10829//59 9006//59 14718//59
f 10829//59 14718//59 9037//59
f 878//59 13772//59 876//59
f 877//59 878//59 876//59
f 10829//59 9037//59 9038//59
f 10829//59 9038//59 11958//59
f 877//59 876//59 10829//59
f 10829//59 11958//59 13778//59
f 11718//14 184//8 13055//8
f 9029//35 9031//35 10117//9
f 8242//35 7680//35 7682//9
f 11816//35 10953//35 13130//9
f 14749//14 3013//14 10843//15
f 7403//106 7402//221 12683//221
f 7311//59 8168//59 8169//59
f 8169//59 11721//45 11722//59
f 13634//59 8719//185 10554//59
f 8169//59 11722//59 13634//59
f 7312//59 7311//59 8169//59
f 7316//185 7312//59 8169//59
f 8169//59 13634//59 10554//59
f 10554//59 10552//59 13088//59
f 10554//59 13088//59 7314//59
f 7316//185 8169//59 10554//59
f 9672//222 8404//223 8402//223
f 8237//104 1241//2 12687//2
f 11542//5 14017//5 14018//2
f 10529//38 10530//44 13739//44
f 12696//8 1182//8 11509//9
f 11828//57 13143//57 10972//4
f 875//12 12559//12 14207//13
f 8760//18 7226//18 7225//13
f 14767//224 11114//1223 7689//225
f 8840//38 8841//1 12871//1
f 8104//35 8112//35 6887//9
f 14138//226 5495//959 2215//227
f 9929//229 14774//1224 2281//230
f 6859//9 13165//72 12346//72
f 14513//4 5117//4 12397//5
f 8340//231 8339//2 9619//2
f 12413//232 12414//771 2280//233
f 3481//33 14661//33 229//13
f 9066//2 10127//2 10125//104
f 13783//39 12563//39 11961//39
f 11705//24 206//234 13056//234
f 10682//52 12750//52 13966//5
f 14506//52 13153//262 10986//4
f 8120//33 12915//33 10635//57
f 11348//7 12896//7 10590//10
f 14592//2 12641//2 8143//104
f 8099//2 10234//2 10235//104
f 12196//12 7072//733 7071//18
f 13192//197 13191//72 5128//235
f 14642//34 14645//34 8456//34
f 7264//7 8715//7 6607//6
f 12308//6 13885//7 6876//7
f 14487//125 440//125 12754//236
f 2647//237 6811//237 7294//238
f 7351//34 12191//4 7356//4
f 9520//33 6965//33 14432//13
f 13595//59 74//59 8757//59
f 72//59 8751//59 1698//59
f 13595//59 8757//59 72//59
f 12127//239 9332//240 2567//240
f 7696//241 5465//242 2202//242
f 12339//2 7520//2 13169//3
f 12140//243 11315//244 11313//244
f 14497//245 10961//430 8834//246
f 11360//34 10224//34 12902//4
f 2618//247 12135//247 12136//248
f 7248//249 2720//249 7919//52
f 10649//38 10650//44 9578//44
f 11341//38 11339//44 6621//44
f 13806//8 12579//8 12582//14
f 13401//8 10375//8 10373//15
f 9153//8 10230//8 10215//15
f 8273//52 13489//52 11190//5
f 10192//250 14229//328 717//251
f 7523//253 12350//253 5300//254
f 7854//255 7852//255 7865//255
f 7522//256 12351//256 12350//253
f 1127//38 11358//44 14242//44
f 7318//104 7337//104 13092//2
f 14578//6 10362//6 12701//7
f 10484//257 14109//258 1855//258
f 9041//259 13869//260 7890//260
f 4846//196 1601//196 13502//197
f 9297//262 13359//262 13358//4
f 714//38 12596//38 6868//39
f 11467//59 11469//59 8228//59
f 8226//59 11486//59 1230//59
f 11467//59 8228//59 8226//59
f 13485//59 11467//59 8226//59
f 8226//59 1230//59 8267//59
f 1272//14 12283//268 4629//6
f 11477//38 4658//38 13474//39
f 12689//33 13487//33 8283//13
f 13698//8 10965//8 14498//14
f 14029//1 8415//1 1472//263
f 9633//264 1499//264 1505//129
f 846//4 12875//4 12567//52
f 1260//12 13475//12 14041//129
f 12372//265 5200//266 12903//266
f 8668//214 10860//214 13056//234
f 966//8 12640//8 4246//14
f 14719//6 10408//6 10407//7
f 11468//267 10328//267 12687//2
f 8764//33 14223//33 14225//57
f 10999//6 12343//6 12342//7
f 9110//3 12575//3 12573//2
f 9097//13 9096//18 14226//18
f 10691//34 9502//34 13958//4
f 1537//196 9639//196 4762//268
f 8980//12 12535//12 12537//13
f 7364//89 7363//269 11423//269
f 4012//270 3989//271 734//271
f 4642//272 12282//154 1302//273
f 12304//33 1699//33 11651//13
f 9105//9 4047//9 10151//8
f 1813//5 1812//4 14773//4
f 14756//274 14025//275 2261//275
f 10595//38 10593//215 10701//39
f 6266//2 3020//2 10830//3
f 10300//57 3017//57 7198//58
f 9925//88 9943//148 11102//148
f 2671//276 13367//277 12119//277
f 13562//5 13561//4 5046//4
f 10182//278 12605//173 11857//173
f 12120//276 9330//1225 11295//280
f 6589//278 14053//173 14611//173
f 6579//281 1305//281 1300//282
f 6615//38 6556//38 6554//44
f 7929//249 9287//249 9286//283
f 8377//8 9645//8 9644//14
f 1467//196 12263//196 4674//268
f 14119//284 12900//285 11052//285
f 14036//54 12266//286 1458//286
f 14554//9 10717//716 9172//35
f 12284//196 1313//196 1293//287
f 1293//287 1348//197 14283//197
f 8390//4 12245//4 4790//5
f 10583//288 10584//289 1284//289
f 11039//290 9882//1226 14114//291
f 9661//292 14755//293 10048//293
f 8524//295 8527//24 14059//24
f 1528//8 12250//8 6568//15
f 9676//296 14644//296 11559//297
f 9881//298 9882//1226 11039//290
f 14753//299 8393//300 8391//300
f 9645//8 8377//8 8395//9
f 12722//39 9819//39 11676//39
f 10604//4 2083//57 5338//57
f 12450//302 7720//757 13255//303
f 1416//52 8457//52 12255//5
f 934//72 12655//72 12654//9
f 822//2 10136//2 10124//104
f 12017//160 9276//916 11078//159
f 7514//5 12360//5 6864//3
f 14493//27 13469//27 13466//27
f 3150//33 9431//33 9430//57
f 14520//304 12371//774 1878//305
f 1007//33 4274//33 14590//56
f 13510//2 14000//2 12699//104
f 14508//307 9833//307 5262//39
f 7517//2 9856//2 11022//104
f 13494//6 14055//6 4393//7
f 9626//7 8338//7 8335//14
f 9010//308 9012//308 12659//18
f 10914//39 10568//39 10570//38
f 14093//72 7521//72 7520//2
f 10056//309 10055//807 8015//310
f 10991//72 14781//72 12466//9
f 9234//312 12068//313 7846//313
f 9503//17 10689//17 2842//16
f 1153//2 14305//2 14308//72
f 8586//314 8585//4 12741//4
f 7267//2 8736//2 11748//3
f 6948//52 9580//52 9582//5
f 6659//5 10448//52 12758//52
f 12518//315 10070//316 8986//316
f 11657//59 13603//59 36//59
f 34//59 8581//59 12717//59
f 34//59 12717//59 12718//59
f 8631//59 11657//59 36//59
f 34//59 12718//59 8609//59
f 8609//59 8631//59 36//59
f 13601//52 11660//4 4916//4
f 12465//33 2082//33 14505//13
f 2119//75 14286//75 13258//5
f 8686//59 8688//59 8723//185
f 8686//59 8723//185 8721//59
f 11737//45 8686//59 8721//59
f 11737//45 8721//59 135//59
f 11734//122 11737//45 135//59
f 11734//122 135//59 13815//59
f 136//185 11734//122 13815//59
f 136//185 13815//59 153//59
f 136//185 153//59 8697//59
f 11713//59 10405//59 12734//59
f 136//185 8697//59 11713//59
f 136//185 11713//59 12734//59
f 136//185 12734//59 8689//59
f 8705//59 136//185 8689//59
f 8705//59 8689//59 7921//59
f 8705//59 7921//59 7920//59
f 8705//59 7920//59 13346//59
f 8704//59 8705//59 13346//59
f 8704//59 13346//59 2719//59
f 13623//59 8704//59 2719//59
f 7574//59 144//59 8703//59
f 34//59 7573//59 7574//59
f 10387//59 10385//59 34//59
f 8633//59 10387//59 34//59
f 7574//59 8703//59 11714//185
f 7574//59 11714//185 151//59
f 1646//59 8624//59 8616//59
f 1646//59 8616//59 8633//59
f 7574//59 151//59 13623//59
f 7574//59 13623//59 2719//59
f 1646//59 8633//59 34//59
f 2724//59 1646//59 34//59
f 34//59 7574//59 2719//59
f 34//59 2719//59 11277//59
f 7912//59 2724//59 34//59
f 9541//18 3115//18 7164//39
f 9546//38 6628//38 6626//44
f 14458//12 13910//12 12236//13
f 9269//317 13813//93 2302//93
f 12804//318 14147//319 11120//319
f 6891//57 9573//57 9571//34
f 12266//286 12267//320 1446//320
f 7128//10 10756//10 6066//1
f 12661//59 8526//59 1789//59
f 1789//59 11605//59 11603//59
f 9305//321 12118//200 2660//200
f 6705//57 13936//57 7134//84
f 9966//323 9965//324 13242//324
f 9324//18 13157//18 7504//39
f 13027//10 9453//10 9452//1
f 5357//5 7542//5 11429//325
f 7103//38 9440//38 9441//39
f 10064//326 10063//327 534//327
f 832//4 14217//4 12572//5
f 14605//328 9699//328 14049//329
f 2064//4 10003//4 6789//52
f 8261//18 10341//18 10340//13
f 13487//33 12689//33 12688//57
f 6616//39 11626//39 6556//38
f 12803//330 7698//711 2112//331
f 11604//3 1788//5 14054//5
f 1364//86 10892//86 10893//332
f 2915//1 9561//1 13976//38
f 924//33 10862//33 7234//56
f 10299//146 10298//147 1370//147
f 499//334 12520//1227 12519//335
f 1776//10 9714//10 9713//1
f 12244//56 13517//56 13515//56
f 14042//337 10398//338 1312//338
f 8314//3 9828//3 9827//2
f 7174//57 13917//57 14453//34
f 11601//59 1828//59 10276//59
f 10276//59 8494//59 8488//59
f 8495//59 11601//59 10276//59
f 12064//118 12063//339 2451//339
f 11594//3 1813//5 12780//5
f 10197//340 10196//312 736//312
f 1429//341 4682//341 9681//342
f 8021//12 8037//12 12613//13
f 7610//7 10483//7 10482//1
f 9798//3 12327//443 1658//2
f 11069//35 9914//35 9909//9
f 10890//12 10889//83 8731//83
f 9480//35 9479//27 7066//27
f 11521//142 9804//142 9806//113
f 14103//211 5224//108 13186//108
f 11046//197 11047//235 14105//235
f 11652//8 12314//8 9757//15
f 8562//104 8557//104 11641//104
f 11658//10 8620//956 8619//7
f 6590//344 6588//345 1294//345
f 8668//214 203//2 10861//2
f 10058//347 14787//158 11906//160
f 14521//5 10626//5 10624//5
f 13001//3 3171//5 12226//5
f 6955//2 6954//5 13978//5
f 8486//18 9907//18 9906//13
f 13642//13 9208//12 9210//12
f 11927//351 8985//1097 12515//349
f 12515//349 12516//455 11925//350
f 1498//1 8376//10 11552//10
f 14108//352 7578//353 7550//353
f 13500//113 12237//113 7554//52
f 8830//254 10954//254 10951//2
f 8615//12 8617//12 9787//16
f 8079//197 14585//235 12611//235
f 9943//148 9942//631 2239//355
f 11033//34 9860//34 9859//4
f 9521//8 14431//8 12942//9
f 10539//27 11144//27 7762//27
f 1642//1 9769//1 9770//44
f 7489//8 14165//8 12344//15
f 10393//3 237//5 3485//5
f 13162//356 12359//356 12358//4
f 2790//8 6523//8 10719//15
f 4922//24 1678//24 13587//234
f 12746//35 9560//35 12220//9
f 8293//72 14308//72 14310//9
f 11624//16 8530//12 6597//12
f 666//59 11871//59 11864//59
f 12171//358 5354//224 14237//224
f 1390//360 10301//360 13127//361
f 13673//6 13114//6 3641//7
f 6073//8 6703//8 7097//9
f 40//59 2056//59 13154//59
f 40//59 13154//59 2058//59
f 7470//59 6851//59 12827//59
f 12827//59 40//59 2058//59
f 12265//362 12264//227 13535//227
f 7237//27 14665//27 8706//35
f 13481//3 13482//5 4458//5
f 11787//363 13104//364 8795//364
f 13150//18 2060//38 12476//38
f 9968//365 11124//365 7709//366
f 14192//206 8970//208 13748//367
f 13150//18 12475//18 12477//13
f 7877//217 13874//1222 13873//368
f 14736//72 10781//72 7160//369
f 8097//13 13413//12 10228//12
f 8761//10 8747//956 14670//7
f 5483//27 10795//27 14463//27
f 187//57 7249//57 12817//34
f 13098//60 10937//131 11791//131
f 10303//370 10302//74 8194//74
f 6739//55 6738//286 2646//372
f 2038//38 7496//44 12474//44
f 12440//373 9993//1099 7712//374
f 13599//214 14762//214 14079//234
f 1333//376 13167//1228 7364//89
f 10093//377 10092//378 424//378
f 7362//380 7361//381 392//381
f 7206//16 7207//11 13048//17
f 13048//17 14664//17 13613//16
f 10826//38 13996//38 10812//39
f 9174//83 7898//1229 7891//56
f 14777//383 9963//384 2177//384
f 9831//8 11540//8 11539//9
f 2461//386 11178//386 13859//136
f 13822//83 14441//83 10709//12
f 9373//33 14548//33 2520//13
f 12480//50 14175//805 650//51
f 14680//12 7404//12 7406//13
f 1437//113 9655//113 12723//5
f 14135//390 9926//87 2259//87
f 12459//48 12451//303 13255//303
f 11777//392 10095//637 10094//393
f 13986//15 12910//15 2982//27
f 7593//341 12367//1136 5201//395
f 12591//64 13722//1185 10498//65
f 13370//5 2642//5 7950//5
f 1087//59 8080//59 8047//59
f 1087//59 8047//59 13398//59
f 1086//59 1087//59 13398//59
f 1086//59 13398//59 11361//59
f 14583//59 1086//59 11361//59
f 14583//59 11361//59 8065//59
f 8059//1219 14583//59 8065//59
f 1075//59 10660//59 2929//59
f 8059//1219 8065//59 1075//59
f 8059//1219 1075//59 2929//59
f 10428//59 10430//59 1154//59
f 8059//1219 2929//59 10428//59
f 8061//59 8059//1219 10428//59
f 1154//59 8292//59 1170//59
f 1154//59 1170//59 1171//59
f 1071//59 8022//59 1129//59
f 11957//59 1114//59 1071//59
f 8029//59 11957//59 1071//59
f 8029//59 1071//59 1129//59
f 8029//59 1129//59 1130//59
f 8029//59 1130//59 13407//59
f 8028//59 8029//59 13407//59
f 8028//59 13407//59 8061//59
f 14582//185 8028//59 8061//59
f 10428//59 1154//59 1171//59
f 10428//59 1171//59 13497//59
f 14582//185 8061//59 10428//59
f 10428//59 13497//59 13495//59
f 1156//59 8289//1198 1078//59
f 10428//59 13495//59 1156//59
f 14582//185 10428//59 1156//59
f 1078//59 8304//59 11343//59
f 14582//185 1156//59 1078//59
f 13406//59 14582//185 1078//59
f 1078//59 11343//59 8040//185
f 8039//59 13395//59 1146//59
f 1078//59 8040//185 8039//59
f 13406//59 1078//59 8039//59
f 8039//59 1146//59 1148//59
f 8039//59 1148//59 14579//59
f 13406//59 8039//59 14579//59
f 13406//59 14579//59 1134//59
f 13400//59 13406//59 1134//59
f 13400//59 1134//59 11340//59
f 13424//59 1121//59 11354//59
f 11354//59 13400//59 11340//59
f 11354//59 11340//59 1132//59
f 1039//59 13424//59 11354//59
f 13425//59 1039//59 11354//59
f 11354//59 1132//59 8032//59
f 11354//59 8032//59 8035//59
f 11384//59 13425//59 11354//59
f 204//59 1031//59 8119//59
f 11384//59 11354//59 8035//59
f 204//59 8119//59 11384//59
f 12945//59 2895//59 204//59
f 10665//59 12945//59 204//59
f 204//59 11384//59 8035//59
f 9166//59 10665//59 204//59
f 2888//59 9166//59 204//59
f 8025//59 8036//59 1138//59
f 14423//59 13198//59 7600//1230
f 1138//59 14423//59 7600//1230
f 11337//59 8025//59 1138//59
f 1138//59 7600//1230 10632//59
f 8639//59 8638//1111 8316//59
f 1138//59 10632//59 8639//59
f 11337//59 1138//59 8639//59
f 8639//59 8316//59 8325//59
f 8639//59 8325//59 11524//59
f 11337//59 8639//59 11524//59
f 11337//59 11524//59 13503//59
f 11335//59 11337//59 13503//59
f 11335//59 13503//59 8322//59
f 11338//59 11335//59 8322//59
f 11338//59 8322//59 8324//1231
f 2888//59 204//59 8035//59
f 14435//59 2888//59 8035//59
f 11338//59 8324//1231 8635//185
f 14435//59 8035//59 11338//59
f 2900//59 14435//59 11338//59
f 2900//59 11338//59 8635//185
f 2899//59 2900//59 8635//185
f 8636//59 11663//59 12720//59
f 2899//59 8635//185 8636//59
f 2898//59 2899//59 8636//59
f 8636//59 12720//59 12721//59
f 8636//59 12721//59 11666//185
f 10663//59 2898//59 8636//59
f 1195//59 6968//59 10663//59
f 8278//59 11488//59 1195//59
f 8278//59 1195//59 10663//59
f 10663//59 8636//59 11666//185
f 10663//59 11666//185 11668//59
f 8276//59 8278//59 10663//59
f 14615//59 8276//59 10663//59
f 10663//59 11668//59 6572//185
f 13493//59 14615//59 10663//59
f 13492//59 8280//59 11494//59
f 13493//59 10663//59 6572//185
f 13491//59 13492//59 11494//59
f 11494//59 13493//59 6572//185
f 11494//59 6572//185 6573//59
f 13491//59 11494//59 6573//59
f 11485//59 13491//59 6573//59
f 1177//59 13480//59 1218//59
f 1218//59 11485//59 6573//59
f 1218//59 6573//59 11675//59
f 1259//59 11481//59 1177//59
f 1177//59 1218//59 11675//59
f 1177//59 11675//59 13606//59
f 1255//59 1259//59 1177//59
f 1257//59 11476//59 1255//59
f 7538//121 13176//1198 1257//59
f 7525//59 7538//121 1257//59
f 1257//59 1255//59 1177//59
f 1177//59 13606//59 1634//59
f 8645//59 11674//59 14658//59
f 1257//59 1177//59 1634//59
f 1634//59 8645//59 14658//59
f 1634//59 14658//59 1923//59
f 7525//59 1257//59 1634//59
f 7524//59 7525//59 1634//59
f 1634//59 1923//59 1924//59
f 7524//59 1634//59 1924//59
f 7535//59 7524//59 1924//59
f 7535//59 1924//59 7576//59
f 7534//59 7535//59 7576//59
f 7533//59 7534//59 7576//59
f 11043//59 13175//1193 7533//59
f 2233//46 1953//121 11043//59
f 11096//59 14464//59 2228//59
f 2233//46 11043//59 7533//59
f 11096//59 2228//59 2233//46
f 7668//59 11096//59 2233//46
f 13200//59 13201//59 11072//59
f 11072//59 10618//205 1911//59
f 1911//59 1875//59 11056//1232
f 11072//59 1911//59 11056//1232
f 1966//59 13200//59 11072//59
f 1933//1193 1966//59 11072//59
f 11072//59 11056//1232 10625//59
f 1862//59 7586//122 7587//59
f 1933//1193 11072//59 10625//59
f 1862//59 7587//59 11057//59
f 7669//59 7668//59 2233//46
f 11327//59 7669//59 2233//46
f 10625//59 1862//59 11057//59
f 11057//59 1877//59 13184//59
f 13184//59 13183//59 1854//59
f 1854//59 6884//1219 6885//59
f 1854//59 6885//59 7619//59
f 11057//59 13184//59 1854//59
f 11327//59 2233//46 7533//59
f 11057//59 1854//59 7619//59
f 11057//59 7619//59 6888//59
f 8018//59 2550//59 14569//59
f 2535//59 11158//59 8018//59
f 13388//59 14534//185 2535//59
f 13386//59 13388//59 2535//59
f 2535//59 8018//59 14569//59
f 13386//59 2535//59 14569//59
f 8009//59 13386//59 14569//59
f 8009//59 14569//59 11328//59
f 10625//59 11057//59 6888//59
f 1933//1193 10625//59 6888//59
f 511//59 14568//59 8007//59
f 2649//59 8693//59 511//59
f 7965//59 2649//59 511//59
f 511//59 8007//59 8008//59
f 511//59 8008//59 8009//59
f 2643//59 7965//59 511//59
f 511//59 8009//59 11328//59
f 511//59 11328//59 11330//59
f 511//59 11330//59 13752//59
f 11107//59 7940//59 7941//59
f 11108//59 11107//59 7941//59
f 11108//59 7941//59 11291//59
f 2199//1198 11108//59 11291//59
f 2199//1198 11291//59 11294//122
f 13241//1233 2199//1198 11294//122
f 7678//59 14526//59 14531//59
f 7683//59 7684//59 7678//59
f 2193//59 11126//45 7683//59
f 11127//59 2193//59 7683//59
f 7683//59 7678//59 14531//59
f 11127//59 7683//59 14531//59
f 11119//59 11127//59 14531//59
f 11119//59 14531//59 7695//59
f 1933//1193 6888//59 6890//59
f 1933//1193 6890//59 10418//59
f 12175//59 2217//59 2190//59
f 8247//59 12175//59 2190//59
f 8247//59 2190//59 13249//59
f 13467//59 13468//59 1262//59
f 1262//59 8247//59 13249//59
f 2207//1111 13467//59 1262//59
f 2207//1111 1262//59 13249//59
f 2207//1111 13249//59 2192//59
f 7708//121 2207//1111 2192//59
f 7708//121 2192//59 11119//59
f 1295//45 1296//59 7705//59
f 7705//59 7708//121 11119//59
f 7705//59 11119//59 7695//59
f 1297//59 1295//45 7705//59
f 8210//59 1297//59 7705//59
f 7705//59 7695//59 7687//59
f 7705//59 7687//59 2200//59
f 8209//59 8210//59 7705//59
f 11438//59 11448//59 1267//59
f 8209//59 7705//59 2200//59
f 11438//59 1267//59 8209//59
f 8181//59 1320//59 11435//59
f 11435//59 11438//59 8209//59
f 8209//59 2200//59 7686//59
f 8209//59 7686//59 13241//1233
f 8180//59 8181//59 11435//59
f 14600//59 8180//59 11435//59
f 8209//59 13241//1233 11294//122
f 8196//59 14600//59 11435//59
f 1347//59 8196//59 11435//59
f 1933//1193 10418//59 10416//59
f 10420//59 1925//59 1926//59
f 1933//1193 10416//59 10420//59
f 1347//59 11435//59 8209//59
f 13456//59 1347//59 8209//59
f 1345//45 13456//59 8209//59
f 8187//45 1345//45 8209//59
f 8184//185 8187//45 8209//59
f 11444//59 8184//185 8209//59
f 11443//59 11444//59 8209//59
f 11432//59 1376//1234 11443//59
f 13872//59 1377//1235 11432//59
f 11421//59 14340//59 13872//59
f 1356//59 8463//45 11421//59
f 1356//59 11421//59 13872//59
f 13872//59 11432//59 11443//59
f 7576//59 1933//1193 10420//59
f 10420//59 1926//59 1927//59
f 1927//59 7564//59 1957//45
f 1957//45 7540//1236 1956//45
f 1957//45 1956//45 1940//59
f 10420//59 1927//59 1957//45
f 13872//59 11443//59 8209//59
f 1355//59 1356//59 13872//59
f 14602//59 1355//59 13872//59
f 10420//59 1957//45 1940//59
f 10420//59 1940//59 1928//59
f 14602//59 13872//59 8209//59
f 1335//59 14602//59 8209//59
f 11427//59 1335//59 8209//59
f 1362//59 11427//59 8209//59
f 1362//59 8209//59 11294//122
f 13268//45 1362//59 11294//122
f 7544//1237 7748//59 7750//1238
f 11430//59 1366//59 2088//357
f 7544//1237 7750//1238 13268//45
f 1396//59 11430//59 2088//357
f 2088//357 7544//1237 13268//45
f 14240//59 1396//59 2088//357
f 14601//1219 1338//59 11447//59
f 11447//59 14240//59 2088//357
f 10420//59 1928//59 11053//185
f 10420//59 11053//185 1952//1239
f 13543//59 14601//1219 11447//59
f 13542//59 13543//59 11447//59
f 11584//59 13542//59 11447//59
f 8177//59 11584//59 11447//59
f 8177//59 11447//59 2088//357
f 8469//59 1391//1193 1365//59
f 1365//59 8177//59 2088//357
f 10420//59 1952//1239 13178//122
f 10420//59 13178//122 13179//45
f 8460//1182 8469//59 1365//59
f 8461//59 8460//1182 1365//59
f 8461//59 1365//59 2088//357
f 7747//59 7761//59 11143//59
f 11143//59 8461//59 2088//357
f 7576//59 10420//59 13179//45
f 7576//59 13179//45 12892//185
f 11143//59 2088//357 13268//45
f 2125//59 7747//59 11143//59
f 13257//46 2125//59 11143//59
f 7576//59 12892//185 12893//59
f 7576//59 12893//59 7570//59
f 13257//46 11143//59 13268//45
f 2123//59 13257//46 13268//45
f 10958//59 2123//59 13268//45
f 10959//59 10958//59 13268//45
f 7726//45 2152//1214 13251//59
f 2104//59 2153//1240 7726//45
f 11298//59 11147//59 2104//59
f 2084//59 13267//59 11298//59
f 11140//46 2129//59 2084//59
f 2131//59 11140//46 2084//59
f 2084//59 11298//59 2104//59
f 2104//59 7726//45 13251//59
f 2104//59 13251//59 10959//59
f 2131//59 2084//59 2104//59
f 2106//59 2131//59 2104//59
f 2106//59 2104//59 10959//59
f 2105//59 2106//59 10959//59
f 7576//59 7570//59 1931//59
f 7576//59 1931//59 7568//1241
f 7409//59 2105//59 10959//59
f 7407//59 7409//59 10959//59
f 7576//59 7568//1241 7536//1198
f 7533//59 7576//59 7536//1198
f 7533//59 7536//1198 7537//1203
f 7533//59 7537//1203 11037//59
f 7533//59 11037//59 13182//59
f 13182//59 13181//59 1962//59
f 1962//59 11036//59 1944//59
f 1962//59 1944//59 11106//59
f 7533//59 13182//59 1962//59
f 7533//59 1962//59 11106//59
f 13239//59 11041//59 1949//59
f 11327//59 7533//59 11106//59
f 13239//59 1949//59 1951//46
f 11327//59 11106//59 13239//59
f 1951//46 1959//121 7546//59
f 7546//59 2219//1242 7690//59
f 7675//59 11113//59 2230//59
f 1951//46 7546//59 7690//59
f 13239//59 1951//46 7690//59
f 13239//59 7690//59 7675//59
f 2230//59 13311//59 14551//59
f 13239//59 7675//59 2230//59
f 11327//59 13239//59 2230//59
f 2230//59 14551//59 2314//59
f 2230//59 2314//59 2337//59
f 8006//59 11327//59 2230//59
f 8005//59 8006//59 2230//59
f 2230//59 2337//59 2335//59
f 13329//59 13330//59 2326//185
f 2230//59 2335//59 13329//59
f 13329//59 2326//185 7881//59
f 7881//59 11253//59 11239//59
f 13329//59 7881//59 11239//59
f 13329//59 11239//59 2352//59
f 13329//59 2352//59 7875//59
f 13329//59 7875//59 2333//59
f 13329//59 2333//59 7888//59
f 13329//59 7888//59 11251//59
f 13329//59 11251//59 2493//59
f 2230//59 13329//59 2493//59
f 2230//59 2493//59 7792//59
f 8005//59 2230//59 7792//59
f 8005//59 7792//59 11152//59
f 13752//59 8005//59 11152//59
f 13752//59 11152//59 2510//59
f 511//59 13752//59 2510//59
f 511//59 2510//59 2511//59
f 511//59 2511//59 7765//59
f 7764//59 14529//59 7782//59
f 511//59 7765//59 7764//59
f 7764//59 7782//59 7780//59
f 6689//121 8857//59 11833//59
f 6689//121 11833//59 309//59
f 309//59 307//59 14359//59
f 14359//59 306//1243 8835//59
f 309//59 14359//59 8835//59
f 6689//121 309//59 8835//59
f 7780//59 6689//121 8835//59
f 7717//59 7407//59 10959//59
f 7717//59 10959//59 13268//45
f 14537//122 7717//59 13268//45
f 7711//59 14537//122 13268//45
f 2183//59 7711//59 13268//45
f 13836//59 2183//59 13268//45
f 7703//45 13836//59 13268//45
f 7702//59 7703//45 13268//45
f 7755//59 7702//59 13268//45
f 7700//59 7701//59 7758//59
f 2166//59 7700//59 7758//59
f 13253//122 13254//47 2166//59
f 11333//59 13253//122 2166//59
f 11333//59 2166//59 7758//59
f 11334//59 11333//59 7758//59
f 11334//59 7758//59 7755//59
f 331//59 332//59 328//59
f 330//59 331//59 328//59
f 13679//59 330//59 328//59
f 13679//59 328//59 458//59
f 8822//59 13679//59 458//59
f 8822//59 458//59 14675//59
f 8821//59 8822//59 14675//59
f 13690//185 8821//59 14675//59
f 11822//205 14679//59 10470//59
f 10470//59 8839//59 11812//59
f 10470//59 11812//59 13685//59
f 11813//122 11822//205 10470//59
f 11814//185 11813//122 10470//59
f 10470//59 13685//59 8828//59
f 10470//59 8828//59 8829//59
f 11808//59 11814//185 10470//59
f 11808//59 10470//59 8829//59
f 11808//59 8829//59 353//59
f 11807//59 11808//59 353//59
f 11807//59 353//59 354//59
f 11810//59 11807//59 354//59
f 11810//59 354//59 11815//59
f 11810//59 11815//59 356//1178
f 11810//59 356//1178 357//59
f 13694//59 11811//59 312//59
f 13694//59 312//59 8837//185
f 13694//59 8837//185 11821//59
f 13694//59 11821//59 310//59
f 316//59 13694//59 310//59
f 316//59 310//59 11820//59
f 345//1244 316//59 11820//59
f 345//1244 11820//59 300//59
f 11823//59 11824//59 299//59
f 299//59 12914//59 12912//59
f 299//59 12912//59 10628//59
f 13701//59 11823//59 299//59
f 300//59 13701//59 299//59
f 299//59 10628//59 10630//59
f 299//59 10630//59 12911//59
f 345//1244 300//59 299//59
f 345//1244 299//59 12911//59
f 10645//59 2973//59 6900//59
f 345//1244 12911//59 10645//59
f 10645//59 6900//59 10413//59
f 10645//59 10413//59 2988//59
f 10645//59 2988//59 6893//59
f 10645//59 6893//59 10622//59
f 345//1244 10645//59 10622//59
f 345//1244 10622//59 12908//59
f 13682//59 345//1244 12908//59
f 13682//59 12908//59 2992//59
f 13682//59 2992//59 6921//59
f 13375//59 7976//122 2615//185
f 7973//59 10380//59 13375//59
f 7974//59 7972//1240 7973//59
f 11317//59 7982//59 7984//59
f 7984//59 7974//59 7973//59
f 7973//59 13375//59 2615//185
f 7973//59 2615//185 2565//59
f 11317//59 7984//59 7973//59
f 7713//59 2102//59 11317//59
f 2146//59 2144//59 7713//59
f 13118//59 2146//59 7713//59
f 11317//59 7973//59 2565//59
f 11317//59 2565//59 2563//122
f 13118//59 7713//59 11317//59
f 13246//59 13118//59 11317//59
f 11317//59 2563//122 11334//59
f 2969//59 6898//59 902//59
f 902//59 8990//59 8991//59
f 902//59 8991//59 13758//59
f 2970//59 2969//59 902//59
f 2971//59 2970//59 902//59
f 2971//59 902//59 13758//59
f 2972//59 2971//59 13758//59
f 2972//59 13758//59 8993//59
f 6940//1178 2972//59 8993//59
f 8994//59 899//59 2997//59
f 6940//1178 8993//59 8994//59
f 13246//59 11317//59 11334//59
f 13247//59 13246//59 11334//59
f 6921//59 6940//1178 8994//59
f 2997//59 6909//59 6917//59
f 6921//59 8994//59 2997//59
f 2997//59 6917//59 12916//59
f 14400//59 14397//59 10785//59
f 14400//59 10785//59 13024//59
f 2997//59 12916//59 14400//59
f 13247//59 11334//59 7755//59
f 11121//59 13247//59 7755//59
f 13021//1245 13025//59 3120//59
f 3120//59 14597//59 956//59
f 3120//59 956//59 11415//59
f 3128//59 13021//1245 3120//59
f 3128//59 3120//59 11415//59
f 3128//59 11415//59 12052//59
f 7159//1245 3128//59 12052//59
f 7159//1245 12052//59 11413//59
f 3126//59 7159//1245 11413//59
f 12051//59 13448//59 9018//59
f 3126//59 11413//59 12051//59
f 14449//59 3126//59 12051//59
f 12051//59 9018//59 11932//59
f 12051//59 11932//59 11933//59
f 13024//59 14449//59 12051//59
f 11122//59 11121//59 7755//59
f 11132//59 11122//59 7755//59
f 13024//59 12051//59 11933//59
f 13024//59 11933//59 882//59
f 11132//59 7755//59 13268//45
f 7721//59 11132//59 13268//45
f 2163//59 7721//59 13268//45
f 2162//59 2163//59 13268//45
f 13252//59 2162//59 13268//45
f 11130//59 13252//59 13268//45
f 7716//59 11130//59 13268//45
f 7715//59 7716//59 13268//45
f 7715//59 13268//45 11294//122
f 2135//59 7715//59 11294//122
f 2135//59 11294//122 7966//59
f 13274//59 2135//59 7966//59
f 2099//59 13274//59 7966//59
f 2159//59 7719//1214 2099//59
f 2613//59 2158//122 2159//59
f 2611//59 2612//59 2613//59
f 13374//59 2610//59 2611//59
f 11323//45 13373//45 13374//59
f 11323//45 13374//59 2611//59
f 2611//59 2613//59 2159//59
f 2159//59 2099//59 7966//59
f 2611//59 2159//59 7966//59
f 7998//59 11323//45 2611//59
f 7998//59 2611//59 7966//59
f 7998//59 7966//59 2643//59
f 2583//185 7998//59 2643//59
f 2583//185 2643//59 511//59
f 8000//45 2583//185 511//59
f 13024//59 882//59 11936//59
f 9008//59 9006//59 10841//59
f 13024//59 11936//59 9008//59
f 11307//59 8000//45 511//59
f 11297//59 11307//59 511//59
f 13024//59 9008//59 10841//59
f 13024//59 10841//59 10842//59
f 7956//59 11297//59 511//59
f 7957//59 7956//59 511//59
f 13024//59 10842//59 6747//59
f 13024//59 6747//59 6748//59
f 11303//59 7957//59 511//59
f 13024//59 6748//59 10836//59
f 14400//59 13024//59 10836//59
f 2997//59 14400//59 10836//59
f 2997//59 10836//59 13038//59
f 7994//45 11318//59 11321//46
f 7993//59 7994//45 11321//46
f 7993//59 11321//46 2604//185
f 2566//59 7993//59 2604//185
f 2566//59 2604//185 7978//59
f 2605//59 2566//59 7978//59
f 2605//59 7978//59 11303//59
f 2605//59 11303//59 511//59
f 2997//59 13038//59 14462//59
f 2997//59 14462//59 7199//59
f 13640//47 2605//59 511//59
f 2628//59 13640//47 511//59
f 2997//59 7199//59 7195//59
f 7196//59 10829//59 9033//59
f 2997//59 7195//59 7196//59
f 7960//59 13376//59 14560//45
f 7958//59 7960//59 14560//45
f 7958//59 14560//45 2628//59
f 7961//59 7958//59 2628//59
f 7961//59 2628//59 511//59
f 7985//59 7961//59 511//59
f 2997//59 7196//59 9033//59
f 2997//59 9033//59 6799//59
f 7986//1183 7985//59 511//59
f 13380//45 7986//1183 511//59
f 2997//59 6799//59 6800//59
f 2997//59 6800//59 11756//59
f 13382//185 2577//1246 13391//59
f 11310//59 13381//1221 13382//185
f 13245//59 11309//59 11310//59
f 7699//59 2181//59 13245//59
f 11138//59 2179//45 7699//59
f 11138//59 7699//59 13245//59
f 13245//59 11310//59 13382//185
f 13245//59 13382//185 13391//59
f 7736//59 11138//59 13245//59
f 2108//59 14540//59 7735//59
f 7736//59 13245//59 13391//59
f 2108//59 7735//59 7736//59
f 2279//1247 13221//121 2108//59
f 13235//59 2279//1247 2108//59
f 2108//59 7736//59 13391//59
f 2108//59 13391//59 11314//59
f 2240//59 13235//59 2108//59
f 11074//59 11073//59 2240//59
f 7831//59 13210//59 11074//59
f 2307//59 11079//59 7818//205
f 7831//59 11074//59 2240//59
f 2309//59 2307//59 7818//205
f 7831//59 2240//59 2108//59
f 2297//59 2309//59 7818//205
f 7831//59 2108//59 11314//59
f 7638//59 2297//59 7818//205
f 7831//59 11314//59 11893//122
f 13214//59 7638//59 7818//205
f 7831//59 11893//122 13383//59
f 7651//59 13214//59 7818//205
f 7831//59 13383//59 13379//185
f 7651//59 7818//205 7831//59
f 7833//59 7834//45 7651//59
f 14549//59 7833//59 7651//59
f 14549//59 7651//59 7831//59
f 2396//59 14549//59 7831//59
f 2396//59 7831//59 13379//185
f 2441//59 2396//59 13379//185
f 2441//59 13379//185 13380//45
f 7828//59 2441//59 13380//45
f 7828//59 13380//45 511//59
f 11191//59 7828//59 511//59
f 2997//59 11756//59 78//59
f 2997//59 78//59 872//59
f 13298//1221 11191//59 511//59
f 11184//59 13298//1221 511//59
f 6921//59 2997//59 872//59
f 6921//59 872//59 866//59
f 6921//59 866//59 11954//59
f 6921//59 11954//59 868//59
f 6921//59 868//59 9044//59
f 11956//59 13776//59 13772//59
f 6921//59 9044//59 11956//59
f 11956//59 13772//59 13774//1111
f 11956//59 13774//1111 11946//59
f 11183//59 11184//59 511//59
f 8743//205 11183//59 511//59
f 864//59 865//59 9009//59
f 9017//59 9014//59 861//59
f 864//59 9009//59 9017//59
f 9030//59 864//59 9017//59
f 861//59 8164//45 8167//59
f 9030//59 9017//59 861//59
f 11951//59 9030//59 861//59
f 861//59 8167//59 8165//59
f 861//59 8165//59 6774//59
f 11946//59 11951//59 861//59
f 13229//59 11100//59 7664//59
f 13032//59 13229//59 7664//59
f 13032//59 7664//59 7671//59
f 13033//59 13032//59 7671//59
f 2426//59 13033//59 7671//59
f 14357//59 2426//59 7671//59
f 2432//59 7822//59 7821//59
f 2430//185 2432//59 7821//59
f 2430//185 7821//59 14357//59
f 2418//59 2427//1248 13299//185
f 13299//185 2430//185 14357//59
f 11956//59 11946//59 861//59
f 861//59 6774//59 6772//185
f 8997//59 14712//59 9002//59
f 861//59 6772//185 8997//59
f 13299//185 14357//59 7671//59
f 11204//59 2418//59 13299//185
f 7853//59 2415//59 11204//59
f 7843//59 7842//59 7866//59
f 7853//59 11204//59 13299//185
f 11195//59 7843//59 7866//59
f 7853//59 13299//185 7671//59
f 11193//59 11195//59 7866//59
f 7866//59 7853//59 7671//59
f 7866//59 7671//59 8743//205
f 11192//59 11193//59 7866//59
f 11885//45 13638//59 13641//59
f 11192//59 7866//59 8743//205
f 11885//45 13641//59 11192//59
f 11883//59 11885//45 11192//59
f 11192//59 8743//205 511//59
f 11956//59 861//59 8997//59
f 8997//59 9002//59 10540//59
f 8997//59 10540//59 13764//59
f 613//59 11883//59 11192//59
f 592//59 613//59 11192//59
f 12795//59 592//59 11192//59
f 10518//47 6743//59 8948//59
f 8948//59 12795//59 11192//59
f 10518//47 8948//59 11192//59
f 10519//59 10518//47 11192//59
f 8925//59 11874//59 14369//59
f 2560//59 8016//59 8925//59
f 13389//59 2560//59 8925//59
f 11956//59 8997//59 13764//59
f 11956//59 13764//59 912//59
f 13389//59 8925//59 14369//59
f 8012//59 13389//59 14369//59
f 8012//59 14369//59 10519//59
f 8012//59 10519//59 11192//59
f 8012//59 11192//59 511//59
f 11895//59 8012//59 511//59
f 11956//59 912//59 13763//59
f 6921//59 11956//59 13763//59
f 6921//59 13763//59 926//59
f 6921//59 926//59 9005//59
f 6921//59 9005//59 10542//59
f 6921//59 10542//59 916//59
f 13682//59 6921//59 916//59
f 13682//59 916//59 13767//59
f 13682//59 13767//59 6769//59
f 8995//59 11930//59 11931//59
f 13682//59 6769//59 8995//59
f 8995//59 11931//59 13770//59
f 8995//59 13770//59 11406//59
f 13682//59 8995//59 11406//59
f 11407//59 13440//59 339//59
f 13682//59 11406//59 11407//59
f 13681//59 13682//59 11407//59
f 11407//59 339//59 9050//59
f 11407//59 9050//59 11963//59
f 357//59 13681//59 11407//59
f 357//59 11407//59 11963//59
f 357//59 11963//59 9053//59
f 11810//59 357//59 9053//59
f 11810//59 9053//59 9054//59
f 14346//59 11810//59 9054//59
f 14346//59 9054//59 11966//59
f 11802//59 14346//59 11966//59
f 11802//59 11966//59 833//11
f 11804//59 11802//59 833//11
f 8784//185 11804//59 833//11
f 817//59 14723//59 9080//185
f 817//59 9080//185 9090//45
f 13789//59 817//59 9090//45
f 13789//59 9090//45 11978//59
f 13787//59 13789//59 11978//59
f 13787//59 11978//59 13793//59
f 816//59 13787//59 13793//59
f 816//59 13793//59 12841//59
f 816//59 12841//59 13779//1178
f 816//59 13779//1178 827//59
f 9087//59 11977//59 168//59
f 168//59 172//59 79//59
f 168//59 79//59 186//59
f 9070//59 9087//59 168//59
f 827//59 9070//59 168//59
f 827//59 168//59 186//59
f 816//59 827//59 186//59
f 816//59 186//59 11702//59
f 11967//59 816//59 11702//59
f 11967//59 11702//59 13619//59
f 9057//59 11967//59 13619//59
f 9057//59 13619//59 8683//59
f 9056//59 9057//59 8683//59
f 833//11 9056//59 8683//59
f 8784//185 833//11 8683//59
f 14698//59 610//59 566//122
f 14699//45 14698//59 566//122
f 11703//1249 163//59 165//59
f 165//59 13019//59 3107//59
f 3107//59 957//59 7108//1111
f 3107//59 7108//1111 7110//1111
f 3107//59 7110//1111 7106//59
f 7107//59 10754//59 245//59
f 3107//59 7106//59 7107//59
f 165//59 3107//59 7107//59
f 245//59 8859//59 251//59
f 165//59 7107//59 245//59
f 11703//1249 165//59 245//59
f 11703//1249 245//59 251//59
f 11704//59 11703//1249 251//59
f 11704//59 251//59 11841//59
f 11704//59 11841//59 11836//59
f 11704//59 11836//59 14683//59
f 11704//59 14683//59 14362//59
f 14362//59 8860//45 13611//59
f 14362//59 13611//59 257//59
f 14362//59 257//59 8863//59
f 14362//59 8863//59 12771//59
f 11704//59 14362//59 12771//59
f 11704//59 12771//59 264//59
f 11704//59 264//59 8866//59
f 11704//59 8866//59 261//59
f 8684//59 11704//59 261//59
f 8684//59 261//59 8867//59
f 8683//59 8684//59 8867//59
f 8683//59 8867//59 8869//59
f 11842//59 13706//59 231//59
f 231//59 11681//59 233//59
f 228//59 3155//59 12777//59
f 231//59 233//59 228//59
f 8869//59 11842//59 231//59
f 8683//59 8869//59 231//59
f 228//59 12777//59 3134//59
f 8683//59 231//59 228//59
f 8784//185 8683//59 228//59
f 228//59 3134//59 3022//59
f 3022//59 7168//1241 7169//59
f 3022//59 7169//59 10793//59
f 14699//45 566//122 11895//59
f 13732//59 14699//45 11895//59
f 11892//59 13732//59 11895//59
f 607//59 11892//59 11895//59
f 526//1250 607//59 11895//59
f 526//1250 11895//59 511//59
f 3022//59 10793//59 12784//59
f 3022//59 12784//59 12785//59
f 8778//59 8964//59 11908//121
f 472//59 473//1182 8778//59
f 487//1111 13648//59 472//59
f 507//59 487//1111 472//59
f 472//59 8778//59 11908//121
f 472//59 11908//121 11915//59
f 492//59 507//59 472//59
f 13755//59 492//59 472//59
f 13755//59 472//59 11915//59
f 13754//59 13755//59 11915//59
f 13754//59 11915//59 11913//59
f 13744//59 13754//59 11913//59
f 13744//59 11913//59 527//59
f 13746//59 13744//59 527//59
f 228//59 3022//59 12785//59
f 228//59 12785//59 3079//185
f 228//59 3079//185 7172//59
f 13746//59 527//59 526//1250
f 543//59 13746//59 526//1250
f 543//59 526//1250 511//59
f 539//45 12805//45 538//59
f 538//59 543//59 511//59
f 12786//59 13029//59 3026//59
f 12786//59 3026//59 3031//59
f 6720//59 12786//59 3031//59
f 6720//59 3031//59 7183//59
f 6719//59 6720//59 7183//59
f 7185//59 3027//59 10806//59
f 6719//59 7183//59 7185//59
f 14455//59 6719//59 7185//59
f 7185//59 10806//59 3084//59
f 7185//59 3084//59 10804//59
f 14455//59 7185//59 10804//59
f 14455//59 10804//59 6724//185
f 14371//59 14455//59 6724//185
f 7171//59 14371//59 6724//185
f 539//45 538//59 511//59
f 8968//59 539//45 511//59
f 7172//59 7171//59 6724//185
f 7172//59 6724//185 6725//45
f 13749//59 8968//59 511//59
f 13749//59 511//59 7764//59
f 523//59 13749//59 7764//59
f 10440//59 402//45 400//59
f 400//59 523//59 7764//59
f 10440//59 400//59 7764//59
f 14677//59 10440//59 7764//59
f 13384//59 14677//59 7764//59
f 419//1200 420//47 11790//59
f 11790//59 13384//59 7764//59
f 11790//59 7764//59 7780//59
f 421//59 419//1200 11790//59
f 435//59 8787//59 421//59
f 8805//45 8807//122 435//59
f 396//59 8805//45 435//59
f 435//59 421//59 11790//59
f 11790//59 7780//59 8835//59
f 228//59 7172//59 6725//45
f 6727//59 6726//46 6592//59
f 228//59 6725//45 6727//59
f 6727//59 6592//59 8675//45
f 6727//59 8675//45 11694//59
f 396//59 435//59 11790//59
f 14678//59 396//59 11790//59
f 228//59 6727//59 11694//59
f 228//59 11694//59 11689//59
f 228//59 11689//59 209//59
f 8671//59 212//59 185//59
f 228//59 209//59 8671//59
f 228//59 8671//59 185//59
f 185//59 9062//59 9047//59
f 185//59 9047//59 9061//59
f 8784//185 228//59 185//59
f 8784//185 185//59 9061//59
f 8784//185 9061//59 11968//59
f 8783//59 8784//185 11968//59
f 8783//59 11968//59 13782//59
f 8783//59 13782//59 11960//59
f 8783//59 11960//59 11969//59
f 8783//59 11969//59 844//59
f 8783//59 844//59 9064//59
f 14675//59 8783//59 9064//59
f 13690//185 14675//59 9064//59
f 8796//59 14678//59 11790//59
f 11785//59 8798//59 398//1180
f 398//1180 8796//59 11790//59
f 848//59 849//59 216//59
f 216//59 3051//59 10815//59
f 216//59 10815//59 6734//59
f 13785//59 848//59 216//59
f 11970//59 13785//59 216//59
f 216//59 6734//59 6732//59
f 216//59 6732//59 14461//59
f 11970//59 216//59 14461//59
f 11970//59 14461//59 14459//59
f 9064//59 11970//59 14459//59
f 6728//59 6729//59 9123//59
f 9064//59 14459//59 6728//59
f 398//1180 11790//59 8835//59
f 11783//59 11785//59 398//1180
f 8776//59 14339//59 453//59
f 11783//59 398//1180 8835//59
f 8774//45 8776//59 453//59
f 11783//59 8835//59 13690//185
f 13653//59 8774//45 453//59
f 11783//59 13690//185 9064//59
f 11767//59 13653//59 453//59
f 453//59 11783//59 9064//59
f 9064//59 6728//59 9123//59
f 9064//59 9123//59 756//59
f 8772//59 11767//59 453//59
f 8771//59 8772//59 453//59
f 9064//59 756//59 9122//59
f 11991//59 12004//59 754//59
f 9064//59 9122//59 11991//59
f 11776//1251 8781//59 8782//59
f 430//1252 11776//1251 8782//59
f 430//1252 8782//59 8790//45
f 13658//59 430//1252 8790//45
f 13658//59 8790//45 445//59
f 13924//122 8792//59 446//59
f 446//59 13658//59 445//59
f 446//59 445//59 8789//59
f 446//59 8789//59 13660//1111
f 446//59 13660//1111 8768//121
f 446//59 8768//121 8769//59
f 446//59 8769//59 11770//59
f 13924//122 446//59 11770//59
f 13924//122 11770//59 468//59
f 13652//45 13924//122 468//59
f 13652//45 468//59 11762//185
f 459//46 13652//45 11762//185
f 459//46 11762//185 11763//45
f 11923//59 459//46 11763//45
f 11923//59 11763//45 8773//47
f 11923//59 8773//47 8771//59
f 11991//59 754//59 13804//185
f 11991//59 13804//185 762//59
f 11917//185 12809//59 518//45
f 517//185 11917//185 518//45
f 517//185 518//45 516//59
f 10433//122 517//185 516//59
f 10433//122 516//59 13753//45
f 10432//45 10433//122 13753//45
f 10432//45 13753//45 11924//185
f 480//59 10432//45 11924//185
f 480//59 11924//185 11923//59
f 506//59 502//59 12884//1253
f 12884//1253 480//59 11923//59
f 12884//1253 11923//59 8771//59
f 8987//59 506//59 12884//1253
f 503//59 504//1244 8987//59
f 13757//59 501//1198 503//59
f 8978//59 498//46 13757//59
f 8978//59 13757//59 503//59
f 503//59 8987//59 12884//1253
f 8978//59 503//59 12884//1253
f 8976//1254 8978//59 12884//1253
f 8976//1254 12884//1253 8771//59
f 11928//45 8976//1254 8771//59
f 11991//59 762//59 763//59
f 11991//59 763//59 6821//59
f 14331//59 8740//59 8745//59
f 2554//59 14331//59 8745//59
f 2554//59 8745//59 11753//59
f 2553//59 2554//59 11753//59
f 2553//59 11753//59 644//59
f 639//59 2553//59 644//59
f 639//59 644//59 8931//59
f 13720//1219 6718//1255 640//1255
f 640//1255 639//59 8931//59
f 13720//1219 640//1255 8931//59
f 8909//47 13718//1256 13720//1219
f 8903//46 8910//1190 8909//47
f 11881//59 8902//1253 8903//46
f 11881//59 8903//46 8909//47
f 8909//47 13720//1219 8931//59
f 11881//59 8909//47 8931//59
f 641//59 11881//59 8931//59
f 8927//59 641//59 8931//59
f 632//1111 8927//59 8931//59
f 10503//59 632//1111 8931//59
f 612//59 10502//185 10503//59
f 631//59 612//59 10503//59
f 631//59 10503//59 8931//59
f 10504//59 631//59 8931//59
f 10504//59 8931//59 646//59
f 10505//59 10504//59 646//59
f 10505//59 646//59 12782//45
f 8934//45 10505//59 12782//45
f 8934//45 12782//45 648//59
f 8932//59 8934//45 648//59
f 8932//59 648//59 8972//59
f 8942//59 13728//1184 14374//121
f 8932//59 8972//59 8973//59
f 602//59 8942//59 14374//121
f 8932//59 8973//59 11922//471
f 8941//59 602//59 14374//121
f 8932//59 11922//471 11928//45
f 11890//59 8941//59 14374//121
f 8932//59 11928//45 8771//59
f 11890//59 14374//121 8932//59
f 601//59 11889//1257 11890//59
f 628//59 600//59 601//59
f 12801//59 628//59 601//59
f 11991//59 6821//59 9092//59
f 12801//59 601//59 11890//59
f 484//185 14673//59 12800//59
f 8981//59 484//185 12800//59
f 12801//59 11890//59 8932//59
f 12798//1196 11903//59 746//59
f 14689//59 12794//1186 12798//1196
f 14692//59 13810//59 14689//59
f 9129//59 14692//59 14689//59
f 14689//59 12798//1196 746//59
f 14689//59 746//59 14377//59
f 9130//59 9129//59 14689//59
f 9130//59 14689//59 14377//59
f 9130//59 14377//59 6735//59
f 12012//59 9130//59 6735//59
f 12012//59 6735//59 6736//59
f 9119//59 12012//59 6736//59
f 9119//59 6736//59 8945//1178
f 752//59 9119//59 8945//1178
f 752//59 8945//1178 557//185
f 12800//59 12801//59 8932//59
f 8981//59 12800//59 8932//59
f 8981//59 8932//59 8771//59
f 13805//59 12860//59 9094//59
f 3008//59 3021//59 362//59
f 13805//59 9094//59 3008//59
f 13805//59 3008//59 362//59
f 362//59 7494//59 7495//1258
f 362//59 7495//1258 11009//59
f 9116//59 13805//59 362//59
f 9116//59 362//59 11009//59
f 9116//59 11009//59 10606//59
f 9116//59 10606//59 14409//59
f 9116//59 14409//59 1985//59
f 9124//59 9116//59 1985//59
f 9124//59 1985//59 7531//59
f 11034//59 1991//59 2018//59
f 11034//59 2018//59 2019//47
f 7531//59 11034//59 2019//47
f 7531//59 2019//47 1992//46
f 9124//59 7531//59 1992//46
f 11014//59 1995//59 1993//59
f 9124//59 1992//46 11014//59
f 11014//59 1993//59 1987//59
f 6870//59 1979//59 10613//59
f 11014//59 1987//59 6870//59
f 11014//59 6870//59 10613//59
f 11014//59 10613//59 1989//59
f 11014//59 1989//59 7519//59
f 11014//59 7519//59 2034//59
f 11014//59 2034//59 2036//47
f 11014//59 2036//47 14411//59
f 9124//59 11014//59 14411//59
f 9124//59 14411//59 7527//59
f 9124//59 7527//59 12865//59
f 9124//59 12865//59 13170//59
f 12007//1259 9124//59 13170//59
f 12007//1259 13170//59 11027//59
f 12007//1259 11027//59 11028//59
f 11028//59 12891//59 2050//59
f 11028//59 2050//59 12882//59
f 773//59 12007//1259 11028//59
f 11028//59 12882//59 2046//59
f 11028//59 2046//59 7498//59
f 11028//59 7498//59 7506//59
f 7506//59 1822//59 61//59
f 61//59 12927//59 6929//59
f 61//59 6929//59 6931//59
f 11028//59 7506//59 61//59
f 773//59 11028//59 61//59
f 61//59 6931//59 10637//59
f 61//59 10637//59 14430//59
f 61//59 14430//59 6936//59
f 61//59 6936//59 6938//59
f 12928//59 2948//59 2921//59
f 2921//59 2964//59 6944//59
f 2921//59 6944//59 10654//59
f 10640//59 12928//59 2921//59
f 6938//59 10640//59 2921//59
f 2921//59 10654//59 6949//59
f 2921//59 6949//59 2960//59
f 6938//59 2921//59 2960//59
f 61//59 6938//59 2960//59
f 61//59 2960//59 14424//59
f 61//59 14424//59 2966//59
f 773//59 61//59 2966//59
f 773//59 2966//59 12932//59
f 772//59 773//59 12932//59
f 772//59 12932//59 2968//59
f 11979//59 772//59 2968//59
f 11979//59 2968//59 10636//59
f 9092//59 11979//59 10636//59
f 9092//59 10636//59 6927//59
f 8981//59 8771//59 453//59
f 497//59 8981//59 453//59
f 9092//59 6927//59 6926//59
f 6926//59 14426//59 2291//59
f 2291//59 12937//59 12743//59
f 9092//59 6926//59 2291//59
f 10531//59 497//59 453//59
f 8967//45 10531//59 453//59
f 11991//59 9092//59 2291//59
f 8959//59 8967//45 453//59
f 8959//59 453//59 9064//59
f 12936//59 2920//59 1524//59
f 12936//59 1524//59 1525//59
f 12934//59 12936//59 1525//59
f 12934//59 1525//59 8351//59
f 6953//59 12934//59 8351//59
f 6953//59 8351//59 8353//59
f 6952//59 6953//59 8353//59
f 6952//59 8353//59 11541//59
f 12744//59 6952//59 11541//59
f 9996//59 8400//59 7632//59
f 12744//59 11541//59 9996//59
f 12743//59 12744//59 9996//59
f 9996//59 7632//59 7823//59
f 7823//59 7810//185 13301//59
f 2419//59 11197//59 690//59
f 9996//59 7823//59 13301//59
f 13301//59 2419//59 690//59
f 690//59 13808//59 691//59
f 690//59 691//59 689//59
f 12743//59 9996//59 13301//59
f 2291//59 12743//59 13301//59
f 690//59 689//59 14686//59
f 2291//59 13301//59 690//59
f 557//185 8959//59 9064//59
f 752//59 557//185 9064//59
f 11991//59 2291//59 690//59
f 690//59 14686//59 718//59
f 718//59 8884//59 692//59
f 11858//59 673//45 700//59
f 718//59 692//59 11858//59
f 11991//59 690//59 718//59
f 13802//59 752//59 9064//59
f 12001//59 13802//59 9064//59
f 11991//59 718//59 11858//59
f 11858//59 700//59 14685//59
f 11991//59 11858//59 14685//59
f 12001//59 9064//59 11991//59
f 749//59 12001//59 11991//59
f 11991//59 14685//59 13800//59
f 13801//59 749//59 11991//59
f 3958//397 10186//569 11866//398
f 9371//8 2491//8 2515//9
f 5465//242 14139//399 7685//399
f 10458//3 10703//5 13960//5
f 14185//400 14184//718 11165//401
f 1954//360 9892//360 14768//361
f 13212//403 12092//470 2296//404
f 9280//115 12783//50 2283//50
f 10726//405 14727//405 12025//406
f 14108//352 13196//352 13195//407
f 14682//2 13134//2 8855//104
f 5519//408 6762//409 14632//409
f 7300//2 7079//2 7082//3
f 9298//104 11288//104 11287//2
f 5222//411 10484//257 14519//257
f 13624//39 7222//39 7221//18
f 9403//33 3076//33 3075//13
f 12261//115 9658//50 14635//50
f 230//59 11681//59 231//59
f 231//59 8127//59 8128//59
f 231//59 8128//59 14594//59
f 11678//59 230//59 231//59
f 224//59 11678//59 231//59
f 231//59 14594//59 8124//59
f 231//59 8124//59 8126//59
f 224//59 231//59 8126//59
f 224//59 8126//59 13426//59
f 235//59 224//59 13426//59
f 235//59 13426//59 13427//59
f 10394//59 235//59 13427//59
f 10394//59 13427//59 995//59
f 8660//45 10394//59 995//59
f 8660//45 995//59 8136//59
f 11386//59 8121//59 985//59
f 985//59 8114//1177 8115//59
f 985//59 8115//59 11377//59
f 8142//59 11386//59 985//59
f 985//59 11377//59 11376//59
f 985//59 11376//59 997//1196
f 985//59 997//1196 8134//46
f 228//59 233//59 8654//59
f 3154//185 3155//59 228//59
f 228//59 8654//59 8656//59
f 228//59 8656//59 11679//59
f 3134//59 12777//59 3151//59
f 7130//59 13012//59 3134//59
f 7130//59 3134//59 3151//59
f 7130//59 3151//59 14446//185
f 3138//205 7130//59 14446//185
f 3138//205 14446//185 7111//59
f 3181//59 10768//59 10769//59
f 10769//59 3138//205 7111//59
f 10769//59 7111//59 6699//59
f 10760//59 3181//59 10769//59
f 6696//185 13011//59 10760//59
f 12994//59 6696//185 10760//59
f 10760//59 10769//59 6699//59
f 10760//59 6699//59 6698//59
f 12994//59 10760//59 6698//59
f 12994//59 6698//59 7116//59
f 10746//59 12994//59 7116//59
f 10746//59 7116//59 7147//59
f 10744//59 10746//59 7147//59
f 10744//59 7147//59 3148//59
f 992//59 7092//1193 10747//59
f 10747//59 10744//59 3148//59
f 10747//59 3148//59 7145//59
f 7347//59 992//59 10747//59
f 3249//122 7347//59 10747//59
f 10747//59 7145//59 3152//59
f 7073//1245 3249//122 10747//59
f 3241//59 7073//1245 10747//59
f 14391//59 10567//59 12988//185
f 3261//45 19//59 14391//59
f 12849//59 3261//45 14391//59
f 14391//59 12988//185 12989//185
f 14391//59 12989//185 3245//59
f 10911//1240 12849//59 14391//59
f 1000//185 7334//122 7335//45
f 7335//45 10911//1240 14391//59
f 7335//45 14391//59 3245//59
f 11391//121 1001//59 1000//185
f 11388//59 11391//121 1000//185
f 1000//185 7335//45 3245//59
f 1000//185 3245//59 7068//471
f 11375//59 11388//59 1000//185
f 1010//46 11375//59 1000//185
f 1000//185 7068//471 10735//185
f 1000//185 10735//185 3242//59
f 8105//59 1010//46 1000//185
f 8105//59 1000//185 3242//59
f 8105//59 3242//59 14355//59
f 8107//59 8105//59 14355//59
f 8107//59 14355//59 3241//59
f 1015//59 8107//59 3241//59
f 228//59 11679//59 238//59
f 3154//185 228//59 238//59
f 7140//59 3154//185 238//59
f 7140//59 238//59 8661//45
f 3152//59 7140//59 8661//45
f 3152//59 8661//45 6582//59
f 1013//59 1015//59 3241//59
f 13430//1242 1013//59 3241//59
f 10747//59 3152//59 6582//59
f 10747//59 6582//59 8660//45
f 243//59 8140//59 11395//59
f 8109//185 8111//59 243//59
f 1008//59 8109//185 243//59
f 243//59 11395//59 1006//59
f 243//59 1006//59 11394//45
f 8138//59 1008//59 243//59
f 8138//59 243//59 11394//45
f 8138//59 11394//45 13430//1242
f 8130//59 8138//59 13430//1242
f 10747//59 8660//45 8136//59
f 10747//59 8136//59 990//59
f 8134//46 8130//59 13430//1242
f 8134//46 13430//1242 3241//59
f 3241//59 10747//59 990//59
f 3241//59 990//59 8142//59
f 985//59 8134//46 3241//59
f 14776//412 12417//976 13224//413
f 13881//61 13227//1260 11104//132
f 13954//18 10473//18 12986//39
f 8646//35 11661//35 14085//9
f 14795//198 12002//199 11993//199
f 7880//14 5616//14 7885//6
f 12067//799 13232//532 2281//230
f 2281//230 14774//1224 12099//414
f 12100//415 12067//799 2281//230
f 11228//34 8999//34 8998//4
f 9236//221 9235//416 2417//416
f 11272//6 7909//6 7908//14
f 9268//417 9266//418 11222//418
f 8958//6 8960//6 14792//7
f 14769//332 12393//1228 1930//376
f 13830//11 9291//11 5955//11
f 9293//11 12114//11 13831//11
f 13830//11 5955//11 9293//11
f 13973//33 2925//33 2924//13
f 11402//18 8153//143 10256//39
f 12539//5 12883//5 489//325
f 10050//419 575//419 574//420
f 7858//59 7860//1261 2386//59
f 2386//59 11221//59 11213//59
f 11213//59 11211//59 11212//59
f 11212//59 13312//59 13310//59
f 7870//45 7869//59 11248//59
f 11213//59 11212//59 13310//59
f 7870//45 11248//59 2330//185
f 2386//59 11213//59 13310//59
f 7870//45 2330//185 11249//59
f 7858//59 2386//59 13310//59
f 7858//59 13310//59 7870//45
f 7859//59 7858//59 7870//45
f 7850//1262 7859//59 7870//45
f 1925//59 10420//59 7851//59
f 7851//59 7850//1262 7870//45
f 11113//59 1925//59 7851//59
f 13311//59 2230//59 11113//59
f 11210//59 13311//59 11113//59
f 11229//59 2340//59 13313//59
f 11229//59 13313//59 13197//59
f 11231//59 11229//59 13197//59
f 11231//59 13197//59 7596//59
f 11234//122 11231//59 7596//59
f 11234//122 7596//59 1889//59
f 11232//59 11234//122 1889//59
f 11232//59 1889//59 1887//59
f 11232//59 1887//59 11055//1263
f 11232//59 11055//1263 11054//1264
f 11232//59 11054//1264 1881//59
f 1881//59 11057//59 7587//59
f 7587//59 1882//1193 1912//185
f 1881//59 7587//59 1912//185
f 1881//59 1912//185 7549//59
f 1881//59 7549//59 7551//45
f 11232//59 1881//59 7551//45
f 11232//59 7551//45 6877//45
f 11232//59 6877//45 6878//59
f 11232//59 6878//59 11044//59
f 11232//59 11044//59 11045//59
f 11210//59 11113//59 7851//59
f 7857//59 11210//59 7851//59
f 7856//59 7857//59 7851//59
f 11208//59 7856//59 7851//59
f 11207//121 11208//59 7851//59
f 2389//1111 11207//121 7851//59
f 2373//59 2389//1111 7851//59
f 11219//45 2385//59 2371//59
f 2371//59 2373//59 7851//59
f 7868//59 11219//45 2371//59
f 8157//121 7867//45 7868//59
f 8157//121 7868//59 2371//59
f 7616//59 11072//59 13201//59
f 7616//59 13201//59 7589//1199
f 1871//59 7616//59 7589//1199
f 14418//59 1871//59 7589//1199
f 1908//59 14418//59 7589//1199
f 1907//59 1908//59 7589//1199
f 8157//121 2371//59 7851//59
f 8157//121 7851//59 7870//45
f 11223//59 8157//121 7870//45
f 13317//59 2357//59 13322//59
f 11223//59 7870//45 11249//59
f 13315//59 13317//59 13322//59
f 13322//59 11223//59 11249//59
f 13315//59 13322//59 11249//59
f 13331//59 2356//1240 13315//59
f 2326//185 13330//59 13331//59
f 2359//59 2326//185 13331//59
f 13331//59 13315//59 11249//59
f 2359//59 13331//59 11249//59
f 11225//59 2359//59 11249//59
f 11225//59 11249//59 11226//1261
f 11224//185 11225//59 11226//1261
f 13327//59 11224//185 11226//1261
f 2331//59 13327//59 11226//1261
f 11235//59 2331//59 11226//1261
f 13316//59 2363//1214 7873//59
f 7873//59 11235//59 11226//1261
f 7873//59 11226//1261 11227//59
f 12812//59 13316//59 7873//59
f 11149//59 2366//59 12812//59
f 7768//59 7769//122 11149//59
f 2532//205 7768//59 11149//59
f 11149//59 12812//59 7873//59
f 11149//59 7873//59 11227//59
f 13279//59 2532//205 11149//59
f 2504//59 2529//59 11160//59
f 13279//59 11149//59 11227//59
f 2504//59 11160//59 13279//59
f 2504//59 13279//59 11227//59
f 2504//59 11227//59 2318//59
f 13275//59 2504//59 2318//59
f 13275//59 2318//59 7879//59
f 11170//59 13275//59 7879//59
f 11170//59 7879//59 2316//59
f 11154//59 11170//59 2316//59
f 11169//59 11154//59 2316//59
f 11045//59 1907//59 7589//1199
f 11045//59 7589//1199 7592//59
f 1638//59 14658//59 11674//59
f 1638//59 11674//59 1604//59
f 1606//59 1638//59 1604//59
f 1606//59 1604//59 11518//59
f 11063//1111 1606//59 11518//59
f 14077//59 12720//59 11663//59
f 11063//1111 11518//59 14077//59
f 1902//59 11063//1111 14077//59
f 14077//59 11663//59 14660//59
f 14077//59 14660//59 11669//59
f 1901//121 1902//59 14077//59
f 7592//59 1901//121 14077//59
f 14077//59 11669//59 11670//185
f 14077//59 11670//185 13605//59
f 7592//59 14077//59 13605//59
f 1863//59 8316//59 8638//1111
f 7592//59 13605//59 1863//59
f 11161//59 2505//59 7789//59
f 11168//46 11161//59 7789//59
f 11168//46 7789//59 7770//59
f 2525//185 11168//46 7770//59
f 2525//185 7770//59 7771//59
f 11253//59 7881//59 7883//185
f 7883//185 2525//185 7771//59
f 7883//185 7771//59 7773//59
f 2325//59 11253//59 7883//185
f 13324//59 2321//59 2325//59
f 11245//59 13323//59 13324//59
f 11167//59 11246//59 11245//59
f 7776//59 7785//59 11167//59
f 14547//59 2497//1186 7776//59
f 7782//59 14529//59 13277//59
f 14547//59 7776//59 11167//59
f 2528//59 7782//59 13277//59
f 14547//59 11167//59 11245//59
f 14348//59 2528//59 13277//59
f 14547//59 11245//59 13324//59
f 13695//59 14348//59 13277//59
f 14547//59 13324//59 2325//59
f 12762//59 13695//59 13277//59
f 14547//59 2325//59 7883//185
f 11827//59 12762//59 13277//59
f 13277//59 14547//59 7883//185
f 7883//185 7773//59 7774//59
f 13277//59 7883//185 7774//59
f 333//59 11827//59 13277//59
f 328//59 332//59 329//59
f 333//59 13277//59 7774//59
f 328//59 329//59 333//59
f 10470//59 14679//59 328//59
f 10468//59 10470//59 328//59
f 328//59 333//59 7774//59
f 10468//59 328//59 7774//59
f 8844//59 10468//59 7774//59
f 8844//59 7774//59 13283//59
f 299//59 11824//59 8845//59
f 8845//59 8844//59 13283//59
f 8845//59 13283//59 13284//59
f 6900//59 2973//59 10643//45
f 902//59 6898//59 6900//59
f 1106//59 13404//59 902//59
f 10660//59 1075//59 1106//59
f 12940//59 10660//59 1106//59
f 1106//59 902//59 6900//59
f 6900//59 10643//45 12929//185
f 6900//59 12929//185 6905//45
f 12940//59 1106//59 6900//59
f 6629//59 12940//59 6900//59
f 6631//59 6629//59 6900//59
f 6960//59 6631//59 6900//59
f 6960//59 6900//59 6905//45
f 2940//59 6960//59 6905//45
f 2940//59 6905//45 6907//59
f 10658//59 2940//59 6907//59
f 10656//59 10658//59 6907//59
f 10659//47 10656//59 6907//59
f 2936//59 10659//47 6907//59
f 1154//59 10430//59 6962//59
f 1154//59 6962//59 2936//59
f 14577//59 8292//59 1154//59
f 12924//59 14577//59 1154//59
f 1154//59 2936//59 6907//59
f 1154//59 6907//59 6923//59
f 11501//59 12924//59 1154//59
f 1154//59 6923//59 12914//59
f 299//59 8845//59 13284//59
f 299//59 13284//59 13286//59
f 1154//59 12914//59 299//59
f 299//59 13286//59 11169//59
f 299//59 11169//59 2316//59
f 1154//59 299//59 2316//59
f 1154//59 2316//59 2315//59
f 1154//59 2315//59 11232//59
f 1863//59 8638//1111 8641//59
f 1863//59 8641//59 8640//59
f 1078//59 8289//1198 8291//59
f 1173//45 8304//59 1078//59
f 13498//59 1173//45 1078//59
f 1078//59 8291//59 11497//59
f 1078//59 11497//59 8294//59
f 13498//59 1078//59 8294//59
f 13498//59 8294//59 8295//59
f 1169//59 13498//59 8295//59
f 1169//59 8295//59 11501//59
f 8307//59 1169//59 11501//59
f 8307//59 11501//59 1154//59
f 8298//59 8307//59 1154//59
f 7592//59 1863//59 8640//59
f 7592//59 8640//59 11523//59
f 8296//59 8298//59 1154//59
f 14616//1219 8296//59 1154//59
f 7592//59 11523//59 1612//1265
f 7592//59 1612//1265 11060//59
f 11507//59 14616//1219 1154//59
f 11045//59 7592//59 11060//59
f 11045//59 11060//59 1898//59
f 1146//59 13395//59 1144//59
f 1138//59 8036//59 13393//59
f 13393//59 1146//59 1144//59
f 13393//59 1144//59 1145//121
f 14423//59 1138//59 13393//59
f 1867//59 14423//59 13393//59
f 13393//59 1145//121 8042//59
f 13393//59 8042//59 11507//59
f 1867//59 13393//59 11507//59
f 1867//59 11507//59 1154//59
f 7611//59 1867//59 1154//59
f 11045//59 1898//59 14517//59
f 11045//59 14517//59 1917//59
f 7611//59 1154//59 11232//59
f 1895//59 7611//59 11232//59
f 11045//59 1917//59 1906//59
f 11045//59 1906//59 1921//45
f 7597//59 1895//59 11232//59
f 7581//59 7597//59 11232//59
f 11045//59 1921//45 7601//59
f 7598//59 7600//1230 13198//59
f 7601//59 7598//59 13198//59
f 7601//59 13198//59 12904//59
f 7581//59 11232//59 11045//59
f 1890//59 7581//59 11045//59
f 7601//59 12904//59 1920//59
f 7601//59 1920//59 14416//59
f 14414//59 1890//59 11045//59
f 7561//59 14414//59 11045//59
f 11045//59 7601//59 14416//59
f 7559//45 7561//59 11045//59
f 6754//421 6755//1133 2165//422
f 11378//35 10253//35 10252//9
f 14756//274 11572//274 13535//227
f 757//38 10163//38 10161//39
f 12700//33 14580//33 1147//13
f 8475//39 8477//39 10948//18
f 10195//33 14688//33 14691//13
f 11382//18 14804//18 4300//13
f 10817//8 12143//8 10834//15
f 13820//38 10710//38 14440//1
f 9788//17 1669//17 1668//16
f 14145//424 14383//147 2141//147
f 12070//106 9236//221 2429//221
f 12356//425 12357//426 1918//426
f 14734//427 5652//811 2388//428
f 10459//104 10461//104 12208//214
f 2409//429 9222//429 9224//430
f 3957//281 726//281 732//282
f 1131//10 11342//7 12701//7
f 13833//104 13341//104 2715//431
f 11316//432 9358//62 2579//62
f 13059//3 10864//443 161//2
f 8465//3 8467//3 12279//2
f 13072//9 10291//83 10292//8
f 10292//8 9025//8 908//9
f 11206//1 2390//1 2360//1
f 10561//433 12478//434 633//434
f 9138//196 4353//196 10217//268
f 747//4 14684//34 14234//34
f 13775//33 12555//33 7299//56
f 8937//435 10044//1266 10058//347
f 7791//436 13847//436 13846//96
f 327//33 3587//33 3586//57
f 10742//104 9447//104 12268//72
f 7184//35 7193//35 12158//9
f 12838//166 12592//167 8889//437
f 2529//59 2504//59 2505//59
f 1699//33 12304//33 4965//57
f 8532//34 1744//57 5004//57
f 13907//164 12133//439 13280//439
f 12458//123 12459//48 2161//391
f 14112//440 12401//1001 1947//441
f 10864//443 7239//1158 162//104
f 9231//444 9229//445 2407//445
f 7390//33 11800//33 383//13
f 263//18 10974//18 10973//13
f 2986//33 9569//33 9573//57
f 10047//293 10046//446 14695//446
f 2602//447 14729//447 12135//247
f 9383//367 9384//208 2521//206
f 6545//5 2951//5 10639//52
f 14593//38 12632//38 8117//39
f 14744//27 14478//27 14479//35
f 6737//104 562//2 10085//2
f 6625//12 11580//12 6661//129
f 9289//38 11290//38 7939//44
f 12111//27 13353//27 13354//35
f 9157//3 9159//2 12978//2
f 10736//56 13955//57 10478//57
f 9346//207 9348//448 13377//448
f 6213//33 3104//33 3103//13
f 6815//450 4003//451 705//451
f 12134//452 5854//453 2575//453
f 12516//455 14189//440 11926//456
f 14143//457 12444//36 7733//36
f 750//72 12000//2 12479//2
f 14619//13 9811//13 4865//33
f 8004//59 13376//59 7960//59
f 8004//59 7960//59 13371//59
f 7990//185 8004//59 13371//59
f 7990//185 13371//59 14565//45
f 7954//59 7955//59 8003//59
f 8003//59 7990//185 14565//45
f 2608//59 7970//59 7971//59
f 8003//59 14565//45 2608//59
f 11299//59 7954//59 8003//59
f 11147//59 11298//59 11299//59
f 7971//59 11306//59 11147//59
f 8003//59 2608//59 7971//59
f 11147//59 11299//59 8003//59
f 12094//458 13879//459 2276//459
f 12138//28 7967//29 7959//30
f 13097//367 10938//206 454//206
f 11350//35 10219//35 10221//9
f 13419//38 4315//784 12628//39
f 9001//8 10282//8 10532//15
f 7288//104 8734//104 107//2
f 9338//102 13896//163 2591//165
f 7308//5 14350//5 12764//52
f 13892//461 12126//462 2654//462
f 9311//464 9310//465 2674//465
f 12115//12 9300//382 13357//83
f 11285//34 9288//4 11281//4
f 12036//38 7932//38 6875//1
f 7902//6 9169//120 14410//7
f 10587//8 13683//8 13686//9
f 3723//467 12548//993 422//468
f 13991//27 2954//27 6932//35
f 12496//470 10045//222 8935//222
f 1930//376 12393//1228 12394//89
f 4191//33 927//33 9004//13
f 7302//52 7083//52 7076//52
f 11742//59 12739//59 7556//59
f 7556//59 8726//471 11739//471
f 90//59 11742//59 7556//59
f 1935//472 12390//472 12772//473
f 12415//474 12413//232 2251//232
f 12187//104 14480//104 3281//2
f 9329//11 5903//11 5914//11
f 5914//11 5898//11 5899//11
f 9327//475 9329//11 5914//11
f 8263//8 14809//8 13215//14
f 6546//5 2979//5 6922//52
f 13338//5 13333//52 9163//52
f 753//12 10162//12 10160//13
f 14784//476 10027//477 621//477
f 7413//478 7412//479 334//479
f 2931//7 13971//7 12219//10
f 12501//480 12500//275 627//275
f 12137//42 5844//481 2556//481
f 11576//142 9656//592 9655//113
f 9624//15 9623//14 8335//14
f 14404//3 14351//3 14350//5
f 2832//214 6443//72 9507//234
f 7090//7 13939//7 10752//10
f 10947//13 3636//59 10949//33
f 10949//33 14345//33 11817//13
f 13577//8 9718//8 5038//14
f 13886//2 12113//104 13355//104
f 12116//39 13352//39 11290//38
f 7077//44 6686//44 7064//44
f 10610//482 10612//178 685//178
f 2809//59 7025//59 2808//59
f 2808//59 10670//59 14438//59
f 2808//59 14438//59 6983//59
f 2820//59 2809//59 2808//59
f 10463//1183 2820//59 2808//59
f 2808//59 6983//59 6984//59
f 6974//59 6975//59 2815//59
f 2808//59 6984//59 6974//59
f 10462//59 10463//1183 2808//59
f 10462//59 2808//59 6974//59
f 2804//59 2817//59 2816//59
f 2815//59 2804//59 2816//59
f 10462//59 6974//59 2815//59
f 2815//59 2816//59 2814//59
f 1957//45 7564//59 1948//59
f 1948//59 1949//59 11041//59
f 11041//59 1963//185 1957//45
f 13906//484 14542//484 7884//485
f 9192//164 9190//1267 7999//439
f 13558//17 14061//17 9722//56
f 6702//6 7117//6 10757//6
f 9712//17 13568//17 11624//16
f 7724//264 13473//264 1248//129
f 8504//39 8510//39 9708//39
f 10689//17 9503//17 9501//56
f 12281//487 14044//488 1304//488
f 9874//80 5210//489 1916//489
f 6966//3 9540//2 6645//2
f 12206//24 7041//24 2819//234
f 8515//2 8520//3 9737//3
f 11688//14 210//8 3476//8
f 12361//196 11048//196 11046//197
f 5581//491 11998//492 13309//492
f 14324//56 14664//17 13048//17
f 8595//52 7935//262 11281//4
f 11365//8 10620//8 10619//14
f 1513//342 9635//342 9634//494
f 1434//495 14026//495 14027//496
f 14159//498 12462//172 13265//172
f 13972//33 2939//33 2938//13
f 7906//1 13823//1 12032//44
f 12183//1 10904//1 10902//10
f 13788//72 10154//72 10153//9
f 13276//499 2516//809 13843//500
f 13780//5 12572//5 10144//2
f 255//8 7455//8 13138//14
f 13300//105 8095//105 12070//106
f 9357//63 5828//385 2572//385
f 907//72 13071//72 13072//9
f 8907//83 8905//83 8920//83
f 8284//52 9650//52 10379//5
f 10293//501 7367//378 1381//502
f 12438//503 5430//468 11133//468
f 6970//56 9551//57 6648//57
f 10582//243 10580//244 12810//244
f 9955//505 9961//506 11118//506
f 12427//507 6739//55 2223//55
f 9808//264 1619//264 1623//129
f 8613//6 13607//295 14074//14
f 8225//8 4509//8 8244//15
f 13903//495 12142//508 2547//508
f 1635//104 8644//2 9813//2
f 9048//39 9060//39 10132//18
f 14585//235 14584//104 14412//104
f 9368//509 9367//434 2543//434
f 9331//257 7995//510 7983//510
f 14760//8 8599//8 13585//9
f 14122//511 14124//1268 1946//512
f 14574//33 14311//33 12710//56
f 14744//27 7344//15 7342//15
f 821//5 10135//5 10136//2
f 13883//513 5984//38 13342//38
f 12048//363 9213//364 7826//364
f 11619//72 12297//72 12292//9
f 9235//416 9237//478 14358//478
f 8118//57 10635//57 4294//4
f 867//4 11953//57 12561//57
f 3868//514 10510//515 10508//515
f 7271//10 11729//10 133//7
f 12583//38 14335//38 12917//44
f 13865//424 5630//147 13326//147
f 6294//33 2965//33 6943//13
f 12195//56 9487//57 7346//57
f 14019//33 3210//33 3209//13
f 11706//295 11705//24 10850//24
f 9426//8 3158//8 3157//9
f 1780//1 12732//1 5054//38
f 12861//516 10929//858 464//517
f 12901//518 14116//519 13180//519
f 993//33 10260//33 10258//56
f 9575//8 12926//8 2967//9
f 7243//3 7245//2 8696//2
f 1903//494 9810//494 9811//13
f 9011//44 11943//44 10283//44
f 12979//18 6528//18 9150//13
f 13837//520 12122//521 2662//521
f 12663//522 12662//523 8195//523
f 9432//8 3147//8 3146//9
f 9744//2 8552//104 8542//104
f 11671//35 9796//35 12326//9
f 5972//11 12307//11 5964//11
f 11426//85 2087//524 10537//524
f 2236//525 12144//1269 12145//526
f 5663//340 9234//312 7845//312
f 11409//35 10271//35 10270//9
f 11402//18 10255//18 4241//13
f 13614//18 7212//18 7211//13
f 4178//8 936//8 935//9
f 268//5 8868//52 7463//52
f 871//9 870//72 6683//72
f 11695//33 7236//33 7235//57
f 1487//159 14321//159 9678//150
f 9292//7 7937//7 8666//6
f 1480//1 8406//956 8408//10
f 11203//528 2393//529 7855//529
f 1784//59 1785//59 1781//59
f 1781//59 12964//59 12958//59
f 2846//59 10697//59 1195//59
f 1781//59 12958//59 2846//59
f 8529//59 1784//59 1781//59
f 1782//59 8529//59 1781//59
f 1781//59 2846//59 1195//59
f 1195//59 1793//59 1794//59
f 1195//59 1794//59 6547//59
f 11625//59 1782//59 1781//59
f 1195//59 6547//59 6548//59
f 11625//59 1781//59 1195//59
f 8108//3 8103//5 10240//5
f 3146//9 12779//72 13935//72
f 8505//1 9713//1 8511//44
f 14023//158 14321//159 1487//159
f 10938//206 3664//449 455//207
f 9319//530 13891//209 2644//209
f 14653//18 9726//18 9725//13
f 9156//52 10706//262 6682//4
f 1038//9 6882//9 14248//8
f 7790//52 9379//52 14730//5
f 10955//33 347//33 346//13
f 3222//59 10729//59 14390//59
f 12512//159 3833//150 598//150
f 3579//531 7430//532 14681//532
f 14532//5 11128//5 2187//5
f 9102//18 12571//18 10138//13
f 8133//8 14419//8 14249//14
f 12228//44 10644//44 10642//1
f 10091//533 10090//534 448//534
f 8551//9 6550//716 6552//35
f 9569//33 2986//33 2985//13
f 11417//33 14265//33 13438//56
f 10073//484 10072//28 474//28
f 962//13 12648//13 12647//33
f 7430//532 7429//535 305//535
f 7917//56 7915//1188 13357//83
f 12941//72 10664//104 10020//104
f 9746//52 8544//52 8539//4
f 7381//536 7379//537 393//537
f 7325//52 13091//52 10908//4
f 10357//13 14300//11 4442//33
f 4442//33 1185//33 76//83
f 76//83 14671//13 10357//13
f 7317//2 13092//2 3271//3
f 2807//6 7040//14 12205//14
f 10704//16 10699//12 9517//12
f 1415//56 1419//264 6660//264
f 13982//57 2977//57 6906//56
f 9562//7 3005//7 6908//6
f 9605//35 3012//35 3011//72
f 10402//6 10485//6 13938//7
f 6630//6 6957//6 13971//7
f 10868//6 10867//7 8724//7
f 10881//12 3391//382 139//83
f 7119//4 7126//84 14442//34
f 7236//33 11695//33 8679//13
f 9353//63 9362//385 2633//383
f 9317//463 7953//540 2640//540
f 11185//541 7832//296 2444//297
f 971//33 7295//33 4234//57
f 9707//542 12287//543 1276//543
f 12513//63 14194//383 483//544
f 13180//519 14116//519 14113//545
f 2860//38 2859//1 12039//1
f 3086//52 14454//52 6196//5
f 1900//343 9806//113 14100//5
f 8600//1 12313//1 8583//44
f 12186//7 7354//7 7343//6
f 9334//546 9333//547 2626//547
f 7283//56 8732//56 8731//83
f 10996//104 7471//104 7469//2
f 6711//24 8531//24 13557//234
f 5983//11 7247//11 14469//11
f 5983//11 14469//11 7240//11
f 9282//11 5983//11 7240//11
f 9282//11 7240//11 3402//11
f 9282//11 3402//11 3403//11
f 9282//11 3403//11 3404//1270
f 9282//11 3404//1270 3405//11
f 9180//11 10866//11 9175//11
f 4934//11 6481//11 9178//11
f 9178//11 9180//11 9175//11
f 9178//11 9175//11 9177//11
f 9771//11 4934//11 9178//11
f 9178//11 9177//11 5985//11
f 9178//11 5985//11 5986//11
f 14082//11 9775//11 9776//11
f 8626//11 14082//11 9776//11
f 8626//11 9776//11 4931//11
f 8618//11 8626//11 4931//11
f 8618//11 4931//11 9783//11
f 4909//11 8618//11 9783//11
f 4909//11 9783//11 9785//11
f 4909//11 9785//11 9780//11
f 12322//11 4919//11 4920//692
f 9779//1270 12321//11 4921//11
f 4921//11 12322//11 4920//692
f 4921//11 4920//692 9790//11
f 12742//11 9779//1270 4921//11
f 12742//11 4921//11 9790//11
f 12742//11 9790//11 4926//11
f 12742//11 4926//11 4901//11
f 12742//11 4901//11 9801//11
f 12742//11 9801//11 9802//11
f 12742//11 9802//11 9791//11
f 9799//11 12742//11 9791//11
f 9799//11 9791//11 9792//11
f 33//11 9797//11 8611//11
f 33//11 8611//11 9799//11
f 3332//11 31//11 33//11
f 10880//11 3388//11 3389//11
f 7261//11 10880//11 3389//11
f 3332//11 33//11 9799//11
f 7261//11 3389//11 3332//11
f 10877//11 3400//11 7262//1271
f 7262//1271 7261//11 3332//11
f 9771//11 9178//11 5986//11
f 9771//11 5986//11 12102//11
f 8628//11 9771//11 12102//11
f 8628//11 12102//11 5988//11
f 9780//11 8628//11 5988//11
f 9780//11 5988//11 12106//11
f 4909//11 9780//11 12106//11
f 4909//11 12106//11 5979//11
f 4918//11 4909//11 5979//11
f 4918//11 5979//11 5980//11
f 9792//11 4918//11 5980//11
f 9799//11 9792//11 5980//11
f 10877//11 7262//1271 3332//11
f 10875//692 10877//11 3332//11
f 9799//11 5980//11 11596//11
f 9799//11 11596//11 9282//11
f 10878//475 10875//692 3332//11
f 9799//11 9282//11 3405//11
f 3405//11 10878//475 3332//11
f 6827//549 6826//550 409//550
f 10296//442 10297//441 1385//441
f 14113//545 5140//522 1942//522
f 6780//11 7863//11 12199//11
f 12199//11 7306//11 12736//11
f 10506//551 10507//166 2287//552
f 1609//1 1608//7 4878//7
f 3399//56 137//1188 139//83
f 12057//459 5704//1031 2440//554
f 12666//7 3014//7 3013//14
f 1400//264 1261//129 14041//129
f 9675//5 1476//5 1485//150
f 14110//555 9883//556 7615//556
f 12452//21 14155//468 14539//468
f 6733//44 6745//44 9386//38
f 8561//1 4977//1 8573//44
f 6801//52 11747//52 11749//52
f 884//38 10105//38 9020//39
f 14197//559 510//559 524//560
f 8487//314 1834//4 9913//4
f 14203//561 11765//1272 8770//562
f 6818//44 6816//44 10904//1
f 8384//72 8382//98 7016//35
f 9333//547 12129//564 2627//564
f 10758//3 7120//5 9465//5
f 6985//12 13968//12 12213//13
f 10480//10 7435//10 7437//1
f 9358//62 9357//63 2580//63
f 12274//5 13541//5 14636//5
f 757//38 9121//1 14796//1
f 14789//467 14190//993 540//468
f 11854//27 11852//27 11859//27
f 10891//39 11745//39 8730//38
f 11894//565 14178//565 3838//566
f 6965//33 9520//33 9519//57
f 10939//568 6827//549 408//549
f 12816//38 156//38 8687//44
f 8092//35 10236//35 14245//9
f 13222//315 9936//315 14776//412
f 9272//397 9271//569 2305//569
f 3054//7 10339//7 10337//10
f 6911//15 2996//840 14422//27
f 9988//164 13263//439 13261//439
f 952//18 4230//18 12648//13
f 1817//234 9919//234 14772//570
f 14772//570 14771//24 11614//24
f 11613//570 1817//234 14772//570
f 14251//33 1019//33 1018//13
f 9545//12 6366//593 6647//12
f 12418//293 14133//446 2294//446
f 3210//33 14019//33 7086//56
f 14361//104 7454//104 10975//72
f 10188//571 8885//571 8876//571
f 12173//8 3175//8 3174//9
f 9477//1 8765//1 14672//7
f 768//33 10159//33 10600//56
f 2720//249 7248//249 5982//202
f 12132//572 9383//367 14545//367
f 13853//574 2447//574 7631//575
f 11341//38 6620//38 8033//39
f 10431//38 9554//38 9552//39
f 6606//13 4996//1273 5002//33
f 5002//33 1739//33 11645//13
f 8150//59 8148//59 14595//121
f 9209//185 77//59 8150//59
f 10939//568 403//568 401//576
f 12735//33 11620//33 12703//13
f 13786//6 10119//6 12570//7
f 9321//577 9314//605 13364//578
f 8600//1 11650//7 4949//7
f 13099//11 7378//11 7376//11
f 7376//11 7377//11 3694//11
f 3694//11 3695//11 11766//11
f 7376//11 3694//11 11766//11
f 13100//11 13099//11 7376//11
f 3720//11 3721//11 13100//11
f 3690//1271 3719//11 3720//11
f 3690//1271 3720//11 13100//11
f 13100//11 7376//11 11766//11
f 13100//11 11766//11 3714//11
f 3704//475 3690//1271 13100//11
f 3704//475 13100//11 3714//11
f 14204//11 3704//475 3714//11
f 13669//11 7365//11 7366//11
f 3724//11 12550//475 12547//11
f 3724//11 12547//11 3716//11
f 3717//11 3724//11 3716//11
f 3717//11 3716//11 11794//11
f 3715//11 3717//11 11794//11
f 3715//11 11794//11 3676//1274
f 13669//11 7366//11 14204//11
f 12869//11 12868//11 13669//11
f 3689//11 12869//11 13669//11
f 3714//11 3715//11 3676//1274
f 3714//11 3676//1274 3677//580
f 3689//11 13669//11 14204//11
f 10923//11 3689//11 14204//11
f 14204//11 3714//11 3677//580
f 11502//538 1166//33 10822//33
f 915//38 6773//44 8988//44
f 14580//33 12700//33 11300//133
f 8755//581 8744//581 2394//582
f 14044//488 14043//630 8205//583
f 9998//79 10301//360 1390//360
f 14548//33 9373//33 9380//57
f 10061//48 3757//1112 11909//584
f 9340//207 9342//727 2609//585
f 10364//196 8306//196 1176//197
f 2787//586 6524//586 6510//587
f 8255//33 10351//33 10350//57
f 4010//317 12595//91 701//93
f 10450//4 7387//4 7385//52
f 10172//588 9135//962 9134//589
f 12965//52 12954//4 13958//4
f 11620//33 12735//33 5014//57
f 9496//56 10695//56 2850//83
f 12585//12 6896//12 6894//12
f 3718//175 444//175 11795//176
f 10862//33 924//33 923//13
f 14783//38 2052//38 13151//44
f 12098//590 7653//591 7652//591
f 11576//142 11575//133 12258//133
f 13525//593 14015//593 14014//13
f 249//18 3502//18 14503//13
f 1233//4 10329//4 10327//52
f 12599//83 8914//83 8892//83
f 13338//5 12034//5 6491//2
f 9702//594 11458//594 1274//595
f 7242//52 152//262 13636//4
f 7363//269 12665//204 1358//204
f 11331//5 11329//5 14570//5
f 879//8 12553//8 10108//15
f 11480//33 6838//33 14811//133
f 10312//596 10311//597 1352//597
f 13868//599 5760//600 2334//600
f 11247//2 2345//5 13871//5
f 8312//4 14514//34 6650//34
f 11475//1 1256//7 12278//7
f 8565//2 9772//2 9773//104
f 9223//535 9222//429 2409//429
f 11726//6 13070//7 111//7
f 5475//602 12432//665 2196//603
f 8290//44 8308//44 10368//38
f 2939//33 13972//33 9557//57
f 14793//33 9063//33 843//13
f 10671//10 10687//10 12039//1
f 10319//33 1407//33 1281//13
f 11638//18 14071//18 14072//13
f 13116//604 10303//370 1336//371
f 1503//38 1498//1 12248//1
f 988//7 10251//7 10250//1
f 8305//10 8303//7 10367//7
f 11404//57 4234//57 13434//34
f 9328//1 14561//1 2641//1
f 3413//7 140//7 11733//6
f 9314//605 9312//1275 13365//606
f 8277//10 8287//10 12690//1
f 10529//38 12536//38 12534//39
f 10064//326 533//326 551//607
f 1150//342 14304//342 14303//494
f 9088//8 14213//8 9071//15
f 8865//57 7464//57 7462//84
f 11673//11 4890//11 9818//11
f 9820//11 13742//11 9794//11
f 11673//11 9818//11 9820//11
f 12749//11 11673//11 9820//11
f 9820//11 9794//11 12748//11
f 7291//310 9953//807 14138//226
f 10739//56 12198//57 7074//57
f 10609//18 7510//39 10607//39
f 8664//6 8662//14 13138//14
f 12773//33 3536//33 7451//57
f 14688//33 10195//33 3946//56
f 6860//13 13173//130 14096//130
f 7118//11 9458//11 3311//11
f 3311//11 7096//11 9450//11
f 9450//11 6112//11 6106//692
f 9450//11 6106//692 6107//11
f 7118//11 3311//11 9450//11
f 6067//11 7118//11 9450//11
f 9462//11 6067//11 9450//11
f 9461//11 9462//11 9450//11
f 12999//11 9461//11 9450//11
f 9460//11 12999//11 9450//11
f 9460//11 9450//11 6107//11
f 6076//11 9460//11 6107//11
f 9437//11 9439//11 6071//11
f 6076//11 6107//11 9437//11
f 9437//11 6071//11 14443//11
f 14367//34 9784//34 12741//4
f 11357//10 9137//7 10216//7
f 8841//1 344//833 12872//7
f 839//1 10116//1 12564//44
f 14173//608 14172//1047 655//609
f 9120//8 10018//8 10021//14
f 1420//5 12255//5 12254//2
f 14392//11 7439//11 7438//11
f 7438//11 3526//11 3525//11
f 3533//11 3534//11 9409//692
f 7438//11 3525//11 3533//11
f 6716//11 6151//11 14392//11
f 3533//11 9409//692 6716//11
f 14392//11 7438//11 3533//11
f 7098//72 12268//72 6857//9
f 11005//611 12058//263 2399//263
f 1632//4 12330//4 9814//5
f 5160//612 1967//612 1965//613
f 11061//615 9826//472 13450//472
f 14700//4 10086//4 10084//52
f 2667//616 9313//1276 14738//617
f 10417//619 10421//619 14120//620
f 13832//621 11266//621 13341//104
f 7286//1 8729//1 8715//7
f 1271//181 12280//181 8216//182
f 10052//458 10054//1025 582//622
f 9181//104 9179//104 11262//104
f 8365//8 12335//8 12334//14
f 14038//528 1443//528 8431//529
f 11217//140 12074//140 11878//623
f 13509//35 14343//35 9832//9
f 2870//72 2863//231 9536//104
f 2862//14 13969//14 6380//6
f 3965//624 14802//624 3955//11
f 9885//11 5155//11 12388//11
f 12388//11 5146//475 9889//11
f 9889//11 5153//692 9885//11
f 349//625 348//34 10957//34
f 12101//626 7914//626 2730//10
f 6386//33 2869//33 2868//13
f 5334//27 2077//27 2059//35
f 4644//627 1309//627 11450//628
f 12246//33 1520//33 8396//13
f 12105//72 12104//197 7911//197
f 8312//4 12337//4 9829//52
f 11521//142 1613//133 9805//133
f 12101//626 13883//513 7913//513
f 7282//34 7284//4 11751//4
f 8607//13 8605//12 8627//12
f 12511//296 10041//541 14696//541
f 13620//7 11706//295 6759//14
f 7250//33 11701//33 8759//13
f 9058//35 10143//35 10145//9
f 14663//104 10858//1158 7231//72
f 4819//38 1588//38 11512//44
f 14798//629 12894//630 725//630
f 10822//33 1166//33 1165//13
f 750//72 10017//72 10016//9
f 11536//341 11527//44 11529//44
f 1514//341 14318//341 9635//342
f 262//33 10980//33 7464//57
f 14229//328 14232//329 8883//329
f 4850//33 14618//33 1602//13
f 9630//52 8329//262 8328//4
f 13794//5 10157//5 12581//2
f 9908//8 13553//8 13202//9
f 9574//18 6919//593 2976//12
f 11656//295 1678//24 4922//24
f 1649//7 11656//295 9789//295
f 12240//35 9625//35 1566//35
f 3060//12 10813//12 13997//13
f 12915//33 8120//33 1036//13
f 12421//313 10506//551 7629//553
f 11048//196 12361//196 5234//14
f 13158//14 12463//14 7499//6
f 931//4 925//34 7233//34
f 9839//57 12890//57 12885//58
f 4431//11 13325//11 10360//11
f 4432//11 13319//11 4430//11
f 4431//11 10360//11 4432//11
f 1503//38 9646//38 6564//39
f 10025//148 10026//631 8946//631
f 14588//72 6883//72 6882//9
f 7607//12 7613//12 5096//13
f 9243//632 14734//427 2387//427
f 1837//2 1836//3 8490//3
f 12530//464 14196//596 14703//598
f 9991//464 14151//598 2110//598
f 1515//7 6566//7 12714//1
f 11163//102 12155//163 11159//163
f 9963//384 9964//634 2178//634
f 2122//206 2098//367 12447//367
f 6273//18 6950//593 6934//12
f 8518//4 5020//4 9738//52
f 9628//18 14011//1173 13516//12
f 1327//72 11437//104 11441//104
f 13171//14 5263//14 6674//6
f 12275//309 12271//807 13538//310
f 12554//8 9036//8 871//9
f 7175//33 13918//33 13917//57
f 13858//91 5694//1131 67//92
f 13849//175 5732//1123 2448//637
f 9741//15 13573//15 1740//27
f 8090//13 1052//12 12627//12
f 5733//638 9207//639 7795//639
f 7429//535 14497//245 8833//245
f 9985//640 9984//641 2170//641
f 5766//28 11164//30 2506//30
f 13791//39 14211//1277 9077//39
f 12043//643 12156//1161 7793//644
f 1514//341 14630//1 9647//1
f 9421//646 9707//542 1286//542
f 5354//224 7759//225 7749//225
f 12139//163 12131//164 2625//486
f 11693//52 7216//52 7215//5
f 13567//14 9723//14 14758//7
f 10925//164 13095//439 6656//439
f 9025//8 10292//8 14268//14
f 239//57 7461//57 6583//84
f 4792//11 4788//11 9636//11
f 4792//11 9636//11 9637//11
f 4800//11 4792//11 9637//11
f 4800//11 9637//11 4793//11
f 4787//11 4800//11 4793//11
f 4787//11 4793//11 14316//11
f 11553//11 4787//11 14316//11
f 11553//11 14316//11 4802//11
f 4785//11 11553//11 4802//11
f 4785//11 4802//11 4803//11
f 4785//11 4803//11 4759//11
f 4785//11 4759//11 4760//11
f 9648//11 12249//11 12712//11
f 4766//11 4767//11 4680//11
f 9648//11 12712//11 4766//11
f 4760//11 9648//11 4766//11
f 4766//11 4680//11 4678//11
f 4678//11 4679//11 8439//11
f 4678//11 8439//11 4685//11
f 4760//11 4766//11 4678//11
f 4785//11 4760//11 4678//11
f 4785//11 4678//11 4685//11
f 4784//11 4785//11 4685//11
f 4752//11 4753//11 12256//11
f 4784//11 4685//11 4752//11
f 4784//11 4752//11 12256//11
f 4784//11 12256//11 4749//11
f 6563//11 4784//11 4749//11
f 6563//11 4749//11 4750//11
f 4742//11 4795//11 6565//11
f 6565//11 6563//11 4750//11
f 6565//11 4750//11 4751//11
f 6379//11 10688//11 4742//11
f 4742//11 6565//11 4751//11
f 4742//11 4751//11 4743//11
f 6377//11 6379//11 4742//11
f 6378//11 13967//11 6377//11
f 9526//11 9527//11 6378//11
f 12751//11 9526//11 6378//11
f 6378//11 6377//11 4742//11
f 4742//11 4743//11 4744//11
f 4744//11 4439//11 6989//11
f 4744//11 6989//11 12212//11
f 6378//11 4742//11 4744//11
f 6395//11 12751//11 6378//11
f 6979//11 6395//11 6378//11
f 4744//11 12212//11 9529//11
f 4744//11 9529//11 6401//11
f 6979//11 6378//11 4744//11
f 11489//44 1193//1 12690//1
f 8862//1 13142//1 13704//44
f 2886//8 6403//8 6988//15
f 3705//574 404//574 8803//575
f 9965//324 13243//647 11109//647
f 12131//164 9345//1267 14564//439
f 6398//33 2883//33 10680//13
f 10321//648 12673//453 9308//649
f 6856//8 10403//8 7099//9
f 14134//650 14775//651 2269//651
f 6139//33 3165//33 3169//13
f 448//534 10090//534 14203//561
f 5180//652 10422//653 70//653
f 9639//196 1537//196 1536//197
f 9270//134 9269//317 2301//317
f 11363//593 12897//593 12899//13
f 1469//197 1470//72 9667//235
f 6946//6 6937//6 14429//6
f 8185//518 12681//519 1363//519
f 6826//550 3679//654 411//654
f 9937//655 9936//315 13222//315
f 7511//10 7502//956 2023//7
f 892//9 14206//9 12553//8
f 12553//8 879//8 891//27
f 8087//33 10621//33 10233//56
f 10980//33 262//33 10490//13
f 11021//144 9834//144 9833//307
f 11387//6 11389//6 14299//6
f 313//9 8836//72 12866//72
f 8979//13 12537//13 12855//33
f 12855//33 11902//33 476//83
f 222//72 14467//72 3477//9
f 14013//11 7555//11 4824//11
f 4824//11 4497//692 4817//11
f 4824//11 4817//11 4818//11
f 9629//11 14013//11 4824//11
f 8388//34 8398//34 12245//4
f 14653//18 14655//38 5019//38
f 10193//657 12602//658 14690//658
f 12170//659 12171//358 11585//359
f 12077//661 9244//1261 9243//632
f 9243//632 11220//633 2383//1278
f 2370//660 2372//910 5641//910
f 9243//632 2383//1278 2370//660
f 2370//660 5641//910 12077//661
f 6954//5 2919//4 13977//4
f 5613//662 13867//731 2327//663
f 6323//664 2994//8 2993//9
f 1023//4 9188//322 10294//34
f 9251//123 9250//48 11255//391
f 939//8 10269//8 10267//15
f 12432//665 13077//666 2197//666
f 8514//1 9912//1 9911//38
f 14080//104 13604//104 1658//2
f 13890//667 12124//1169 2650//668
f 9336//669 9335//670 13639//670
f 11894//565 6730//671 10564//671
f 10550//12 10549//13 30//13
f 1426//8 10382//8 8458//15
f 12835//11 12428//11 12424//11
f 12424//11 12426//475 5809//11
f 5809//11 5808//11 5806//11
f 5806//11 5807//11 9945//11
f 9945//11 9944//692 5494//11
f 5494//11 5490//11 9951//475
f 9951//475 12835//11 12424//11
f 12424//11 5809//11 5806//11
f 5806//11 9945//11 5494//11
f 5494//11 9951//475 12424//11
f 188//52 12818//52 3417//5
f 13627//14 13626//8 3439//8
f 863//104 862//2 14209//2
f 8710//39 8702//39 156//38
f 8564//5 9765//5 9772//2
f 6//672 4//5 14398//202
f 14398//202 2//202 12830//5
f 12833//5 7//11 9//249
f 14398//202 12830//5 12833//5
f 9//249 8//249 6//672
f 6//672 14398//202 12833//5
f 6967//52 2908//262 2907//4
f 7303//6 7897//6 150//7
f 6982//52 10677//52 9537//5
f 3408//27 148//27 8698//35
f 9351//673 14729//447 2602//447
f 11546//14 9824//14 8356//6
f 11996//675 11999//676 2341//676
f 1329//123 10313//123 14291//48
f 1572//4 4837//4 12239//52
f 8378//35 8380//35 12247//9
f 11648//5 8566//52 8568//52
f 12675//187 12674//284 1332//284
f 13501//235 4806//235 14315//197
f 11882//156 10036//156 3739//677
f 7455//8 255//8 254//9
f 8270//18 12680//18 12679//13
f 12250//8 1528//8 1527//9
f 10898//85 10892//86 1364//86
f 12640//8 966//8 978//27
f 978//27 977//9 14255//9
f 14254//27 12640//8 978//27
f 11995//5 2392//5 2391//5
f 9252//679 9253//680 2353//680
f 1324//5 14290//5 11442//3
f 14213//8 9088//8 826//9
f 252//3 256//5 7452//5
f 11971//9 4111//9 10115//27
f 10115//27 4109//8 841//8
f 6866//11 6867//11 3959//11
f 6866//11 3959//11 3985//11
f 10191//11 14235//11 3962//11
f 6866//11 3985//11 12589//11
f 6866//11 12589//11 12590//11
f 3987//11 10191//11 3962//11
f 3964//11 3986//11 3987//11
f 13713//11 3964//11 3987//11
f 3962//11 6866//11 12590//11
f 3952//11 13723//11 3961//11
f 3962//11 12590//11 3952//11
f 13713//11 3987//11 3962//11
f 3962//11 3952//11 3961//11
f 10614//3 9857//3 9856//2
f 12222//8 10655//8 12933//9
f 3308//5 3251//5 7348//52
f 9481//104 3244//104 3243//2
f 11371//10 12615//10 12617//10
f 14076//5 11639//5 13590//4
f 8840//38 12873//38 7415//39
f 8785//3 7372//3 10934//2
f 9631//3 14004//2 11526//2
f 6160//8 955//8 965//9
f 11421//59 8463//45 8464//59
f 8464//59 1380//1279 2091//45
f 7748//59 7544//1237 11421//59
f 8464//59 2091//45 7748//59
f 934//72 933//2 4177//2
f 9326//692 7512//11 6652//11
f 9326//692 6652//11 6653//11
f 5298//11 9326//692 6653//11
f 5298//11 6653//11 5253//692
f 9841//11 5298//11 5253//692
f 9841//11 5253//692 5254//11
f 9841//11 5254//11 9848//11
f 9841//11 9848//11 9850//11
f 5261//11 11019//11 6663//11
f 5261//11 6663//11 6662//11
f 9850//11 5261//11 6662//11
f 9850//11 6662//11 5259//11
f 9841//11 9850//11 5259//11
f 9841//11 5259//11 5257//11
f 5282//11 9841//11 5257//11
f 5282//11 5257//11 6865//11
f 5282//11 6865//11 5284//11
f 5282//11 5284//11 5238//11
f 5282//11 5238//11 5239//11
f 14395//11 14394//11 12341//11
f 5336//11 14395//11 12341//11
f 5336//11 12341//11 9842//11
f 5335//11 5336//11 9842//11
f 5335//11 9842//11 5282//11
f 6798//11 5335//11 5282//11
f 6798//11 5282//11 5239//11
f 6796//11 6798//11 5239//11
f 6796//11 5239//11 5250//11
f 12464//11 10008//11 10010//11
f 10010//11 6796//11 5250//11
f 10010//11 5250//11 5251//692
f 5322//11 12464//11 10010//11
f 12468//11 5322//11 10010//11
f 10010//11 5251//692 5252//11
f 5252//11 5248//11 5267//11
f 5267//11 5268//11 5329//11
f 5267//11 5329//11 12471//11
f 10990//11 12468//11 10010//11
f 5332//11 10990//11 10010//11
f 5252//11 5267//11 12471//11
f 6790//11 6788//11 14167//11
f 5252//11 12471//11 6790//11
f 5332//11 10010//11 5252//11
f 5343//11 5332//11 5252//11
f 5252//11 6790//11 14167//11
f 5252//11 14167//11 10983//11
f 10002//11 5343//11 5252//11
f 5252//11 10983//11 10001//11
f 5958//27 13356//27 11289//35
f 9281//114 2284//114 2445//681
f 12670//682 10314//746 1373//683
f 10792//18 13919//18 13920//13
f 6258//8 3065//8 3064//9
f 9530//72 14366//72 7154//104
f 8383//15 9927//840 10675//15
f 14806//684 4596//685 1397//685
f 8373//39 14625//39 6639//39
f 11416//2 13447//3 12650//3
f 13568//17 9712//17 9710//56
f 12880//59 12879//59 1829//59
f 1829//59 11003//59 2062//59
f 1829//59 2062//59 7473//59
f 10601//59 12880//59 1829//59
f 10981//59 7476//59 10601//59
f 10601//59 1829//59 7473//59
f 10346//38 9911//38 5078//39
f 321//686 13122//686 7405//39
f 6549//10 10383//10 12732//1
f 12858//39 12876//39 12571//18
f 1504//12 4783//12 4796//129
f 9442//11 6096//11 4206//11
f 4206//11 8116//11 4272//11
f 4206//11 4272//11 10248//692
f 12177//11 9442//11 4206//11
f 6099//11 12177//11 4206//11
f 4206//11 10248//692 10249//11
f 4206//11 10249//11 12633//11
f 6099//11 4206//11 12633//11
f 6099//11 12633//11 4280//11
f 7087//11 6099//11 4280//11
f 4279//11 4278//11 9446//11
f 7087//11 4280//11 4279//11
f 9445//11 7087//11 4279//11
f 4279//11 9446//11 9443//11
f 13156//8 14763//8 14090//14
f 1279//38 9448//1 14047//1
f 7060//56 6681//1280 14441//83
f 8560//39 8574//39 14071//18
f 4533//509 14288//434 13449//434
f 11999//676 14721//687 2339//687
f 10073//484 11771//484 479//485
f 6660//264 1419//264 1418//129
f 7260//38 8737//38 14668//688
f 14737//299 13213//300 2295//300
f 9199//689 13850//690 2475//690
f 14808//671 14037//691 1477//691
f 11607//16 11608//12 14131//12
f 13422//8 14248//8 4305//14
f 11797//2 13112//2 7400//104
f 1849//33 5095//33 7617//56
f 5507//11 9938//11 5381//11
f 5381//11 10315//11 9935//11
f 5507//11 5381//11 9935//11
f 7650//11 5535//475 5506//11
f 5506//11 5507//11 9935//11
f 5506//11 9935//11 9931//11
f 10513//692 7650//11 5506//11
f 9933//475 9948//11 10513//692
f 10513//692 5506//11 9931//11
f 13942//8 7089//8 7088//9
f 13607//295 8650//24 14073//24
f 4480//8 1210//8 1209//9
f 12141//693 8019//694 8010//694
f 11545//196 14088//196 9824//14
f 12775//27 8912//27 8898//27
f 10027//477 10028//694 12799//694
f 11589//104 1404//2 12279//2
f 14295//8 1197//8 1219//9
f 825//35 10123//35 10122//9
f 10310//291 10309//186 11431//186
f 13044//33 6227//33 13913//56
f 9174//83 7893//382 11256//12
f 14707//695 529//781 10066//1281
f 10067//695 14791//59 14789//467
f 14707//695 10066//1281 10067//695
f 14789//467 11910//469 11916//696
f 11916//696 14707//695 10067//695
f 1610//38 1609//1 14087//1
f 8379//104 14629//2 10378//2
f 13900//697 9334//546 2620//548
f 14533//698 5474//774 11125//305
f 12376//11 5171//11 5172//11
f 5172//11 5174//11 9870//11
f 9870//11 9869//692 5208//11
f 5208//11 5206//1282 5185//1270
f 9870//11 5208//11 5185//1270
f 12376//11 5172//11 9870//11
f 5168//11 7603//11 12376//11
f 12370//11 5209//1165 5168//11
f 5193//11 5187//11 12370//11
f 5193//11 12370//11 5168//11
f 5168//11 12376//11 9870//11
f 9870//11 5185//1270 5186//11
f 5168//11 9870//11 5186//11
f 5193//11 5168//11 5186//11
f 5193//11 5186//11 12374//11
f 7579//11 5193//11 12374//11
f 7579//11 12374//11 12375//11
f 5231//11 7579//11 12375//11
f 5231//11 12375//11 5203//11
f 5230//11 5231//11 5203//11
f 5227//11 5230//11 5203//11
f 5228//11 5227//11 5203//11
f 5229//11 5228//11 5203//11
f 7566//11 14102//11 5225//11
f 7566//11 5225//11 5229//11
f 9872//11 7566//11 5229//11
f 9872//11 5229//11 5203//11
f 9871//11 9872//11 5203//11
f 9871//11 5203//11 12373//11
f 7583//11 9871//11 12373//11
f 7583//11 12373//11 14107//11
f 5220//11 7583//11 14107//11
f 5220//11 14107//11 5601//11
f 5219//692 5220//11 5601//11
f 5219//692 5601//11 5599//692
f 5219//692 5599//692 5578//11
f 5579//11 9264//11 9265//11
f 5579//11 9265//11 5653//11
f 5653//11 12072//11 5634//11
f 5634//11 5635//1283 5636//11
f 5643//11 9241//11 5640//11
f 5634//11 5636//11 5643//11
f 5579//11 5653//11 5634//11
f 5579//11 5634//11 5643//11
f 5643//11 5640//11 5642//11
f 5644//11 5645//11 13569//11
f 5643//11 5642//11 5644//11
f 5578//11 5579//11 5643//11
f 5643//11 5644//11 13569//11
f 13569//11 5637//11 5582//11
f 13569//11 5582//11 5580//11
f 7622//11 9864//11 9866//11
f 9875//59 7622//11 9866//11
f 9875//59 9866//11 5189//11
f 5643//11 13569//11 5580//11
f 5578//11 5643//11 5580//11
f 5578//11 5580//11 5585//11
f 5586//11 5623//692 12080//692
f 5586//11 12080//692 12078//11
f 12078//11 5609//1283 12082//11
f 5586//11 12078//11 12082//11
f 5585//11 5586//11 12082//11
f 5585//11 12082//11 5611//692
f 5578//11 5585//11 5611//692
f 13875//11 5583//11 9194//11
f 5578//11 5611//692 13875//11
f 5578//11 13875//11 9194//11
f 5578//11 9194//11 5615//11
f 5578//11 5615//11 5614//11
f 5578//11 5614//11 5612//11
f 5219//692 5578//11 5612//11
f 5219//692 5612//11 11241//11
f 11071//11 5219//692 11241//11
f 13877//11 5603//11 5602//692
f 12366//11 14098//11 5217//11
f 5202//11 12366//11 5217//11
f 5202//11 5217//11 5218//11
f 9812//11 5202//11 5218//11
f 9812//11 5218//11 4882//475
f 4886//475 9812//11 4882//475
f 4886//475 4882//475 4883//11
f 4897//11 4886//475 4883//11
f 4897//11 4883//11 4884//11
f 4897//11 4884//11 4885//11
f 4613//11 12395//11 5114//11
f 5115//11 11662//11 4613//11
f 4887//475 5115//11 4613//11
f 4613//11 5114//11 9903//11
f 4613//11 9903//11 9816//11
f 4881//11 4887//475 4613//11
f 9794//11 13742//11 4881//11
f 9795//692 9794//11 4881//11
f 4881//11 4613//11 9816//11
f 4881//11 9816//11 9815//11
f 4896//11 9795//692 4881//11
f 4896//11 4881//11 9815//11
f 4896//11 9815//11 4897//11
f 4898//11 4896//11 4897//11
f 4898//11 4897//11 4885//11
f 8318//11 4898//11 4885//11
f 8318//11 4885//11 4899//11
f 9807//11 8318//11 4899//11
f 9807//11 4899//11 5188//11
f 4877//11 9807//11 5188//11
f 4877//11 5188//11 5183//11
f 4877//11 5183//11 9875//59
f 4877//11 9875//59 5189//11
f 13877//11 5602//692 9040//11
f 9040//11 9257//11 11952//11
f 11952//11 12157//11 9382//11
f 9382//11 9381//11 7778//11
f 7778//11 5774//1284 12042//11
f 12042//11 14543//11 12083//1285
f 7778//11 12042//11 12083//1285
f 11952//11 9382//11 7778//11
f 13877//11 9040//11 11952//11
f 11677//475 9818//11 4890//11
f 12333//11 11677//475 4890//11
f 4871//11 12333//11 4890//11
f 13877//11 11952//11 7778//11
f 13877//11 7778//11 12083//1285
f 4453//11 4868//11 4869//11
f 12693//11 12694//11 4453//11
f 4456//11 12693//11 4453//11
f 4453//11 4869//11 11665//11
f 4453//11 11665//11 4871//11
f 4455//11 4456//11 4453//11
f 4476//11 4455//11 4453//11
f 4453//11 4871//11 4890//11
f 4453//11 4890//11 4891//692
f 4476//11 4453//11 4891//692
f 4476//11 4891//692 9760//11
f 10349//11 9641//11 12691//11
f 12691//11 4476//11 9760//11
f 10349//11 12691//11 9760//11
f 10400//11 4481//11 10349//11
f 8027//11 10400//11 10349//11
f 8027//11 10349//11 9760//11
f 4430//11 13319//11 4428//11
f 4428//11 8027//11 9760//11
f 4428//11 9760//11 12331//11
f 10372//11 4430//11 4428//11
f 10371//11 10372//11 4428//11
f 4428//11 12331//11 4877//11
f 4428//11 4877//11 5189//11
f 12704//11 10371//11 4428//11
f 10821//11 12706//11 9735//11
f 12704//11 4428//11 5189//11
f 10821//11 9735//11 12704//11
f 12707//11 10821//11 12704//11
f 12704//11 5189//11 5190//11
f 12707//11 12704//11 5190//11
f 14306//11 12707//11 5190//11
f 14306//11 5190//11 11071//11
f 4400//11 14306//11 11071//11
f 11241//11 13877//11 12083//1285
f 11241//11 12083//1285 5619//11
f 4400//11 11071//11 11241//11
f 5632//1271 5627//11 9246//11
f 9246//11 9247//11 5633//11
f 5633//11 5779//11 5777//11
f 5777//11 5778//11 5765//11
f 5765//11 5770//475 5785//1286
f 5786//11 12153//11 3301//11
f 5765//11 5785//1286 5786//11
f 5633//11 5777//11 5765//11
f 5632//1271 9246//11 5633//11
f 5631//11 5632//1271 5633//11
f 5633//11 5765//11 5786//11
f 5786//11 3301//11 9248//11
f 5786//11 9248//11 9249//11
f 5631//11 5633//11 5786//11
f 8954//11 5631//11 5786//11
f 5786//11 9249//11 5594//11
f 5786//11 5594//11 9256//11
f 8953//1165 8954//11 5786//11
f 9245//692 8953//1165 5786//11
f 9245//692 5786//11 9256//11
f 5626//11 9245//692 9256//11
f 5626//11 9256//11 5618//11
f 5620//1270 5626//11 5618//11
f 5620//1270 5618//11 5598//11
f 5619//11 5620//1270 5598//11
f 5619//11 5598//11 5600//11
f 4415//11 4395//11 8309//1287
f 11500//692 4415//11 8309//1287
f 10360//11 13325//11 4420//11
f 10361//11 10360//11 4420//11
f 10361//11 4420//11 4421//11
f 4434//11 10361//11 4421//11
f 4434//11 4421//11 13347//11
f 4419//1288 4434//11 13347//11
f 4419//1288 13347//11 11500//692
f 6417//11 8034//11 4418//11
f 6417//11 4418//11 4419//1288
f 13963//11 6417//11 4419//1288
f 6407//11 13963//11 4419//1288
f 10668//692 6407//11 4419//1288
f 10668//692 4419//1288 11500//692
f 11241//11 5619//11 5600//11
f 11241//11 5600//11 9000//11
f 12202//11 6414//11 6415//11
f 8648//11 12202//11 6415//11
f 8648//11 6415//11 9524//11
f 3450//11 7020//11 8647//11
f 8647//11 8648//11 9524//11
f 8647//11 9524//11 9523//11
f 3449//11 3450//11 8647//11
f 3448//11 3449//11 8647//11
f 8647//11 9523//11 10668//692
f 3448//11 8647//11 10668//692
f 3447//11 3448//11 10668//692
f 3447//11 10668//692 11500//692
f 14246//11 3462//11 3463//11
f 3447//11 11500//692 8309//1287
f 14246//11 3463//11 3447//11
f 4298//11 14246//11 3447//11
f 4295//11 4298//11 3447//11
f 10244//11 4295//11 3447//11
f 10242//11 10244//11 3447//11
f 10242//11 3447//11 8309//1287
f 14420//11 10242//11 8309//1287
f 4297//11 14420//11 8309//1287
f 4296//11 4297//11 8309//1287
f 4296//11 8309//1287 12702//11
f 4303//11 4302//11 4304//11
f 7981//11 4385//11 4303//11
f 4303//11 4304//11 12625//11
f 4303//11 12625//11 4306//11
f 7981//11 4303//11 4306//11
f 11241//11 9000//11 13771//11
f 7981//11 4306//11 4296//11
f 7979//11 7981//11 4296//11
f 14238//11 7979//11 4296//11
f 12606//11 14238//11 4296//11
f 12606//11 4296//11 12702//11
f 4375//11 12606//11 12702//11
f 10209//11 4375//11 12702//11
f 4391//11 4390//11 10212//11
f 10212//11 10209//11 12702//11
f 4381//11 4391//11 10212//11
f 12709//11 4381//11 10212//11
f 10222//11 12709//11 10212//11
f 8082//11 10222//11 10212//11
f 8082//11 10212//11 12702//11
f 14413//11 8082//11 12702//11
f 4344//11 14413//11 12702//11
f 4358//11 14239//11 4346//11
f 4346//11 4344//11 12702//11
f 10225//11 4358//11 4346//11
f 10223//11 10225//11 4346//11
f 10223//11 4346//11 12702//11
f 4342//11 10223//11 12702//11
f 4342//11 12702//11 14056//475
f 8078//11 4342//11 14056//475
f 8078//11 14056//475 14309//11
f 4338//11 8078//11 14309//11
f 9140//692 4338//11 14309//11
f 4336//11 9140//692 14309//11
f 4336//11 14309//11 4405//11
f 9262//11 12087//11 4402//11
f 4402//11 7328//11 9556//11
f 4402//11 9556//11 6358//11
f 9260//11 9262//11 4402//11
f 9263//11 9260//11 4402//11
f 4402//11 6358//11 6359//11
f 4402//11 6359//11 9555//1270
f 13771//11 9263//11 4402//11
f 6373//11 10556//11 8069//11
f 12214//11 6373//11 8069//11
f 12214//11 8069//11 10213//11
f 9548//11 12214//11 10213//11
f 9548//11 10213//11 10214//11
f 11241//11 13771//11 4402//11
f 4402//11 9555//1270 9553//11
f 4400//11 11241//11 4402//11
f 4406//11 4400//11 4402//11
f 4406//11 4402//11 9553//11
f 4405//11 4406//11 9553//11
f 4336//11 4405//11 9553//11
f 4335//11 4336//11 9553//11
f 4335//11 9553//11 6353//11
f 10214//11 4335//11 6353//11
f 10214//11 6353//11 12218//11
f 10214//11 12218//11 6354//11
f 6354//11 6958//11 4167//11
f 4167//11 4372//11 4373//11
f 4167//11 4373//11 10218//11
f 3//11 6971//11 6367//11
f 7203//475 9604//11 5//11
f 6269//11 7203//475 5//11
f 3//11 6367//11 6368//11
f 3//11 6368//11 6964//11
f 4226//11 9598//11 12233//11
f 10487//11 4228//11 4226//11
f 10489//11 10487//11 4226//11
f 10489//11 4226//11 12233//11
f 10262//11 10489//11 12233//11
f 10262//11 12233//11 10849//580
f 4157//11 4229//11 10261//11
f 10261//11 10262//11 10849//580
f 14716//11 4145//11 4157//11
f 4158//11 14716//11 4157//11
f 5//11 3//11 6964//11
f 5//11 6964//11 9547//11
f 5//11 9547//11 9548//11
f 4156//11 4158//11 4157//11
f 10107//11 4156//11 4157//11
f 6354//11 4167//11 10218//11
f 6354//11 10218//11 10220//11
f 6354//11 10220//11 12608//11
f 6354//11 12608//11 4362//11
f 6354//11 4362//11 11356//11
f 10214//11 6354//11 11356//11
f 10107//11 4157//11 10261//11
f 10106//11 10107//11 10261//11
f 10106//11 10261//11 10849//580
f 12551//11 10106//11 10849//580
f 12551//11 10849//580 6269//11
f 4152//11 12551//11 6269//11
f 10214//11 11356//11 4363//11
f 10214//11 4363//11 10205//11
f 9021//11 4152//11 6269//11
f 10104//11 9021//11 6269//11
f 9548//11 10214//11 10205//11
f 9548//11 10205//11 6872//11
f 10103//725 10104//11 6269//11
f 9027//11 10103//725 6269//11
f 9548//11 6872//11 6874//11
f 6874//11 10589//11 6904//1270
f 6874//11 6904//1270 6336//692
f 9027//11 6269//11 5//11
f 6247//11 10101//11 4147//11
f 6247//11 4147//11 9027//11
f 6246//11 6247//11 9027//11
f 9548//11 6874//11 6336//692
f 9548//11 6336//692 13980//11
f 6246//11 9027//11 5//11
f 6256//11 6246//11 5//11
f 9548//11 13980//11 6330//11
f 9548//11 6330//11 6897//11
f 13995//11 6256//11 5//11
f 9548//11 6897//11 12584//11
f 9548//11 12584//11 6329//11
f 3428//11 12234//11 6259//11
f 10133//11 10134//11 3428//11
f 10133//11 3428//11 6259//11
f 10133//11 6259//11 7182//11
f 14212//11 10133//11 7182//11
f 14212//11 7182//11 9607//11
f 9078//11 14212//11 9607//11
f 9078//11 9607//11 10819//11
f 4096//1289 9078//11 10819//11
f 4096//1289 10819//11 13998//11
f 4096//1289 13998//11 6254//475
f 4096//1289 6254//475 13995//11
f 10121//692 4096//1289 13995//11
f 9548//11 6329//11 9563//11
f 12569//11 4089//11 4087//11
f 3556//11 9059//11 12569//11
f 14269//11 3554//11 3556//11
f 4176//11 14269//11 3556//11
f 12569//11 4087//11 11976//11
f 12569//11 11976//11 9082//11
f 4175//11 4176//11 3556//11
f 3556//11 12569//11 9082//11
f 3556//11 9082//11 10121//692
f 7275//11 4175//11 3556//11
f 7275//11 3556//11 10121//692
f 6326//11 6333//11 6327//11
f 6327//11 4164//11 4163//11
f 4163//11 4135//11 4134//11
f 4163//11 4134//11 10588//11
f 6325//11 6326//11 6327//11
f 4163//11 10588//11 4140//11
f 4163//11 4140//11 4126//11
f 9563//11 6325//11 6327//11
f 6327//11 4163//11 4126//11
f 6327//11 4126//11 6840//11
f 9548//11 9563//11 6327//11
f 7275//11 10121//692 13995//11
f 7276//11 7275//11 13995//11
f 5//11 9548//11 6327//11
f 6327//11 6840//11 6577//11
f 6327//11 6577//11 6578//11
f 4198//11 4197//11 4202//11
f 11948//11 10533//11 4199//11
f 4199//11 4198//11 4202//11
f 4199//11 4202//11 14472//11
f 4115//11 11948//11 4199//11
f 4115//11 4199//11 14472//11
f 4115//11 14472//11 4186//11
f 4116//11 4115//11 4186//11
f 4116//11 4186//11 8989//11
f 4123//11 4116//11 8989//11
f 4123//11 8989//11 12652//11
f 4123//11 12652//11 7276//11
f 5//11 6327//11 6578//11
f 5//11 6578//11 4128//11
f 4123//11 7276//11 13995//11
f 4122//11 4123//11 13995//11
f 5//11 4128//11 10109//11
f 4130//11 4131//11 12556//11
f 5//11 10109//11 4130//11
f 4122//11 13995//11 5//11
f 10409//11 4122//11 5//11
f 4130//11 12556//11 4132//11
f 4130//11 4132//11 4120//11
f 4117//11 10409//11 5//11
f 11950//11 4117//11 5//11
f 5//11 4130//11 4120//11
f 4119//11 11950//11 5//11
f 1512//494 9634//494 4801//13
f 8359//538 1520//33 12246//33
f 12241//104 13505//104 11526//2
f 10175//342 9681//342 9654//494
f 5748//700 9200//701 2458//701
f 11004//11 11006//1270 12053//11
f 5532//11 7667//11 12419//11
f 5532//11 12419//11 12412//11
f 11004//11 12053//11 8756//11
f 8843//692 5709//11 11004//11
f 9232//11 9233//11 5666//11
f 8843//692 11004//11 8756//11
f 5667//11 9232//11 5666//11
f 5666//11 8843//692 8756//11
f 5532//11 12412//11 5665//11
f 5532//11 5665//11 5655//692
f 5666//11 8756//11 5532//11
f 5668//11 5667//11 5666//11
f 13861//11 5668//11 5666//11
f 5666//11 5532//11 5655//692
f 5666//11 5655//692 5656//11
f 5657//11 13861//11 5666//11
f 5662//11 5660//475 5657//11
f 5661//11 5662//11 5657//11
f 5657//11 5666//11 5656//11
f 7612//6 11070//120 10483//7
f 8299//44 11511//44 13281//44
f 8870//18 6585//18 14501//13
f 14494//118 14491//339 13662//339
f 2867//39 2860//38 14195//38
f 7706//702 7704//702 14535//329
f 8320//268 14007//268 14005//6
f 10377//8 9724//8 9723//14
f 12909//104 9566//104 9565//72
f 5908//703 9318//704 2638//704
f 12088//95 12089//705 2382//705
f 10159//33 768//33 767//13
f 10024//420 10022//706 11884//706
f 1427//494 9654//494 9653//13
f 8315//6 8317//6 4878//7
f 1697//18 12738//18 12305//13
f 9466//38 3293//38 7313//44
f 6331//56 13979//57 6916//57
f 9352//709 9351//673 2601//674
f 2648//238 7294//238 13078//710
f 6920//72 9565//72 9568//9
f 2930//44 6357//44 9554//38
f 6959//72 7323//72 12217//9
f 6279//57 6935//57 6933//56
f 225//8 7460//8 14407//14
f 1621//4 4888//4 4892//5
f 12669//711 14280//318 8178//188
f 7460//8 225//8 8652//9
f 9086//14 9085//8 14408//8
f 14620//33 4865//33 9817//56
f 6690//384 7427//828 303//712
f 12178//33 3198//33 3197//13
f 14613//142 12192//133 4488//133
f 13045//5 6223//5 9389//2
f 14800//627 14799//714 741//714
f 14797//155 14798//629 9599//629
f 11914//715 10078//715 12863//151
f 1751//18 14063//18 5033//13
f 8346//113 14001//113 8333//52
f 11643//1 9732//1 14066//44
f 6574//56 1630//264 12332//264
f 13585//9 13583//716 9754//716
f 9745//3 9744//2 11632//2
f 11896//432 5848//62 2603//717
f 10692//39 7005//39 7003//39
f 13902//484 12138//28 2629//28
f 7100//4 7085//34 6098//34
f 12377//1 7602//1 6889//1
f 13612//6 13610//14 13141//14
f 13952//3 14485//3 14483//5
f 12673//453 9995//401 2095//718
f 14720//8 14208//8 4121//15
f 9448//1 1277//10 14046//10
f 12955//7 6449//7 7019//10
f 7006//11 10693//11 6463//11
f 6463//11 9304//11 11273//11
f 6463//11 11273//11 5939//11
f 6462//11 7006//11 6463//11
f 9497//11 6462//11 6463//11
f 6463//11 5939//11 9301//11
f 9301//11 3455//11 3458//11
f 9301//11 3458//11 3454//11
f 9497//11 6463//11 9301//11
f 9499//11 9497//11 9301//11
f 9301//11 3454//11 12727//11
f 9301//11 12727//11 10852//11
f 6999//11 9499//11 9301//11
f 6474//11 6999//11 9301//11
f 9301//11 10852//11 3460//11
f 3461//11 3462//11 6469//11
f 9301//11 3460//11 3461//11
f 6474//11 9301//11 3461//11
f 6469//11 6468//11 12200//11
f 6469//11 12200//11 9928//11
f 6474//11 3461//11 6469//11
f 6466//11 6474//11 6469//11
f 6469//11 9928//11 6465//11
f 12229//11 6290//11 4027//11
f 4027//11 9118//11 10155//11
f 10156//11 4033//11 3942//11
f 4027//11 10155//11 10156//11
f 6292//11 12229//11 4027//11
f 6298//11 6292//11 4027//11
f 4027//11 10156//11 3942//11
f 3942//11 10653//11 6296//11
f 6297//11 6298//11 4027//11
f 3942//11 6296//11 6297//11
f 7287//2 107//2 106//3
f 11592//34 9683//34 9682//4
f 10848//34 7197//34 3017//57
f 9482//18 3257//18 8767//39
f 11286//56 7924//1188 7923//83
f 8596//3 13886//2 7936//2
f 10007//14 2021//14 11017//15
f 10062//123 10061//48 8956//124
f 13826//15 13336//15 13335//27
f 12123//137 5933//719 2657//719
f 937//38 10274//784 9211//39
f 14039//8 1282//8 1406//9
f 6227//33 13044//33 10847//13
f 1973//18 14094//18 9852//13
f 14740//367 9347//635 2598//206
f 1183//14 12695//14 11505//6
f 8310//342 14008//342 14292//494
f 3406//4 13621//4 11715//34
f 7906//1 7907//7 14410//7
f 13163//721 9853//721 9855//722
f 5192//723 10475//724 1883//724
f 1151//341 1174//44 4416//44
f 10358//264 1143//264 1142//129
f 11463//12 9687//12 9689//13
f 12234//11 3428//11 9390//11
f 12234//11 9390//11 9391//11
f 7187//11 12234//11 9391//11
f 7187//11 9391//11 6214//11
f 6249//11 7187//11 6214//11
f 6249//11 6214//11 9392//11
f 10101//11 6247//11 10338//11
f 10338//11 6249//11 9392//11
f 10338//11 9392//11 9393//11
f 4144//11 10101//11 10338//11
f 4145//11 14716//11 4144//11
f 4229//11 4157//11 4145//11
f 4224//11 4229//11 4145//11
f 4145//11 4144//11 10338//11
f 10338//11 9393//11 7167//11
f 4145//11 10338//11 7167//11
f 4225//11 4224//11 4145//11
f 8155//11 4225//11 4145//11
f 4145//11 7167//11 9395//11
f 8155//11 4145//11 9395//11
f 4220//11 8155//11 9395//11
f 4220//11 9395//11 9398//11
f 14258//11 4220//11 9398//11
f 6217//11 12161//11 3425//11
f 14258//11 9398//11 6217//11
f 4223//11 14258//11 6217//11
f 4223//11 6217//11 3425//11
f 4222//11 4223//11 3425//11
f 3445//11 3446//11 3437//11
f 14256//11 4222//11 3425//11
f 3425//11 3445//11 3437//11
f 3425//11 3437//11 13051//11
f 4226//11 4228//11 14256//11
f 3425//11 13051//11 13057//11
f 4226//11 14256//11 3425//11
f 6170//11 6163//11 4226//11
f 13921//692 6170//11 4226//11
f 3425//11 13057//11 3440//11
f 13921//692 4226//11 3425//11
f 6168//11 13921//692 3425//11
f 10777//475 6168//11 3425//11
f 12832//11 9494//11 6164//11
f 6164//11 10777//475 3425//11
f 6791//11 12832//11 6164//11
f 7279//11 6792//475 6791//11
f 3345//11 11//692 7279//11
f 7270//11 3345//11 7279//11
f 7279//11 6791//11 6164//11
f 7270//11 7279//11 6164//11
f 7268//11 7270//11 6164//11
f 10886//11 7268//11 6164//11
f 7274//11 10886//11 6164//11
f 3340//11 7274//11 6164//11
f 13066//11 3340//11 6164//11
f 13076//11 13066//11 6164//11
f 7251//11 3416//11 6844//11
f 7251//11 6844//11 6841//11
f 7252//11 7251//11 6841//11
f 6843//11 4110//11 3472//11
f 7252//11 6841//11 6843//11
f 7252//11 6843//11 3472//11
f 3472//11 3473//11 3474//11
f 3474//11 10857//11 3418//11
f 3418//11 12166//11 6193//11
f 6193//11 6194//11 3302//11
f 3302//11 6122//11 13992//11
f 3302//11 13992//11 6124//11
f 3418//11 6193//11 3302//11
f 3472//11 3474//11 3418//11
f 12974//11 7252//11 3472//11
f 12974//11 3472//11 3418//11
f 3302//11 6124//11 6125//11
f 3302//11 6125//11 6120//11
f 3440//11 12974//11 3418//11
f 3418//11 3302//11 6120//11
f 3418//11 6120//11 6121//11
f 3425//11 3440//11 3418//11
f 6618//11 7290//1290 6614//11
f 6058//11 6619//11 6618//11
f 14263//11 13945//11 6058//11
f 4218//11 14263//11 6058//11
f 6058//11 6618//11 6614//11
f 6058//11 6614//11 3333//11
f 10268//11 4218//11 6058//11
f 10268//11 6058//11 3333//11
f 10268//11 3333//11 13076//11
f 4216//11 10268//11 13076//11
f 6164//11 3425//11 3418//11
f 3418//11 6121//11 9423//11
f 3418//11 9423//11 6129//11
f 4216//11 13076//11 6164//11
f 12644//11 4216//11 6164//11
f 3418//11 6129//11 11840//11
f 6131//11 6132//11 12594//11
f 4214//11 12644//11 6164//11
f 4212//11 4214//11 6164//11
f 11840//11 6131//11 12594//11
f 11840//11 12594//11 4248//11
f 4213//11 4212//11 6164//11
f 4208//692 4213//11 6164//11
f 11840//11 4248//11 10259//11
f 11840//11 10259//11 4250//11
f 13439//11 4208//692 6164//11
f 11840//11 4250//11 7779//11
f 6992//11 6994//11 3486//11
f 11840//11 7779//11 6992//11
f 10915//11 10272//11 4209//11
f 12194//11 10915//11 4209//11
f 12194//11 4209//11 12651//11
f 14481//1284 6036//11 7352//11
f 7352//11 12194//11 12651//11
f 7352//11 12651//11 4211//11
f 14481//1284 7352//11 4211//11
f 14481//1284 4211//11 13439//11
f 6038//475 14481//1284 13439//11
f 11840//11 6992//11 3486//11
f 3486//11 3492//11 7467//11
f 3486//11 7467//11 3487//11
f 12821//11 3306//11 6032//475
f 6020//11 4262//11 12820//11
f 9475//11 6020//11 12820//11
f 12820//11 12821//11 6032//475
f 12820//11 6032//475 6038//475
f 6026//11 9475//11 12820//11
f 13951//11 6026//11 12820//11
f 3486//11 3487//11 3488//11
f 3486//11 3488//11 3482//11
f 7358//11 13951//11 12820//11
f 6028//11 7358//11 12820//11
f 11840//11 3486//11 3482//11
f 11840//11 3482//11 3483//11
f 6028//11 12820//11 6038//475
f 13094//1284 6028//11 6038//475
f 6031//692 13094//1284 6038//475
f 4278//11 9484//11 6030//475
f 6030//475 6031//692 6038//475
f 4278//11 6030//475 6038//475
f 6102//11 9446//11 4278//11
f 6105//11 6102//11 4278//11
f 11840//11 3483//11 7458//11
f 11840//11 7458//11 6848//11
f 6105//11 4278//11 6038//475
f 6104//11 6105//11 6038//475
f 10486//11 6104//11 6038//475
f 10486//11 6038//475 13439//11
f 11840//11 6848//11 6584//11
f 11840//11 6584//11 3480//1165
f 10486//11 13439//11 6164//11
f 6094//11 10486//11 6164//11
f 3418//11 11840//11 3480//1165
f 3418//11 3480//1165 10977//725
f 14034//11 6094//11 6164//11
f 4206//11 6096//11 14034//11
f 4247//11 4236//11 4206//11
f 4247//11 4206//11 14034//11
f 6164//11 3418//11 10977//725
f 13147//1289 3489//11 3500//11
f 7049//11 4247//11 14034//11
f 7049//11 14034//11 6164//11
f 13147//1289 3500//11 3495//11
f 13147//1289 3495//11 3496//11
f 7047//11 7049//11 6164//11
f 4244//11 7047//11 6164//11
f 13147//1289 3496//11 3497//11
f 10977//725 13147//1289 3497//11
f 10257//11 4244//11 6164//11
f 4242//11 10257//11 6164//11
f 3517//11 13140//11 3519//11
f 3517//11 3519//11 3518//11
f 13705//11 3517//11 3518//11
f 13705//11 3518//11 3516//11
f 3521//475 13705//11 3516//11
f 3521//475 3516//11 11838//11
f 3520//1291 3521//475 11838//11
f 3520//1291 11838//11 12740//11
f 3520//1291 12740//11 3507//1292
f 3520//1291 3507//1292 3501//11
f 3497//11 3520//1291 3501//11
f 10894//11 4242//11 6164//11
f 4235//11 7296//11 3326//11
f 3326//11 10894//11 6164//11
f 6846//11 7445//11 3503//11
f 3503//11 7115//11 9416//11
f 3503//11 9416//11 9417//11
f 6845//11 6846//11 3503//11
f 3501//11 6845//11 3503//11
f 3503//11 9417//11 4235//11
f 4235//11 3326//11 6164//11
f 3497//11 3501//11 3503//11
f 3503//11 4235//11 6164//11
f 10977//725 3497//11 3503//11
f 12287//543 12286//658 8246//658
f 8160//3 8158//5 12643//5
f 9108//4 12576//4 12574//52
f 8986//316 10070//316 10069//141
f 9506//24 7008//24 7007//234
f 7788//57 9380//57 9378//34
f 14227//177 11860//975 11849//726
f 342//8 13106//8 13133//14
f 6307//34 2980//34 2977//57
f 242//10 10591//10 3509//1
f 7265//104 7558//104 8736//2
f 6804//11 10888//11 10547//11
f 10547//11 47//11 12834//11
f 12834//11 12828//11 3380//11
f 3351//11 6804//11 10547//11
f 12834//11 3380//11 3351//11
f 192//72 3420//72 13058//9
f 10873//104 8713//104 8712//2
f 1182//8 12696//8 12695//14
f 13206//420 2294//446 14133//446
f 14223//33 8764//33 9084//13
f 7245//2 7254//104 154//104
f 2086//728 2609//585 9342//727
f 9342//727 12438//503 11146//504
f 8255//33 8262//13 10340//13
f 10825//34 7191//57 13994//57
f 2955//44 2956//1 12231//1
f 8610//729 8608//729 12719//34
f 1140//72 4427//72 13320//9
f 14289//730 14808//671 11453//671
f 1025//2 1024//5 10246//5
f 3471//11 3473//11 3472//11
f 3472//11 6233//11 12159//11
f 6244//11 6179//11 9405//11
f 3472//11 12159//11 6244//11
f 7213//11 3471//11 3472//11
f 7213//11 3472//11 6244//11
f 6244//11 9405//11 6177//11
f 6244//11 6177//11 9407//11
f 7217//11 7213//11 6244//11
f 3464//11 7217//11 6244//11
f 6244//11 9407//11 6188//11
f 6594//11 3464//11 6244//11
f 6176//11 6175//11 6284//11
f 6284//11 9439//11 7135//11
f 6284//11 7135//11 6111//11
f 10809//11 6176//11 6284//11
f 12182//11 10809//11 6284//11
f 6284//11 6111//11 6114//11
f 6284//11 6114//11 14003//11
f 12167//11 12182//11 6284//11
f 9401//11 12167//11 6284//11
f 6284//11 14003//11 6116//11
f 6116//11 9435//11 3302//11
f 3302//11 6194//11 6784//11
f 3302//11 6784//11 6783//11
f 6284//11 6116//11 3302//11
f 9401//11 6284//11 3302//11
f 3302//11 6783//11 6195//11
f 6188//11 9401//11 3302//11
f 3418//11 10857//11 3478//11
f 6202//475 12166//11 3418//11
f 9454//11 6202//475 3418//11
f 3418//11 3478//11 8677//11
f 3418//11 8677//11 3469//11
f 6188//11 3302//11 6195//11
f 3418//11 3469//11 10978//11
f 6188//11 6195//11 6198//11
f 3418//11 10978//11 10979//11
f 6244//11 6188//11 6198//11
f 6244//11 6198//11 6199//11
f 6244//11 6199//11 6200//11
f 6244//11 6200//11 6190//11
f 6244//11 6190//11 10801//11
f 6594//11 6244//11 10801//11
f 6594//11 10801//11 6192//11
f 3466//1271 6594//11 6192//11
f 9454//11 3418//11 10979//11
f 10979//11 3466//1271 6192//11
f 3038//38 9386//38 13909//39
f 227//18 13146//18 3490//13
f 7676//5 7674//5 2220//5
f 13867//731 5610//951 2328//732
f 6270//733 3010//733 3009//18
f 1197//8 14295//8 4475//14
f 6838//33 11480//33 11516//13
f 14742//734 14573//735 2538//735
f 6657//3 6659//5 13668//5
f 4509//8 8225//8 8241//9
f 8279//10 9640//10 14813//1
f 9830//11 7628//11 9622//11
f 9622//11 9620//11 12238//11
f 12288//203 9706//203 13465//203
f 14717//57 12656//57 10290//4
f 12529//736 12527//1293 12806//737
f 9730//18 10356//18 10357//13
f 3040//7 9385//7 6746//10
f 9322//739 9321//577 2652//579
f 9362//385 14739//384 2634//384
f 7214//33 8673//33 13615//13
f 1859//741 5170//1294 5181//742
f 5784//11 5785//1286 5770//475
f 5784//11 5770//475 5780//11
f 5781//11 5784//11 5780//11
f 5781//11 5780//11 5782//475
f 5762//11 5781//11 5782//475
f 5762//11 5782//475 5783//11
f 9277//11 5762//11 5783//11
f 9277//11 5783//11 13905//11
f 5799//1165 9277//11 13905//11
f 5799//1165 13905//11 5767//11
f 5799//1165 5767//11 14543//11
f 14543//11 12042//11 12040//475
f 5799//1165 14543//11 12040//475
f 5798//11 5799//1165 12040//475
f 5798//11 12040//475 5761//11
f 9193//11 9194//11 5583//11
f 9193//11 5583//11 5584//11
f 5758//11 9193//11 5584//11
f 5758//11 5584//11 5588//11
f 5757//11 5758//11 5588//11
f 5757//11 5588//11 9052//11
f 5757//11 9052//11 5638//11
f 3301//11 12153//11 11156//11
f 6309//11 6310//11 3301//11
f 6308//11 6309//11 3301//11
f 3301//11 11156//11 9375//11
f 6925//11 6308//11 3301//11
f 6306//11 6925//11 3301//11
f 6306//11 3301//11 9375//11
f 12923//11 6306//11 9375//11
f 10634//11 12923//11 9375//11
f 6319//11 10634//11 9375//11
f 13985//11 6319//11 9375//11
f 6316//11 13987//11 13985//11
f 9572//11 6316//11 13985//11
f 9572//11 13985//11 9375//11
f 12919//11 9572//11 9375//11
f 12919//11 9375//11 9376//11
f 7787//11 13128//580 9567//11
f 5801//11 3669//11 7787//11
f 9954//11 5801//11 7787//11
f 9567//11 12919//11 9376//11
f 9567//11 9376//11 12154//11
f 11099//11 12835//11 5491//11
f 9898//11 9893//11 5479//11
f 5479//11 11099//11 5491//11
f 5479//11 5491//11 9950//11
f 9899//11 9898//11 5479//11
f 9899//11 5479//11 9950//11
f 9899//11 9950//11 9949//11
f 9890//11 9899//11 9949//11
f 9889//11 9890//11 9949//11
f 5499//11 5153//692 9889//11
f 7677//11 5499//11 9889//11
f 7677//11 9889//11 9949//11
f 9946//11 7677//11 9949//11
f 9946//11 9949//11 9954//11
f 5135//692 9946//11 9954//11
f 9567//11 12154//11 5797//11
f 7787//11 9567//11 5797//11
f 5135//692 9954//11 7787//11
f 7787//11 5797//11 5798//11
f 7787//11 5798//11 5761//11
f 7787//11 5761//11 5792//11
f 7787//11 5792//11 5794//11
f 7787//11 5794//11 12152//11
f 7787//11 12152//11 5796//11
f 7787//11 5796//11 5813//11
f 7787//11 5813//11 5757//11
f 5135//692 7787//11 5757//11
f 5135//692 5757//11 5638//11
f 5120//11 5135//692 5638//11
f 5120//11 5638//11 9238//11
f 5119//11 5120//11 9238//11
f 5119//11 9238//11 5648//692
f 5133//11 5119//11 5648//692
f 5133//11 5648//692 12071//1295
f 5133//11 12071//1295 5651//11
f 5651//11 5640//11 9241//11
f 5651//11 9241//11 5639//11
f 5133//11 5651//11 5639//11
f 5133//11 5639//11 9242//11
f 5164//11 5133//11 9242//11
f 5164//11 9242//11 5118//11
f 5146//475 12388//11 5163//11
f 5163//11 5164//11 5118//11
f 5163//11 5118//11 5167//11
f 5165//11 5146//475 5163//11
f 5150//11 5166//1271 5165//11
f 5148//11 5149//11 5150//11
f 5148//11 5150//11 5165//11
f 5165//11 5163//11 5167//11
f 5165//11 5167//11 9876//475
f 5134//692 5148//11 5165//11
f 5134//692 5165//11 9876//475
f 5134//692 9876//475 9877//1283
f 5127//11 5134//692 9877//1283
f 7603//11 5168//11 9878//11
f 5127//11 9877//1283 7603//11
f 5126//11 5127//11 7603//11
f 5141//692 5126//11 7603//11
f 12384//11 5141//692 7603//11
f 12383//1270 12384//11 7603//11
f 9894//11 12382//11 12385//11
f 12385//11 12383//1270 7603//11
f 9894//11 12385//11 7603//11
f 5161//11 9894//11 7603//11
f 5161//11 7603//11 9878//11
f 12379//11 5161//11 9878//11
f 9880//11 5213//725 12363//11
f 12379//11 9878//11 9880//11
f 12378//11 12379//11 9880//11
f 9880//11 12363//11 5211//11
f 9880//11 5211//11 9884//11
f 7591//11 12378//11 9880//11
f 14098//11 12366//11 7591//11
f 5197//11 14098//11 7591//11
f 7591//11 9880//11 9884//11
f 7591//11 9884//11 5177//11
f 5196//11 5197//11 7591//11
f 5196//11 7591//11 5177//11
f 5175//692 14102//11 7566//11
f 5196//11 5177//11 5175//692
f 5236//11 5196//11 5175//692
f 5175//692 7566//11 7572//11
f 5175//692 7572//11 9862//11
f 5236//11 5175//692 9862//11
f 5235//11 9864//11 7622//11
f 5236//11 9862//11 5235//11
f 5235//11 7622//11 9863//11
f 9170//8 7900//8 14554//9
f 12329//8 8319//8 1626//9
f 3157//9 3156//72 12878//72
f 4809//11 14750//11 10439//11
f 10437//11 9622//11 4809//11
f 14778//743 14154//1142 2168//744
f 11760//72 11759//9 13645//9
f 6332//39 14333//39 14335//38
f 13078//710 13903//495 2546//495
f 12526//330 13845//188 8966//188
f 6855//272 6854//154 722//154
f 7522//256 11012//31 9849//34
f 9302//14 7908//14 14556//196
f 6861//33 12352//33 12359//356
f 11755//13 855//130 4124//130
f 11001//35 11007//35 14765//9
f 11362//308 8076//39 10555//39
f 12859//104 12588//104 14794//72
f 11514//308 1559//38 4831//38
f 12311//83 8592//83 13594//12
f 9366//745 9363//70 2552//70
f 10803//5 6196//5 6785//3
f 11353//9 10221//9 10617//27
f 10617//27 4371//8 11349//8
f 9332//240 9331//257 2569//257
f 6613//35 3347//27 131//27
f 6886//8 1011//8 8106//9
f 14314//33 11550//33 13522//13
f 9363//70 9364//71 2534//184
f 5607//33 2344//33 2343//13
f 14231//116 8917//116 674//5
f 3702//682 3655//746 8799//746
f 8739//747 64//1079 3320//748
f 12660//468 10293//501 1394//379
f 10200//255 14364//255 10442//749
f 12579//8 13806//8 755//9
f 4426//11 8034//11 6417//11
f 4426//11 6417//11 6418//11
f 4425//11 4426//11 6418//11
f 4425//11 6418//11 6412//11
f 4481//11 10400//11 12006//11
f 12006//11 4425//11 6412//11
f 12006//11 6412//11 10019//11
f 7767//11 4481//11 12006//11
f 7766//11 7767//11 12006//11
f 12006//11 10019//11 8826//11
f 7766//11 12006//11 8826//11
f 8288//11 7766//11 8826//11
f 8288//11 8826//11 6973//11
f 4467//11 8288//11 6973//11
f 6413//11 6414//11 12202//11
f 4467//11 6973//11 6413//11
f 10343//11 4467//11 6413//11
f 6413//11 12202//11 9505//11
f 6413//11 9505//11 9504//11
f 4465//11 10343//11 6413//11
f 4479//11 4465//11 6413//11
f 6413//11 9504//11 12960//11
f 6413//11 12960//11 13570//11
f 4479//11 6413//11 13570//11
f 4479//11 13570//11 6448//11
f 4478//11 4479//11 6448//11
f 4478//11 6448//11 6453//11
f 4477//11 4478//11 6453//11
f 9641//11 10349//11 10347//11
f 4472//11 9641//11 10347//11
f 4472//11 10347//11 4471//11
f 14293//11 4472//11 4471//11
f 14293//11 4471//11 9651//11
f 4463//475 14293//11 9651//11
f 4463//475 9651//11 4477//11
f 5041//11 4461//11 4462//11
f 4462//11 4463//475 4477//11
f 4462//11 4477//11 6453//11
f 5068//11 5041//11 4462//11
f 5067//11 5060//11 5068//11
f 5067//11 5068//11 4462//11
f 5066//1165 5067//11 4462//11
f 5065//1284 5066//1165 4462//11
f 5065//1284 4462//11 6453//11
f 10384//11 5065//1284 6453//11
f 5053//11 10384//11 6453//11
f 6595//11 5053//11 6453//11
f 6595//11 6453//11 6454//11
f 6596//11 6595//11 6454//11
f 5064//1296 6596//11 6454//11
f 5063//1289 5064//1296 6454//11
f 5058//11 5057//11 5056//11
f 5051//11 5058//11 5056//11
f 5051//11 5056//11 9711//11
f 9709//475 5051//11 9711//11
f 9709//475 9711//11 5063//1289
f 5049//11 9709//475 5063//1289
f 5048//11 5049//11 5063//1289
f 5048//11 5063//1289 6454//11
f 4445//11 5042//11 9717//11
f 5080//11 8509//11 4445//11
f 14759//11 14130//11 5079//11
f 5079//11 5080//11 4445//11
f 4445//11 9717//11 8499//11
f 4445//11 8499//11 5045//725
f 14759//11 5079//11 4445//11
f 5011//11 14759//11 4445//11
f 4445//11 5045//725 9720//11
f 5011//11 4445//11 9720//11
f 12295//11 5011//11 9720//11
f 12295//11 9720//11 9721//11
f 5009//11 12295//11 9721//11
f 5009//11 9721//11 5048//11
f 5008//11 5009//11 5048//11
f 14065//11 5008//11 5048//11
f 12203//11 7020//11 3450//11
f 3450//11 3449//11 7208//11
f 3450//11 7208//11 7210//11
f 7013//11 12203//11 3450//11
f 6455//11 7013//11 3450//11
f 3450//11 7210//11 10854//11
f 3457//11 3458//11 3455//11
f 3450//11 10854//11 3457//11
f 6454//11 6455//11 3450//11
f 9743//11 6604//11 5005//11
f 9742//11 9743//11 5005//11
f 9742//11 5005//11 5006//11
f 12306//11 9742//11 5006//11
f 12306//11 5006//11 14065//11
f 8550//11 12306//11 14065//11
f 5048//11 6454//11 3450//11
f 3450//11 3457//11 3455//11
f 3455//11 9301//11 5937//11
f 3450//11 3455//11 5937//11
f 8550//11 14065//11 5048//11
f 4986//11 8550//11 5048//11
f 5048//11 3450//11 5937//11
f 5048//11 5937//11 5934//11
f 5048//11 5934//11 5935//11
f 5048//11 5935//11 9307//11
f 5048//11 9307//11 5971//11
f 5971//11 5964//11 5965//11
f 5971//11 5965//11 5966//475
f 6605//11 8553//11 4983//11
f 14067//11 6605//11 4983//11
f 14067//11 4983//11 4984//475
f 8535//11 14067//11 4984//475
f 8535//11 4984//475 4985//1270
f 5971//11 5966//475 5967//11
f 4992//11 12301//11 6553//11
f 10598//11 10718//11 4992//11
f 10596//11 10598//11 4992//11
f 4992//11 6553//11 12299//11
f 4992//11 12299//11 4998//11
f 7053//11 10596//11 4992//11
f 7053//11 4992//11 4998//11
f 7053//11 4998//11 8535//11
f 9147//11 7053//11 8535//11
f 9147//11 8535//11 4985//1270
f 6516//11 9147//11 4985//1270
f 6516//11 4985//1270 8547//475
f 9152//11 6516//11 8547//475
f 9151//11 9152//11 8547//475
f 5970//11 12307//11 5972//11
f 5970//11 5972//11 12107//11
f 5969//11 5970//11 12107//11
f 5969//11 12107//11 8643//11
f 5968//11 5969//11 8643//11
f 9285//11 13831//11 12114//11
f 5968//11 8643//11 9285//11
f 12108//1284 5968//11 9285//11
f 9285//11 12114//11 5959//475
f 9285//11 5959//475 9295//11
f 12108//1284 9285//11 9295//11
f 12108//1284 9295//11 9296//692
f 5961//11 12108//1284 9296//692
f 5961//11 9296//692 5947//11
f 5961//11 5947//11 7918//692
f 5961//11 7918//692 5949//11
f 5951//692 9291//11 13830//11
f 5951//692 13830//11 5954//11
f 5950//11 5951//692 5954//11
f 5949//11 5950//11 5954//11
f 9303//11 9304//11 6463//11
f 6463//11 10465//11 9146//11
f 6463//11 9146//11 7043//11
f 11275//11 9303//11 6463//11
f 11275//11 6463//11 7043//11
f 11275//11 7043//11 6541//11
f 13350//11 11275//11 6541//11
f 13350//11 6541//11 9144//11
f 5954//11 13350//11 9144//11
f 5954//11 9144//11 9143//11
f 5949//11 5954//11 9143//11
f 5949//11 9143//11 13818//11
f 5949//11 13818//11 6534//11
f 6534//11 8452//11 7280//11
f 7280//11 7281//692 56//11
f 53//11 4982//11 8584//11
f 53//11 8584//11 4972//11
f 7280//11 56//11 53//11
f 5949//11 6534//11 7280//11
f 5961//11 5949//11 7280//11
f 12312//11 4980//11 4963//11
f 12312//11 4963//11 9750//11
f 8569//11 12312//11 9750//11
f 8569//11 9750//11 4966//11
f 9748//11 8569//11 4966//11
f 9748//11 4966//11 14329//11
f 9749//11 9748//11 14329//11
f 12316//11 8563//11 14070//11
f 9749//11 14329//11 12316//11
f 12316//11 14070//11 4960//11
f 12316//11 4960//11 4958//11
f 9749//11 12316//11 4958//11
f 9749//11 4958//11 4976//11
f 9755//580 9749//11 4976//11
f 9755//580 4976//11 9758//11
f 4975//11 9755//580 9758//11
f 4975//11 9758//11 8591//11
f 4975//11 8591//11 9756//11
f 4975//11 9756//11 4956//11
f 4975//11 4956//11 4957//11
f 5961//11 7280//11 53//11
f 5962//1165 5961//11 53//11
f 5963//11 5962//1165 53//11
f 5967//11 5963//11 53//11
f 5967//11 53//11 4972//11
f 6495//11 12030//11 6509//11
f 12027//11 7057//11 6495//11
f 10714//11 12027//11 6495//11
f 6495//11 6509//11 12029//11
f 6495//11 12029//11 9148//11
f 12026//11 10714//11 6495//11
f 6495//11 9148//11 9149//11
f 6495//11 9149//11 6526//11
f 12026//11 6495//11 6526//11
f 12026//11 6526//11 6511//11
f 6519//11 12026//11 6511//11
f 6519//11 6511//11 9151//11
f 6519//11 9151//11 8547//475
f 6519//11 8547//475 9747//11
f 6518//11 6519//11 9747//11
f 10723//1271 6518//11 9747//11
f 6507//11 10723//1271 9747//11
f 12031//11 6527//11 6504//692
f 9161//11 12031//11 6504//692
f 9161//11 6504//692 6505//692
f 6500//11 9161//11 6505//692
f 6499//475 6500//11 6505//692
f 9164//11 6499//475 6505//692
f 9164//11 6505//692 7061//11
f 5971//11 5967//11 4972//11
f 5971//11 4972//11 14075//11
f 3298//11 9171//11 9173//11
f 6435//11 12759//11 3298//11
f 6672//11 6435//11 3298//11
f 3298//11 9173//11 6492//11
f 12204//11 6672//11 3298//11
f 5971//11 14075//11 8578//11
f 5971//11 8578//11 4974//11
f 11600//11 6439//11 6667//11
f 9920//475 11600//11 6667//11
f 9920//475 6667//11 9511//11
f 4447//11 5072//11 5073//11
f 5073//11 9920//475 9511//11
f 5073//11 9511//11 7032//11
f 10355//11 4447//11 5073//11
f 9532//11 13490//11 4441//11
f 4441//11 10355//11 5073//11
f 5073//11 7032//11 6445//11
f 5073//11 6445//11 6446//11
f 9532//11 4441//11 5073//11
f 13842//11 9532//11 5073//11
f 6391//11 13842//11 5073//11
f 6378//11 9527//11 6399//11
f 6399//11 6391//11 5073//11
f 6399//11 5073//11 6446//11
f 6387//11 13967//11 6378//11
f 6378//11 6399//11 6446//11
f 6378//11 6446//11 12204//11
f 9539//11 6387//11 6378//11
f 9539//11 6378//11 12204//11
f 9538//11 9539//11 12204//11
f 5048//11 5971//11 4974//11
f 5048//11 4974//11 4975//11
f 5048//11 4975//11 4957//11
f 5048//11 4957//11 4945//11
f 4986//11 5048//11 4945//11
f 4986//11 4945//11 4944//1297
f 6617//475 4986//11 4944//1297
f 6617//475 4944//1297 4943//11
f 6617//475 4943//11 9763//11
f 9766//11 12315//11 12825//11
f 6617//475 9763//11 9766//11
f 6617//475 9766//11 12825//11
f 12825//11 50//475 3331//11
f 3331//11 3332//11 3389//11
f 3389//11 3388//11 10882//11
f 3389//11 10882//11 6765//11
f 12825//11 3331//11 3389//11
f 9747//11 6617//475 12825//11
f 6507//11 9747//11 12825//11
f 3389//11 6765//11 6766//11
f 3389//11 6766//11 10863//11
f 6507//11 12825//11 3389//11
f 7061//11 6507//11 3389//11
f 4742//11 10688//11 6388//11
f 6430//11 6431//11 6476//11
f 4742//11 6388//11 6389//11
f 4742//11 6389//11 9186//11
f 4934//11 6679//11 13961//11
f 13827//11 6481//11 4934//11
f 6478//11 13827//11 4934//11
f 4934//11 13961//11 6421//11
f 13340//1165 6478//11 4934//11
f 6475//11 4742//11 9186//11
f 6475//11 9186//11 6381//11
f 10866//11 9180//11 6484//11
f 3409//11 10866//11 6484//11
f 3409//11 6484//11 13824//11
f 14469//11 7247//11 11280//11
f 3409//11 13824//11 7899//1271
f 14469//11 11280//11 3409//11
f 8700//11 14469//11 3409//11
f 3409//11 7899//1271 6487//11
f 3396//11 8700//11 3409//11
f 3400//11 10877//11 8711//692
f 8711//692 3396//11 3409//11
f 3400//11 8711//692 3409//11
f 3398//11 3400//11 3409//11
f 3411//11 3398//11 3409//11
f 3410//11 3411//11 3409//11
f 10863//11 3410//11 3409//11
f 6475//11 6381//11 6382//11
f 10863//11 3409//11 6487//11
f 6475//11 6382//11 6383//11
f 3389//11 10863//11 6487//11
f 6475//11 6383//11 10678//11
f 7061//11 3389//11 6487//11
f 7061//11 6487//11 9183//692
f 7061//11 9183//692 9182//475
f 9164//11 7061//11 9182//475
f 9164//11 9182//475 13340//1165
f 9162//11 9164//11 13340//1165
f 6476//11 6475//11 10678//11
f 6476//11 10678//11 9538//11
f 6430//11 6476//11 9538//11
f 6492//11 9162//11 13340//1165
f 6430//11 9538//11 12204//11
f 3298//11 6492//11 13340//1165
f 12973//11 6430//11 12204//11
f 6424//11 12973//11 12204//11
f 3298//11 13340//1165 4934//11
f 6425//11 6424//11 12204//11
f 9518//11 6425//11 12204//11
f 3298//11 4934//11 6421//11
f 9518//11 12204//11 3298//11
f 9083//18 14221//18 14224//13
f 3898//11 3823//11 14179//11
f 14179//11 3875//11 14174//11
f 14174//11 12844//11 3898//11
f 11793//750 12546//176 11795//176
f 14076//5 12716//3 11640//3
f 2377//751 5649//751 9240//752
f 10621//33 8087//33 8090//13
f 3807//753 12523//754 525//754
f 5204//756 12372//265 7595//265
f 9091//34 9079//322 9081//34
f 12450//302 6754//421 2164//423
f 3305//11 3306//11 12821//11
f 6619//11 6058//11 9468//11
f 6619//11 9468//11 6060//11
f 7319//475 3305//11 12821//11
f 6033//11 7319//475 12821//11
f 6619//11 6060//11 7327//11
f 6619//11 7327//11 9469//11
f 6033//11 12821//11 6619//11
f 12852//1165 6033//11 6619//11
f 10906//11 12852//1165 6619//11
f 12184//11 13945//11 14263//11
f 4204//11 10272//11 10915//11
f 12184//11 14263//11 4204//11
f 9473//11 12184//11 4204//11
f 4204//11 10915//11 9761//11
f 4204//11 9761//11 9762//11
f 9472//11 9473//11 4204//11
f 7333//11 9472//11 4204//11
f 4204//11 9762//11 6049//1298
f 4204//11 6049//1298 6050//11
f 7333//11 4204//11 6050//11
f 7333//11 6050//11 6045//11
f 3303//11 7333//11 6045//11
f 9470//11 3303//11 6045//11
f 9469//11 9470//11 6045//11
f 6619//11 9469//11 6045//11
f 6036//11 14481//1284 13946//1270
f 12190//11 6036//11 13946//1270
f 12190//11 13946//1270 6819//11
f 6048//692 12190//11 6819//11
f 6048//692 6819//11 6051//11
f 6047//11 6048//692 6051//11
f 10906//11 6619//11 6045//11
f 6045//11 6047//11 6051//11
f 4274//33 1007//33 11393//13
f 12049//11 13851//11 5689//11
f 5685//11 5684//11 5725//11
f 5685//11 5725//11 5726//692
f 12047//11 12049//11 5689//11
f 5685//11 5726//692 12047//11
f 3209//13 3208//12 6097//12
f 8637//34 11672//34 4888//4
f 12145//526 5497//758 2234//758
f 9947//27 11112//27 2231//27
f 1112//38 8058//44 11325//44
f 11974//104 13073//104 10154//72
f 14630//1 14157//956 9649//10
f 9495//14 12168//6 14450//759
f 7170//104 10808//104 6182//72
f 10724//760 6512//760 14727//405
f 12768//8 10966//8 10968//14
f 11493//72 11496//104 10348//104
f 3356//34 11750//34 13637//57
f 5445//761 14376//110 2182//112
f 1470//72 8426//1299 8428//369
f 5737//561 11768//1272 13293//562
f 3342//18 13631//18 11731//39
f 11701//33 7250//33 7249//57
f 7594//342 5201//395 9810//494
f 8493//44 13554//44 5107//38
f 7474//34 10992//34 10003//4
f 234//104 3484//104 10976//72
f 7094//3 12993//5 6080//5
f 14025//275 5503//734 2263//762
f 8672//1 13049//1 3475//44
f 14123//763 1943//763 1955//361
f 3147//8 9432//8 9433//14
f 11550//33 14314//33 4799//133
f 11582//764 14028//764 14026//495
f 10883//10 11711//956 11710//7
f 1866//1 10482//1 9867//44
f 14150//597 14152//331 2112//331
f 10309//186 12675//187 1331//187
f 14106//18 6687//18 6685//39
f 9752//7 8750//7 1692//6
f 9923//5 13226//5 13217//5
f 9616//33 3048//33 3047//13
f 11719//12 8717//733 8716//18
f 13716//167 13717//64 13297//64
f 820//52 4086//52 10135//5
f 11372//33 10226//33 8085//56
f 1858//14 5178//14 7590//759
f 1864//342 12325//342 12324//494
f 7741//243 11148//851 9994//767
f 9994//767 5366//1300 12456//768
f 12024//83 2799//382 10700//12
f 12969//17 9510//17 9508//56
f 6467//44 8748//1301 8746//44
f 14375//769 13882//60 2242//60
f 13478//4 14812//4 8253//52
f 8603//35 8601//35 1659//35
f 10548//513 6781//513 6782//38
f 2877//57 6397//57 6396//34
f 7023//38 12207//38 6422//39
f 1119//4 4377//4 12607//52
f 3071//5 10427//5 6183//3
f 1175//235 8297//104 9734//104
f 10096//315 9663//315 4720//770
f 3104//33 6213//33 6212//57
f 14507//14 10012//14 12472//7
f 11843//3 268//5 7465//5
f 5182//196 1857//196 13192//197
f 3171//5 7112//52 7114//52
f 5981//104 12105//72 2725//72
f 11035//325 12400//325 5132//5
f 5132//5 9900//5 11105//5
f 12414//771 9922//772 2272//772
f 3166//57 6136//57 6137//34
f 5160//612 12381//773 7567//773
f 12386//187 14119//284 11051//284
f 12371//774 5207//775 1880//775
f 3393//83 3392//1229 159//56
f 1500//56 1499//264 9633//264
f 8332//3 8334//3 9619//2
f 10609//18 10546//18 10545//13
f 6372//15 9549//15 12948//15
f 10798//14 9400//14 9408//6
f 13609//9 266//72 7446//72
f 12091//222 13207//223 7639//223
f 14682//2 12766//3 10971//3
f 2914//38 13976//38 13974//39
f 11049//776 12390//472 1935//472
f 7029//777 7008//24 9506//24
f 8256//57 10350//57 9612//34
f 3839//778 3869//1093 572//779
f 1140//72 1139//2 14301//2
f 3664//449 3663//1281 13677//781
f 2828//16 10454//12 9514//12
f 973//13 4241//13 7295//33
f 2523//85 13870//85 11911//503
f 13411//38 10229//38 10227//39
f 1373//683 10314//746 10313//123
f 13547//34 9917//34 14773//4
f 8824//782 8823//1092 2433//783
f 8685//104 7253//1158 3420//72
f 13930//6 10238//6 12623//7
f 937//38 13442//688 12645//44
f 6632//10 6634//10 9561//1
f 10657//52 2935//4 6356//4
f 6169//3 3127//3 7158//5
f 1633//5 9814//5 9813//2
f 9411//58 9413//57 3132//57
f 7289//35 3350//27 14666//27
f 10655//8 12222//8 12221//14
f 886//4 14205//4 10102//52
f 12946//12 9525//12 12210//13
f 911//9 910//72 14266//72
f 13040//34 13046//322 13912//34
f 12065//785 12066//453 8002//453
f 7357//35 13948//27 7341//27
f 713//12 3970//12 3954//13
f 1445//787 9669//952 12781//788
f 13894//789 14559//789 2632//790
f 14613//142 4487//142 14001//113
f 9271//569 9940//791 14523//791
f 12767//792 5173//793 1861//793
f 13627//14 3438//14 7220//6
f 9022//14 14268//14 11938//6
f 9970//27 2189//27 2188//27
f 7412//479 3582//795 322//795
f 12500//275 12502//734 626//734
f 2514//796 3585//796 7786//797
f 14043//630 14042//337 1311//337
f 8049//34 11355//34 14241//4
f 12067//799 9223//535 2408//535
f 10965//8 13698//8 283//9
f 71//620 14120//620 5649//751
f 2499//1 5789//1 11155//44
f 13699//5 12770//262 7450//52
f 14501//13 3548//59 13135//33
f 13135//33 11830//33 8871//13
f 14511//4 9859//4 9858//52
f 12483//88 10025//148 565//148
f 11984//35 10166//35 10165//9
f 7775//800 7777//1302 5771//801
f 1837//2 14128//2 13550//104
f 11709//39 3459//39 3453//39
f 12671//773 4530//802 1328//802
f 8817//7 10940//7 10941//10
f 3705//574 3706//803 405//803
f 14656//34 13582//57 4951//57
f 11801//104 434//2 10934//2
f 13683//8 10587//8 10585//15
f 7739//804 9991//464 2109//464
f 14175//805 8915//1303 8897//806
f 12271//807 12265//362 1431//226
f 11633//33 12293//33 6603//56
f 11366//14 10619//14 12616//6
f 11578//104 8455//2 12254//2
f 378//9 7398//9 7401//8
f 7401//8 11796//8 10446//27
f 13820//38 6506//39 10708//39
f 9952//309 9953//807 7291//310
f 13675//3 10945//3 7393//2
f 10386//56 1669//17 9788//17
f 13844//808 13843//500 2516//809
f 8232//6 8234//6 12278//7
f 13106//8 342//8 388//9
f 14428//18 14427//308 9586//39
f 14650//6 12410//6 12407//7
f 14482//12 10910//733 3268//18
f 3102//18 6204//18 9394//13
f 5652//811 12073//812 2367//812
f 10578//101 6829//146 13741//146
f 531//59 554//45 555//59
f 555//59 11912//59 6562//59
f 6562//59 6561//59 13285//59
f 13285//59 2486//46 2485//45
f 2485//45 11921//59 514//59
f 514//59 12809//59 11917//185
f 514//59 11917//185 11918//59
f 13285//59 2485//45 514//59
f 555//59 6562//59 13285//59
f 531//59 555//59 13285//59
f 13285//59 514//59 11918//59
f 528//59 521//45 522//59
f 13285//59 11918//59 528//59
f 530//59 531//59 13285//59
f 547//45 530//59 13285//59
f 13285//59 528//59 522//59
f 522//59 10527//185 513//59
f 513//59 515//59 553//59
f 553//59 10523//1240 10524//59
f 10524//59 13738//1214 552//59
f 553//59 10524//59 552//59
f 522//59 513//59 553//59
f 547//45 13285//59 522//59
f 12807//59 547//45 522//59
f 522//59 553//59 552//59
f 522//59 552//59 549//59
f 12807//59 522//59 549//59
f 12807//59 549//59 8963//59
f 536//59 538//59 12805//45
f 535//185 536//59 12805//45
f 12805//45 12807//59 8963//59
f 12805//45 8963//59 546//59
f 8957//59 535//185 12805//45
f 12003//813 6855//272 12013//272
f 9132//627 719//628 12600//628
f 11379//7 12624//7 13834//10
f 11806//33 13110//33 10931//56
f 747//4 12598//4 12597//5
f 11090//815 11092//27 12093//814
f 12093//814 12094//458 11088//460
f 13708//6 13707//14 14498//14
f 14050//271 11464//1304 8213//816
f 560//10 559//7 14792//7
f 10772//3 6710//5 6109//5
f 12837//551 12838//166 8887//438
f 1969//818 14118//818 14117//604
f 10194//542 10193//657 13724//543
f 10199//528 10197//340 735//340
f 7562//52 7565//52 5199//5
f 8763//57 14225//57 10565//34
f 12845//33 14215//33 14214//57
f 12017//160 11080//160 7637//347
f 867//4 4139//4 10114//5
f 10298//147 12670//682 11433//682
f 11484//72 1215//104 4457//104
f 2093//1 10307//1 4567//1
f 4567//1 14279//909 1357//820
f 1359//1 2093//1 4567//1
f 10410//4 8//249 9//249
f 11972//5 13079//5 13074//3
f 12033//33 9768//33 9767//13
f 977//9 976//72 4238//72
f 10138//13 10137//59 14215//33
f 14215//33 12845//33 9103//13
f 13096//572 13097//367 11779//367
f 12122//521 12121//822 2663//822
f 8158//5 980//262 13435//52
f 12081//823 12079//1305 13314//824
f 3197//13 3196//12 9457//12
f 12856//1 4069//1 12877//44
f 9024//10 11939//10 10284//10
f 7501//59 11026//59 2024//59
f 11536//341 14009//341 14008//342
f 8561//1 8588//10 8590//10
f 10872//2 8712//2 110//5
f 941//7 14257//7 4215//10
f 11279//34 3414//34 2721//34
f 14593//38 1014//1 12907//1
f 14202//825 3725//1151 457//826
f 7427//828 7426//229 304//229
f 10893//332 13167//1228 1333//376
f 10131//33 830//33 829//13
f 14288//434 14287//194 1353//194
f 890//33 4148//33 4149//56
f 3158//8 9426//8 13928//14
f 5154//358 14767//224 7688//224
f 9198//831 9196//59 9195//829
f 9195//829 2487//848 2488//1306
f 2489//830 556//319 9197//319
f 9195//829 2488//1306 2489//830
f 2489//830 9197//319 9198//831
f 11093//581 2247//581 1473//832
f 1473//832 11571//116 12270//116
f 9099//6 9106//1189 10164//7
f 14408//8 9085//8 14722//9
f 14592//2 8137//3 12593//3
f 6761//611 6760//263 1472//263
f 14419//8 8133//8 1021//9
f 859//4 858//31 7298//34
f 855//130 854//38 4127//38
f 9063//33 14793//33 11964//56
f 737//528 665//529 10201//529
f 936//8 4178//8 4179//15
f 9034//10 10110//10 12874//1
f 5679//834 5692//835 2480//835
f 12984//587 6510//587 12028//837
f 12130//484 5879//28 2631//28
f 14032//838 14031//982 1475//590
f 6704//33 14002//33 13936//57
f 7266//11 3380//11 12828//11
f 12828//11 6778//1165 6777//11
f 12828//11 6777//11 13069//11
f 3378//11 7266//11 12828//11
f 3378//11 12828//11 13069//11
f 3378//11 13069//11 3377//725
f 3373//11 3378//11 3377//725
f 3373//11 3377//725 3371//11
f 3372//11 3373//11 3371//11
f 3372//11 3371//11 3369//11
f 3370//11 3372//11 3369//11
f 3374//11 13068//475 10547//11
f 3370//11 3369//11 3374//11
f 7257//11 3370//11 3374//11
f 10547//11 10888//11 11720//11
f 7256//11 7257//11 3374//11
f 10547//11 11720//11 7256//11
f 8597//39 9778//39 8582//39
f 7178//5 9614//5 12235//2
f 11606//16 10305//12 5050//12
f 13189//1 471//1 12815//1
f 1529//6 6567//120 6566//7
f 8421//1 11568//1 1462//1
f 6017//6 6016//7 3247//7
f 7560//34 7571//31 5223//34
f 1778//295 8531//24 6711//24
f 10415//11 6904//1270 10589//11
f 10415//11 10589//11 4369//11
f 6327//11 6333//11 10415//11
f 4174//11 4164//11 6327//11
f 4173//11 4174//11 6327//11
f 6327//11 10415//11 4369//11
f 6327//11 4369//11 10206//11
f 4172//11 4173//11 6327//11
f 4171//11 4172//11 6327//11
f 6327//11 10206//11 10208//11
f 10208//11 4372//11 4167//11
f 4167//11 6958//11 12216//11
f 4167//11 12216//11 6362//11
f 6327//11 10208//11 4167//11
f 4170//11 4171//11 6327//11
f 4169//11 4170//11 6327//11
f 7322//11 7328//11 4402//11
f 7322//11 4402//11 12087//11
f 6363//11 7322//11 12087//11
f 7886//11 9248//11 3301//11
f 6363//11 12087//11 7886//11
f 6362//11 6363//11 7886//11
f 7886//11 3301//11 6310//11
f 7886//11 6310//11 12227//11
f 6362//11 7886//11 12227//11
f 6312//11 13987//11 6316//11
f 6362//11 12227//11 6312//11
f 4169//11 6327//11 4167//11
f 4168//11 4169//11 4167//11
f 4167//11 6362//11 6312//11
f 6312//11 6316//11 6317//11
f 6312//11 6317//11 6318//11
f 4168//11 4167//11 6312//11
f 12657//11 4168//11 6312//11
f 12657//11 6312//11 6318//11
f 4165//475 12657//11 6318//11
f 4165//475 6318//11 6915//11
f 4162//11 4165//475 6915//11
f 4162//11 6915//11 6300//11
f 10288//11 4162//11 6300//11
f 10288//11 6300//11 6301//11
f 14275//11 10288//11 6301//11
f 14275//11 6301//11 6302//11
f 4135//11 4163//11 4159//11
f 4159//11 14275//11 6302//11
f 4159//11 6302//11 6322//11
f 10112//11 4134//11 4135//11
f 4135//11 4159//11 6322//11
f 4135//11 6322//11 12225//11
f 10112//11 4135//11 12225//11
f 10112//11 12225//11 6324//11
f 4137//11 10112//11 6324//11
f 6313//11 9567//11 13128//580
f 4137//11 6324//11 6313//11
f 12556//11 4131//11 4142//11
f 12556//11 4142//11 4137//11
f 4138//11 12556//11 4137//11
f 6313//11 13128//580 3571//1284
f 3571//1284 7410//11 7411//11
f 6313//11 3571//1284 7411//11
f 4136//11 4138//11 4137//11
f 10533//11 11948//11 3328//11
f 3328//11 4136//11 4137//11
f 6313//11 7411//11 3565//11
f 6313//11 3565//11 7420//11
f 10533//11 3328//11 4137//11
f 4200//11 10533//11 4137//11
f 6313//11 7420//11 7419//11
f 6313//11 7419//11 6836//11
f 14273//11 4200//11 4137//11
f 4181//11 14273//11 4137//11
f 7433//11 7431//11 14406//11
f 7433//11 14406//11 3583//11
f 8847//11 7433//11 3583//11
f 3593//11 13121//11 3592//11
f 8847//11 3583//11 3593//11
f 3601//692 8847//11 3593//11
f 3593//11 3592//11 3591//11
f 3589//11 3605//11 3606//11
f 3593//11 3591//11 3589//11
f 3614//11 3601//692 3593//11
f 3614//11 3593//11 3589//11
f 3589//11 3606//11 7418//11
f 3589//11 7418//11 7417//11
f 13124//692 3614//11 3589//11
f 3567//11 13124//692 3589//11
f 3589//11 7417//11 3602//11
f 3589//11 3602//11 3600//11
f 3567//11 3589//11 3600//11
f 3567//11 3600//11 7416//11
f 6836//11 3567//11 7416//11
f 6836//11 7416//11 7414//11
f 14271//11 4181//11 4137//11
f 14271//11 4137//11 6313//11
f 6313//11 6836//11 7414//11
f 3610//11 3554//11 14269//11
f 6313//11 7414//11 3610//11
f 4192//11 14271//11 6313//11
f 10280//11 4192//11 6313//11
f 3610//11 14269//11 13444//11
f 3610//11 13444//11 4194//11
f 10279//11 10280//11 6313//11
f 10287//11 10279//11 6313//11
f 3610//11 4194//11 4195//11
f 4195//11 4197//11 4198//11
f 4195//11 4198//11 4196//11
f 10287//11 6313//11 3610//11
f 10285//11 10287//11 3610//11
f 3610//11 4195//11 4196//11
f 6771//11 10285//11 3610//11
f 14732//317 13858//91 2455//93
f 12791//35 13035//35 9609//9
f 9500//52 6473//52 6997//52
f 14574//33 8023//13 12613//13
f 11414//10 10488//10 4232//1
f 11420//14 955//8 6160//8
f 4959//15 8758//15 1705//27
f 10045//222 10043//223 596//223
f 9410//733 3124//733 10784//18
f 9155//6 4350//6 4349//7
f 13034//8 9608//8 12160//15
f 7179//35 7181//35 12678//9
f 6189//8 3078//8 3077//9
f 14320//35 12323//35 12320//234
f 9115//52 9117//52 12586//5
f 13814//2 4360//2 4359//104
f 12522//776 14201//472 490//472
f 12455//377 6764//502 2160//502
f 1988//625 7532//31 11029//34
f 8992//3 10289//3 14276//3
f 2937//12 6352//733 6360//13
f 10035//412 12498//1307 8949//413
f 8548//5 8533//52 4999//52
f 10050//419 10051//372 651//372
f 11743//12 11024//733 8738//18
f 10535//5 2094//5 2092//5
f 8564//5 14657//52 4942//52
f 12044//533 5738//534 2467//534
f 9495//14 3122//14 13020//840
f 3655//746 10928//123 13663//123
f 13845//188 9197//319 556//319
f 2513//72 9279//72 9372//9
f 9159//2 7056//104 7045//104
f 8176//763 11586//361 13127//361
f 10277//44 12409//44 12406//38
f 11484//72 14297//72 14296//9
f 927//33 4191//33 4190//57
f 5760//600 5759//842 2336//842
f 10686//10 9533//10 9531//10
f 1279//38 9694//38 9688//39
f 4166//33 13760//33 11944//13
f 11902//33 12855//33 12854//56
f 13855//843 12057//459 2439//459
f 12485//390 12484//87 622//87
f 9136//268 10217//268 10216//7
f 10079//844 10080//845 478//845
f 13760//33 4166//33 12656//57
f 5708//846 5707//409 2401//409
f 6638//57 9519//57 6972//34
f 311//10 3566//10 3563//1
f 880//6 4155//6 4154//7
f 2487//848 9195//829 14731//849
f 874//38 9039//44 11949//44
f 6697//4 6695//34 7101//34
f 2344//33 5607//33 5606//56
f 9043//5 10114//5 10113//3
f 1313//196 12284//196 12283//268
f 11955//33 11755//13 4125//13
f 13445//4 14264//866 4210//52
f 931//4 7232//4 13443//52
f 8060//3 8081//3 4339//3
f 4833//11 4835//11 4821//11
f 4833//11 4821//11 11530//11
f 11538//11 4833//11 11530//11
f 14006//11 4809//11 9622//11
f 11538//11 11530//11 14006//11
f 12242//11 11538//11 14006//11
f 14006//11 9622//11 7628//11
f 14006//11 7628//11 4858//11
f 12242//11 14006//11 4858//11
f 12242//11 4858//11 4864//11
f 4859//11 12242//11 4864//11
f 4859//11 4864//11 6642//11
f 4862//11 4859//11 6642//11
f 4862//11 6642//11 6640//11
f 8357//11 4862//11 6640//11
f 8357//11 6640//11 8350//11
f 9822//11 8357//11 8350//11
f 8245//11 14536//11 10335//11
f 8251//11 11131//11 8245//11
f 10326//11 8251//11 8245//11
f 8245//11 10335//11 10336//11
f 8245//11 10336//11 4520//11
f 10326//11 8245//11 4520//11
f 10326//11 4520//11 4521//11
f 4519//11 10326//11 4521//11
f 4519//11 4521//11 9821//11
f 4518//11 4519//11 9821//11
f 4518//11 9821//11 9822//11
f 10325//11 4518//11 9822//11
f 8260//11 10325//11 9822//11
f 4828//11 12238//11 9620//11
f 4828//11 9620//11 4825//11
f 12698//11 4828//11 4825//11
f 12698//11 4825//11 14624//692
f 4826//1292 12698//11 14624//692
f 4826//1292 14624//692 4848//11
f 4826//1292 4848//11 4849//11
f 5039//11 4513//11 11076//11
f 9729//11 5039//11 11076//11
f 9729//11 11076//11 13209//11
f 9727//11 9729//11 13209//11
f 9727//11 13209//11 8260//11
f 6560//11 9727//11 8260//11
f 6560//11 8260//11 9822//11
f 6651//11 10439//11 14750//11
f 6651//11 14750//11 4805//11
f 6649//11 6651//11 4805//11
f 6649//11 4805//11 9627//11
f 4842//11 6649//11 9627//11
f 9617//11 7555//11 14013//11
f 4842//11 9627//11 9617//11
f 4841//11 4842//11 9617//11
f 9617//11 14013//11 4843//11
f 9617//11 4843//11 4810//475
f 4841//11 9617//11 4810//475
f 4841//11 4810//475 4811//11
f 4840//11 4841//11 4811//11
f 4840//11 4811//11 4812//11
f 14344//11 4840//11 4812//11
f 4503//11 5040//11 5026//692
f 5015//11 5028//11 4503//11
f 11623//11 5015//11 4503//11
f 4503//11 5026//692 9739//11
f 11623//11 4503//11 9739//11
f 12298//11 11623//11 9739//11
f 12298//11 9739//11 5016//11
f 5025//11 12298//11 5016//11
f 5025//11 5016//11 5018//11
f 5024//11 5025//11 5018//11
f 5024//11 5018//11 6601//11
f 5024//11 6601//11 6602//11
f 5024//11 6602//11 5032//11
f 5024//11 5032//11 12294//11
f 14386//11 5013//11 10406//11
f 9797//11 33//11 14386//11
f 4907//11 9797//11 14386//11
f 14386//11 10406//11 5023//11
f 14386//11 5023//11 5024//11
f 4908//11 4907//11 14386//11
f 8604//11 4908//11 14386//11
f 14386//11 5024//11 12294//11
f 8604//11 14386//11 12294//11
f 9786//11 8604//11 12294//11
f 4911//11 9786//11 12294//11
f 11659//11 4911//11 12294//11
f 8598//11 11659//11 12294//11
f 12321//11 9779//1270 8598//11
f 4940//11 12321//11 8598//11
f 4940//11 8598//11 12294//11
f 4941//11 4940//11 12294//11
f 4941//11 12294//11 5034//11
f 8630//11 4941//11 5034//11
f 8630//11 5034//11 11631//11
f 4934//11 9771//11 4938//11
f 4938//11 8630//11 11631//11
f 4938//11 11631//11 6560//11
f 6679//11 4934//11 4938//11
f 6429//11 6679//11 4938//11
f 6429//11 4938//11 6560//11
f 6428//11 6429//11 6560//11
f 6427//11 6428//11 6560//11
f 6426//11 6427//11 6560//11
f 12209//11 6426//11 6560//11
f 6476//11 6431//11 12209//11
f 4795//11 4742//11 6475//11
f 6476//11 12209//11 6560//11
f 4794//11 4795//11 6475//11
f 6475//11 6476//11 6560//11
f 6475//11 6560//11 9822//11
f 4791//11 4794//11 6475//11
f 12711//11 4791//11 6475//11
f 6475//11 9822//11 8350//11
f 12711//11 6475//11 8350//11
f 9636//11 4788//11 4789//11
f 4789//11 12711//11 8350//11
f 4789//11 8350//11 4853//11
f 4797//11 9636//11 4789//11
f 4763//11 4797//11 4789//11
f 4763//11 4789//11 4853//11
f 12251//11 4763//11 4853//11
f 4777//11 12251//11 4853//11
f 4779//11 4777//11 4853//11
f 4780//11 4779//11 4853//11
f 12712//11 12249//11 4780//11
f 14016//11 12712//11 4780//11
f 4780//11 4853//11 4856//11
f 4781//11 14016//11 4780//11
f 4778//11 4781//11 4780//11
f 8370//11 4778//11 4780//11
f 8370//11 4780//11 4856//11
f 9642//11 8370//11 4856//11
f 4769//11 9642//11 4856//11
f 4769//11 4856//11 4857//11
f 4770//11 4769//11 4857//11
f 8363//11 4770//11 4857//11
f 9652//11 8363//11 4857//11
f 9652//11 4857//11 4826//1292
f 9652//11 4826//1292 4849//11
f 4680//11 4767//11 4772//11
f 6342//11 12938//11 4764//11
f 4680//11 4772//11 4773//11
f 4680//11 4773//11 9652//11
f 6343//11 6342//11 4764//11
f 4764//11 4680//11 9652//11
f 4764//11 9652//11 4849//11
f 6343//11 4764//11 4849//11
f 7812//11 6349//11 6350//11
f 12056//11 7812//11 6350//11
f 12056//11 6350//11 6351//692
f 5712//11 12056//11 6351//692
f 9218//11 5712//11 6351//692
f 9201//11 7838//11 9217//11
f 9217//11 9218//11 6351//692
f 9201//11 9217//11 6351//692
f 11769//11 9201//11 6351//692
f 5698//11 11769//11 6351//692
f 5677//11 5698//11 6351//692
f 5677//11 6351//692 9559//11
f 9227//11 5677//11 9559//11
f 9228//11 9227//11 9559//11
f 3942//11 5691//11 12060//11
f 12060//11 9228//11 9559//11
f 10653//11 3942//11 12060//11
f 6287//11 10653//11 12060//11
f 6286//11 6287//11 12060//11
f 6285//11 6286//11 12060//11
f 6285//11 12060//11 9559//11
f 6295//11 6285//11 9559//11
f 9584//11 6295//11 9559//11
f 9583//11 9584//11 9559//11
f 9583//11 9559//11 9558//11
f 9581//11 9583//11 9558//11
f 4817//11 4497//692 4505//11
f 4505//11 4506//11 11066//11
f 4505//11 11066//11 4507//11
f 4817//11 4505//11 4507//11
f 7681//11 4499//11 14387//11
f 4817//11 4507//11 7681//11
f 4816//11 4817//11 7681//11
f 14395//11 5102//11 5103//11
f 14395//11 5103//11 9915//11
f 4816//11 7681//11 14387//11
f 4815//11 4816//11 14387//11
f 14395//11 9915//11 5086//11
f 14395//11 5086//11 12404//11
f 4814//692 4815//11 14387//11
f 4813//11 4814//692 14387//11
f 14387//11 14395//11 12404//11
f 14387//11 12404//11 12403//11
f 4813//11 14387//11 12403//11
f 4813//11 12403//11 7618//11
f 4812//11 4813//11 7618//11
f 4812//11 7618//11 9904//11
f 14344//11 4812//11 9904//11
f 14344//11 9904//11 9905//11
f 4849//11 14344//11 9905//11
f 4849//11 9905//11 7614//11
f 9581//11 9558//11 6343//11
f 6945//11 4027//11 6290//11
f 6290//11 9581//11 6343//11
f 5092//11 5090//11 5091//11
f 5092//11 5091//11 5093//11
f 7614//11 5092//11 5093//11
f 7614//11 5093//11 8482//11
f 6281//11 6945//11 6290//11
f 6281//11 6290//11 6343//11
f 4849//11 7614//11 8482//11
f 4849//11 8482//11 10494//11
f 9595//11 6281//11 6343//11
f 9594//11 9595//11 6343//11
f 4849//11 10494//11 5105//11
f 6343//11 4849//11 5105//11
f 6272//11 9594//11 6343//11
f 9591//11 6272//11 6343//11
f 6343//11 5105//11 5106//11
f 12402//11 13555//11 5109//11
f 6343//11 5106//11 12402//11
f 9589//11 9591//11 6343//11
f 6277//11 9589//11 6343//11
f 6343//11 12402//11 5109//11
f 5269//11 6274//11 10648//11
f 5269//11 10648//11 6942//11
f 6343//11 5109//11 5269//11
f 5269//11 6942//11 6277//11
f 6806//384 6805//634 2590//634
f 9341//208 9340//207 2597//449
f 8265//38 4515//38 11077//39
f 958//5 14260//5 14259//3
f 13164//722 9855//722 9835//2
f 12580//8 9100//8 9101//9
f 7490//104 13166//2 9835//2
f 851//1 12874//1 4127//38
f 8146//52 8154//52 14260//5
f 12024//83 13819//58 12760//56
f 3594//416 7413//478 11826//478
f 984//8 12639//8 12637//15
f 8243//104 8231//2 10330//2
f 6039//56 7350//56 3267//83
f 11846//850 11844//850 14690//658
f 9111//57 14214//57 12576//4
f 1178//10 11506//10 13282//10
f 8528//38 5054//38 5055//39
f 14228//288 4013//289 730//289
f 9359//851 12140//243 2562//243
f 13208//435 13880//819 7637//347
f 10514//852 10512//70 7644//70
f 7968//102 12139//163 2624//165
f 7002//38 6451//38 7012//39
f 10759//104 9464//104 14444//104
f 5650//853 9239//854 2378//854
f 12357//426 14097//212 1919//212
f 13953//18 7071//18 14356//39
f 9384//208 14743//207 2522//449
f 13879//459 14136//1031 2257//554
f 13191//72 7577//1299 12396//369
f 14612//855 12285//1308 6590//344
f 12282//154 12281//487 1303//155
f 4005//856 3978//344 708//346
f 2498//308 5788//308 5787//18
f 14496//474 3570//232 2527//232
f 1019//33 14251//33 10295//56
f 4988//56 8536//1188 8538//83
f 12991//6 13956//7 12987//7
f 3057//2 6252//2 6253//104
f 5204//756 1891//756 1892//857
f 1002//38 12636//878 12634//39
f 9924//384 9930//712 7659//712
f 6203//8 3093//8 3092//9
f 7109//44 7121//44 12174//38
f 8523//2 8521//3 6598//3
f 920//7 14267//7 14274//10
f 1025//2 10245//2 10254//104
f 9221//516 12050//858 7799//858
f 12925//52 12708//52 14307//52
f 9191//572 14740//367 2585//367
f 13419//38 13409//688 12621//44
f 873//10 857//7 10407//7
f 10260//33 993//33 986//13
f 12639//8 984//8 983//9
f 8870//18 14326//143 6586//39
f 9200//701 9199//689 7848//689
f 13576//10 9728//10 6559//10
f 986//13 8125//12 6993//12
f 14713//12 14473//12 14468//13
f 5589//860 9051//216 7876//218
f 5481//730 5482//671 2229//671
f 1018//13 1017//12 4271//12
f 830//33 10131//33 10129//56
f 13418//2 11374//3 13414//3
f 1085//56 1097//33 4345//33
f 14191//449 10066//1281 529//781
f 14714//13 14207//13 4141//83
f 4141//83 12555//33 13775//33
f 1530//729 4776//1309 9643//34
f 2257//554 14136//1031 14135//390
f 1792//72 1787//104 11612//104
f 10275//7 12407//7 12408//10
f 744//862 13725//136 14236//863
f 14614//129 13484//12 4514//12
f 1176//197 1175//235 4408//235
f 7000//44 6450//44 6451//38
f 12957//3 2844//3 6447//3
f 4404//8 1172//8 11508//9
f 2428//864 5669//551 13864//166
f 10560//865 10561//433 638//433
f 11367//4 8089//34 10232//34
f 9347//635 9346//207 2599//449
f 14176//5 8938//5 8933//5
f 10620//8 11365//8 8091//9
f 1004//14 14249//14 8131//6
f 637//115 12481//115 12480//50
f 11367//4 10231//866 13415//52
f 5466//11 5457//11 7707//11
f 14244//13 10226//33 11372//33
f 8098//83 8097//13 14244//13
f 10987//104 10989//104 14781//72
f 6814//867 6815//450 13715//450
f 2812//17 6420//17 6678//56
f 4325//11 8086//11 12620//11
f 4325//11 12620//11 12622//11
f 11369//11 4325//11 12622//11
f 4319//11 4322//11 3354//11
f 11369//11 12622//11 4319//11
f 4318//11 11369//11 4319//11
f 3354//11 7285//11 3376//11
f 4320//11 4318//11 4319//11
f 4321//11 4320//11 4319//11
f 3354//11 3376//11 6777//11
f 4321//11 4319//11 3354//11
f 7310//11 5990//11 4334//11
f 12737//11 14403//11 3313//11
f 3313//11 7310//11 4334//11
f 4334//11 4321//11 3354//11
f 3354//11 6777//11 12737//11
f 12737//11 3313//11 4334//11
f 1363//519 12681//519 12682//545
f 9984//641 14144//1157 2169//869
f 13860//134 11214//134 2462//387
f 10004//56 7481//56 7479//56
f 8044//12 6873//12 4365//13
f 6817//59 14486//122 946//59
f 946//59 7355//59 3275//59
f 946//59 3275//59 10569//59
f 3284//59 6817//59 946//59
f 10903//46 3284//59 946//59
f 946//59 10569//59 10920//1184
f 946//59 10920//1184 3269//59
f 10916//471 10903//46 946//59
f 10916//471 946//59 3269//59
f 10916//471 3269//59 3270//45
f 7353//59 10916//471 3270//45
f 7353//59 3270//45 7321//59
f 7353//59 7321//59 7320//185
f 7353//59 7320//185 3280//1183
f 7353//59 3280//1183 3264//59
f 3265//45 3273//185 10553//59
f 3264//59 3265//45 10553//59
f 17//59 13090//59 3272//185
f 17//59 3272//185 7338//59
f 3264//59 10553//59 17//59
f 17//59 7338//59 7353//59
f 6508//34 9158//4 6682//4
f 10770//44 7138//44 3130//1
f 1865//341 1852//1 5184//1
f 8066//44 8068//44 4351//44
f 7991//870 9361//871 2606//871
f 11352//33 10204//33 4364//56
f 14617//3 12705//3 4396//3
f 13768//3 10286//3 6770//3
f 2645//873 2663//822 12121//822
f 11336//34 12005//34 4423//4
f 10230//8 9153//8 8074//9
f 2492//14 5791//14 9377//6
f 12831//33 10//33 83//56
f 2509//5 14730//5 9278//3
f 11346//6 10207//6 12896//7
f 12319//7 8619//7 8622//14
f 838//7 4114//7 10116//1
f 14169//874 14173//608 654//610
f 14162//2 7469//2 2057//3
f 6956//14 12221//14 6635//6
f 6166//11 9494//11 12832//11
f 5//11 9604//11 9600//11
f 5//11 9600//11 9602//11
f 12169//11 6166//11 12832//11
f 6172//11 12169//11 12832//11
f 12832//11 5//11 9602//11
f 12832//11 9602//11 6264//11
f 12832//11 6264//11 6262//11
f 6163//11 6170//11 6161//11
f 9598//11 4226//11 6163//11
f 9597//11 9598//11 6163//11
f 6163//11 6161//11 6162//11
f 6163//11 6162//11 10771//11
f 6263//11 9597//11 6163//11
f 6163//11 10771//11 6172//11
f 6262//11 6263//11 6163//11
f 6163//11 6172//11 12832//11
f 9596//44 10641//44 2945//1
f 12922//3 12913//3 2979//5
f 1922//14 5234//14 7621//759
f 11682//6 11680//14 14407//14
f 10098//875 10099//639 8786//639
f 11332//877 12147//865 2541//865
f 9601//44 13039//44 3015//44
f 3193//38 3192//688 10753//44
f 14775//651 7649//879 7647//879
f 5713//125 11775//126 11196//126
f 1122//264 4383//264 7980//56
f 11349//8 4371//8 4370//15
f 9485//34 3250//34 7346//57
f 10032//880 10033//526 8944//526
f 1493//403 4721//403 4723//470
f 13411//38 13417//688 12618//44
f 10204//33 11352//33 9128//13
f 10633//104 10629//104 2978//104
f 12517//683 10062//123 8955//123
f 14741//68 7975//69 2617//248
f 12037//1 6875//1 6876//7
f 12977//44 10597//44 7052//44
f 11598//38 12406//38 5100//39
f 10559//4 10908//4 10907//57
f 14431//8 9521//8 13964//15
f 1152//3 4401//3 14305//2
f 5800//194 5481//730 2545//730
f 1136//4 4423//4 8026//52
f 5880//401 13840//851 11887//881
f 981//38 4259//784 4257//143
f 8030//35 10210//35 4382//9
f 6059//10 3294//10 3290//7
f 10605//12 9844//12 9846//13
f 13898//882 9352//709 2600//709
f 9367//434 5800//194 2544//194
f 9131//10 716//7 11322//7
f 3722//126 7362//380 443//380
f 6832//884 10081//885 13756//885
f 14360//72 13943//72 13944//9
f 13423//14 4305//14 12624//7
f 7051//39 6529//39 6528//18
f 12431//886 9958//887 14530//887
f 10198//365 710//365 699//366
f 5700//888 5699//381 2421//381
f 5194//889 1876//889 7584//77
f 7472//33 14163//33 10993//56
f 10077//890 10078//715 11914//715
f 9972//891 9971//892 14538//892
f 1149//494 14303//494 4436//13
f 1067//8 10239//8 10237//15
f 2039//10 2033//7 12472//7
f 8135//4 994//34 4249//34
f 1190//72 11491//104 10352//104
f 1185//33 4442//33 10354//57
f 1142//129 1141//12 4417//12
f 14165//8 7489//8 7488//9
f 1164//142 8041//133 11300//133
f 6941//3 6930//3 2951//5
f 1172//8 4404//8 4394//15
f 11487//38 4852//38 12680//18
f 432//4 431//34 10930//34
f 14086//8 11517//8 1636//9
f 10516//3 10818//3 6252//2
f 3048//33 9616//33 9615//57
f 1438//5 12723//5 8429//3
f 13990//1 2945//1 2944//10
f 14325//34 3456//34 3452//4
f 6939//14 12224//14 9579//7
f 7381//536 11786//536 452//894
f 7177//34 14460//57 9615//57
f 11382//18 1030//38 14247//38
f 11493//72 4482//72 10334//9
f 14640//10 1414//7 9659//7
f 14312//129 4383//264 1122//264
f 8055//895 8054//13 14312//129
f 11000//104 11002//2 5286//2
f 10584//289 14051//270 11466//270
f 12851//6 6052//759 3282//6
f 11878//623 11879//1310 2375//896
f 325//18 13702//39 7421//39
f 9611//52 9613//52 4458//5
f 6479//38 13332//38 10575//44
f 9730//18 8300//39 8302//39
f 1035//59 11383//59 8669//59
f 1035//59 8669//59 193//59
f 13421//59 1035//59 193//59
f 13421//59 193//59 194//59
f 11381//59 13421//59 194//59
f 11381//59 194//59 195//59
f 11381//59 195//59 197//59
f 198//59 12724//59 196//59
f 197//59 198//59 196//59
f 196//59 10694//59 12962//59
f 196//59 12962//59 2856//59
f 11381//59 197//59 196//59
f 1028//59 11381//59 196//59
f 196//59 2856//59 2851//59
f 1028//59 196//59 2851//59
f 1027//59 1028//59 2851//59
f 1027//59 2851//59 2852//185
f 1121//59 13424//59 1026//59
f 1027//59 2852//185 2857//59
f 1121//59 1026//59 1027//59
f 1120//59 1121//59 1027//59
f 1027//59 2857//59 10676//59
f 10676//59 2913//59 2902//59
f 10676//59 2902//59 2903//59
f 1120//59 1027//59 10676//59
f 8052//59 1120//59 10676//59
f 10676//59 2903//59 2906//59
f 12947//59 6644//59 1071//59
f 10676//59 2906//59 12947//59
f 8051//59 8052//59 10676//59
f 8057//59 8051//59 10676//59
f 10676//59 12947//59 1071//59
f 1071//59 1114//59 13403//59
f 1116//59 8057//59 10676//59
f 1071//59 13403//59 1116//59
f 1186//57 10354//57 4440//34
f 3613//8 315//8 313//9
f 14704//502 14705//99 2365//101
f 12259//44 8281//1 14813//1
f 12905//308 1874//39 5215//39
f 11473//850 8248//850 8246//658
f 10922//146 3703//147 412//147
f 1353//194 14287//194 14289//730
f 12682//545 12663//522 1346//522
f 7996//898 5849//899 2614//899
f 2994//8 6323//664 12224//14
f 7553//3 4823//3 9618//3
f 13473//264 7724//264 7722//56
f 953//1 4232//1 10263//44
f 1117//10 8056//7 14313//7
f 1123//3 4376//3 10211//2
f 913//733 4180//733 12653//13
f 1779//6 1778//295 12733//295
f 8268//34 12685//34 10329//4
f 12055//398 12054//901 11194//901
f 14809//8 8263//8 1243//9
f 7157//3 7155//3 3118//5
f 13405//52 8048//4 14241//4
f 3062//33 6255//33 13994//57
f 8266//264 14614//129 11075//129
f 7332//52 7330//52 3296//4
f 9700//252 9699//328 14605//328
f 4915//56 1651//56 1650//83
f 13523//268 4762//268 4761//759
f 5900//902 13838//903 2672//903
f 12492//904 12493//1080 14571//905
f 10725//906 6514//906 6512//760
f 12018//288 696//907 11847//907
f 10452//3 7386//3 13112//2
f 282//6 11831//14 10968//14
f 263//18 259//143 3515//39
f 14040//588 1315//588 9396//589
f 6763//99 5363//424 2100//146
f 3536//33 12773//33 8851//13
f 1348//197 1327//72 14284//72
f 11579//59 14222//59 1424//59
f 1410//59 1411//59 1412//59
f 11579//59 1424//59 1410//59
f 1412//59 8447//59 1421//59
f 1421//59 11579//59 1410//59
f 6488//39 11257//39 13332//38
f 6472//34 2855//34 2854//34
f 6703//8 6073//8 6072//15
f 1496//14 9644//14 4786//6
f 2551//275 12150//275 14742//734
f 2038//38 9847//38 9845//39
f 5690//908 9221//516 2483//859
f 12035//5 7903//5 7895//52
f 1631//34 4870//34 12330//4
f 834//2 10144//2 10142//104
f 14115//909 9881//298 11040//298
f 8261//18 12260//39 4464//39
f 5478//79 9892//360 1954//360
f 10051//372 12499//320 635//320
f 11528//10 14622//956 4808//10
f 12147//865 9368//509 2542//509
f 841//8 4109//8 6842//15
f 11540//8 9831//8 14623//15
f 1558//197 4807//197 14088//196
f 14088//196 11545//196 1544//287
f 741//714 14799//714 14795//198
f 2374//752 9240//752 5641//910
f 12955//7 12756//6 8649//6
f 1240//33 1227//13 12679//13
f 12549//911 10091//533 447//533
f 4600//455 10296//442 14647//442
f 9888//685 12380//455 1961//455
f 12391//370 9897//74 1937//74
f 7367//378 7368//101 8173//101
f 12482//838 570//1016 8946//631
f 7424//5 13691//5 308//5
f 248//10 3504//10 13142//1
f 6037//56 13949//57 10907//57
f 10615//338 10616//589 9134//589
f 9165//7 13962//7 10667//10
f 1516//1 12714//1 12713//44
f 10733//1 10731//1 2244//1
f 10297//441 13174//325 11429//325
f 6990//72 9528//72 6404//9
f 13598//2 4902//2 14762//214
f 2350//8 5617//8 5616//14
f 1210//8 4480//8 4469//14
f 9036//8 12554//8 10111//14
f 12442//831 12443//59 12134//452
f 12134//452 2595//454 2594//1306
f 2593//830 11120//319 14147//319
f 12134//452 2594//1306 2593//830
f 2593//830 14147//319 12442//831
f 5258//33 7516//33 7515//13
f 13896//163 9192//164 7997//486
f 9100//8 12580//8 9107//15
f 12352//33 6861//33 6860//13
f 1413//6 8459//6 9659//7
f 8367//10 8355//956 4861//10
f 12128//912 9336//669 2621//669
f 14368//56 13602//17 4933//17
f 11650//7 8575//193 8577//6
f 12381//773 11050//802 1932//913
f 1648//234 12320//234 4923//570
f 4923//570 14073//24 8650//24
f 7119//4 12181//539 9465//5
f 3703//147 3702//682 410//682
f 9142//2 2797//2 12983//3
f 12783//50 5509//51 13234//51
f 13602//17 8607//13 4935//16
f 1622//44 1617//1 4893//1
f 12317//4 13590//4 8594//34
f 8491//7 12398//7 5108//10
f 10507//166 5553//437 2288//437
f 13159//8 10013//8 10012//14
f 5232//914 12355//915 1914//915
f 832//4 831//84 10130//34
f 1766//4 9731//4 6599//52
f 1198//14 4475//14 4474//6
f 1691//2 4978//2 4979//104
f 1536//197 1535//235 12253//235
f 340//14 13133//14 13131//6
f 9276//916 9275//150 2308//150
f 9086//14 14220//14 14219//6
f 12125//917 9311//464 2673//464
f 13194//86 9901//86 14769//332
f 10814//2 12235//2 13036//104
f 2574//484 2590//634 6805//634
f 6158//14 13022//6 10774//6
f 2965//33 6294//33 6293//57
f 4990//12 4989//382 8538//83
f 2923//12 13975//12 14216//13
f 14059//24 8527//24 8512//234
f 11644//18 12302//18 6606//13
f 2405//125 7809//920 7811//920
f 10388//83 1454//83 8417//83
f 9724//8 10377//8 10376//9
f 8548//5 12300//5 4997//2
f 6046//18 3268//18 3285//39
f 249//18 10395//40 6847//143
f 1899//1 1897//956 5176//10
f 7516//33 5258//33 5256//56
f 5533//795 12415//474 2249//474
f 14291//48 14282//560 1361//560
f 12952//8 9185//8 13969//14
f 6495//11 7057//11 6527//11
f 6527//11 12031//11 6503//11
f 6527//11 6503//11 6493//11
f 6495//11 6527//11 6493//11
f 6495//11 6493//11 9168//11
f 4992//11 10718//11 12030//11
f 6495//11 9168//11 6496//11
f 4992//11 12030//11 6495//11
f 14759//11 12301//11 4992//11
f 5077//11 14130//11 14759//11
f 9918//11 5077//11 14759//11
f 9918//11 14759//11 4992//11
f 9916//11 9918//11 4992//11
f 6495//11 6496//11 6489//11
f 9916//11 4992//11 6495//11
f 5069//11 9916//11 6495//11
f 6489//11 9171//11 3298//11
f 5069//11 6495//11 6489//11
f 6439//11 11600//11 5076//11
f 5076//11 5069//11 6489//11
f 6489//11 3298//11 12759//11
f 6489//11 12759//11 9509//11
f 9515//11 6439//11 5076//11
f 6433//11 9515//11 5076//11
f 6489//11 9509//11 6438//11
f 6433//11 5076//11 6489//11
f 6035//5 3283//5 7356//4
f 8673//33 7214//33 3470//57
f 10721//59 2767//59 2781//59
f 5987//6 13345//6 13343//14
f 12143//8 10817//8 3036//9
f 7103//38 12997//688 14035//44
f 9176//39 11260//39 13342//38
f 6023//44 8766//44 8765//1
f 812//7 4084//7 4083//1
f 9608//8 13034//8 12793//9
f 10679//18 13965//18 12211//13
f 355//104 8831//354 10951//2
f 314//12 3611//12 3612//13
f 10713//6 6520//7 2783//7
f 7176//52 7190//52 9614//5
f 13589//2 8587//3 4930//3
f 13814//2 1104//3 4361//3
f 8257//10 1222//7 4517//7
f 14654//2 4997//2 4994//104
f 13900//697 2619//697 2085//922
f 1034//2 11385//3 10243//3
f 8227//10 1236//7 4485//7
f 6575//11 9691//11 9703//11
f 9703//11 4646//11 9696//11
f 9696//11 8217//11 14048//11
f 14048//11 9693//475 6576//11
f 6576//11 6575//11 9703//11
f 9703//11 9696//11 14048//11
f 9932//877 5521//924 2107//924
f 11986//1 10148//1 10149//44
f 6514//906 10725//906 12980//13
f 14345//33 10949//33 8811//56
f 3175//8 12173//8 9420//15
f 13676//2 7393//2 7391//104
f 1762//9 14062//9 9719//27
f 9719//27 9718//8 13577//8
f 12172//1 3114//1 10775//10
f 901//4 10290//4 4161//52
f 13581//33 4952//33 4951//57
f 54//59 55//59 80//59
f 80//59 134//59 1//59
f 1//59 14400//59 12916//59
f 1//59 12916//59 3007//59
f 81//59 54//59 80//59
f 2798//122 10702//59 81//59
f 12968//59 2798//122 81//59
f 81//59 80//59 1//59
f 1//59 3007//59 2998//59
f 12968//59 81//59 1//59
f 12966//59 12968//59 1//59
f 2995//59 6909//59 2997//59
f 2997//59 899//59 894//59
f 2997//59 894//59 895//59
f 6912//59 2995//59 2997//59
f 6902//59 6912//59 2997//59
f 2997//59 895//59 896//59
f 2997//59 896//59 897//59
f 12920//185 6902//59 2997//59
f 12920//185 2997//59 897//59
f 12920//185 897//59 898//59
f 10631//46 12920//185 898//59
f 10631//46 898//59 905//59
f 3000//59 10631//46 905//59
f 3000//59 905//59 906//59
f 2999//59 3000//59 906//59
f 900//59 8990//59 902//59
f 906//59 900//59 902//59
f 902//59 13404//59 1105//59
f 902//59 1105//59 1110//59
f 2999//59 906//59 902//59
f 7026//59 12966//59 1//59
f 7027//1311 7026//59 1//59
f 902//59 1110//59 1111//59
f 902//59 1111//59 1103//59
f 2999//59 902//59 1103//59
f 2999//59 1103//59 1099//59
f 7035//59 7027//1311 1//59
f 2999//59 1099//59 1100//59
f 2999//59 1100//59 13397//59
f 2697//185 12761//59 2791//59
f 11270//59 2708//45 2697//185
f 11270//59 2697//185 2791//59
f 11270//59 2791//59 12982//59
f 11267//59 11270//59 12982//59
f 11267//59 12982//59 7036//59
f 11269//59 11267//59 7036//59
f 11269//59 7036//59 7033//59
f 11264//59 11269//59 7033//59
f 11264//59 7033//59 7035//59
f 11264//59 7035//59 1//59
f 2998//59 2999//59 13397//59
f 2998//59 13397//59 8045//59
f 7910//59 11264//59 1//59
f 2998//59 8045//59 8043//59
f 2679//59 7928//59 7926//59
f 2688//59 2679//59 7926//59
f 2688//59 7926//59 7931//59
f 13591//59 2688//59 7931//59
f 13591//59 7931//59 2676//59
f 2678//59 13591//59 2676//59
f 2678//59 2676//59 2677//1261
f 2681//59 2678//59 2677//1261
f 2681//59 2677//1261 11282//59
f 2692//47 2681//59 11282//59
f 2691//59 2692//47 11282//59
f 8751//59 2684//59 2690//59
f 8751//59 2690//59 2691//59
f 6571//59 1698//59 8751//59
f 6571//59 8751//59 2691//59
f 6571//59 2691//59 11282//59
f 6569//59 6571//59 11282//59
f 6569//59 11282//59 2716//59
f 1686//59 6569//59 2716//59
f 1688//59 1686//59 2716//59
f 8576//59 1688//59 2716//59
f 8576//59 2716//59 2717//59
f 1711//59 8576//59 2717//59
f 8757//59 74//59 8567//59
f 8558//59 8757//59 8567//59
f 8558//59 8567//59 1690//59
f 8556//59 8558//59 1690//59
f 8556//59 1690//59 11649//1250
f 1702//59 8556//59 11649//1250
f 14336//59 1682//185 1683//185
f 2735//59 49//59 14336//59
f 144//59 7574//59 2735//59
f 8701//59 8703//59 144//59
f 8723//185 8688//59 8701//59
f 8723//185 8701//59 144//59
f 144//59 2735//59 14336//59
f 14336//59 1683//185 1684//59
f 14336//59 1684//59 1701//59
f 8691//59 8723//185 144//59
f 8690//45 8691//59 144//59
f 14336//59 1701//59 1702//59
f 14336//59 1702//59 11649//1250
f 11712//59 8690//45 144//59
f 12734//59 10405//59 142//59
f 142//59 11712//59 144//59
f 14336//59 11649//1250 1709//59
f 12734//59 142//59 144//59
f 11258//59 12734//59 144//59
f 1107//59 1106//59 1075//59
f 1075//59 8065//59 8062//59
f 1075//59 8062//59 8064//59
f 1109//59 1107//59 1075//59
f 1108//46 1109//59 1075//59
f 1075//59 8064//59 8073//59
f 1075//59 8073//59 1082//59
f 8043//59 1108//46 1075//59
f 11259//59 11258//59 144//59
f 2726//59 11259//59 144//59
f 8043//59 1075//59 1082//59
f 8043//59 1082//59 1083//59
f 2728//59 13344//59 2731//59
f 2746//122 2728//59 2731//59
f 2746//122 2731//59 2727//59
f 7894//59 2746//122 2727//59
f 7894//59 2727//59 2726//59
f 7894//59 2726//59 144//59
f 2998//59 8043//59 1083//59
f 2998//59 1083//59 1088//59
f 7892//59 7894//59 144//59
f 2743//59 7892//59 144//59
f 2998//59 1088//59 1089//59
f 2998//59 1089//59 8067//59
f 2734//1312 10573//59 10574//59
f 11261//59 13334//59 2734//1312
f 2755//59 11261//59 2734//1312
f 2734//1312 10574//59 2741//59
f 2734//1312 2741//59 2744//59
f 2754//59 2755//59 2734//1312
f 2736//59 14552//59 2753//59
f 2753//59 2754//59 2734//1312
f 2734//1312 2744//59 2743//59
f 2998//59 8067//59 1091//59
f 2734//1312 2743//59 144//59
f 2736//59 2753//59 2734//1312
f 2788//59 2789//59 2751//59
f 10720//59 2788//59 2751//59
f 2736//59 2734//1312 144//59
f 7059//59 10720//59 2751//59
f 2785//59 7059//59 2751//59
f 2736//59 144//59 14336//59
f 2785//59 2751//59 2736//59
f 2784//59 2785//59 2736//59
f 8046//59 8047//59 8080//59
f 8046//59 8080//59 1093//59
f 1092//59 8046//59 1093//59
f 1092//59 1093//59 1069//59
f 1091//59 1092//59 1069//59
f 1091//59 1069//59 1070//59
f 2778//59 2784//59 2736//59
f 10711//59 2781//59 2779//59
f 2779//59 2778//59 2736//59
f 2998//59 1091//59 1070//59
f 2998//59 1070//59 1072//1193
f 7046//59 10711//59 2779//59
f 7044//59 7046//59 2779//59
f 2998//59 1072//1193 14575//59
f 14575//59 8022//59 1071//59
f 1071//59 6644//59 2909//59
f 1071//59 2909//59 10666//59
f 2998//59 14575//59 1071//59
f 7044//59 2779//59 2736//59
f 2772//59 7044//59 2736//59
f 2998//59 1071//59 10666//59
f 2998//59 10666//59 2904//59
f 2771//59 2772//59 2736//59
f 2770//59 2771//59 2736//59
f 2998//59 2904//59 12949//59
f 2998//59 12949//59 2911//59
f 2765//46 2770//59 2736//59
f 2764//59 2765//46 2736//59
f 2998//59 2911//59 6627//59
f 6627//59 2913//59 10676//59
f 6627//59 10676//59 62//59
f 1//59 2998//59 6627//59
f 6627//59 62//59 63//59
f 1//59 6627//59 63//59
f 1//59 63//59 2853//59
f 1//59 2853//59 7004//59
f 7910//59 1//59 7004//59
f 7018//59 10694//59 196//59
f 7910//59 7004//59 7018//59
f 7910//59 7018//59 196//59
f 196//59 12724//59 201//59
f 196//59 201//59 199//59
f 2711//59 7910//59 196//59
f 2710//59 2711//59 196//59
f 2710//59 196//59 199//59
f 11265//1183 2710//59 199//59
f 11265//1183 199//59 207//59
f 11265//1183 207//59 208//59
f 11265//1183 208//59 11684//59
f 2717//59 11265//1183 11684//59
f 2767//59 10721//59 2768//59
f 2767//59 2768//59 2769//59
f 2777//59 2767//59 2769//59
f 1736//59 10705//59 12976//59
f 1736//59 12976//59 2777//59
f 1730//59 1734//59 1731//59
f 1731//59 1736//59 2777//59
f 1731//59 2777//59 2769//59
f 1732//59 1730//59 1731//59
f 1731//59 2769//59 2766//59
f 1731//59 2766//59 2764//59
f 1731//59 2764//59 2736//59
f 205//59 8669//59 11383//59
f 1037//59 1031//59 204//59
f 205//59 11383//59 1037//59
f 11686//59 205//59 1037//59
f 204//59 2895//59 2896//185
f 11686//59 1037//59 204//59
f 1731//59 2736//59 14336//59
f 1732//59 1731//59 14336//59
f 1733//59 1732//59 14336//59
f 1727//185 1733//59 14336//59
f 1727//185 14336//59 1709//59
f 6555//59 1727//185 1709//59
f 8540//59 6555//59 1709//59
f 13572//45 8540//59 1709//59
f 8543//59 13572//45 1709//59
f 11629//59 8541//59 8543//59
f 11628//59 11629//59 8543//59
f 1722//59 11628//59 8543//59
f 1721//59 1722//59 8543//59
f 11646//59 1721//59 8543//59
f 1693//59 1723//59 1724//59
f 1693//59 1724//59 11646//59
f 1715//59 1714//59 1693//59
f 1715//59 1693//59 11646//59
f 11684//59 11686//59 204//59
f 11684//59 204//59 2896//185
f 11684//59 2896//185 2897//59
f 6637//59 6968//59 1195//59
f 2897//59 6637//59 1195//59
f 1195//59 10697//59 12956//59
f 1195//59 12956//59 12757//59
f 11684//59 2897//59 1195//59
f 11684//59 1195//59 12757//59
f 11684//59 12757//59 2836//59
f 11684//59 2836//59 2837//59
f 11684//59 2837//59 2840//59
f 11684//59 2840//59 7011//59
f 11684//59 7011//59 7021//59
f 2717//59 11684//59 7021//59
f 2717//59 7021//59 2838//59
f 1715//59 11646//59 8543//59
f 1718//59 1715//59 8543//59
f 1717//59 1718//59 8543//59
f 1716//59 1717//59 8543//59
f 1713//59 1716//59 8543//59
f 1712//59 1713//59 8543//59
f 1704//59 1712//59 8543//59
f 1706//185 1704//59 8543//59
f 1706//185 8543//59 1709//59
f 1707//59 1706//185 1709//59
f 1708//59 1707//59 1709//59
f 12964//59 1781//59 1687//59
f 2845//59 12964//59 1687//59
f 8589//59 1708//59 1709//59
f 8589//59 1709//59 1710//59
f 2839//59 2845//59 1687//59
f 1687//59 8589//59 1710//59
f 1711//59 2717//59 2838//59
f 2838//59 2839//59 1687//59
f 1687//59 1710//59 1711//59
f 11633//33 13578//13 5033//13
f 14687//252 688//1096 3943//925
f 3943//925 3947//11 10192//250
f 13445//4 944//34 4207//34
f 5210//489 5222//411 1915//411
f 12484//87 12483//88 8950//88
f 11685//314 11687//4 3452//4
f 7359//127 11764//127 467//192
f 12328//33 1615//33 1616//13
f 13863//148 13862//631 2402//355
f 6361//8 2942//8 2941//9
f 13553//8 9908//8 12411//15
f 11059//5 14100//5 14099//3
f 1792//72 12291//72 6712//234
f 8570//9 12318//9 12314//8
f 1788//5 8500//4 12731//4
f 6403//8 2886//8 2885//9
f 2824//34 6437//34 6436//34
f 9673//758 8422//926 1464//926
f 6369//10 2912//956 14433//7
f 6668//35 7392//35 7394//9
f 14649//8 14121//8 12399//14
f 10924//103 10925//164 413//164
f 5207//775 14347//407 13195//407
f 351//721 3604//721 10954//254
f 8513//214 5043//72 9716//234
f 2890//38 2889//44 6408//44
f 7605//34 5094//34 5084//4
f 12355//915 12354//927 1885//927
f 2787//586 2786//928 6525//928
f 2876//6 6402//6 9534//6
f 2066//3 5321//3 5326//2
f 12429//67 12431//886 2210//886
f 2841//12 6452//733 12201//16
f 3097//14 6216//14 6215//7
f 14735//930 5589//860 2313//861
f 2313//861 2329//59 2380//929
f 3073//72 6182//72 6181//9
f 2883//33 6398//33 6397//57
f 9142//2 7042//104 7034//104
f 2197//666 13077//666 10895//931
f 10895//931 2636//931 2204//5
f 10879//38 145//38 143//44
f 6700//3 3160//5 13933//5
f 9287//249 7929//249 2685//4
f 5283//733 12886//733 13157//18
f 2774//6 6522//120 6521//7
f 9887//684 9888//685 1968//685
f 1819//214 5074//72 9919//234
f 12926//8 9575//8 14748//14
f 11717//10 7219//10 7218//1
f 853//14 10111//14 4129//6
f 11800//33 7390//33 7388//56
f 11534//6 4847//6 14322//7
f 7580//35 7582//35 12365//9
f 9343//367 9341//208 2596//206
f 14121//8 14649//8 1839//9
f 8265//38 8258//44 4516//44
f 7509//44 7505//44 7507//44
f 14652//33 8485//13 9906//13
f 10995//3 12469//3 5333//3
f 12092//470 12091//222 2299//222
f 13589//2 4928//2 4927//104
f 13476//34 7723//34 14812//4
f 2934//2 2933//3 3300//3
f 11698//39 13053//39 7226//18
f 14123//763 14122//511 1945//511
f 1815//17 5071//17 5070//56
f 1384//512 14805//1268 14278//818
f 8352//35 8362//35 4774//9
f 1189//3 1188//5 11190//5
f 8497//104 5044//104 5043//72
f 10603//14 5341//14 10982//6
f 5482//671 12790//691 2227//691
f 6795//35 14715//35 14206//9
f 5699//381 7837//933 7835//933
f 4148//33 890//33 889//13
f 5974//4 2685//4 7927//34
f 11174//934 13854//1313 2479//935
f 13873//368 5613//662 2351//662
f 8707//1 14470//1 7223//44
f 8681//52 12728//52 13052//5
f 13064//11 7290//1290 6618//11
f 11//692 3345//11 13064//11
f 269//104 7447//104 7446//72
f 3170//104 13010//104 9414//72
f 5095//33 1849//33 7609//13
f 1888//5 5199//5 5198//2
f 5139//937 5162//614 1965//613
f 9281//114 9280//115 2285//115
f 12416//292 12418//293 2293//293
f 1620//56 1619//264 9808//264
f 1628//12 4873//12 4872//129
f 12592//167 12591//64 671//396
f 5237//33 1904//33 12906//13
f 6486//34 6485//34 2745//34
f 7024//10 6423//10 13959//1
f 13829//7 2739//7 13337//6
f 759//5 12586//5 12587//3
f 7307//104 7080//104 7079//2
f 4804//10 11513//956 8338//7
f 8372//12 4863//12 10436//13
f 11010//4 12358//4 12360//5
f 13689//44 7396//44 8478//44
f 14398//202 14399//2 3335//2
f 11157//938 10963//938 3585//796
f 3174//9 10763//72 9414//72
f 8311//494 14292//494 6839//13
f 1164//142 4399//142 4398//113
f 5853//401 9359//851 13392//851
f 12335//8 8365//8 8343//9
f 13565//295 11614//24 14771//24
f 1402//4 9682//4 8468//52
f 1531//52 4775//52 14017//5
f 14020//114 13533//114 1435//681
f 13897//11 5881//11 5825//11
f 5825//11 5826//11 5861//11
f 5861//11 5858//692 5856//11
f 5856//11 5857//475 5859//11
f 5859//11 5860//11 13899//11
f 5856//11 5859//11 13899//11
f 5825//11 5861//11 5856//11
f 5863//475 13897//11 5825//11
f 13839//692 5863//475 5825//11
f 5825//11 5856//11 13899//11
f 5825//11 13899//11 5829//11
f 13839//692 5825//11 5829//11
f 13839//692 5829//11 5892//11
f 11897//11 13839//692 5892//11
f 11897//11 5892//11 5893//11
f 9354//11 11897//11 5893//11
f 9354//11 5893//11 5894//11
f 5847//11 9354//11 5894//11
f 5847//11 5894//11 5895//11
f 5831//11 5847//11 5895//11
f 5830//11 5831//11 5895//11
f 13893//11 5830//11 5895//11
f 13893//11 5895//11 5884//1314
f 9360//11 5875//1284 5882//11
f 5882//11 5883//580 5852//11
f 5852//11 5369//11 5370//11
f 5370//11 5402//11 9982//475
f 5370//11 9982//475 9983//692
f 5882//11 5852//11 5370//11
f 9360//11 5882//11 5370//11
f 5370//11 9983//692 5420//11
f 9360//11 5370//11 5420//11
f 7992//11 9360//11 5420//11
f 7992//11 5420//11 5421//11
f 5889//11 7992//11 5421//11
f 5423//11 7728//11 5412//580
f 5889//11 5421//11 5423//11
f 5423//11 5412//580 5425//11
f 5423//11 5425//11 6757//692
f 5889//11 5423//11 6757//692
f 5889//11 6757//692 6756//11
f 5888//11 5889//11 6756//11
f 5888//11 6756//11 5371//11
f 5888//11 5371//11 5405//11
f 14146//11 5407//11 9976//11
f 5888//11 5405//11 14146//11
f 5888//11 14146//11 9976//11
f 9976//11 9977//11 5431//11
f 5431//11 5870//11 5868//11
f 5868//11 5869//11 5871//11
f 5431//11 5868//11 5871//11
f 5888//11 9976//11 5431//11
f 5888//11 5431//11 5871//11
f 5888//11 5871//11 9344//692
f 5886//11 5888//11 9344//692
f 5886//11 9344//692 5873//11
f 5885//11 5886//11 5873//11
f 5885//11 5873//11 5887//11
f 5884//1314 5885//11 5887//11
f 5884//1314 5887//11 5836//692
f 5884//1314 5836//692 5837//475
f 5884//1314 5837//475 5838//1315
f 5884//1314 5838//1315 3318//11
f 13893//11 5884//1314 3318//11
f 5832//11 5843//11 9349//11
f 9349//11 9350//11 5855//11
f 5855//11 5842//11 5416//11
f 5416//11 5452//1270 5451//11
f 5451//11 5450//11 5380//692
f 5416//11 5451//11 5380//692
f 9349//11 5855//11 5416//11
f 5832//11 9349//11 5416//11
f 5416//11 5380//692 5397//11
f 5832//11 5416//11 5397//11
f 5841//11 5832//11 5397//11
f 5841//11 5397//11 5398//11
f 5840//1316 5841//11 5398//11
f 5840//1316 5398//11 5399//11
f 9990//1300 10528//11 5377//11
f 7740//11 9990//1300 5377//11
f 4548//11 4584//11 4585//11
f 4585//11 5355//11 9999//11
f 9999//11 10538//692 7656//1285
f 7656//1285 4546//11 4601//11
f 4601//11 4599//11 7375//11
f 4601//11 7375//11 7374//11
f 9999//11 7656//1285 4601//11
f 4548//11 4585//11 9999//11
f 4547//11 4548//11 9999//11
f 9999//11 4601//11 7374//11
f 9999//11 7374//11 4543//11
f 4547//11 9999//11 4543//11
f 4547//11 4543//11 9825//11
f 4595//11 4547//11 9825//11
f 4556//11 11062//11 4554//475
f 4595//11 9825//11 4556//11
f 4577//11 4595//11 4556//11
f 4556//11 4554//475 4555//475
f 4556//11 4555//475 4557//475
f 4576//11 4577//11 4556//11
f 4583//11 4576//11 4556//11
f 4556//11 4557//475 4578//475
f 4556//11 4578//475 4579//11
f 4582//11 4583//11 4556//11
f 4582//11 4556//11 4579//11
f 4597//11 4592//11 4593//475
f 4582//11 4579//11 4597//11
f 4581//11 4582//11 4597//11
f 4597//11 4593//475 4594//11
f 4594//11 12677//475 12676//11
f 12676//11 10318//11 10316//11
f 10316//11 4542//11 5392//11
f 10316//11 5392//11 5393//11
f 4594//11 12676//11 10316//11
f 4581//11 4597//11 4594//11
f 5864//692 5865//1286 5833//11
f 5867//11 5866//11 5864//692
f 5919//11 5851//11 5867//11
f 5918//11 5919//11 5867//11
f 5867//11 5864//692 5833//11
f 5867//11 5833//11 5834//11
f 9320//11 5918//11 5867//11
f 6825//11 5907//692 9320//11
f 3770//11 3780//692 6824//11
f 6824//11 6825//11 9320//11
f 9320//11 5867//11 5834//11
f 9320//11 5834//11 5876//11
f 3770//11 6824//11 9320//11
f 3769//11 3770//11 9320//11
f 9320//11 5876//11 5877//475
f 9320//11 5877//475 9337//11
f 12494//11 3769//11 9320//11
f 12495//11 12494//11 9320//11
f 9320//11 9337//11 9339//1165
f 9320//11 9339//1165 5890//11
f 12490//11 12495//11 9320//11
f 12489//11 12490//11 9320//11
f 12489//11 9320//11 5890//11
f 10511//11 12489//11 5890//11
f 10511//11 5890//11 13893//11
f 10511//11 13893//11 3318//11
f 10511//11 3318//11 5827//11
f 10039//11 10511//11 5827//11
f 10038//11 10039//11 5827//11
f 5377//11 4581//11 4594//11
f 4594//11 10316//11 5393//11
f 4594//11 5393//11 13264//11
f 11870//624 3893//1287 3894//1271
f 3918//692 10014//11 11870//624
f 10030//11 13727//11 3918//692
f 3903//11 6809//11 10030//11
f 3903//11 10030//11 3918//692
f 3918//692 11870//624 3894//1271
f 3918//692 3894//1271 3920//11
f 3903//11 3918//692 3920//11
f 3903//11 3920//11 3919//11
f 3856//11 3903//11 3919//11
f 3856//11 3919//11 3862//11
f 3856//11 3862//11 10038//11
f 3321//11 8742//11 12843//11
f 14477//11 3321//11 12843//11
f 14477//11 12843//11 3892//11
f 3854//11 14477//11 3892//11
f 3854//11 3892//11 3856//11
f 3913//11 3854//11 3856//11
f 5377//11 4594//11 13264//11
f 5377//11 13264//11 5395//692
f 5377//11 5395//692 5396//11
f 5377//11 5396//11 9978//11
f 7740//11 5377//11 9978//11
f 7740//11 9978//11 5427//11
f 7740//11 5427//11 12439//11
f 7740//11 12439//11 5449//11
f 7740//11 5449//11 5448//11
f 7740//11 5448//11 5447//11
f 5399//11 7740//11 5447//11
f 5399//11 5447//11 5417//1270
f 5399//11 5417//1270 9973//11
f 3913//11 3856//11 10038//11
f 5365//725 12457//692 10315//11
f 5381//11 9938//11 12420//11
f 9974//475 5365//725 10315//11
f 9973//11 9974//475 10315//11
f 5381//11 12420//11 5537//11
f 5399//11 9973//11 10315//11
f 5840//1316 5399//11 10315//11
f 5381//11 5537//11 5538//11
f 5840//1316 10315//11 5381//11
f 5839//1165 5840//1316 5381//11
f 5381//11 5538//11 5539//11
f 5381//11 5539//11 5659//11
f 5839//1165 5381//11 5659//11
f 5658//11 5555//11 5572//11
f 9203//1270 5839//1165 5659//11
f 5658//11 5572//11 5573//11
f 5658//11 5573//11 5550//11
f 5658//11 5550//11 5549//1271
f 5658//11 5549//1271 5568//11
f 3761//11 12531//11 3763//11
f 10053//11 12853//11 3889//11
f 3889//11 3761//11 3763//11
f 3889//11 3763//11 3741//11
f 3825//11 10053//11 3889//11
f 3891//11 3825//11 3889//11
f 3889//11 3741//11 3740//11
f 3889//11 3740//11 12532//11
f 12486//11 3891//11 3889//11
f 3888//11 12486//11 3889//11
f 3889//11 12532//11 3851//11
f 3889//11 3851//11 3913//11
f 3885//580 3888//11 3889//11
f 3884//11 3885//580 3889//11
f 5536//11 5535//475 7650//11
f 5536//11 7650//11 5547//11
f 5574//11 5536//11 5547//11
f 5574//11 5547//11 5514//475
f 5571//11 5574//11 5514//475
f 5571//11 5514//475 5513//11
f 5570//11 5571//11 5513//11
f 5570//11 5513//11 4708//11
f 5569//11 5570//11 4708//11
f 5568//11 5569//11 4708//11
f 5658//11 5568//11 4708//11
f 3912//11 3911//1165 3910//692
f 12510//11 12508//11 3912//11
f 3908//11 3907//11 10040//11
f 10040//11 12510//11 3912//11
f 10040//11 3912//11 3910//692
f 3906//11 3908//11 10040//11
f 3881//11 3906//11 10040//11
f 10040//11 3910//692 3909//1295
f 10040//11 3909//1295 3884//11
f 8916//11 3881//11 10040//11
f 3878//11 3879//11 8916//11
f 3883//11 3878//11 8916//11
f 8916//11 10040//11 3884//11
f 4696//11 4714//475 4713//11
f 4713//11 4701//11 9668//11
f 9668//11 14033//11 9670//11
f 9670//11 9671//11 5504//11
f 5504//11 10513//692 9948//11
f 9948//11 4712//11 4699//11
f 4699//11 4715//11 4716//11
f 4716//11 4697//1165 4695//11
f 4699//11 4716//11 4695//11
f 5504//11 9948//11 4699//11
f 9668//11 9670//11 5504//11
f 4696//11 4713//11 9668//11
f 4696//11 9668//11 5504//11
f 5504//11 4699//11 4695//11
f 5504//11 4695//11 12273//11
f 4696//11 5504//11 12273//11
f 4673//11 4528//11 9680//11
f 4694//11 4696//11 12273//11
f 12273//11 4673//11 9680//11
f 12273//11 9680//11 8409//11
f 4694//11 12273//11 8409//11
f 4694//11 8409//11 14323//11
f 4725//11 4694//11 14323//11
f 4719//11 4722//11 8394//475
f 4725//11 14323//11 4719//11
f 4727//11 4725//11 4719//11
f 4719//11 8394//475 4735//11
f 4719//11 4735//11 4736//11
f 4729//11 4727//11 4719//11
f 4719//11 4736//11 4717//11
f 4719//11 4717//11 9660//11
f 4719//11 9660//11 9662//692
f 4719//11 9662//692 4726//11
f 4729//11 4719//11 4726//11
f 4729//11 4726//11 9664//11
f 4709//11 4729//11 9664//11
f 4730//11 4731//1284 4733//11
f 4709//11 9664//11 4730//11
f 4708//11 4709//11 4730//11
f 4730//11 4733//11 4732//11
f 4732//11 4689//11 12276//11
f 12276//11 4687//11 4688//11
f 12276//11 4688//11 5515//1165
f 4730//11 4732//11 12276//11
f 4708//11 4730//11 12276//11
f 12276//11 5515//1165 5516//11
f 4708//11 12276//11 5516//11
f 4708//11 5516//11 5522//692
f 4708//11 5522//692 5523//11
f 5658//11 4708//11 5523//11
f 5658//11 5523//11 5517//11
f 5658//11 5517//11 5518//11
f 5658//11 5518//11 5548//11
f 5658//11 5548//11 5561//11
f 5561//11 5560//11 10734//11
f 5524//11 5544//1270 5545//692
f 5561//11 10734//11 5524//11
f 5524//11 5545//692 5724//11
f 5724//11 5736//11 5735//11
f 5735//11 9204//11 9205//11
f 5683//11 5684//11 5685//11
f 5735//11 9205//11 5683//11
f 5524//11 5724//11 5735//11
f 8916//11 3884//11 3889//11
f 3882//11 3883//11 8916//11
f 3882//11 8916//11 3889//11
f 5524//11 5735//11 5683//11
f 5683//11 5685//11 5543//11
f 5543//11 5525//11 5526//11
f 5526//11 5542//1317 5541//11
f 5543//11 5526//11 5541//11
f 5524//11 5683//11 5543//11
f 3886//11 3882//11 3889//11
f 3887//11 3886//11 3889//11
f 5524//11 5543//11 5541//11
f 5524//11 5541//11 5530//11
f 10029//11 3887//11 3889//11
f 12488//11 3896//692 13736//11
f 3898//11 12488//11 13736//11
f 3822//11 3823//11 3898//11
f 14177//11 3857//692 3822//11
f 14177//11 3822//11 3898//11
f 14177//11 3898//11 13736//11
f 8939//11 14177//11 13736//11
f 8939//11 13736//11 10029//11
f 8939//11 10029//11 3889//11
f 5561//11 5524//11 5530//11
f 5561//11 5530//11 5529//11
f 5561//11 5529//11 5527//11
f 5534//11 12419//11 7667//11
f 5561//11 5527//11 5534//11
f 5561//11 5534//11 7667//11
f 7654//11 5729//11 5680//11
f 5561//11 7667//11 7654//11
f 5658//11 5561//11 7654//11
f 7654//11 5680//11 5672//11
f 7654//11 5672//11 5673//1274
f 5659//11 5658//11 7654//11
f 5659//11 7654//11 5673//1274
f 5659//11 5673//1274 5701//11
f 9203//1270 5659//11 5701//11
f 9203//1270 5701//11 5702//11
f 5827//11 9203//1270 5702//11
f 5827//11 5702//11 9215//11
f 3852//11 8939//11 3889//11
f 3915//11 3852//11 3889//11
f 10038//11 5827//11 9215//11
f 10038//11 9215//11 9216//11
f 3915//11 3889//11 3913//11
f 3914//11 3915//11 3913//11
f 10038//11 9216//11 5705//475
f 10038//11 5705//475 5706//11
f 3914//11 3913//11 10038//11
f 3861//11 3914//11 10038//11
f 10038//11 5706//11 8756//11
f 8756//11 12053//11 5711//11
f 8756//11 5711//11 12061//11
f 3860//11 3861//11 10038//11
f 3865//11 3860//11 10038//11
f 10038//11 8756//11 12061//11
f 10038//11 12061//11 12062//11
f 3867//692 3865//11 10038//11
f 3867//692 10038//11 12062//11
f 3867//692 12062//11 5695//11
f 10897//692 3867//692 5695//11
f 10897//692 5695//11 5744//475
f 8014//580 10897//692 5744//475
f 8014//580 5744//475 5745//11
f 3831//11 3832//1165 10057//11
f 8014//580 5745//11 5676//1318
f 8014//580 5676//1318 5723//11
f 3830//11 3831//11 10057//11
f 5722//11 5660//475 5662//11
f 5722//11 5662//11 8096//475
f 5723//11 5722//11 8096//475
f 5723//11 8096//475 9226//692
f 14179//11 3830//11 10057//11
f 3876//11 3875//11 14179//11
f 14380//11 3872//475 3876//11
f 14380//11 3876//11 14179//11
f 14380//11 14179//11 10057//11
f 12847//11 14380//11 10057//11
f 8014//580 5723//11 9226//692
f 8014//580 9226//692 5674//11
f 12847//11 10057//11 8014//580
f 12497//11 3847//11 3845//1319
f 12847//11 8014//580 5674//11
f 12497//11 3845//1319 12847//11
f 3844//11 12497//11 12847//11
f 12847//11 5674//11 8825//11
f 9225//11 5686//11 5687//11
f 3844//11 12847//11 8825//11
f 9225//11 5687//11 5689//11
f 3843//11 3844//11 8825//11
f 9225//11 5689//11 13851//11
f 3900//11 3843//11 8825//11
f 8825//11 9225//11 13851//11
f 8825//11 13851//11 5741//11
f 10023//11 3900//11 8825//11
f 3842//11 10023//11 8825//11
f 13654//11 7838//11 9201//11
f 13654//11 9201//11 9202//11
f 3841//11 3842//11 8825//11
f 3840//11 3841//11 8825//11
f 5741//11 13654//11 9202//11
f 5741//11 9202//11 5740//11
f 3828//1320 3840//11 8825//11
f 5741//11 5740//11 12045//11
f 5741//11 12045//11 12046//11
f 3859//11 3828//1320 8825//11
f 5741//11 12046//11 5746//11
f 5746//11 5747//692 5749//11
f 5749//11 9214//11 7806//11
f 5746//11 5749//11 7806//11
f 12506//11 12505//11 3859//11
f 12506//11 3859//11 8825//11
f 5741//11 5746//11 7806//11
f 8825//11 5741//11 7806//11
f 3931//11 12506//11 8825//11
f 8825//11 7806//11 9230//11
f 5671//11 5716//1284 5714//1165
f 3931//11 8825//11 9230//11
f 5671//11 5714//1165 11175//11
f 3931//11 9230//11 5671//11
f 3931//11 5671//11 11175//11
f 11175//11 5717//11 5718//11
f 9219//11 5691//11 3942//11
f 3931//11 11175//11 5718//11
f 5718//11 9219//11 3942//11
f 3942//11 4033//11 4021//11
f 3942//11 4021//11 13798//11
f 3931//11 5718//11 3942//11
f 3942//11 13798//11 10168//11
f 3942//11 10168//11 6823//11
f 6867//11 3971//11 14230//11
f 3959//11 6867//11 14230//11
f 10184//11 3959//11 14230//11
f 3984//11 10184//11 14230//11
f 12888//11 3984//11 14230//11
f 10493//11 3981//11 12888//11
f 10203//11 14233//11 10493//11
f 3937//11 3938//11 3940//11
f 10203//11 10493//11 12888//11
f 3929//11 3937//11 3940//11
f 10203//11 12888//11 14230//11
f 14170//11 3929//11 3940//11
f 3940//11 10203//11 14230//11
f 3940//11 14230//11 3966//11
f 3927//11 14170//11 3940//11
f 3939//11 3927//11 3940//11
f 3939//11 3940//11 3966//11
f 3975//11 3939//11 3966//11
f 4028//11 9118//11 4027//11
f 4027//11 6945//11 9593//11
f 9593//11 6274//11 5269//11
f 4029//11 4035//11 4036//692
f 9593//11 5269//11 4029//11
f 4028//11 4027//11 9593//11
f 4028//11 9593//11 4029//11
f 4029//11 4036//692 10599//11
f 4028//11 4029//11 10599//11
f 4030//11 4028//11 10599//11
f 4030//11 10599//11 4039//11
f 4038//11 4030//11 4039//11
f 4038//11 4039//11 4042//11
f 4040//11 4038//11 4042//11
f 4043//11 4044//11 3924//11
f 4040//11 4042//11 4043//11
f 4041//11 4040//11 4043//11
f 4043//11 3924//11 3944//11
f 3945//11 14235//11 10191//11
f 4043//11 3944//11 3945//11
f 4025//11 4041//11 4043//11
f 6823//11 4025//11 4043//11
f 4043//11 3945//11 10191//11
f 4043//11 10191//11 12604//11
f 3942//11 6823//11 4043//11
f 3975//11 3966//11 3931//11
f 3961//11 13723//11 3974//475
f 3961//11 3974//475 3975//11
f 3935//11 3961//11 3975//11
f 3942//11 4043//11 12604//11
f 3942//11 12604//11 3941//475
f 3935//11 3975//11 3931//11
f 3995//11 3949//11 8895//11
f 4009//11 3994//11 3995//11
f 3993//11 4008//1165 4009//11
f 3991//692 3993//11 4009//11
f 4009//11 3995//11 8895//11
f 3991//692 4009//11 8895//11
f 3990//11 3991//692 8895//11
f 4000//11 3990//11 8895//11
f 3965//624 3956//475 4002//11
f 4002//11 4000//11 8895//11
f 4004//11 3965//624 4002//11
f 10170//11 4004//11 4002//11
f 10169//11 10170//11 4002//11
f 3992//11 10169//11 4002//11
f 3992//11 4002//11 8895//11
f 11861//11 3997//11 3996//11
f 3996//11 3992//11 8895//11
f 11861//11 3996//11 8895//11
f 3950//11 3951//692 11861//11
f 3934//11 3950//11 11861//11
f 11861//11 8895//11 12776//11
f 3942//11 3941//475 3976//11
f 3942//11 3976//11 10181//11
f 3934//11 11861//11 12776//11
f 10174//11 3999//11 3936//11
f 3934//11 12776//11 8901//11
f 10173//11 10174//11 3936//11
f 3936//11 3934//11 8901//11
f 3942//11 10181//11 10183//1165
f 3942//11 10183//1165 10171//1271
f 3936//11 8901//11 3935//11
f 10179//692 10173//11 3936//11
f 10177//11 10179//692 3936//11
f 3936//11 3935//11 3931//11
f 3942//11 10171//1271 4006//11
f 4007//1270 3955//11 14802//624
f 3942//11 4006//11 4007//1270
f 10177//11 3936//11 3931//11
f 10190//692 10177//11 3931//11
f 3942//11 4007//1270 14802//624
f 3942//11 14802//624 4014//11
f 3969//11 10190//692 3931//11
f 8886//11 3969//11 3931//11
f 3931//11 3942//11 4014//11
f 2732//16 5977//16 10865//17
f 10865//17 149//17 147//895
f 13520//5 4790//5 10378//2
f 2519//18 5787//18 9374//13
f 7670//550 12096//1321 7634//654
f 14746//1 11761//1 10423//10
f 5624//682 5625//746 2346//746
f 12148//480 12150//275 2551//275
f 6869//1 6675//1 12348//38
f 232//10 3493//10 7466//1
f 14763//8 13156//8 11013//9
f 10464//15 7028//15 2794//27
f 4906//52 1657//1322 1656//52
f 14661//33 3481//33 7461//57
f 14515//538 14618//33 4850//33
f 9852//13 9851//27 14095//33
f 14095//33 11031//33 1982//83
f 1982//83 1974//13 9852//13
f 8678//18 7221//18 7224//13
f 847//3 12566//3 10127//2
f 12155//163 13907//164 2530//164
f 860//3 3327//3 14209//2
f 2749//39 6502//39 6501//18
f 1270//941 4635//451 12280//181
f 13869//260 5604//942 2324//942
f 2302//93 13813//93 5565//92
f 9843//34 13160//34 12890//57
f 14202//825 456//827 428//943
f 6692//104 7441//104 13137//72
f 8674//57 3470//57 3465//34
f 6542//52 2792//262 12981//4
f 12491//758 14379//926 14370//926
f 765//1 4023//1 13797//44
f 14405//944 10037//157 645//157
f 10068//682 12517//683 544//746
f 3415//15 138//15 14665//27
f 14555//18 6501//18 9160//13
f 3198//33 12178//33 7102//56
f 7487//2 5326//2 5328//72
f 1168//34 4407//34 4403//34
f 4566//11 10306//11 14160//11
f 14160//11 4569//11 4568//11
f 14160//11 4568//11 4565//11
f 14277//11 4566//11 14160//11
f 4572//11 12667//11 14277//11
f 4570//11 4571//11 4572//11
f 3324//11 8186//11 4538//11
f 4570//11 4572//11 14277//11
f 3324//11 4538//11 4570//11
f 3323//1323 3324//11 4570//11
f 4570//11 14277//11 14160//11
f 4570//11 14160//11 4565//11
f 4540//692 3323//1323 4570//11
f 4539//11 4540//692 4570//11
f 4570//11 4565//11 4588//11
f 4589//11 4539//11 4570//11
f 11013//9 1990//35 11023//35
f 919//6 4201//6 14267//7
f 3058//52 6250//52 6251//52
f 7123//33 9459//33 6075//56
f 7022//1 13959//1 12207//38
f 9258//945 10098//875 418//876
f 12440//373 7714//375 2147//947
f 12797//815 12503//27 3826//814
f 3826//814 10052//458 8951//460
f 12906//13 1853//593 5214//12
f 13104//364 13111//117 399//119
f 10013//8 13159//8 2041//9
f 12825//11 12315//11 14070//11
f 14070//11 8563//11 4946//11
f 14070//11 4946//11 4947//11
f 4981//11 4982//11 53//11
f 4963//11 4980//11 4981//11
f 14069//11 4963//11 4981//11
f 12825//11 14070//11 4947//11
f 12825//11 4947//11 4948//475
f 14069//11 4981//11 53//11
f 4970//11 14069//11 53//11
f 12825//11 4948//475 4969//692
f 4970//11 53//11 12825//11
f 2067//10 5327//10 5320//10
f 9846//13 14766//59 12349//948
f 12349//948 7530//33 2035//13
f 3863//949 14788//1106 8926//950
f 12081//823 13318//823 2328//732
f 2866//57 6385//57 6384//34
f 7305//7 150//7 32//626
f 4698//954 4700//59 9669//952
f 9669//952 1445//787 1444//1324
f 1449//953 1451//1119 4710//1119
f 9669//952 1444//1324 1449//953
f 1449//953 4710//1119 4698//954
f 6267//52 3019//52 3018//52
f 12170//659 1379//659 1358//204
f 1253//142 14810//592 12237//113
f 1625//104 1624//2 4894//2
f 3341//12 123//733 13631//18
f 10055//807 14181//226 2561//226
f 14782//4 10986//4 7482//34
f 6664//44 6666//44 12454//38
f 11778//769 13101//769 13098//60
f 7478//9 14780//9 14161//8
f 14161//8 2045//8 7477//27
f 9543//44 7165//44 3114//1
f 6955//2 6344//2 6345//104
f 3632//8 8820//8 6670//9
f 14163//33 7472//33 2048//13
f 1697//18 1685//39 4973//39
f 11364//7 4349//7 4352//10
f 7697//1 2186//1 2185//1
f 755//9 13803//72 14794//72
f 3041//6 6243//120 9385//7
f 352//955 341//956 13132//956
f 3355//38 8730//38 8729//1
f 13496//7 4393//7 4392//10
f 5874//957 2582//957 2627//564
f 13817//7 2801//7 2802//6
f 1763//59 13574//59 1224//59
f 1763//59 1224//59 1225//59
f 11618//59 8517//59 11615//59
f 11615//59 1763//59 1225//59
f 11615//59 1225//59 1226//59
f 1774//59 11618//59 11615//59
f 1773//59 1774//59 11615//59
f 11615//59 1226//59 1230//59
f 1230//59 11486//59 11470//59
f 1230//59 11470//59 11472//59
f 1773//59 11615//59 1230//59
f 1772//59 1773//59 1230//59
f 1772//59 1230//59 11472//59
f 1769//59 1772//59 11472//59
f 1769//59 11472//59 1249//59
f 1768//59 1769//59 1249//59
f 1768//59 1249//59 1244//59
f 1767//59 1768//59 1244//59
f 1767//59 1244//59 1245//59
f 36//59 1765//59 13566//59
f 1767//59 1245//59 8229//59
f 36//59 13566//59 1767//59
f 1556//59 8336//59 6786//59
f 1555//59 1556//59 6786//59
f 36//59 1767//59 8229//59
f 36//59 8229//59 1254//59
f 1554//59 1555//59 6786//59
f 1554//59 6786//59 36//59
f 1553//59 1554//59 36//59
f 1552//59 1553//59 36//59
f 1552//59 36//59 1254//59
f 1551//59 1552//59 1254//59
f 1551//59 1254//59 1252//59
f 8326//45 1551//59 1252//59
f 8326//45 1252//59 1250//59
f 8327//59 8326//45 1250//59
f 8327//59 1250//59 1585//185
f 9782//45 1592//59 1590//59
f 1590//59 8327//59 1585//185
f 8224//59 8228//59 11469//59
f 1590//59 1585//185 8224//59
f 1591//59 9782//45 1590//59
f 1589//59 1591//59 1590//59
f 1590//59 8224//59 11469//59
f 1590//59 11469//59 8236//59
f 11479//205 1589//59 1590//59
f 1251//45 11479//205 1590//59
f 1590//59 8236//59 8238//59
f 8238//59 1220//59 8269//59
f 8238//59 8269//59 12193//59
f 1251//45 1590//59 8238//59
f 1587//46 1251//45 8238//59
f 8238//59 12193//59 1239//121
f 8238//59 1239//121 1237//59
f 1586//59 1587//46 8238//59
f 1584//59 1586//59 8238//59
f 8238//59 1237//59 1581//1111
f 8238//59 1581//1111 1579//59
f 1583//59 1584//59 8238//59
f 1582//59 1583//59 8238//59
f 1582//59 8238//59 1579//59
f 1580//59 1582//59 1579//59
f 1580//59 1579//59 1561//59
f 1560//59 1580//59 1561//59
f 1560//59 1561//59 8341//59
f 1599//59 1560//59 8341//59
f 11525//59 14627//59 13514//59
f 1599//59 8341//59 11525//59
f 11522//59 1598//59 8321//59
f 8321//59 1599//59 11525//59
f 11525//59 13514//59 1570//59
f 7626//59 8342//59 13504//59
f 11525//59 1570//59 7626//59
f 11522//59 8321//59 11525//59
f 7626//59 13504//59 11515//59
f 11515//59 11522//59 11525//59
f 6523//8 2790//8 7054//837
f 10046//446 10024//420 11886//707
f 1988//625 9854//625 9853//721
f 5495//959 5496//59 12149//958
f 12149//958 12148//480 2536//939
f 2536//939 2215//227 5495//959
f 13250//201 12117//201 13889//960
f 8657//1 7466//1 8658//44
f 11517//8 14086//8 14084//14
f 5488//5 2224//5 11097//5
f 13580//6 5010//6 9733//7
f 14475//961 9316//219 7948//219
f 14109//258 12767//792 1856//794
f 14406//11 7431//11 7434//11
f 7434//11 7410//11 3571//1284
f 7434//11 3571//1284 10962//692
f 3568//11 14406//11 7434//11
f 951//39 4231//39 4230//18
f 12765//52 11829//4 10972//4
f 2526//97 13848//97 13904//179
f 4513//11 5039//11 5040//11
f 4503//11 5028//11 5029//11
f 4513//11 5040//11 4503//11
f 4512//11 4513//11 4503//11
f 4503//11 5029//11 5030//11
f 4512//11 4503//11 5030//11
f 12684//11 4512//11 5030//11
f 12684//11 5030//11 5022//11
f 4496//11 12684//11 5022//11
f 4494//11 4496//11 5022//11
f 11131//11 8251//11 4492//11
f 4492//11 4494//11 5022//11
f 8240//11 11131//11 4492//11
f 4495//11 8240//11 4492//11
f 10332//11 4495//11 4492//11
f 10332//11 4492//11 5022//11
f 10331//692 10332//11 5022//11
f 4501//11 10331//692 5022//11
f 4501//11 5022//11 5021//11
f 4484//11 4501//11 5021//11
f 5012//11 5013//11 14386//11
f 4484//11 5021//11 5012//11
f 4483//11 4484//11 5012//11
f 5012//11 14386//11 14387//11
f 14387//11 4499//11 8254//11
f 8254//11 4483//11 5012//11
f 14753//299 1492//301 1491//446
f 10172//588 4005//856 707//855
f 5942//513 11274//44 11268//44
f 561//3 10083//3 10085//2
f 9185//8 12952//8 2871//9
f 9550//4 2907//4 6648//57
f 797//52 10566//52 13079//5
f 3928//313 12837//551 697//551
f 6283//15 2943//15 2954//27
f 11393//13 1003//12 4276//12
f 14700//4 580//31 3827//34
f 10323//804 10322//464 13453//464
f 1190//72 7829//72 7830//9
f 5424//746 12445//123 7746//123
f 13507//2 9827//2 4839//104
f 14155//468 12455//377 7718//501
f 2442//87 13857//87 13856//88
f 9364//71 9370//1007 13278//963
f 13055//8 184//8 11700//9
f 1601//196 4846//196 14007//268
f 14030//11 4692//11 5520//11
f 5520//11 9941//1165 9939//692
f 14030//11 5520//11 9939//692
f 4684//11 4685//11 8439//11
f 8394//475 4722//11 4724//11
f 4724//11 4684//11 8439//11
f 14030//11 9939//692 5563//11
f 12269//475 8394//475 4724//11
f 4707//1165 12269//475 4724//11
f 5500//11 5501//1286 5502//11
f 5502//11 4678//11 4680//11
f 4680//11 4764//11 12938//11
f 4680//11 12938//11 6347//692
f 5500//11 5502//11 4680//11
f 5554//11 5500//11 4680//11
f 4680//11 6347//692 6348//11
f 4680//11 6348//11 6338//11
f 9274//692 5554//11 4680//11
f 9273//11 9274//692 4680//11
f 4680//11 6338//11 6339//11
f 4680//11 6339//11 6340//11
f 11520//1270 9273//11 4680//11
f 5575//11 11520//1270 4680//11
f 4680//11 6340//11 6341//11
f 6341//11 6349//11 7812//11
f 7812//11 5728//11 5576//11
f 6341//11 7812//11 5576//11
f 5575//11 4680//11 6341//11
f 5577//11 5575//11 6341//11
f 6341//11 5576//11 5556//11
f 6341//11 5556//11 12097//11
f 5567//11 5577//11 6341//11
f 5566//11 5567//11 6341//11
f 6341//11 12097//11 5559//11
f 5559//11 10734//11 5560//11
f 5559//11 5560//11 5558//11
f 5566//11 6341//11 5559//11
f 12095//1271 5566//11 5559//11
f 8419//11 12276//11 4689//11
f 4675//11 4704//11 4702//11
f 8419//11 4689//11 4675//11
f 8419//11 4675//11 4702//11
f 4702//11 4703//11 4705//11
f 8405//1300 4707//1165 4724//11
f 8419//11 4702//11 4705//11
f 4705//11 8405//1300 4724//11
f 5564//11 12095//1271 5559//11
f 8419//11 4705//11 4724//11
f 5564//11 5559//11 5558//11
f 5563//11 5564//11 5558//11
f 14030//11 5563//11 5558//11
f 14030//11 5558//11 4690//11
f 4734//11 8419//11 4724//11
f 8439//11 14030//11 4690//11
f 4690//11 4734//11 4724//11
f 748//5 12597//5 12479//2
f 888//2 10100//2 4143//104
f 13501//235 1593//104 4822//104
f 1409//38 12262//38 11581//39
f 9995//401 9994//767 11148//851
f 3053//44 6248//44 13996//38
f 12612//197 4353//196 9138//196
f 1095//287 8079//197 12612//197
f 9968//365 13472//964 1273//964
f 3179//38 10762//1 6066//1
f 1253//142 11478//133 14811//133
f 3149//6 7144//14 13928//14
f 10398//338 10397//589 9396//589
f 3587//33 327//33 326//13
f 6580//965 9698//450 14606//966
f 14137//967 12421//313 1441//313
f 5697//750 5739//176 2465//176
f 9700//252 13463//252 1269//968
f 6515//27 2780//27 2773//35
f 761//57 774//33 4032//33
f 12392//2 14018//2 4771//104
f 2869//33 6386//33 6385//57
f 4639//482 4645//178 1288//178
f 12790//691 5486//970 2226//970
f 14181//226 14180//971 616//971
f 7625//34 7627//34 4837//4
f 5181//742 5180//652 1850//652
f 8151//1 14252//1 4243//44
f 1005//10 8132//10 12907//1
f 14655//38 11617//44 11622//44
f 2175//63 14779//63 14777//383
f 5428//484 2155//484 2178//634
f 14051//270 14050//271 1264//817
f 8881//972 10089//935 470//935
f 14187//473 14188//1325 8984//684
f 9690//974 9422//975 1285//975
f 12189//2 3281//2 3283//5
f 1488//412 4720//770 4718//976
f 14421//52 12921//262 3001//4
f 3161//104 10766//104 12878//72
f 12445//123 9987//48 2156//48
f 2934//2 3299//2 7323//72
f 10737//12 10477//733 6687//18
f 9492//72 9491//27 7063//27
f 1401//56 1400//264 12277//264
f 10887//5 110//5 11751//4
f 13193//85 2212//524 5492//524
f 6858//8 5260//8 5263//14
f 4820//580 4821//11 4835//11
f 4836//11 14536//11 8245//11
f 4820//580 4835//11 4836//11
f 4508//692 4820//580 4836//11
f 4836//11 8245//11 11066//11
f 11066//11 4506//11 4510//11
f 4510//11 4508//692 4836//11
f 12662//523 12664//614 1360//613
f 1191//14 4469//14 4468//6
f 407//59 13667//59 8781//59
f 8781//59 11776//1251 8798//59
f 8798//59 11785//59 407//59
f 9886//659 7545//659 7548//204
f 10015//977 13726//978 13719//978
f 350//980 352//955 13125//955
f 5140//522 5139//937 1964//523
f 14279//909 4590//298 1388//298
f 5956//15 8667//15 13356//27
f 14031//982 4677//59 4676//981
f 4676//981 1468//591 1475//590
f 3358//56 3357//57 13637//57
f 1231//38 1234//44 4493//44
f 189//5 3417//5 3419//3
f 14171//985 3835//59 3829//983
f 3829//983 3930//1326 731//984
f 731//984 571//1015 14171//985
f 12894//630 12601//337 706//337
f 13120//162 10950//105 13696//107
f 2826//38 12454//38 6434//39
f 13838//903 13837//520 7945//520
f 8347//44 8349//44 4855//44
f 7727//986 14149//987 2149//987
f 13450//472 9826//472 4544//473
f 1405//35 10390//35 10392//9
f 3343//44 129//44 128//44
f 10270//9 4203//83 10269//8
f 10269//8 939//8 14596//9
f 13781//8 10120//8 10118//15
f 904//104 4160//104 13071//72
f 14037//691 4693//988 1463//988
f 2647//237 2646//372 6738//286
f 1818//104 5075//104 5074//72
f 8424//158 1484//347 14024//347
f 3385//27 13628//27 8714//35
f 13126//841 14510//511 1383//511
f 12824//4 11740//4 88//57
f 8551//9 4993//9 4991//27
f 4991//27 14064//8 13586//8
f 12672//612 12671//773 1326//773
f 8194//74 10302//74 14286//75
f 10576//502 10578//101 14702//101
f 12130//484 2630//484 2635//634
f 6535//34 6536//4 12981//4
f 2126//559 11134//49 9986//49
f 11981//4 9095//34 4037//34
f 11236//38 5591//38 9261//39
f 10773//104 6108//104 13935//72
f 12674//284 3325//285 1334//285
f 11533//7 14322//7 9621//10
f 5768//5 2524//5 7882//5
f 8818//6 10943//6 10940//7
f 13923//5 7158//5 14448//52
f 14384//746 12458//123 2138//123
f 1664//34 4917//34 4916//4
f 8516//104 8515//2 9736//2
f 9259//989 417//989 13662//339
f 13349//39 11271//39 2706//39
f 1165//13 11498//593 10370//12
f 14785//764 14786//495 624//495
f 13617//57 7235//57 12729//34
f 3105//72 12162//72 6209//9
f 7368//101 10299//146 1368//146
f 14652//33 5104//33 8481//56
f 6459//24 2848//24 2847//234
f 12525//597 12524//331 13751//331
f 5629//468 5628//377 2362//501
f 7326//6 11198//7 3290//7
f 14197//559 12529//736 8969//738
f 13244//991 14141//1002 2205//992
f 11890//59 606//59 618//59
f 618//59 11874//59 8925//59
f 8925//59 8941//59 11890//59
f 12548//993 10093//377 423//379
f 12362//994 5212//76 7585//76
f 9690//974 1287//177 1288//178
f 14488//996 13651//996 481//634
f 12267//320 14028//764 11582//764
f 10526//997 9985//640 2172//642
f 2342//12 5590//12 5608//13
f 764//10 4024//10 4023//1
f 12903//266 5200//266 5192//723
f 915//38 10278//38 4185//39
f 12023//10 12967//956 2801//7
f 1623//129 8323//12 9759//12
f 13067//34 11723//34 124//57
f 6275//104 2953//104 2952//104
f 14151//598 14150//597 2111//597
f 5406//99 14145//424 2150//146
f 1700//34 13643//57 4965//57
f 7100//4 6093//4 9444//52
f 3307//11 13089//11 6780//11
f 6779//11 10727//11 6018//11
f 6019//11 3307//11 6780//11
f 6780//11 6779//11 6018//11
f 5605//83 2323//83 11254//303
f 13906//484 5766//28 2508//28
f 14281//559 1339//559 1361//560
f 14153//998 7756//1327 7754//999
f 12401//1001 12400//325 11035//325
f 3083//14 12163//14 6201//6
f 12803//330 12804//318 2180//188
f 6057//18 3292//18 3293//38
f 6532//27 2794//27 2793//35
f 1857//196 5182//196 5178//14
f 6337//4 3001//4 6916//57
f 14141//1002 5454//1003 2203//1003
f 5621//1004 5622//1064 2355//1005
f 9369//1008 12144//1269 2236//525
f 2236//525 13278//963 9370//1007
f 9121//1 775//833 10164//7
f 5681//1 2395//1 2399//263
f 3074//18 6807//18 6808//13
f 12772//473 9887//684 1938//684
f 564//35 11901//35 10088//9
f 14198//165 10076//164 519//164
f 7201//7 9388//7 9387//1
f 2476//1009 5743//1009 5742//911
f 14193//384 14199//634 481//634
f 9253//680 13868//599 7887//601
f 14385//682 14384//746 2137//746
f 5664//528 5663//340 2416//340
f 3065//8 6258//8 7186//15
f 8965//330 13751//331 12524//331
f 183//45 12730//59 165//59
f 165//59 163//59 164//185
f 165//59 164//185 166//59
f 183//45 165//59 166//59
f 183//45 166//59 11696//59
f 182//47 183//45 11696//59
f 11697//59 172//59 168//59
f 182//47 11696//59 11697//59
f 14662//59 182//47 11697//59
f 168//59 169//59 167//59
f 168//59 167//59 173//59
f 177//59 14662//59 11697//59
f 179//59 177//59 11697//59
f 168//59 173//59 174//59
f 168//59 174//59 175//1250
f 181//59 179//59 11697//59
f 168//59 175//1250 181//59
f 13852//1010 14375//769 2252//769
f 10492//611 3982//1011 676//1011
f 8501//34 5062//34 12731//4
f 1162//343 4398//113 4397//52
f 2345//5 11230//4 8998//4
f 11775//126 5700//888 2420//380
f 5646//1013 12076//1014 11218//1014
f 5487//1 2222//1 13230//1
f 12482//838 14171//985 571//1015
f 2547//508 12142//508 12141//693
f 11935//7 4154//7 12552//10
f 178//1 7218//1 13054//44
f 5597//1017 5596//1018 2320//1018
f 5565//92 9272//397 7635//397
f 6928//10 10652//10 12231//1
f 4681//255 1439//255 1474//255
f 1981//10 6673//10 6675//1
f 7530//33 12349//948 11030//56
f 9096//18 766//39 4022//39
f 9896//75 14466//5 2216//5
f 3933//1020 670//1020 710//365
f 5696//1021 12059//191 7807//192
f 6731//195 10562//195 10564//671
f 9530//72 6715//98 6713//98
f 3055//6 6257//6 10339//7
f 13878//1023 5557//1024 14525//1024
f 5505//1 2264//1 2266//1
f 2963//59 2964//59 2921//59
f 2921//59 2948//59 2949//59
f 2291//59 14426//59 2963//59
f 2916//59 12937//59 2291//59
f 2917//59 2916//59 2291//59
f 2291//59 2963//59 2921//59
f 2928//59 2917//59 2291//59
f 2927//59 2928//59 2291//59
f 2927//59 2291//59 2921//59
f 2926//59 2927//59 2921//59
f 2926//59 2921//59 2949//59
f 2922//59 2926//59 2949//59
f 2922//59 2949//59 10638//59
f 2920//59 2922//59 10638//59
f 12927//59 61//59 1822//59
f 2920//59 10638//59 12927//59
f 14125//59 13512//59 1524//59
f 1524//59 2920//59 12927//59
f 1822//59 7506//59 2044//59
f 1524//59 12927//59 1822//59
f 14125//59 1524//59 1822//59
f 1822//59 2044//59 2049//59
f 2049//59 11003//59 1829//59
f 1829//59 12879//59 2061//59
f 1829//59 2061//59 2081//59
f 1822//59 2049//59 1829//59
f 1829//59 2081//59 7752//59
f 1511//59 12448//1111 1510//59
f 1508//59 1511//59 1510//59
f 1508//59 1510//59 1509//59
f 1507//59 1508//59 1509//59
f 1507//59 1509//59 11548//121
f 1506//59 1507//59 11548//121
f 1506//59 11548//121 11549//59
f 1502//59 1506//59 11549//59
f 1502//59 11549//59 1534//59
f 2901//59 8389//59 1501//59
f 1502//59 1534//59 14125//59
f 2901//59 1501//59 1502//59
f 2804//59 2815//59 2901//59
f 6677//59 2817//59 2804//59
f 12975//59 6677//59 2804//59
f 2901//59 1502//59 14125//59
f 2811//59 12975//59 2804//59
f 2901//59 14125//59 1822//59
f 2080//59 10601//59 7476//59
f 2080//59 7476//59 2068//59
f 7486//1328 2080//59 2068//59
f 7486//1328 2068//59 2069//59
f 7486//1328 2069//59 2070//59
f 2070//59 2050//59 12891//59
f 2070//59 12891//59 1983//59
f 2078//59 7486//1328 2070//59
f 2078//59 2070//59 1983//59
f 2078//59 1983//59 11032//59
f 2076//59 2078//59 11032//59
f 1978//59 10613//59 1979//59
f 2076//59 11032//59 1978//59
f 1978//59 1979//59 1977//59
f 1978//59 1977//59 2004//59
f 2076//59 1978//59 2004//59
f 2076//59 2004//59 2005//59
f 2076//59 2005//59 2006//59
f 2076//59 2006//59 2000//59
f 2075//59 2076//59 2000//59
f 2075//59 2000//59 1999//59
f 10994//59 2075//59 1999//59
f 10994//59 1999//59 1998//59
f 1996//59 1995//59 11014//59
f 1996//59 11014//59 2001//59
f 1996//59 2001//59 2002//59
f 1996//59 2002//59 2003//59
f 6863//59 1996//59 2003//59
f 6863//59 2003//59 2009//59
f 1998//59 6863//59 2009//59
f 2010//59 11026//59 7501//59
f 1998//59 2009//59 2010//59
f 1998//59 2010//59 7501//59
f 1998//59 7501//59 7503//59
f 10994//59 1998//59 7503//59
f 10994//59 7503//59 2028//59
f 2071//59 10994//59 2028//59
f 2071//59 2028//59 2007//59
f 2071//59 2007//59 2008//59
f 2071//59 2008//59 13161//59
f 6852//47 6853//59 2024//59
f 6852//47 2024//59 2022//45
f 2020//59 6852//47 2022//45
f 2020//59 2022//45 2029//59
f 2016//59 2018//59 1991//59
f 2016//59 1991//59 2017//59
f 2031//185 2016//59 2017//59
f 2031//185 2017//59 2015//59
f 2030//59 2031//185 2015//59
f 2030//59 2015//59 7491//59
f 2030//59 7491//59 7513//59
f 2030//59 7513//59 2042//59
f 2029//59 2030//59 2042//59
f 2032//59 7494//59 362//59
f 2042//59 2032//59 362//59
f 362//59 367//59 8815//59
f 362//59 8815//59 11803//59
f 2029//59 2042//59 362//59
f 2020//59 2029//59 362//59
f 362//59 11803//59 384//59
f 2020//59 362//59 384//59
f 2014//59 2020//59 384//59
f 2014//59 384//59 375//59
f 2014//59 375//59 376//59
f 2014//59 376//59 13674//59
f 2014//59 13674//59 380//59
f 2014//59 380//59 381//59
f 8819//59 371//59 10447//59
f 10447//59 364//59 785//59
f 10447//59 785//59 794//59
f 386//1329 8819//59 10447//59
f 385//59 386//1329 10447//59
f 10447//59 794//59 795//59
f 10447//59 795//59 789//59
f 385//59 10447//59 789//59
f 385//59 789//59 791//59
f 381//59 385//59 791//59
f 6812//59 6813//46 11987//59
f 381//59 791//59 6812//59
f 6812//59 11987//59 790//59
f 6812//59 790//59 14725//59
f 6812//59 14725//59 803//59
f 381//59 6812//59 803//59
f 381//59 803//59 804//59
f 381//59 804//59 805//59
f 2014//59 381//59 805//59
f 796//59 9073//59 12826//59
f 2014//59 805//59 796//59
f 2013//59 2014//59 796//59
f 12826//59 12827//59 6851//59
f 12826//59 6851//59 6849//59
f 2013//59 796//59 12826//59
f 13168//121 2013//59 12826//59
f 2055//59 2056//59 40//59
f 40//59 11067//59 11068//59
f 40//59 11068//59 1846//59
f 2054//59 2055//59 40//59
f 10984//59 2054//59 40//59
f 40//59 1846//59 1830//59
f 1827//59 1828//59 11601//59
f 10984//59 40//59 1830//59
f 1830//59 1827//59 11601//59
f 1830//59 11601//59 13556//59
f 10985//59 10984//59 1830//59
f 13152//59 10985//59 1830//59
f 13152//59 1830//59 13556//59
f 13149//59 13152//59 13556//59
f 13149//59 13556//59 1840//59
f 13168//121 12826//59 6849//59
f 13161//59 13168//121 6849//59
f 6849//59 13149//59 1840//59
f 2071//59 13161//59 6849//59
f 7753//59 2071//59 6849//59
f 7752//59 7753//59 6849//59
f 1829//59 7752//59 6849//59
f 1829//59 6849//59 1840//59
f 2808//59 7025//59 2805//59
f 2882//59 10445//59 2808//59
f 7030//59 10683//59 2881//59
f 2882//59 2808//59 2805//59
f 7030//59 2881//59 2882//59
f 2834//59 7030//59 2882//59
f 2882//59 2805//59 2806//59
f 2882//59 2806//59 2810//59
f 2833//59 2834//59 2882//59
f 7009//59 2833//59 2882//59
f 7009//59 2882//59 2810//59
f 6658//59 7009//59 2810//59
f 2830//59 6658//59 2810//59
f 2803//59 12970//59 2831//59
f 2831//59 2830//59 2810//59
f 2831//59 2810//59 2811//59
f 2736//59 2751//59 2803//59
f 2803//59 2831//59 2811//59
f 2803//59 2811//59 2804//59
f 14552//59 2736//59 2803//59
f 2750//59 14552//59 2803//59
f 2752//59 2750//59 2803//59
f 7901//59 2752//59 2803//59
f 7901//59 2803//59 2804//59
f 2758//45 7901//59 2804//59
f 2757//59 2758//45 2804//59
f 10716//59 2757//59 2804//59
f 10716//59 2804//59 2901//59
f 10715//59 10716//59 2901//59
f 1822//59 1829//59 1840//59
f 1822//59 1840//59 1820//59
f 2761//59 10715//59 2901//59
f 1822//59 1820//59 1821//59
f 1822//59 1821//59 1823//59
f 2901//59 1822//59 1823//59
f 2901//59 1823//59 11597//59
f 2734//1312 13334//59 2761//59
f 2901//59 11597//59 1825//59
f 2734//1312 2761//59 2901//59
f 10573//59 2734//1312 2901//59
f 8480//59 8494//59 10276//59
f 8480//59 10276//59 1833//59
f 1831//59 8480//59 1833//59
f 1831//59 1833//59 1847//59
f 1831//59 1847//59 1848//59
f 1848//59 7606//59 6786//59
f 6786//59 8336//59 1565//59
f 1565//59 1592//59 9782//45
f 1597//59 1598//59 11522//59
f 1565//59 9782//45 1597//59
f 1831//59 1848//59 6786//59
f 1824//59 1831//59 6786//59
f 6786//59 1565//59 1597//59
f 1597//59 11522//59 1603//59
f 1597//59 1603//59 1594//59
f 2738//59 10573//59 2901//59
f 2737//59 2738//59 2901//59
f 6786//59 1597//59 1594//59
f 6786//59 1594//59 1595//59
f 6786//59 1595//59 1596//59
f 6786//59 1596//59 1563//59
f 6786//59 1563//59 1564//59
f 6786//59 1564//59 1576//59
f 1824//59 6786//59 1576//59
f 1824//59 1576//59 1577//59
f 11263//59 2737//59 2901//59
f 2728//59 2746//122 7904//59
f 7904//59 11263//59 2901//59
f 1825//59 1824//59 1577//59
f 1825//59 1577//59 1578//59
f 2728//59 7904//59 2901//59
f 2729//59 13344//59 2728//59
f 1646//59 2724//59 2723//59
f 2729//59 2728//59 2901//59
f 1646//59 2723//59 2729//59
f 1647//59 11655//59 8634//59
f 1674//59 1647//59 8634//59
f 1825//59 1578//59 1568//59
f 12369//59 13504//59 8342//59
f 1825//59 1568//59 12369//59
f 1674//59 8634//59 8624//59
f 1673//59 1674//59 8624//59
f 1671//59 1673//59 8624//59
f 1670//59 1671//59 8624//59
f 1662//59 1670//59 8624//59
f 1662//59 8624//59 1646//59
f 12369//59 8342//59 11532//59
f 12369//59 11532//59 1575//59
f 1645//45 1662//59 1646//59
f 8606//59 1645//45 1646//59
f 12369//59 1575//59 8344//59
f 12369//59 8344//59 1567//59
f 8606//59 1646//59 2729//59
f 11654//59 8606//59 2729//59
f 1825//59 12369//59 1567//59
f 1825//59 1567//59 1538//59
f 11654//59 2729//59 2901//59
f 8614//59 11654//59 2901//59
f 1825//59 1538//59 1539//59
f 1825//59 1539//59 8364//59
f 8612//59 8614//59 2901//59
f 1640//59 8612//59 2901//59
f 1825//59 8364//59 8348//59
f 2901//59 1825//59 8348//59
f 1639//59 1640//59 2901//59
f 1677//59 13588//1166 8651//59
f 8651//59 1639//59 2901//59
f 2901//59 8348//59 1540//59
f 2901//59 1540//59 1547//59
f 1677//59 8651//59 2901//59
f 2901//59 1547//59 1545//59
f 1545//59 13514//59 14627//59
f 1545//59 14627//59 1546//59
f 34//59 10385//59 1665//59
f 8580//1330 8581//59 34//59
f 8621//59 8580//1330 34//59
f 34//59 1665//59 13600//59
f 34//59 13600//59 1654//59
f 8621//59 34//59 1654//59
f 8621//59 1654//59 1655//59
f 1652//45 8621//59 1655//59
f 1652//45 1655//59 1677//59
f 1661//59 1652//45 1677//59
f 1545//59 1546//59 1548//59
f 1545//59 1548//59 1549//1111
f 1661//59 1677//59 2901//59
f 36//59 13603//59 8602//59
f 8602//59 1661//59 2901//59
f 1545//59 1549//1111 8368//1241
f 2901//59 1545//59 8368//1241
f 36//59 8602//59 2901//59
f 1764//59 1765//59 36//59
f 1771//59 1764//59 36//59
f 2901//59 8368//1241 1229//59
f 1228//59 8269//59 1220//59
f 2901//59 1229//59 1228//59
f 1771//59 36//59 2901//59
f 1770//59 1771//59 2901//59
f 1228//59 1220//59 1221//59
f 1228//59 1221//59 11483//59
f 1755//59 1770//59 2901//59
f 8517//59 11618//59 11616//59
f 2901//59 1228//59 11483//59
f 1223//59 1224//59 13574//59
f 2901//59 11483//59 1223//59
f 8517//59 11616//59 1755//59
f 1760//59 8517//59 1755//59
f 2901//59 1223//59 13574//59
f 2901//59 13574//59 13575//1183
f 1758//59 1760//59 1755//59
f 1756//59 1758//59 1755//59
f 2901//59 13575//1183 6558//59
f 2901//59 6558//59 8554//59
f 11635//59 1756//59 1755//59
f 1753//59 11635//59 1755//59
f 2901//59 8554//59 11636//59
f 2901//59 11636//59 1752//59
f 1753//59 1755//59 2901//59
f 6579//281 6580//965 1306//867
f 3100//52 10788//52 13916//5
f 10595//38 2796//38 2795//44
f 2843//104 6456//104 6457//214
f 1832//34 5099//34 9913//4
f 1325//612 1360//613 12664//614
f 7259//18 8738//18 8737//38
f 5952//10 7938//956 7937//7
f 1238//6 4486//6 4485//7
f 2060//38 2065//44 14166//44
f 10054//1025 3890//1036 619//1026
f 10185//1027 3958//397 703//397
f 10502//185 612//59 610//59
f 610//59 14698//59 10509//185
f 2479//935 13854//1313 12069//894
f 13735//745 12487//70 13731//70
f 5738//534 5737//561 2468//563
f 6167//34 3125//34 3132//57
f 3076//33 9403//33 9402//57
f 10081//885 12520//1227 499//334
f 318//5 3584//5 3590//3
f 12523//754 12521//1331 509//802
f 537//804 12528//1332 12530//464
f 6749//1 9387//1 10845//44
f 1558//197 1562//716 4832//716
f 3824//1 586//1 583//1
f 2813//34 6419//34 14164//4
f 1084//4 12902//4 8077//52
f 6767//15 10404//15 148//27
f 12887//846 3980//409 678//409
f 12846//420 574//420 10520//1029
f 2500//10 5790//10 5789//1
f 237//5 236//52 3479//52
f 7805//1 7797//1 7841//1
f 1112//38 11324//38 12021//39
f 5704//1031 5703//1127 2443//390
f 8001//786 2564//11 11145//1032
f 11145//1032 14158//1333 12065//785
f 3834//5 597//5 598//150
f 13145//8 240//8 13609//9
f 260//57 3522//57 11837//84
f 1617//1 14078//10 13743//10
f 10075//572 14790//367 13748//367
f 13560//34 5047//34 5046//4
f 1074//2 12610//2 4337//104
f 9492//72 7062//72 14352//104
f 12533//1033 10079//844 477//844
f 5540//1035 13878//1023 13220//1023
f 3890//1036 12485//390 620//390
f 5720//162 8095//105 13300//105
f 244//1 3509//1 3508//44
f 5854//453 5853//401 2576//401
f 13030//52 10425//52 10427//5
f 5205//857 1892//857 2339//687
f 6764//502 6763//99 13273//101
f 10577//379 10576//502 542//502
f 3877//656 10034//315 653//315
f 8917//116 14231//116 3960//1037
f 3960//1037 12504//1334 579//1038
f 614//581 8917//116 3960//1037
f 846//4 845//34 11965//34
f 315//8 3613//8 6837//14
f 12433//1039 12430//66 2209//66
f 1073//3 4341//3 12610//2
f 9361//871 12128//912 2623//912
f 350//980 13123//980 13122//686
f 3953//386 14236//863 13725//136
f 3762//1042 12542//1335 6834//1040
f 6834//1040 8975//27 494//1336
f 493//1041 478//845 10080//845
f 6834//1040 494//1336 493//1041
f 493//1041 10080//845 3762//1042
f 12151//1043 13844//808 2517//810
f 12068//313 5669//551 2428//864
f 13692//1016 2403//1016 2402//355
f 13860//134 14732//317 2454//317
f 5678//128 5679//834 2424//836
f 8207//1044 9695//282 1300//282
f 10581//432 12514//62 12811//62
f 13451//290 4591//290 10310//291
f 7666//83 7665//83 2270//83
f 8306//196 10364//196 10366//213
f 13914//11 3923//11 4018//11
f 4019//11 13043//11 6226//11
f 6226//11 13914//11 4018//11
f 4900//83 1650//83 1676//12
f 9412//18 10784//18 3131//39
f 10311//597 12668//1074 1354//331
f 12985//59 992//59 7347//59
f 7347//59 10567//59 14391//59
f 14391//59 11757//46 10424//59
f 60//59 12985//59 7347//59
f 14391//59 10424//59 60//59
f 11487//38 1550//44 4860//44
f 4995//7 1728//7 1729//6
f 10572//835 10571//1073 461//1046
f 14040//588 12285//1308 14612//855
f 13850//690 5743//1009 2476//1009
f 12544//701 14200//943 428//943
f 11495//3 8286//5 10379//5
f 14172//1047 11869//1337 8904//1048
f 6158//14 7148//14 6714//840
f 11317//59 2586//59 2588//185
f 2588//185 2589//1338 2587//59
f 11320//59 11318//59 7994//45
f 2588//185 2587//59 11320//59
f 7982//59 11317//59 2588//185
f 11320//59 7994//45 7982//59
f 1407//33 10319//33 8192//56
f 13295//989 2451//339 12063//339
f 3917//1050 10015//977 659//979
f 11248//59 7869//59 13313//59
f 881//12 4151//12 4150//13
f 14786//495 14784//476 623//476
f 6828//147 10068//682 8962//682
f 326//13 325//18 13129//18
f 964//72 14261//72 14262//9
f 3582//795 14496//474 323//474
f 3097//14 13031//8 9399//8
f 6691//5 302//5 2490//5
f 4544//473 14806//684 11445//684
f 1826//38 5107//38 9907//18
f 9399//8 13031//8 3106//9
f 191//9 13058//9 3439//8
f 2082//33 12465//33 5338//57
f 11020//145 14509//7 12342//7
f 5917//1052 9319//530 7964//530
f 9459//33 7123//33 7124//13
f 9979//102 9989//163 2116//165
f 14755//293 14754//446 1491//446
f 9476//34 12850//34 3259//57
f 4723//470 9672//222 1482//222
f 1159//308 1158//38 10368//38
f 5385//1053 14158//1333 11145//1032
f 2026//254 5300//254 5286//2
f 9028//18 12659//18 12658//13
f 7556//59 12739//59 29//59
f 29//59 10551//185 92//59
f 92//59 48//1339 12826//59
f 12826//59 7163//59 10499//59
f 12826//59 10499//59 10501//59
f 29//59 92//59 12826//59
f 7557//59 7556//59 29//59
f 100//185 7557//59 29//59
f 12826//59 10501//59 13015//59
f 12826//59 13015//59 13026//59
f 97//59 100//185 29//59
f 98//59 97//59 29//59
f 29//59 12826//59 13026//59
f 29//59 13026//59 3119//59
f 99//59 98//59 29//59
f 99//59 29//59 3119//59
f 99//59 3119//59 3110//59
f 121//59 99//59 3110//59
f 121//59 3110//59 3111//59
f 120//59 121//59 3111//59
f 120//59 3111//59 3112//59
f 13630//59 120//59 3112//59
f 3113//59 13014//59 286//59
f 13630//59 3112//59 3113//59
f 118//59 13630//59 3113//59
f 3113//59 286//59 291//59
f 3113//59 291//59 275//59
f 3113//59 275//59 276//59
f 3113//59 276//59 292//59
f 118//59 3113//59 292//59
f 118//59 292//59 293//1200
f 11739//471 8726//471 85//185
f 85//185 118//59 293//1200
f 85//185 293//1200 294//59
f 11025//59 11739//471 85//185
f 14589//1203 104//59 105//59
f 14589//1203 105//59 11025//59
f 1068//59 14589//1203 11025//59
f 85//185 294//59 295//59
f 85//185 295//59 296//59
f 1068//59 11025//59 85//185
f 11359//59 1068//59 85//185
f 298//45 10479//59 8852//185
f 8854//59 284//59 1050//59
f 298//45 8852//185 8854//59
f 297//59 298//45 8854//59
f 8854//59 1050//59 1051//59
f 1051//59 14586//185 1061//1178
f 1051//59 1061//1178 1045//59
f 297//59 8854//59 1051//59
f 9141//59 11359//59 85//185
f 8071//59 9141//59 85//185
f 296//59 297//59 1051//59
f 296//59 1051//59 1045//59
f 1064//59 8071//59 85//185
f 1063//59 1064//59 85//185
f 296//59 1045//59 1046//59
f 1062//59 1063//59 85//185
f 296//59 1046//59 1062//59
f 10322//464 10312//596 1350//598
f 4003//451 4001//181 687//181
f 10929//858 8882//1063 469//1054
f 9930//712 9929//229 7660//229
f 10239//8 1067//8 1066//9
f 10321//648 1341//648 1387//190
f 14372//39 9406//39 6807//18
f 9665//1055 9663//315 10096//315
f 6271//18 3009//18 3016//39
f 1761//35 5027//35 14062//9
f 10927//128 10926//836 451//1056
f 474//28 10072//28 13650//1057
f 12470//18 2051//18 2052//38
f 8813//44 10942//44 10579//38
f 11416//2 12649//2 4205//104
f 8820//8 3632//8 10944//15
f 1542//7 12336//7 4854//10
f 5775//1059 5776//59 5597//1017
f 5597//1017 2319//1019 2312//1340
f 2495//1058 2503//1108 5773//1108
f 5597//1017 2312//1340 2495//1058
f 2495//1058 5773//1108 5775//1059
f 4643//714 4655//198 1317//198
f 12543//700 12544//701 427//701
f 13109//1 13385//1 397//1
f 760//34 761//57 4031//57
f 4013//289 4012//270 13812//270
f 389//35 10933//35 13107//9
f 8848//18 8849//143 7444//39
f 14474//1060 3855//1061 643//1061
f 4644//627 4643//714 14609//714
f 10063//327 10077//890 508//890
f 3756//11 3788//11 3787//11
f 3787//11 3785//11 3786//11
f 3786//11 3764//725 3766//11
f 3816//11 14186//11 3813//11
f 3786//11 3766//11 3816//11
f 3756//11 3787//11 3786//11
f 3806//11 3818//475 3756//11
f 3804//11 3805//11 3806//11
f 3817//11 3804//11 3806//11
f 3806//11 3756//11 3786//11
f 3786//11 3816//11 3813//11
f 3813//11 3814//1341 5750//11
f 5750//11 5751//475 5752//11
f 5752//11 5756//11 5755//11
f 5755//11 5754//1271 5753//692
f 5755//11 5753//692 3754//1270
f 5750//11 5752//11 5755//11
f 3786//11 3813//11 5750//11
f 3817//11 3806//11 3786//11
f 3791//11 3817//11 3786//11
f 3786//11 5750//11 5755//11
f 5755//11 3754//1270 3755//11
f 3789//475 3801//11 3802//11
f 3786//11 5755//11 3755//11
f 3755//11 3789//475 3802//11
f 3755//11 3802//11 3803//11
f 3791//11 3786//11 3755//11
f 3755//11 3803//11 3790//11
f 1844//2 13548//3 12405//3
f 7370//48 7369//560 524//560
f 1610//38 4876//38 4875//39
f 13105//1062 12861//516 463//516
f 9574//18 2975//18 2974//39
f 12050//858 5715//1063 2478//1063
f 5622//1064 13866//1065 13321//1065
f 9315//220 13892//461 2653//463
f 5647//1066 14735//930 2380//929
f 6810//1067 6717//1118 642//1068
f 2139//1070 2184//1140 10522//1071
f 9220//1072 5690//908 2482//908
f 12089//705 5646//1013 2384//1013
f 14194//383 14193//384 482//384
f 14189//440 12541//441 488//441
f 10042//114 12481//115 637//115
f 6061//15 3289//15 3288//27
f 2040//35 7493//35 14089//9
f 3068//10 6187//10 9404//1
f 12669//711 1374//711 1354//331
f 1600//593 4845//593 4851//13
f 12035//5 6483//3 2747//3
f 1143//264 10358//264 4424//56
f 3957//281 6814//867 711//868
f 6831//1 500//1 496//1
f 4913//15 4912//14 8622//14
f 10403//8 6856//8 6103//15
f 914//10 929//7 4188//7
f 10076//164 10074//439 520//439
f 1125//104 1124//2 10211//2
f 3322//1075 14474//1060 66//1060
f 9239//854 5647//1066 2379//1066
f 14132//582 2394//582 2250//5
f 987//6 12638//6 10251//7
f 883//44 4153//44 10105//38
f 11519//386 14726//136 2311//135
f 604//1076 616//971 14180//971
f 3871//1076 12501//480 8940//480
f 604//1076 14180//971 3871//1076
f 9474//5 14483//5 3260//52
f 745//14 10021//14 11322//7
f 1030//38 1029//44 13835//44
f 818//33 4095//33 4094//56
f 1518//39 1517//39 4765//39
f 11247//2 12086//2 5595//104
f 8135//4 14563//4 4254//52
f 10469//52 7432//52 3584//5
f 14201//472 14187//473 491//473
f 8555//44 1749//44 5036//44
f 828//18 10132//18 14210//13
f 13766//4 4183//4 4182//52
f 13853//574 5727//803 2446//803
f 5509//51 5508//1303 2241//806
f 10031//1077 3895//1069 642//1068
f 14399//2 11760//72 3336//72
f 842//12 11962//12 12562//13
f 12502//734 3902//735 587//735
f 647//678 3739//677 12533//1033
f 567//567 3838//566 8013//1082
f 629//1084 3864//1084 3863//949
f 657//1085 3905//1086 3904//1086
f 14196//596 12525//597 14709//990
f 615//1 3870//1 5824//1
f 2887//6 6416//6 13962//7
f 3083//14 3093//8 6203//8
f 14489//102 10924//103 415//103
f 4971//39 13593//39 1680//38
f 5692//835 9220//1072 2481//1073
f 11985//14 9104//8 10151//8
f 12478//434 10563//194 13733//194
f 3873//1088 3874//59 10032//880
f 10032//880 8943//787 605//1087
f 605//1087 603//1342 13730//183
f 13730//183 12842//1119 3873//1088
f 3873//1088 10032//880 605//1087
f 3866//1089 3864//1084 629//1084
f 10094//393 11788//1159 406//1091
f 5511//5 2267//5 11085//5
f 5823//5 2559//5 2558//5
f 1127//38 12614//38 8038//39
f 5531//479 5533//795 2248//795
f 921//44 4184//44 14272//38
f 13781//8 836//9 10145//9
f 12487//70 3897//71 13729//184
f 3948//595 662//594 668//595
f 1409//38 1408//44 14021//44
f 7900//8 9170//8 6494//213
f 335//782 7423//1343 7422//1092
f 5973//15 2686//15 13353//27
f 3869//1093 3868//514 568//514
f 2336//842 5759//842 13847//436
f 1725//39 5007//39 12302//18
f 5708//846 2400//847 2398//1094
f 5364//11 5382//1319 5383//11
f 5383//11 5384//11 5400//11
f 5400//11 5401//11 5851//11
f 5851//11 5919//11 5901//11
f 5851//11 5901//11 5902//11
f 5383//11 5400//11 5851//11
f 5364//11 5383//11 5851//11
f 5851//11 5902//11 5910//11
f 5851//11 5910//11 5911//475
f 14381//11 5364//11 5851//11
f 14382//11 14381//11 5851//11
f 5851//11 5911//475 5912//11
f 5851//11 5912//11 3315//475
f 5367//11 14382//11 5851//11
f 5367//11 5851//11 3315//475
f 14476//11 5915//692 5916//11
f 5367//11 3315//475 14476//11
f 5359//11 5367//11 14476//11
f 14476//11 5916//11 5898//11
f 5898//11 5914//11 5920//11
f 5920//11 10896//11 3314//11
f 3314//11 5469//11 5476//11
f 5476//11 9960//11 9959//11
f 5476//11 9959//11 5455//11
f 5920//11 3314//11 5476//11
f 14476//11 5898//11 5920//11
f 14476//11 5920//11 5476//11
f 14476//11 5476//11 5455//11
f 14476//11 5455//11 5471//11
f 5386//11 5408//11 5409//11
f 5374//11 9992//11 5386//11
f 5846//11 5826//11 5825//11
f 5845//11 5846//11 5825//11
f 5825//11 5374//11 5386//11
f 5825//11 5386//11 5409//11
f 6753//11 5845//11 5825//11
f 5435//11 12808//1344 6752//11
f 6753//11 5825//11 5409//11
f 5433//11 5435//11 6752//11
f 6752//11 6753//11 5409//11
f 6752//11 5409//11 5410//11
f 5432//11 5433//11 6752//11
f 5376//11 5434//11 5432//11
f 5376//11 5432//11 6752//11
f 6752//11 5410//11 5411//11
f 6752//11 5411//11 5444//11
f 7757//11 5376//11 6752//11
f 5446//11 7757//11 6752//11
f 5446//11 6752//11 5444//11
f 12436//11 5446//11 5444//11
f 12436//11 5444//11 10525//11
f 5443//11 12436//11 10525//11
f 5443//11 10525//11 5441//11
f 5439//11 5443//11 5441//11
f 5439//11 5441//11 5440//1165
f 5438//11 5439//11 5440//1165
f 5438//11 5440//1165 5389//1345
f 5438//11 5389//1345 5390//692
f 5412//580 7728//11 5414//1270
f 5377//11 10528//11 5388//11
f 5388//11 5412//580 5414//1270
f 5388//11 5414//1270 5415//11
f 10538//692 5377//11 5388//11
f 5360//692 7656//1285 10538//692
f 10538//692 5388//11 5415//11
f 10538//692 5415//11 5438//11
f 5360//692 10538//692 5438//11
f 5360//692 5438//11 5390//692
f 5353//11 14160//11 10306//11
f 5352//11 5353//11 10306//11
f 10306//11 5360//692 5390//692
f 10306//11 5390//692 5391//11
f 5352//11 10306//11 5391//11
f 5352//11 5391//11 5361//11
f 5358//11 5352//11 5361//11
f 5358//11 5361//11 5359//11
f 4526//1271 8186//11 3324//11
f 4564//11 4526//1271 3324//11
f 5926//11 5923//1270 5921//11
f 5921//11 5922//1165 5924//11
f 5921//11 5924//11 5896//11
f 5926//11 5921//11 5896//11
f 5926//11 5896//11 9323//475
f 9329//11 5926//11 9323//475
f 9329//11 9323//475 5909//1346
f 9329//11 5909//1346 5905//692
f 5906//11 5907//692 6825//11
f 5905//692 5906//11 6825//11
f 5905//692 6825//11 6830//11
f 9329//11 5905//692 6830//11
f 9329//11 6830//11 3799//11
f 5903//11 9329//11 3799//11
f 3800//11 3802//11 3801//11
f 5903//11 3799//11 3800//11
f 5904//11 5903//11 3800//11
f 3800//11 3801//11 3758//11
f 3800//11 3758//11 3759//692
f 9306//11 5904//11 3800//11
f 5932//11 9306//11 3800//11
f 3800//11 3759//692 3781//11
f 5932//11 3800//11 3781//11
f 5931//11 5932//11 3781//11
f 5931//11 3781//11 3651//11
f 5929//11 5931//11 3651//11
f 5929//11 3651//11 3652//11
f 5928//11 5929//11 3652//11
f 3654//11 7365//11 13669//11
f 4559//11 4558//11 4586//11
f 4650//11 4559//11 4586//11
f 4650//11 4586//11 4587//11
f 8208//11 14045//11 4636//11
f 4636//11 4650//11 4587//11
f 4636//11 4587//11 4562//11
f 4628//11 8208//11 4636//11
f 4627//11 4628//11 4636//11
f 4636//11 4562//11 4563//11
f 4636//11 4563//11 4564//11
f 4638//11 4627//11 4636//11
f 4637//11 4638//11 4636//11
f 3652//11 3654//11 13669//11
f 3652//11 13669//11 3680//11
f 3652//11 3680//11 3681//692
f 3652//11 3681//692 3656//1270
f 3652//11 3656//1270 3653//11
f 9697//11 4637//11 4636//11
f 14048//11 8217//11 4632//11
f 4632//11 9697//11 4636//11
f 3668//11 3691//692 3692//11
f 3692//11 3693//11 3710//11
f 3710//11 3709//11 3707//11
f 3707//11 3708//11 3682//11
f 3710//11 3707//11 3682//11
f 3668//11 3692//11 3710//11
f 3668//11 3710//11 3682//11
f 3668//11 3682//11 3666//11
f 13108//11 3668//11 3666//11
f 13108//11 3666//11 3667//11
f 13108//11 3667//11 3657//11
f 4641//11 14048//11 4632//11
f 4640//11 4641//11 4632//11
f 3701//11 12547//11 12550//475
f 3726//475 3729//11 3728//11
f 3701//11 12550//475 3726//475
f 3700//11 3701//11 3726//475
f 3726//475 3728//11 3727//11
f 3726//475 3727//11 13666//11
f 3700//11 3726//475 13666//11
f 3700//11 13666//11 3659//11
f 3699//11 3700//11 3659//11
f 3670//11 12545//1283 3712//692
f 3657//11 3699//11 3659//11
f 3670//11 3712//692 3711//692
f 3670//11 3711//692 3660//11
f 3670//11 3660//11 3649//475
f 3659//11 3670//11 3649//475
f 3659//11 3649//475 3650//1165
f 3659//11 3650//1165 3671//692
f 4634//475 4640//11 4632//11
f 4633//475 4634//475 4632//11
f 3697//11 11766//11 3695//11
f 3697//11 3695//11 3696//11
f 3686//11 3697//11 3696//11
f 3686//11 3696//11 3688//692
f 3684//11 3686//11 3688//692
f 3684//11 3688//692 3687//11
f 3683//11 3684//11 3687//11
f 3683//11 3687//11 3685//475
f 3672//1347 3683//11 3685//475
f 3672//1347 3685//475 14495//1270
f 3671//692 3672//1347 14495//1270
f 3671//692 14495//1270 3674//11
f 3671//692 3674//11 3751//475
f 4633//475 4632//11 4636//11
f 4653//11 4633//475 4636//11
f 3796//1270 3766//11 3764//725
f 3796//1270 3764//725 3765//1165
f 3795//475 3796//1270 3765//1165
f 3795//475 3765//1165 3767//692
f 3793//11 3795//475 3767//692
f 3793//11 3767//692 3794//11
f 3792//11 3793//11 3794//11
f 3792//11 3794//11 3752//11
f 3751//475 3792//11 3752//11
f 3751//475 3752//11 3753//475
f 3751//475 3753//475 3768//1348
f 3748//1349 3746//11 3821//11
f 3751//475 3768//1348 3748//1349
f 3671//692 3751//475 3748//1349
f 3748//1349 3821//11 3819//11
f 3819//11 3820//1271 3784//11
f 3748//1349 3819//11 3784//11
f 3659//11 3671//692 3748//1349
f 3748//1349 3784//11 3782//11
f 3748//1349 3782//11 3736//11
f 3779//475 3780//692 3770//11
f 3779//475 3770//11 3778//11
f 3737//11 3779//475 3778//11
f 3737//11 3778//11 3738//11
f 4652//11 4653//11 4636//11
f 4651//11 4652//11 4636//11
f 3736//11 3737//11 3738//11
f 3736//11 3738//11 3783//11
f 3736//11 3783//11 3797//11
f 3797//11 10060//11 3811//11
f 3811//11 3809//11 14183//475
f 3811//11 14183//475 3798//475
f 3736//11 3797//11 3811//11
f 3736//11 3811//11 3798//475
f 3747//11 3773//580 3771//11
f 3748//1349 3736//11 3798//475
f 3747//11 3771//11 3772//11
f 3748//1349 3798//475 3747//11
f 3748//1349 3747//11 3772//11
f 3772//11 3774//11 3775//11
f 3775//11 3777//11 3776//11
f 3775//11 3776//11 3749//11
f 4649//11 4651//11 4636//11
f 4648//11 4649//11 4636//11
f 3772//11 3775//11 3749//11
f 3748//1349 3772//11 3749//11
f 3748//1349 3749//11 3750//11
f 3760//11 12531//11 3761//11
f 3659//11 3748//1349 3750//11
f 3750//11 3760//11 3761//11
f 3750//11 3761//11 3742//11
f 3659//11 3750//11 3742//11
f 3659//11 3742//11 3743//11
f 3659//11 3743//11 3744//11
f 3659//11 3744//11 3745//11
f 3659//11 3745//11 8961//475
f 4648//11 4636//11 4564//11
f 4624//11 4648//11 4564//11
f 4623//11 4624//11 4564//11
f 4622//11 4623//11 4564//11
f 4622//11 4564//11 3324//11
f 4621//11 4622//11 3324//11
f 4621//11 3324//11 5358//11
f 4619//11 4620//11 4610//11
f 4610//11 4621//11 5358//11
f 3849//11 12853//11 10053//11
f 3850//11 14230//11 3971//11
f 3849//11 10053//11 3850//11
f 3730//11 3849//11 3850//11
f 3850//11 3971//11 12016//11
f 3850//11 12016//11 3973//11
f 3731//11 3730//11 3850//11
f 3731//11 3850//11 3973//11
f 3731//11 3973//11 3926//11
f 3733//11 3731//11 3926//11
f 3733//11 3926//11 3925//11
f 3732//1289 3733//11 3925//11
f 10087//11 3732//1289 3925//11
f 3922//11 3924//11 4044//11
f 3922//11 4044//11 4015//11
f 3921//11 3922//11 4015//11
f 3921//11 4015//11 4016//11
f 3921//11 4016//11 4017//11
f 4017//11 4018//11 3923//11
f 3923//11 13914//11 6228//11
f 3923//11 6228//11 10840//11
f 3921//11 4017//11 3923//11
f 3925//11 3921//11 3923//11
f 3923//11 10840//11 10846//11
f 3923//11 10846//11 6220//11
f 10087//11 3925//11 3923//11
f 10087//11 3923//11 6220//11
f 4619//11 4610//11 5358//11
f 7707//11 4618//1270 4619//11
f 5464//11 14140//11 7707//11
f 5462//11 5464//11 7707//11
f 7707//11 4619//11 5358//11
f 13911//11 13043//11 4019//11
f 13911//11 4019//11 10167//11
f 13911//11 10167//11 4034//11
f 4035//11 4029//11 5269//11
f 13911//11 4034//11 4035//11
f 13911//11 4035//11 5269//11
f 5269//11 5109//11 13555//11
f 5269//11 13555//11 5110//11
f 5269//11 5110//11 5111//11
f 5269//11 5111//11 5112//11
f 13911//11 5269//11 5112//11
f 7707//11 5358//11 5359//11
f 9967//11 5462//11 7707//11
f 9967//11 7707//11 5359//11
f 5089//11 5091//11 5090//11
f 5089//11 5090//11 5088//11
f 13551//11 5089//11 5088//11
f 13551//11 5088//11 5101//692
f 5097//11 13551//11 5101//692
f 5097//11 5101//692 5102//11
f 9967//11 5359//11 14476//11
f 5460//1350 9967//11 14476//11
f 5459//11 5460//1350 14476//11
f 5458//11 5459//11 14476//11
f 12434//11 5458//11 14476//11
f 5467//11 5468//11 5453//11
f 5453//11 12434//11 14476//11
f 5467//11 5453//11 14476//11
f 5472//11 5473//692 5467//11
f 5457//11 5466//11 5472//11
f 5456//11 5457//11 5472//11
f 5472//11 5467//11 14476//11
f 5472//11 14476//11 5471//11
f 5456//11 5472//11 5471//11
f 5456//11 5471//11 5470//11
f 4646//11 9703//11 9701//11
f 4609//11 4647//11 4646//11
f 4604//11 4608//475 4609//11
f 4626//11 4617//11 11474//11
f 4604//11 4609//11 4646//11
f 4625//11 4626//11 11474//11
f 4604//11 4646//11 9701//11
f 4616//692 4625//11 11474//11
f 4604//11 9701//11 4602//11
f 11465//11 4616//692 11474//11
f 4604//11 4602//11 4603//11
f 11474//11 4604//11 4603//11
f 5456//11 5470//11 9956//11
f 11474//11 4603//11 5456//11
f 11465//11 11474//11 5456//11
f 5456//11 9956//11 5928//11
f 5097//11 5102//11 14395//11
f 14395//11 5336//11 5337//692
f 14395//11 5337//692 5316//11
f 5112//11 5097//11 14395//11
f 14395//11 5316//11 5317//11
f 14395//11 5317//11 5318//11
f 11465//11 5456//11 5928//11
f 4613//11 9705//11 12289//11
f 12289//11 11465//11 5928//11
f 5112//11 14395//11 5318//11
f 5112//11 5318//11 5319//692
f 5112//11 5319//692 5312//11
f 5312//11 10008//11 12464//11
f 5312//11 12464//11 5339//11
f 12395//11 4613//11 12289//11
f 12382//11 9894//11 12395//11
f 5159//11 12382//11 12395//11
f 5112//11 5312//11 5339//11
f 5112//11 5339//11 5340//11
f 5112//11 5340//11 5314//11
f 5315//11 14167//11 6788//11
f 5112//11 5314//11 5315//11
f 5315//11 6788//11 5330//11
f 5315//11 5330//11 5331//11
f 5159//11 12395//11 12289//11
f 5129//11 5159//11 12289//11
f 5112//11 5315//11 5331//11
f 5112//11 5331//11 5344//11
f 5112//11 5344//11 5345//11
f 5112//11 5345//11 5346//11
f 5112//11 5346//11 5347//11
f 5112//11 5347//11 7508//11
f 13911//11 5112//11 7508//11
f 13911//11 7508//11 7500//11
f 13911//11 7500//11 5350//11
f 5351//11 5329//11 5268//11
f 13911//11 5350//11 5351//11
f 6224//11 13911//11 5351//11
f 5351//11 5268//11 5270//11
f 5351//11 5270//11 5271//11
f 5351//11 5271//11 9836//11
f 5351//11 9836//11 9837//11
f 6224//11 5351//11 9837//11
f 6224//11 9837//11 7529//11
f 6224//11 7529//11 5277//11
f 5274//11 5275//11 5240//11
f 6224//11 5277//11 5274//11
f 5274//11 5240//11 5279//11
f 5274//11 5279//11 5278//11
f 5274//11 5278//11 5309//11
f 5274//11 5309//11 5308//11
f 6224//11 5274//11 5308//11
f 6224//11 5308//11 5307//11
f 6224//11 5307//11 5310//11
f 5310//11 5311//11 13117//11
f 5310//11 13117//11 3637//11
f 5310//11 3637//11 3638//11
f 5310//11 3638//11 3639//11
f 6224//11 5310//11 3639//11
f 6224//11 3639//11 7395//11
f 7194//11 6224//11 7395//11
f 7194//11 7395//11 7397//11
f 6231//11 7194//11 7397//11
f 3642//11 3643//11 4065//11
f 6231//11 7397//11 3642//11
f 6231//11 3642//11 4065//11
f 6231//11 4065//11 4066//11
f 6231//11 4066//11 4067//11
f 6231//11 4067//11 4068//11
f 6231//11 4068//11 10139//11
f 6231//11 10139//11 10140//11
f 4063//11 4064//11 4053//11
f 4063//11 4053//11 4051//11
f 4054//11 4063//11 4051//11
f 4054//11 4051//11 14218//11
f 4052//11 4054//11 14218//11
f 4062//11 4056//11 3547//1351
f 4052//11 14218//11 4062//11
f 4050//11 4052//11 4062//11
f 3547//1351 13136//11 3545//11
f 10147//11 4050//11 4062//11
f 10146//11 10147//11 4062//11
f 3547//1351 3545//11 3546//11
f 10146//11 4062//11 3547//1351
f 4055//11 10146//11 3547//1351
f 3547//1351 3546//11 6587//11
f 3547//1351 6587//11 10969//11
f 4071//11 4055//11 3547//1351
f 10140//11 4071//11 3547//1351
f 3547//1351 10969//11 3549//11
f 5130//11 5129//11 12289//11
f 5131//11 5130//11 12289//11
f 3544//11 3525//11 3526//11
f 3544//11 3526//11 7443//11
f 3543//11 3544//11 7443//11
f 3543//11 7443//11 3542//11
f 3541//11 3543//11 3542//11
f 3541//11 3542//11 3538//11
f 8856//11 3541//11 3538//11
f 8856//11 3538//11 3537//692
f 10964//11 8856//11 3537//692
f 10964//11 3537//692 3528//1352
f 3553//11 10964//11 3528//1352
f 3553//11 3528//1352 3529//11
f 3524//11 7439//11 14392//11
f 10547//11 13068//475 11744//11
f 3523//11 3524//11 14392//11
f 3532//11 3523//11 14392//11
f 11727//11 13069//11 6777//11
f 6777//11 3376//11 3383//11
f 6777//11 3383//11 6610//11
f 3386//11 11727//11 6777//11
f 13063//11 3386//11 6777//11
f 6777//11 6610//11 10884//11
f 13063//11 6777//11 10884//11
f 3365//11 13063//11 10884//11
f 3365//11 10884//11 3387//11
f 3363//1286 3365//11 3387//11
f 3363//1286 3387//11 3364//475
f 11744//11 3363//1286 3364//475
f 11744//11 3364//475 3362//11
f 3532//11 14392//11 10547//11
f 3531//11 3532//11 10547//11
f 10547//11 11744//11 3362//11
f 10547//11 3362//11 3360//11
f 3530//11 3531//11 10547//11
f 3529//11 3530//11 10547//11
f 10547//11 3360//11 3359//11
f 10547//11 3359//11 3352//11
f 5138//11 5131//11 12289//11
f 5156//11 5157//11 5152//11
f 5152//11 5138//11 12289//11
f 3353//11 7285//11 3354//11
f 3354//11 4322//11 4323//11
f 3354//11 4323//11 6881//11
f 3352//11 3353//11 3354//11
f 5156//11 5152//11 12289//11
f 5121//11 5158//11 5156//11
f 9893//11 9898//11 5121//11
f 5143//11 5144//11 9893//11
f 5123//11 5143//11 9893//11
f 9893//11 5121//11 5156//11
f 10547//11 3352//11 3354//11
f 10547//11 3354//11 6881//11
f 9893//11 5156//11 12289//11
f 5123//11 9893//11 12289//11
f 10547//11 6881//11 6879//11
f 10547//11 6879//11 14415//11
f 5122//11 5123//11 12289//11
f 5151//11 5122//11 12289//11
f 10547//11 14415//11 4309//11
f 10547//11 4309//11 4310//11
f 5137//11 5151//11 12289//11
f 5136//11 5137//11 12289//11
f 3529//11 10547//11 4310//11
f 3529//11 4310//11 4311//11
f 3529//11 4311//11 4312//11
f 3529//11 4312//11 4307//11
f 3553//11 3529//11 4307//11
f 4308//11 12620//11 8086//11
f 3553//11 4307//11 4308//11
f 3552//11 3553//11 4308//11
f 4308//11 8086//11 4327//11
f 3552//11 4308//11 4327//11
f 3552//11 4327//11 4328//11
f 3552//11 4328//11 4329//11
f 3549//11 3552//11 4329//11
f 3549//11 4329//11 4332//11
f 3547//1351 3549//11 4332//11
f 3547//1351 4332//11 4331//11
f 5142//11 5136//11 12289//11
f 5125//11 5142//11 12289//11
f 4333//11 4334//11 5990//11
f 4333//11 5990//11 5991//11
f 4330//11 4333//11 5991//11
f 4330//11 5991//11 5997//11
f 4331//11 4330//11 5997//11
f 4331//11 5997//11 5998//11
f 3547//1351 4331//11 5998//11
f 3547//1351 5998//11 7070//11
f 5124//11 5125//11 12289//11
f 12835//11 11099//11 5477//11
f 5477//11 5124//11 12289//11
f 5996//11 14403//11 12737//11
f 12737//11 12736//11 7306//11
f 12737//11 7306//11 3309//692
f 5995//1353 5996//11 12737//11
f 12992//11 5995//1353 12737//11
f 12737//11 3309//692 3310//11
f 12737//11 3310//11 10558//11
f 12992//11 12737//11 10558//11
f 12992//11 10558//11 6003//692
f 5993//11 12992//11 6003//692
f 5993//11 6003//692 10740//11
f 7070//11 5993//11 10740//11
f 5477//11 12289//11 5928//11
f 12428//11 12835//11 5477//11
f 5485//11 12428//11 5477//11
f 7861//11 7863//11 6780//11
f 6780//11 13089//11 6010//11
f 6780//11 6010//11 6011//1270
f 6001//11 7861//11 6780//11
f 6006//11 6001//11 6780//11
f 6780//11 6011//1270 6012//11
f 6006//11 6780//11 6012//11
f 6005//1271 6006//11 6012//11
f 10740//11 6005//1271 6012//11
f 5485//11 5477//11 5928//11
f 5484//11 5485//11 5928//11
f 12197//11 10727//11 6779//11
f 6779//11 12820//11 4262//11
f 4262//11 6020//11 10919//475
f 6022//11 9484//11 4278//11
f 4262//11 10919//475 6022//11
f 12197//11 6779//11 4262//11
f 9490//11 12197//11 4262//11
f 4262//11 6022//11 4278//11
f 4278//11 4279//11 4277//11
f 4278//11 4277//11 11390//11
f 9488//11 9490//11 4262//11
f 4278//11 11390//11 4282//11
f 4278//11 4282//11 4283//11
f 6013//11 9488//11 4262//11
f 4262//11 4278//11 4283//11
f 4262//11 4283//11 8113//11
f 6012//11 6013//11 4262//11
f 10740//11 6012//11 4262//11
f 4262//11 8113//11 12629//11
f 4262//11 12629//11 4290//11
f 7070//11 10740//11 4262//11
f 4262//11 4290//11 4291//11
f 14591//11 10248//692 4272//11
f 4262//11 4291//11 14591//11
f 3316//11 5484//11 5928//11
f 3317//11 3316//11 5928//11
f 14591//11 4272//11 4289//11
f 14591//11 4289//11 4284//11
f 5930//11 3317//11 5928//11
f 5818//11 5930//11 5928//11
f 14591//11 4284//11 4285//11
f 4262//11 14591//11 4285//11
f 5818//11 5928//11 3652//11
f 5817//11 5818//11 3652//11
f 5817//11 3652//11 3653//11
f 5816//11 5817//11 3653//11
f 5816//11 3653//11 13108//11
f 8020//11 5816//11 13108//11
f 9365//11 8020//11 13108//11
f 5820//11 5819//692 9365//11
f 5806//11 5821//11 5820//11
f 5805//11 5807//11 5806//11
f 5814//11 5815//692 5805//11
f 5810//11 5814//11 5805//11
f 5805//11 5806//11 5820//11
f 5805//11 5820//11 9365//11
f 5810//11 5805//11 9365//11
f 5804//11 5810//11 9365//11
f 5804//11 9365//11 13108//11
f 5803//11 5804//11 13108//11
f 3669//11 5801//11 5802//11
f 5802//11 5803//11 13108//11
f 3669//11 5802//11 13108//11
f 3576//11 7787//11 3669//11
f 3577//11 3578//1271 3576//11
f 3575//11 7428//11 3577//11
f 3572//11 3573//11 3575//11
f 3574//11 3572//11 3575//11
f 3575//11 3577//11 3576//11
f 3576//11 3669//11 13108//11
f 3576//11 13108//11 3657//11
f 3574//11 3575//11 3576//11
f 3574//11 3576//11 3657//11
f 3574//11 3657//11 3659//11
f 3581//11 3574//11 3659//11
f 3581//11 3659//11 8961//475
f 3580//11 3581//11 8961//475
f 7425//11 3580//11 8961//475
f 3598//11 7425//11 8961//475
f 3592//11 13121//11 3595//11
f 3592//11 3595//11 3596//11
f 3592//11 3596//11 3597//11
f 3661//11 3592//11 3597//11
f 3661//11 3597//11 3598//11
f 3673//11 3661//11 3598//11
f 3673//11 3598//11 8961//475
f 7373//11 3673//11 8961//475
f 7371//11 7373//11 8961//475
f 3646//11 7371//11 8961//475
f 3646//11 8961//475 10087//11
f 3645//11 3646//11 10087//11
f 4262//11 4285//11 4286//11
f 4262//11 4286//11 4263//11
f 3644//11 3645//11 10087//11
f 3560//11 3644//11 10087//11
f 7070//11 4262//11 4263//11
f 7070//11 4263//11 4264//11
f 7070//11 4264//11 4267//11
f 3606//11 3605//11 3607//11
f 3608//11 3606//11 3607//11
f 3608//11 3607//11 3558//11
f 3609//11 3608//11 3558//11
f 3609//11 3558//11 3559//11
f 3562//1289 3609//11 3559//11
f 3562//1289 3559//11 3560//11
f 3561//11 3562//1289 3560//11
f 4270//11 8116//11 4206//11
f 4206//11 4236//11 4237//11
f 4206//11 4237//11 10264//11
f 4266//11 4270//11 4206//11
f 4266//11 4206//11 10264//11
f 4266//11 10264//11 10265//11
f 4233//11 7296//11 4235//11
f 4235//11 9417//11 6134//11
f 4235//11 6134//11 6135//11
f 4240//11 4233//11 4235//11
f 3556//11 3554//11 3555//11
f 4079//11 9059//11 3556//11
f 4078//11 4079//11 3556//11
f 3556//11 3555//11 10586//11
f 3556//11 10586//11 3561//11
f 4077//11 4078//11 3556//11
f 4077//11 3556//11 3561//11
f 4077//11 3561//11 3560//11
f 4076//11 4077//11 3560//11
f 10265//11 4240//11 4235//11
f 4235//11 6135//11 6142//11
f 4235//11 6142//11 7122//11
f 4076//11 3560//11 10087//11
f 4075//11 4076//11 10087//11
f 10265//11 4235//11 7122//11
f 10265//11 7122//11 9418//11
f 10265//11 9418//11 6145//11
f 10265//11 6145//11 6146//11
f 4266//11 10265//11 6146//11
f 4266//11 6146//11 6147//11
f 4266//11 6147//11 6144//11
f 4266//11 6144//11 6143//11
f 4266//11 6143//11 6138//11
f 6138//11 7115//11 3503//11
f 6138//11 3503//11 7445//11
f 6138//11 7445//11 3510//11
f 6138//11 3510//11 3511//692
f 6138//11 3511//692 3512//11
f 3513//11 3519//11 13140//11
f 4266//11 6138//11 3512//11
f 3513//11 13140//11 3505//11
f 4266//11 3512//11 3513//11
f 4265//11 4266//11 3513//11
f 3513//11 3505//11 3506//11
f 4265//11 3513//11 3506//11
f 4265//11 3506//11 3494//11
f 4265//11 3494//11 3498//11
f 4269//11 4265//11 3498//11
f 3499//11 3500//11 3489//11
f 4269//11 3498//11 3499//11
f 4268//11 4269//11 3499//11
f 3499//11 3489//11 8659//11
f 8659//11 3492//11 3486//11
f 3486//11 6994//11 4260//11
f 3486//11 4260//11 4261//11
f 3499//11 8659//11 3486//11
f 4268//11 3499//11 3486//11
f 4268//11 3486//11 4261//11
f 4074//11 4075//11 10087//11
f 4073//11 4074//11 10087//11
f 4267//11 4268//11 4261//11
f 4267//11 4261//11 4255//692
f 4089//11 12569//11 4090//11
f 4099//11 4089//11 4090//11
f 4099//11 4090//11 4091//11
f 4098//1289 4099//11 4091//11
f 4098//1289 4091//11 4092//11
f 4097//11 4098//1289 4092//11
f 3428//11 10134//11 9072//11
f 6207//11 9390//11 3428//11
f 6206//11 6207//11 3428//11
f 3428//11 9072//11 4097//11
f 3428//11 4097//11 4092//11
f 7162//725 6206//11 3428//11
f 3425//11 12161//11 6210//11
f 6210//11 7162//725 3428//11
f 3428//11 4092//11 4093//11
f 3425//11 6210//11 3428//11
f 3444//11 3445//11 3425//11
f 3426//11 3444//11 3425//11
f 4267//11 4255//692 4256//11
f 7070//11 4267//11 4256//11
f 7070//11 4256//11 4251//11
f 7070//11 4251//11 8144//11
f 7070//11 8144//11 4253//11
f 4253//11 12594//11 6132//11
f 4253//11 6132//11 6133//11
f 7228//11 3426//11 3425//11
f 3423//11 7228//11 3425//11
f 4253//11 6133//11 6127//11
f 6126//11 6122//11 3302//11
f 6126//11 3302//11 9435//11
f 6126//11 9435//11 12176//11
f 6127//11 6126//11 12176//11
f 6127//11 12176//11 7143//11
f 3423//11 3425//11 3428//11
f 3432//11 3423//11 3428//11
f 3431//11 3432//11 3428//11
f 3443//11 3431//11 3428//11
f 3443//11 3428//11 4093//11
f 3442//11 3443//11 4093//11
f 3442//11 4093//11 4072//11
f 3441//11 3442//11 4072//11
f 3433//11 3441//11 4072//11
f 3434//11 3433//11 4072//11
f 10859//11 3434//11 4072//11
f 3437//11 3446//11 10859//11
f 3435//11 3437//11 10859//11
f 3430//11 3435//11 10859//11
f 3429//11 3430//11 10859//11
f 3429//11 10859//11 4072//11
f 3427//11 3429//11 4072//11
f 3422//11 3427//11 4072//11
f 6844//11 3416//11 3421//11
f 3421//11 3422//11 4072//11
f 3421//11 4072//11 4073//11
f 4113//11 6844//11 3421//11
f 4112//11 4113//11 3421//11
f 3421//11 4073//11 10087//11
f 4253//11 6127//11 7143//11
f 6113//11 6112//11 9450//11
f 4253//11 7143//11 6113//11
f 4112//11 3421//11 10087//11
f 4107//11 4112//11 10087//11
f 6113//11 9450//11 9451//11
f 6113//11 9451//11 6089//11
f 4108//11 4107//11 10087//11
f 4105//11 4108//11 10087//11
f 6113//11 6089//11 6090//11
f 6113//11 6090//11 6091//11
f 4101//11 4105//11 10087//11
f 6113//11 6091//11 6085//11
f 4253//11 6113//11 6085//11
f 3472//11 4110//11 10128//11
f 6232//11 6233//11 3472//11
f 6235//11 6232//11 3472//11
f 3472//11 10128//11 10126//11
f 6235//11 3472//11 10126//11
f 6234//11 6235//11 10126//11
f 6234//11 10126//11 4103//11
f 6234//11 4103//11 4104//11
f 6234//11 4104//11 4100//11
f 6242//11 6234//11 4100//11
f 6242//11 4100//11 4101//11
f 6242//11 4101//11 10087//11
f 4253//11 6085//11 6084//11
f 4253//11 6084//11 6083//11
f 6241//11 6242//11 10087//11
f 6241//11 10087//11 6220//11
f 6240//11 6241//11 6220//11
f 6236//11 6240//11 6220//11
f 6236//11 6220//11 6221//11
f 6237//11 6236//11 6221//11
f 6237//11 6221//11 6229//11
f 6238//11 6237//11 6229//11
f 6238//11 6229//11 6230//11
f 6239//11 6238//11 6230//11
f 4253//11 6083//11 6082//11
f 4253//11 6082//11 6086//11
f 6245//11 6239//11 6230//11
f 6179//11 6244//11 6245//11
f 6180//11 9405//11 6179//11
f 6186//11 6180//11 6179//11
f 6179//11 6245//11 6230//11
f 7070//11 4253//11 6086//11
f 7070//11 6086//11 6087//1284
f 7070//11 6087//1284 6088//11
f 6078//11 7096//11 3311//11
f 7070//11 6088//11 6078//11
f 7070//11 6078//11 3311//11
f 3311//11 9458//11 6074//11
f 3311//11 6074//11 14445//11
f 3547//1351 7070//11 3311//11
f 6179//11 6230//11 6231//11
f 6185//11 6186//11 6179//11
f 6185//11 6179//11 6231//11
f 10140//11 3547//1351 3311//11
f 3311//11 14445//11 6069//11
f 6070//11 6071//11 9439//11
f 3311//11 6069//11 6070//11
f 6184//11 6185//11 6231//11
f 6175//11 6176//11 10426//11
f 10426//11 6184//11 6231//11
f 10140//11 3311//11 6070//11
f 6070//11 9439//11 6284//11
f 6175//11 10426//11 6231//11
f 10140//11 6070//11 6284//11
f 6175//11 6231//11 10140//11
f 13687//7 3641//7 3640//10
f 922//104 4189//104 14266//72
f 13796//10 4070//10 4069//1
f 9510//17 12969//17 2828//16
f 11983//104 11982//354 12581//2
f 11834//33 14502//33 3522//57
f 9076//12 4081//12 12565//13
f 5587//1095 9252//679 7874//679
f 811//120 4085//1189 4084//7
f 12603//174 3943//925 688//1096
f 10798//14 3078//8 6189//8
f 2118//695 2120//448 4541//448
f 4580//19 4545//59 4598//467
f 2118//695 4541//448 4580//19
f 4598//467 1392//469 1382//696
f 1382//696 2118//695 4580//19
f 10457//4 13113//4 10946//52
f 13008//35 6068//35 12180//9
f 8984//684 14188//1325 12515//349
f 14456//5 13916//5 7161//3
f 13549//59 11067//59 40//59
f 6786//59 7606//59 1843//59
f 13552//59 13549//59 40//59
f 6786//59 1843//59 13552//59
f 3096//7 6215//7 7166//10
f 14184//718 3815//851 532//851
f 932//3 4193//3 4177//2
f 6947//5 9582//5 12230//3
f 14052//174 12290//969 1269//968
f 4630//11 14045//11 8208//11
f 8208//11 9705//11 4613//11
f 4613//11 9686//11 4660//11
f 4613//11 4660//11 8235//11
f 4630//11 8208//11 4613//11
f 4631//11 4630//11 4613//11
f 4613//11 8235//11 4671//11
f 4613//11 4671//11 4672//475
f 4669//475 4631//11 4613//11
f 4670//11 4669//475 4613//11
f 4613//11 4672//475 4666//11
f 4670//11 4613//11 4666//11
f 4665//11 4670//11 4666//11
f 4665//11 4666//11 4667//11
f 8193//11 4665//11 4667//11
f 8193//11 4667//11 4668//11
f 4522//11 8193//11 4668//11
f 4527//11 4522//11 4668//11
f 4657//11 9685//11 4453//11
f 4453//11 12694//11 4459//11
f 4460//11 4461//11 5041//11
f 4657//11 4453//11 4459//11
f 4460//11 5041//11 5042//11
f 4656//11 4657//11 4459//11
f 4459//11 4460//11 5042//11
f 4445//11 8509//11 14126//11
f 4459//11 5042//11 4445//11
f 4664//692 4656//11 4459//11
f 4663//11 4664//692 4459//11
f 4459//11 4445//11 14126//11
f 5083//11 5072//11 4447//11
f 4459//11 14126//11 5083//11
f 5083//11 4447//11 4446//11
f 5083//11 4446//11 4444//11
f 4558//11 4559//11 4560//11
f 4554//475 11062//11 4558//11
f 4531//11 4554//475 4558//11
f 4558//11 4560//11 4561//11
f 4531//11 4558//11 4561//11
f 4553//11 4531//11 4561//11
f 4537//11 4553//11 4561//11
f 4536//11 4537//11 4561//11
f 4536//11 4561//11 4527//11
f 10324//11 4536//11 4527//11
f 10324//11 4527//11 4668//11
f 4529//11 10324//11 4668//11
f 4573//11 4574//11 4549//11
f 4532//11 4575//11 4573//11
f 5373//475 4534//11 4532//11
f 12457//692 5372//11 5373//475
f 4525//11 10315//11 12457//692
f 4524//11 4525//11 12457//692
f 12457//692 5373//475 4532//11
f 4532//11 4573//11 4549//11
f 4532//11 4549//11 4551//11
f 4524//11 12457//692 4532//11
f 9680//11 4528//11 4550//11
f 4550//11 4524//11 4532//11
f 4532//11 4551//11 4552//475
f 4532//11 4552//475 4529//11
f 9679//11 9680//11 4550//11
f 4550//11 4532//11 4529//11
f 4550//11 4529//11 4668//11
f 9679//11 4550//11 4668//11
f 9679//11 4668//11 4662//11
f 4758//11 9679//11 4662//11
f 4757//11 4758//11 4662//11
f 4756//11 4757//11 4662//11
f 4747//11 4756//11 4662//11
f 12256//11 4753//11 4754//11
f 4754//11 4747//11 4662//11
f 4754//11 4662//11 4663//11
f 4745//11 12256//11 4754//11
f 4755//11 4745//11 4754//11
f 4741//11 4755//11 4754//11
f 4741//11 4754//11 4663//11
f 4459//11 5083//11 4444//11
f 4459//11 4444//11 4451//11
f 4741//11 4663//11 4459//11
f 4740//11 4741//11 4459//11
f 4459//11 4451//11 4452//11
f 4459//11 4452//11 4454//11
f 4739//11 4740//11 4459//11
f 4738//11 4739//11 4459//11
f 4459//11 4454//11 4448//11
f 4738//11 4459//11 4448//11
f 4737//11 4738//11 4448//11
f 4737//11 4448//11 4449//475
f 4439//11 4744//11 4748//11
f 4748//11 4737//11 4449//475
f 4748//11 4449//475 4450//11
f 6394//11 6989//11 4439//11
f 4439//11 4748//11 4450//11
f 4439//11 4450//11 4437//11
f 9532//11 6394//11 4439//11
f 4443//11 13490//11 9532//11
f 4439//11 4437//11 4438//11
f 4438//11 4443//11 9532//11
f 3810//169 14182//409 8777//1098
f 5422//682 5424//746 2124//746
f 11911//503 5629//468 2361//468
f 4596//685 4600//455 1395//455
f 3978//344 3977//1354 709//345
f 12935//34 12939//34 13977//4
f 2925//33 13973//33 6346//56
f 343//6 3557//1189 12872//7
f 10196//312 3928//313 738//313
f 349//625 3603//625 3604//721
f 981//38 989//1 10250//1
f 14733//127 5678//128 11199//128
f 9971//892 14778//743 2167//743
f 3968//1044 14801//282 732//282
f 6990//72 2880//104 6400//104
f 9993//1099 5385//1053 2145//1053
f 7361//381 3665//933 414//933
f 14757//340 14137//967 1440//967
f 1466//526 12781//788 9673//758
f 1495//142 1494//133 4799//133
f 6706//18 7132//40 9436//143
f 13894//789 12127//239 14567//239
f 14117//604 12391//370 1939//370
f 14115//909 1950//820 13238//1
f 13238//1 9891//1 5147//1
f 3401//12 3393//83 158//83
f 13616//5 7215//5 6593//3
f 14114//291 12387//186 7539//186
f 5403//1101 14159//498 11139//498
f 12601//337 10615//338 727//338
f 4598//467 12660//468 8472//468
f 8848//18 14504//18 3535//13
f 14705//99 13865//424 2364//146
f 7575//5 12397//5 5113//3
f 1946//512 14124//1268 14118//818
f 391//695 13677//781 3663//1281
f 3675//695 3678//59 3723//467
f 391//695 3663//1281 3675//695
f 3723//467 439//469 441//696
f 441//696 391//695 3675//695
f 223//9 3477//9 3476//8
f 813//1 4083//1 4082//44
f 6265//72 3011//72 3020//2
f 11420//14 12642//14 4227//6
f 11799//35 7399//35 7398//9
f 10034//315 10035//412 573//839
f 1841//52 1842//4 5084//4
f 3998//646 10194//542 683//542
f 13017//34 13016//34 3109//57
f 1643//39 4939//39 4936//39
f 11830//33 13135//33 13143//57
f 8094//4 8084//34 4326//34
f 1672//1 4929//1 8625//44
f 11688//14 13050//14 3468//6
f 2942//8 6361//8 6355//15
f 10374//11 4390//11 4391//11
f 10374//11 4391//11 4347//11
f 4388//11 10374//11 4347//11
f 4388//11 4347//11 4348//11
f 4387//11 4388//11 4348//11
f 4387//11 4348//11 4354//11
f 4356//11 14239//11 4358//11
f 4357//11 10556//11 6373//11
f 4356//11 4358//11 4357//11
f 4355//11 4356//11 4357//11
f 4357//11 6373//11 6374//11
f 4357//11 6374//11 6375//11
f 4354//11 4355//11 4357//11
f 4354//11 4357//11 6375//11
f 4354//11 6375//11 6364//11
f 4387//11 4354//11 6364//11
f 6365//11 6971//11 3//11
f 4387//11 6364//11 6365//11
f 4386//11 4387//11 6365//11
f 8452//11 6534//11 6533//692
f 8452//11 6533//692 6537//11
f 4386//11 6365//11 3//11
f 4303//11 4385//11 4384//11
f 4384//11 4386//11 3//11
f 8452//11 6537//11 6538//11
f 6539//11 10465//11 6463//11
f 8452//11 6538//11 6539//11
f 4303//11 4384//11 3//11
f 4301//11 4302//11 4303//11
f 3462//11 14246//11 4299//11
f 4299//11 4301//11 4303//11
f 8452//11 6539//11 6463//11
f 6463//11 10693//11 6468//11
f 6469//11 3462//11 4299//11
f 6463//11 6468//11 6469//11
f 3//11 8452//11 6463//11
f 4299//11 4303//11 3//11
f 3//11 6463//11 6469//11
f 9975//432 5418//62 2134//62
f 9980//28 5426//29 2114//29
f 2958//14 14748//14 6288//6
f 14182//409 10059//1102 550//1102
f 12456//768 5419//244 2133//1103
f 5933//719 9305//321 2658//321
f 8928//114 576//681 3836//681
f 9886//659 5154//358 1960//358
f 1422//35 4746//35 10381//9
f 5288//52 2012//52 2011//52
f 1282//8 14039//8 4661//15
f 10918//12 7336//733 3257//18
f 5654//1104 5581//491 2369//493
f 1118//34 4378//34 4377//4
f 3658//1105 12543//700 13661//700
f 10033//526 12491//758 617//758
f 14788//1106 14168//1144 634//1107
f 5394//572 12447//367 2098//367
f 5771//801 5773//1108 2503//1108
f 10006//7 2023//7 2021//14
f 7426//229 3579//531 13703//531
f 3163//7 6140//7 6141//10
f 5503//734 5512//1109 2265//1109
f 1034//2 4292//2 6883//72
f 3085//104 6197//104 12165//72
f 11157//938 2527//232 3570//232
f 3091//72 12165//72 12164//9
f 5617//8 2350//8 2349//9
f 14232//329 3963//702 693//702
f 14488//996 3662//1176 460//28
f 1852//1 1851//956 5233//10
f 13988//6 10646//6 2983//6
f 5769//1 2496//1 2533//1
f 4867//11 4868//11 4453//11
f 4453//11 9685//11 9686//11
f 9686//11 4613//11 11662//11
f 4867//11 4453//11 9686//11
f 9883//556 5179//1113 1872//1110
f 10000//1 8462//1 2089//1
f 10011//6 13148//6 6850//6
f 227//18 226//40 3491//143
f 486//59 8982//45 8983//59
f 8983//59 12884//1253 502//59
f 502//59 13648//59 487//1111
f 487//1111 485//59 486//59
f 486//59 8983//59 502//59
f 5628//377 14704//502 7872//502
f 13792//1 4088//1 4080//44
f 1571//56 14127//33 10435//33
f 940//6 4217//6 14257//7
f 3757//1112 3808//11 3807//753
f 3807//753 13750//755 11909//584
f 10092//378 10921//99 8780//101
f 793//2 12573//2 4048//72
f 1873//1114 1872//1110 5179//1113
f 5179//1113 12362//994 1910//995
f 2870//72 14747//72 6390//9
f 1323//4 1322//34 4523//34
f 5418//62 14779//63 2175//63
f 12380//455 14112//440 12895//442
f 1478//14 4674//268 4686//759
f 8599//8 14760//8 4950//213
f 5299//44 2027//44 2025//44
f 14208//8 14720//8 9042//9
f 8266//264 12686//264 4511//56
f 14139//399 12435//1115 2201//1115
f 12446//635 10317//207 7744//449
f 12069//894 9231//444 2406//444
f 14148//1116 5413//1117 2148//1117
f 9498//83 2850//83 2849//12
f 13692//1016 12098//590 2404//590
f 6717//1118 6810//1067 12492//904
f 14032//838 1436//838 2239//355
f 14190//993 10577//379 541//501
f 4711//71 4710//1119 1451//1119
f 5375//1120 12437//1167 2171//1121
f 13597//6 4955//6 4954//6
f 5553//437 5552//64 2289//64
f 12661//59 1793//59 1195//59
f 1195//59 11488//59 1196//59
f 1195//59 1196//59 1207//59
f 8526//59 12661//59 1195//59
f 1775//59 8526//59 1195//59
f 1195//59 1207//59 1201//59
f 1775//59 1195//59 1201//59
f 1777//59 1775//59 1201//59
f 1777//59 1201//59 1202//59
f 1799//59 1777//59 1202//59
f 1799//59 1202//59 8285//59
f 1800//59 1799//59 8285//59
f 1800//59 8285//59 1204//59
f 1800//59 1204//59 1205//59
f 1208//59 11494//59 8280//59
f 1800//59 1205//59 1208//59
f 1208//59 8280//59 1200//59
f 1208//59 1200//59 1206//59
f 1208//59 1206//59 1211//59
f 1800//59 1208//59 1211//59
f 1800//59 1211//59 1212//59
f 1800//59 1212//59 1213//59
f 1803//59 1800//59 1213//59
f 1803//59 1213//59 1214//59
f 1802//59 1803//59 1214//59
f 1802//59 1214//59 1217//59
f 1802//59 1217//59 1216//59
f 1216//59 13480//59 1177//59
f 1177//59 11503//59 1179//59
f 1177//59 1179//59 1180//59
f 1802//59 1216//59 1177//59
f 1802//59 1177//59 1180//59
f 1802//59 1180//59 1184//59
f 1801//59 1802//59 1184//59
f 75//59 8753//59 1807//59
f 1801//59 1184//59 75//59
f 75//59 1807//59 1808//59
f 75//59 1808//59 1809//59
f 1801//59 75//59 1809//59
f 1801//59 1809//59 8507//59
f 1798//59 1801//59 8507//59
f 1798//59 8507//59 1811//59
f 1797//59 1798//59 1811//59
f 1797//59 1811//59 1806//59
f 1797//59 1806//59 1805//59
f 1797//59 1805//59 1804//59
f 1797//59 1804//59 11610//59
f 1816//59 13563//59 1814//59
f 11610//59 1816//59 1814//59
f 1736//59 1731//59 1734//59
f 11610//59 1814//59 1736//59
f 1797//59 11610//59 1736//59
f 1736//59 1734//59 1735//45
f 1737//59 8541//59 11629//59
f 1736//59 1735//45 1737//59
f 1796//122 1797//59 1736//59
f 1737//59 11629//59 1745//59
f 1736//59 1737//59 1745//59
f 1736//59 1745//59 1746//59
f 1736//59 1746//59 1741//59
f 1736//59 1741//59 1742//59
f 1736//59 1742//59 1743//59
f 1796//122 1736//59 1743//59
f 1796//122 1743//59 1720//59
f 1795//59 1796//122 1720//59
f 1719//59 1723//59 1693//59
f 1795//59 1720//59 1719//59
f 11605//59 1789//59 1786//59
f 1795//59 1719//59 1693//59
f 11605//59 1786//59 1795//59
f 1790//59 11605//59 1795//59
f 1693//59 1714//59 1694//185
f 1790//59 1795//59 1693//59
f 1791//59 1790//59 1693//59
f 1693//59 1694//185 1695//59
f 1695//59 8589//59 1687//59
f 1687//59 1781//59 1785//59
f 1785//59 1791//59 1693//59
f 1693//59 1695//59 1687//59
f 9657//51 4728//1355 1459//806
f 324//57 3586//57 3569//34
f 7124//13 10761//12 12998//12
f 1535//235 13513//1299 12252//369
f 11648//5 4968//5 4978//2
f 1618//5 4892//5 4894//2
f 2891//39 2890//38 6409//38
f 9212//117 12064//118 2450//118
f 5732//1123 5731//393 13305//393
f 3846//292 10047//293 591//293
f 5552//64 5551//65 2310//65
f 588//877 3853//877 10560//865
f 9207//639 13852//1010 2452//1010
f 3067//1 9404//1 6178//44
f 5675//5 7816//5 11202//5
f 3385//27 3384//15 6608//15
f 14149//987 14143//457 13270//457
f 5742//911 12044//533 7803//533
f 12541//441 12538//325 489//325
f 788//39 10150//39 14221//18
f 8070//35 6880//35 4324//9
f 4910//44 4925//1356 1675//44
f 13855//843 2438//843 69//1124
f 14038//528 14757//340 1442//340
f 5946//3 5945//2 11287//2
f 5936//431 2715//431 7930//283
f 3136//1 6118//1 6117//44
f 10782//733 10500//733 3115//18
f 10549//13 26//1357 25//83
f 22//83 10544//59 10543//59
f 30//13 10549//13 25//83
f 22//83 10543//59 16//1358
f 30//13 25//83 22//83
f 24//1358 27//83 28//895
f 28//895 30//13 22//83
f 16//1358 14//27 12//83
f 28//895 22//83 16//1358
f 21//83 23//1359 24//1358
f 24//1358 28//895 16//1358
f 12//83 10//33 12831//33
f 24//1358 16//1358 12//83
f 18//1360 20//1361 21//83
f 21//83 24//1358 12//83
f 12//83 12831//33 13//83
f 15//83 18//1360 21//83
f 12//83 13//83 15//83
f 2760//34 2756//57 6498//57
f 6961//57 9557//57 6356//4
f 1997//104 5255//104 12346//72
f 5848//62 9353//63 7977//63
f 837//6 4106//6 4114//7
f 608//1125 3837//1146 3839//778
f 4612//571 4611//571 1299//571
f 203//2 202//1126 3451//1126
f 5872//572 9343//367 14566//367
f 12066//453 5880//401 11888//718
f 3205//7 13938//7 6095//10
f 5703//1127 13857//87 2442//87
f 14281//559 14285//738 14604//736
f 14738//617 12119//277 13367//277
f 13103//576 401//576 2549//1128
f 8140//59 243//59 12995//59
f 8140//59 12995//59 3211//47
f 1001//59 8140//59 3211//47
f 1001//59 3211//47 3214//59
f 3256//59 7334//122 1000//185
f 1000//185 1001//59 3214//59
f 1000//185 3214//59 10748//59
f 58//59 3256//59 1000//185
f 57//185 58//59 1000//185
f 1000//185 10748//59 10743//59
f 1000//185 10743//59 3215//59
f 10912//59 57//185 1000//185
f 1000//185 3215//59 3216//59
f 1000//185 3216//59 3217//1362
f 10912//59 1000//185 3217//1362
f 3204//59 10751//59 946//59
f 10912//59 3217//1362 3204//59
f 10912//59 3204//59 946//59
f 946//59 14486//122 3276//45
f 10912//59 946//59 3276//45
f 3254//59 10912//59 3276//45
f 3254//59 3276//45 3262//1265
f 3254//59 3262//1265 3263//45
f 3263//45 13090//59 17//59
f 19//59 3261//45 14484//185
f 19//59 14484//185 7340//59
f 3263//45 17//59 19//59
f 19//59 7340//59 3254//59
f 1240//33 4489//33 4488//133
f 1002//38 8139//1 12635//1
f 6710//5 6708//52 6110//52
f 10186//569 12889//901 11868//1129
f 2704//59 2679//59 2680//59
f 2704//59 2680//59 11284//45
f 2704//59 11284//45 2683//1363
f 2683//1363 2684//59 8751//59
f 2683//1363 8751//59 11754//59
f 2683//1363 11754//59 1681//59
f 1682//185 14336//59 54//59
f 2683//1363 1681//59 1682//185
f 2704//59 2683//1363 1682//185
f 54//59 81//59 10702//59
f 10702//59 12761//59 2697//185
f 2697//185 2696//59 2698//59
f 2697//185 2698//59 2703//185
f 54//59 10702//59 2697//185
f 2697//185 2703//185 2704//59
f 1682//185 54//59 2697//185
f 5368//147 14385//682 2136//682
f 6004//12 10471//733 10473//18
f 10926//836 10572//835 465//835
f 5430//468 5429//377 2154//501
f 677//846 664//1130 3983//1130
f 8099//2 8100//3 11368//3
f 4590//298 4591//290 13451//290
f 10099//639 13102//1010 436//1010
f 5557//1024 12096//1321 7670//550
f 5429//377 9981//502 7725//502
f 3168//18 13932//18 13931//13
f 5694//1131 5693//397 68//397
f 5057//11 5058//11 5060//11
f 5060//11 5067//11 5061//11
f 5059//11 5057//11 5060//11
f 10059//1102 3812//607 551//607
f 13620//7 6758//7 10853//1
f 9335//670 13895//790 2632//790
f 13700//1 3563//1 3564//44
f 2892//52 6406//52 8827//52
f 1079//4 1080//31 4380//34
f 5363//424 5368//147 14541//147
f 2491//8 9371//8 5791//14
f 10696//214 6457//214 6460//234
f 1398//818 14278//818 13116//604
f 8094//4 14803//4 4317//52
f 1533//5 14752//5 4768//3
f 6041//12 6040//83 3267//83
f 7200//2 9389//2 6225//104
f 6371//6 6370//765 14433//7
f 3967//1 667//1 676//1011
f 5379//738 5378//737 2128//737
f 6751//39 6219//1277 10839//39
f 12518//315 14711//315 14710//335
f 14383//147 5422//682 13256//682
f 9981//502 5406//99 2151//101
f 10317//207 4541//448 2120//448
f 13866//1065 9268//417 2358//417
f 6755//1133 5442//1134 2174//1134
f 5454//1003 12433//1039 11110//1039
f 5498//27 2221//27 2232//27
f 13065//15 11736//840 131//27
f 13418//2 4313//2 4314//104
f 6043//1 3274//1 7354//7
f 10838//12 6218//12 13915//13
f 6054//4 3296//4 3295//57
f 5625//746 9251//123 2347//123
f 5795//180 12151//1043 2518//1043
f 1101//44 4368//44 4367//38
f 5992//34 12763//34 10478//57
f 13488//57 12688//57 4470//34
f 9237//478 5531//479 2425//479
f 1904//33 5237//33 5226//538
f 2989//52 6305//52 12918//52
f 5879//28 5878//29 2592//30
f 3412//56 2722//56 149//17
f 5596//1018 9041//259 7889//261
f 7422//1092 3599//161 337//1135
f 7593//341 1899//1 5195//1
f 6477//10 2740//956 2739//7
f 11812//59 8839//59 312//59
f 1126//9 4382//9 10375//8
f 1115//6 4389//6 14313//7
f 11345//8 4433//8 4435//15
f 4654//1137 4642//272 1301//272
f 14457//38 6205//38 6204//18
f 14706//8 3735//8 3734//15
f 12499//320 14785//764 625//764
f 1641//10 4937//10 9769//1
f 5428//484 9980//28 2113//28
f 14739//384 5891//634 2635//634
f 3069//57 9402//57 6174//34
f 887//3 4146//3 10100//2
f 7796//59 11201//45 7815//59
f 1151//341 4422//341 14304//342
f 6697//4 6081//4 6080//5
f 6328//10 3006//10 3005//7
f 1242//35 4491//35 4490//9
f 6273//18 2947//18 2946//39
f 12864//44 9838//44 5272//38
f 5811//1 2537//1 2539//1
f 10178//1138 3979//1138 679//1138
f 14142//1139 10522//1071 2184//1140
f 12435//1115 5461//1141 2198//1141
f 10521//1070 14148//1116 2140//1116
f 14154//1142 14153//998 2103//1000
f 968//6 967//14 4246//14
f 7139//1 9425//1 6128//44
f 1283//288 1263//907 4605//907
f 2191//1143 13248//960 13889//960
f 12110//83 7923//83 2682//12
f 7864//6 6002//6 59//6
f 256//5 258//52 3514//52
f 1323//4 14807//4 14290//5
f 14168//1144 14169//874 11880//874
f 1810//6 13565//295 5082//14
f 8282//18 10342//18 10345//13
f 5001//27 1740//27 1738//35
f 3718//175 10095//637 11777//392
f 12332//264 1630//264 1629//129
f 4706//435 14024//347 1484//347
f 3626//11 3627//11 14394//11
f 14393//11 13119//11 3633//11
f 14393//11 3633//11 3615//11
f 3619//11 3626//11 14394//11
f 3618//11 3619//11 14394//11
f 14394//11 14393//11 3615//11
f 14394//11 3615//11 3616//11
f 3617//11 3618//11 14394//11
f 11031//33 14095//33 9861//56
f 2512//104 5793//1158 9279//72
f 11477//38 11475//1 4659//1
f 13084//2 3243//2 3251//5
f 798//72 4048//72 4047//9
f 170//10 3424//10 14470//1
f 6517//15 2782//15 2780//27
f 2786//928 7058//406 12025//406
f 2835//777 2848//24 6459//24
f 11778//769 436//1010 13102//1010
f 4615//1138 4614//1138 1266//1138
f 10679//18 10684//39 13841//39
f 14706//8 563//9 10088//9
f 5521//924 4533//509 1342//509
f 3837//1146 608//1125 11891//152
f 1079//4 4379//4 4340//52
f 13887//13 7933//16 2709//12
f 9068//35 4102//35 4111//9
f 1016//104 4288//104 4287//104
f 1739//33 5002//33 5004//57
f 5943//626 2713//626 2712//10
f 8102//4 1012//84 4273//34
f 3348//104 130//104 127//2
f 6334//104 3004//104 6901//104
f 714//38 715//44 3972//44
f 2253//1150 5562//1130 5519//408
f 5519//408 2255//410 2254//1149
f 13083//2 3286//2 3297//73
f 5927//1143 9955//505 11129//505
f 7402//221 3594//416 11825//416
f 9471//104 10901//104 3286//2
f 1569//35 4827//35 12697//9
f 1865//341 14349//341 12325//342
f 6042//38 10570//38 3274//1
f 11621//57 5014//57 9731//4
f 10783//58 13926//57 3109//57
f 3099//104 6211//104 12162//72
f 6420//17 2812//17 10704//16
f 1429//341 1480//1 4683//1
f 11047//235 1896//1299 5216//369
f 13041//52 6222//52 6223//5
f 13821//1 14440//1 2783//7
f 10790//39 6191//39 13919//18
f 5356//78 9998//79 1389//79
f 7038//6 2821//6 6444//6
f 9768//33 12033//33 6498//57
f 8816//12 7383//12 7382//13
f 3413//7 3397//10 141//10
f 11065//8 12364//8 5191//15
f 961//57 12646//57 4221//34
f 13013//57 9430//57 13993//34
f 2375//896 11879//1310 5650//853
f 3725//1151 12549//911 8788//911
f 5630//147 5624//682 2332//682
f 13884//14 13343//14 13348//196
f 5734//1152 5733//638 2473//638
f 13918//33 7175//33 10802//13
f 3346//6 10885//7 133//7
f 8319//8 12329//8 4879//15
f 3366//10 103//10 111//7
f 5828//385 6806//384 2573//384
f 1194//39 4466//39 10342//18
f 8812//38 10579//38 7384//39
f 11637//13 14072//13 4953//83
f 4953//83 4952//33 13581//33
f 6470//7 14670//7 2858//6
f 1747//14 5038//14 5035//6
f 1573//44 4829//44 4831//38
f 8264//14 13215//14 4517//7
f 6021//56 13950//57 3259//57
f 5976//56 2687//1280 2689//17
f 5913//873 14475//961 2664//961
f 1605//14 14084//14 4880//6
f 12354//927 12356//425 1886//425
f 2822//10 6441//10 6440//10
f 6782//38 91//39 3381//39
f 14002//33 6704//33 6707//13
f 3334//52 126//52 125//52
f 4961//27 1705//27 1703//35
f 3361//56 3375//57 88//57
f 12126//462 12125//917 2655//918
f 5999//10 7065//10 12987//7
f 14363//1 3550//1 3551//44
f 6063//35 6062//27 3288//27
f 6024//104 3253//104 3252//104
f 5325//15 2074//840 2077//27
f 959//104 4219//104 14261//72
f 5437//1154 5436//1364 9972//891
f 9972//891 2143//893 2142//1365
f 2555//1153 2556//481 5844//481
f 9972//891 2142//1365 2555//1153
f 2555//1153 5844//481 5437//1154
f 14285//738 4535//737 1321//737
f 3160//5 3159//52 6123//52
f 13898//882 2616//883 2614//899
f 5194//889 5169//1366 1860//1155
f 2874//44 2873//44 6393//44
f 5874//957 5835//1156 2581//1156
f 9310//465 5917//1052 2675//1052
f 4410//11 12706//11 10821//11
f 4410//11 10821//11 4409//11
f 4411//11 4410//11 4409//11
f 4411//11 4409//11 4412//11
f 4395//11 4415//11 4414//11
f 4414//11 4411//11 4412//11
f 4413//11 4395//11 4414//11
f 6015//1 10738//1 3247//7
f 11955//33 12560//33 12561//57
f 5862//243 5850//244 2568//244
f 2317//10 5593//10 5592//1
f 3212//3 3213//3 6092//3
f 2776//10 2775//7 6521//7
f 12076//1014 12075//139 11216//139
f 14144//1157 12441//947 2147//947
f 254//9 253//72 10975//72
f 2763//104 2762//2 6491//2
f 1032//4 4294//4 4293//52
f 3095//44 6208//44 6205//38
f 12073//812 5654//1104 2368//1104
f 13305//393 5731//393 5730//1159
f 8384//72 7015//214 14439//2
f 12156//1161 5772//1162 2501//1162
f 13957//1 3130//1 3129//10
f 3379//35 13061//27 89//27
f 14736//72 6165//98 3121//98
f 3916//1163 3917//1050 660//1051
f 9628//18 1557//18 1588//38
f 1246//3 4500//3 10330//2
f 869//104 4133//104 6683//72
f 5313//10 2053//10 2072//10
f 1649//7 14338//7 4929//1
f 1574//3 4830//3 14000//2
f 10604//4 12467//4 5323//52
f 5387//559 5379//738 2127//736
f 1248//129 11471//12 10333//12
f 2079//8 5342//8 5341//14
f 2894//3 2893//3 6405//3
f 1751//18 1750//39 5037//39
f 13983//1 10642//1 2987//10
f 3349//15 11725//15 14666//27
f 3407//6 3395//765 11710//7
f 1231//38 12090//38 4504//39
f 1137//3 4429//3 14301//2
f 1011//8 6886//8 4281//15
f 1754//34 5031//34 5020//4
f 6014//44 3240//44 10738//1
f 6335//3 3003//3 3002//3
f 12931//72 13989//72 9576//9
f 1056//7 12623//7 4316//10
f 8680//5 13052//5 3436//3
f 6029//15 3255//840 7341//27
f 14513//4 1637//34 5116//34
f 10571//1073 13105//1062 462//908
f 6009//35 6008//27 10741//27
f 1094//13 12899//13 4345//33
f 4345//33 1097//33 1096//83
f 6034//35 14745//27 3278//27
f 11064//2 5198//2 5221//104
f 1102//38 4367//38 4366//39
f 9751//10 8752//956 8750//7
f 3165//33 6139//33 6136//57
f 5497//758 5489//926 2225//926
f 6899//733 6914//733 9570//13
f 12185//12 13086//733 3292//18
f 10582//243 11920//243 532//851
f 10481//1 7437//1 3527//44
f 1838//35 5098//35 14770//9
f 5474//774 5475//602 2194//602
f 13598//2 1666//3 4914//3
f 1759//7 14758//7 5017//10
f 11397//33 12647//33 12646//57
f 13981//27 2982//27 2981//35
f 991//35 4252//35 14253//9
f 5342//8 2079//8 7485//9
f 13927//5 3118//5 3117//52
f 1627//494 12324//494 14083//13
f 13840//851 5862//243 2570//243
f 3880//1165 3879//11 3878//11
f 3848//11 3847//11 12497//11
f 3880//1165 3878//11 3848//11
f 11607//16 14129//16 5071//17
f 6000//34 7075//34 7074//57
f 975//104 4239//104 4238//72
f 1976//10 5276//10 5273//10
f 6007//15 11758//840 10741//27
f 283//9 281//35 3540//35
f 792//10 4049//10 10148//1
f 3137//10 6119//10 6118//1
f 5693//397 12055//398 2397//398
f 14606//966 9698//450 4635//451
f 2990//3 6304//3 6314//3
f 14510//511 14805//1268 1384//512
f 2984//39 10649//38 13984//38
f 14743//207 13870//85 2523//85
f 2959//104 6291//1158 13989//72
f 1663//39 4904//39 4903//39
f 13970//72 2910//214 6645//2
f 14761//38 1680//38 73//44
f 1679//59 11655//59 1647//59
f 1647//59 8651//59 13588//1166
f 221//104 3467//104 14467//72
f 5994//15 3223//840 7063//27
f 4011//134 4010//317 712//317
f 9250//48 12085//303 11254//303
f 4987//10 1726//10 1728//7
f 6278//34 2950//34 6935//57
f 13155//72 5328//72 14780//9
f 12437//1167 5445//761 2173//761
f 14134//650 7672//650 2237//497
f 2047//10 5349//10 5348//10
f 3145//59 10768//59 3181//59
f 3145//59 3181//59 3180//59
f 3144//1111 3145//59 3180//59
f 3144//1111 3180//59 3183//59
f 3143//121 3144//1111 3183//59
f 3143//121 3183//59 3184//59
f 3143//121 3184//59 3185//59
f 3134//59 13012//59 3135//59
f 3134//59 3135//59 3133//59
f 3134//59 3133//59 3139//59
f 3022//59 3134//59 3139//59
f 3022//59 3139//59 3140//59
f 3026//59 13029//59 7168//1241
f 3022//59 3140//59 3141//59
f 3026//59 7168//1241 3022//59
f 3022//59 3141//59 3142//59
f 3022//59 3142//59 3143//121
f 3022//59 3143//121 3185//59
f 3027//59 7185//59 3037//59
f 3087//59 10806//59 3027//59
f 3090//59 3087//59 3027//59
f 3027//59 3037//59 3028//59
f 3027//59 3028//59 3029//59
f 3089//59 3090//59 3027//59
f 3089//59 3027//59 3029//59
f 3089//59 3029//59 3023//59
f 3088//59 3089//59 3023//59
f 3088//59 3023//59 3024//45
f 3088//59 3024//45 3032//185
f 6592//59 6726//46 3082//59
f 220//59 6592//59 3082//59
f 220//59 3082//59 3081//59
f 219//59 220//59 3081//59
f 219//59 3081//59 3080//59
f 218//45 219//59 3080//59
f 218//45 3080//59 3088//59
f 217//59 218//45 3088//59
f 217//59 3088//59 3032//185
f 3178//59 13011//59 6696//185
f 3178//59 6696//185 3201//59
f 3177//59 3178//59 3201//59
f 3177//59 3201//59 3202//59
f 3176//59 3177//59 3202//59
f 3176//59 3202//59 3203//59
f 3189//1166 3176//59 3203//59
f 3189//1166 3203//59 3194//59
f 3189//1166 3194//59 3195//1367
f 3189//1166 3195//1367 3200//59
f 3188//59 3189//1166 3200//59
f 185//59 212//59 213//59
f 850//59 9062//59 185//59
f 216//59 849//59 850//59
f 3050//59 3051//59 216//59
f 216//59 850//59 185//59
f 185//59 213//59 214//59
f 185//59 214//59 215//59
f 216//59 185//59 215//59
f 3191//59 7092//1193 992//59
f 992//59 12985//59 3231//45
f 992//59 3231//45 3230//1368
f 3190//59 3191//59 992//59
f 3200//59 3190//59 992//59
f 992//59 3230//1368 3237//59
f 3200//59 992//59 3237//59
f 3188//59 3200//59 3237//59
f 3188//59 3237//59 3238//59
f 3187//59 3188//59 3238//59
f 3187//59 3238//59 3239//59
f 3187//59 3239//59 3233//1245
f 3187//59 3233//1245 3234//1369
f 3235//45 11757//46 14391//59
f 14391//59 14390//59 10729//59
f 14391//59 10729//59 3224//185
f 3235//45 14391//59 3224//185
f 3235//45 3224//185 3225//185
f 3234//1369 3235//45 3225//185
f 3234//1369 3225//185 3218//59
f 3187//59 3234//1369 3218//59
f 3187//59 3218//59 3219//59
f 3186//59 3187//59 3219//59
f 3186//59 3219//59 3226//59
f 3185//59 3186//59 3226//59
f 3185//59 3226//59 3227//59
f 3022//59 3185//59 3227//59
f 3022//59 3227//59 3228//59
f 3026//59 3022//59 3228//59
f 3026//59 3228//59 3229//59
f 3221//59 3222//59 14389//59
f 29//59 12739//59 108//185
f 29//59 108//185 84//59
f 3220//59 3221//59 14389//59
f 3229//59 3220//59 14389//59
f 14389//59 29//59 84//59
f 113//46 14669//46 11752//59
f 14389//59 84//59 113//46
f 3026//59 3229//59 14389//59
f 113//46 11752//59 112//59
f 113//46 112//59 114//185
f 216//59 215//59 217//59
f 3050//59 216//59 217//59
f 3049//1111 3050//59 217//59
f 3049//1111 217//59 3032//185
f 3045//59 3049//1111 3032//185
f 3044//59 3045//59 3032//185
f 3044//59 3032//185 3033//59
f 3043//59 3044//59 3033//59
f 3042//59 3043//59 3033//59
f 9123//59 6729//59 3042//59
f 776//59 9123//59 3042//59
f 776//59 3042//59 3033//59
f 780//59 776//59 3033//59
f 780//59 3033//59 3034//59
f 779//59 780//59 3034//59
f 779//59 3034//59 3030//59
f 778//59 779//59 3030//59
f 778//59 3030//59 3025//59
f 777//59 778//59 3025//59
f 777//59 3025//59 3026//59
f 771//59 777//59 3026//59
f 113//46 114//185 115//45
f 14389//59 113//46 115//45
f 771//59 3026//59 14389//59
f 3008//59 9094//59 770//59
f 3008//59 770//59 771//59
f 367//59 362//59 3021//59
f 3021//59 3008//59 771//59
f 14389//59 115//45 116//45
f 14389//59 116//45 117//185
f 3021//59 771//59 14389//59
f 369//59 367//59 3021//59
f 10447//59 371//59 369//59
f 377//59 10447//59 369//59
f 14389//59 117//185 93//59
f 14389//59 93//59 94//45
f 372//59 377//59 369//59
f 370//59 372//59 369//59
f 14389//59 94//45 95//1370
f 96//59 8733//47 14667//59
f 14389//59 95//1370 96//59
f 368//59 370//59 369//59
f 374//59 368//59 369//59
f 96//59 14667//59 104//59
f 104//59 14589//1203 1059//59
f 1060//59 14586//185 1051//59
f 96//59 104//59 1059//59
f 1059//59 1060//59 1051//59
f 1059//59 1051//59 1053//1371
f 14389//59 96//59 1059//59
f 373//47 374//59 369//59
f 373//47 369//59 3021//59
f 1059//59 1053//1371 1054//59
f 1059//59 1054//59 1058//59
f 363//59 373//47 3021//59
f 361//59 363//59 3021//59
f 1059//59 1058//59 1057//59
f 1059//59 1057//59 1055//59
f 360//59 361//59 3021//59
f 359//59 360//59 3021//59
f 14389//59 1059//59 1055//59
f 14389//59 1055//59 1041//59
f 359//59 3021//59 14389//59
f 358//59 359//59 14389//59
f 14389//59 1041//59 1040//59
f 14389//59 1040//59 1042//59
f 785//59 364//59 365//59
f 783//59 785//59 365//59
f 783//59 365//59 366//59
f 782//59 783//59 366//59
f 14389//59 1042//59 1043//121
f 14389//59 1043//121 1044//59
f 782//59 366//59 358//59
f 781//59 782//59 358//59
f 1049//59 1050//59 284//59
f 1049//59 284//59 272//59
f 1048//59 1049//59 272//59
f 1048//59 272//59 273//59
f 1047//59 1048//59 273//59
f 1047//59 273//59 274//59
f 1044//59 1047//59 274//59
f 14389//59 1044//59 274//59
f 781//59 358//59 14389//59
f 784//59 781//59 14389//59
f 784//59 14389//59 274//59
f 787//59 784//59 274//59
f 787//59 274//59 270//1111
f 786//59 787//59 270//1111
f 786//59 270//1111 271//59
f 11987//59 6813//46 799//59
f 799//59 786//59 271//59
f 799//59 271//59 285//59
f 808//59 11987//59 799//59
f 807//1178 808//59 799//59
f 280//59 8852//185 10479//59
f 280//59 10479//59 289//59
f 288//59 280//59 289//59
f 288//59 289//59 290//59
f 279//59 288//59 290//59
f 277//185 291//59 286//59
f 279//59 290//59 277//185
f 278//59 279//59 277//185
f 286//59 13014//59 3116//59
f 287//59 278//59 277//185
f 806//59 807//1178 799//59
f 287//59 277//185 286//59
f 286//59 3116//59 7163//59
f 7163//59 12826//59 9073//59
f 7163//59 9073//59 800//59
f 285//59 287//59 286//59
f 7163//59 800//59 801//59
f 7163//59 801//59 802//59
f 799//59 285//59 286//59
f 7163//59 802//59 806//59
f 806//59 799//59 286//59
f 10089//935 3713//894 452//894
f 3698//1021 7360//192 467//192
f 4607//83 1308//83 1275//83
f 3179//38 6065//878 6064//39
f 6056//56 6055//57 3295//57
f 6053//15 3279//840 3278//27
f 5404//1168 5403//1101 2130//1101
f 1844//2 12755//2 5087//104
f 2829//104 6442//104 6443//72
f 12124//1169 5897//1372 2651//1170
f 5975//17 2689//17 7933//16
f 7933//16 13887//13 5953//382
f 5957//83 5975//17 7933//16
f 5242//11 5240//11 5275//11
f 5242//11 5275//11 5244//11
f 5243//11 5242//11 5244//11
f 5243//11 5244//11 5245//11
f 5265//11 5243//11 5245//11
f 5265//11 5245//11 5247//11
f 5264//11 5265//11 5247//11
f 5292//11 5264//11 5247//11
f 5266//11 5267//11 5248//11
f 5266//11 5248//11 5246//11
f 5249//11 5266//11 5246//11
f 5241//11 6663//11 11019//11
f 5249//11 5246//11 5241//11
f 5247//11 5249//11 5241//11
f 5241//11 11019//11 5290//11
f 5241//11 5290//11 5291//11
f 5292//11 5247//11 5241//11
f 5294//11 5292//11 5241//11
f 5241//11 5291//11 5293//11
f 5294//11 5241//11 5293//11
f 5297//11 5294//11 5293//11
f 5297//11 5293//11 5295//11
f 13117//11 5311//11 5296//11
f 5296//11 5297//11 5295//11
f 5296//11 5295//11 5304//692
f 3635//11 13117//11 5296//11
f 3634//11 3635//11 5296//11
f 5296//11 5304//692 5305//1289
f 5296//11 5305//1289 5306//11
f 3625//11 3634//11 5296//11
f 3623//11 3625//11 5296//11
f 3623//11 5296//11 5306//11
f 3621//11 3623//11 5306//11
f 5285//11 6652//11 7512//11
f 3621//11 5306//11 5285//11
f 3630//11 3621//11 5285//11
f 5285//11 7512//11 5302//11
f 5285//11 5302//11 5303//11
f 5285//11 5303//11 5280//11
f 4065//11 3643//11 3629//11
f 4061//475 4053//11 4064//11
f 4064//11 4065//11 3629//11
f 4064//11 3629//11 3630//11
f 4060//1289 4061//475 4064//11
f 4059//11 4060//1289 4064//11
f 5287//11 12341//11 14394//11
f 5281//11 5287//11 14394//11
f 5280//11 5281//11 14394//11
f 5280//11 14394//11 3627//11
f 4059//11 4064//11 3630//11
f 4046//11 4059//11 3630//11
f 5285//11 5280//11 3627//11
f 5285//11 3627//11 3628//11
f 3547//1351 4056//11 4057//11
f 3533//11 13136//11 3547//1351
f 6157//692 9409//692 3534//11
f 3534//11 3533//11 3547//1351
f 3534//11 3547//1351 4057//11
f 6156//11 6157//692 3534//11
f 6155//692 6156//11 3534//11
f 6155//692 3534//11 4057//11
f 6154//11 6155//692 4057//11
f 6154//11 4057//11 4058//11
f 6153//11 6154//11 4058//11
f 6153//11 4058//11 3329//11
f 6152//11 6153//11 3329//11
f 6152//11 3329//11 3330//11
f 6152//11 3330//11 4045//11
f 6152//11 4045//11 4046//11
f 3630//11 5285//11 3628//11
f 3630//11 3628//11 3624//11
f 3630//11 3624//11 3622//11
f 3630//11 3622//11 3620//11
f 3630//11 3620//11 3631//11
f 3630//11 3631//11 13119//11
f 4046//11 3630//11 13119//11
f 14392//11 6151//11 6150//11
f 14392//11 6150//11 6149//11
f 4046//11 13119//11 14393//11
f 6152//11 4046//11 14393//11
f 14393//11 14392//11 6149//11
f 6148//11 6152//11 14393//11
f 5719//1105 5748//700 2457//700
f 339//59 3059//59 10824//59
f 10824//59 168//59 11977//59
f 10824//59 11977//59 814//59
f 823//59 9050//59 339//59
f 14723//59 817//59 823//59
f 14723//59 823//59 339//59
f 339//59 10824//59 814//59
f 339//59 814//59 815//59
f 824//59 14723//59 339//59
f 9213//364 9212//117 7824//119
f 3367//18 8716//18 119//39
f 432//4 3648//4 3647//52
f 13888//1171 5938//196 14556//196
f 5948//720 12038//4 13358//4
f 13828//27 13335//27 2748//35
f 8823//1092 5721//161 2434//161
f 3899//403 12496//470 594//470
f 10895//931 5908//703 2637//703
f 5943//626 5942//513 2707//513
f 7911//197 12104//197 5989//196
f 2708//45 7928//59 2679//59
f 2679//59 2704//59 2705//46
f 2679//59 2705//46 2693//59
f 2696//59 2697//185 2708//45
f 2695//59 2696//59 2708//45
f 2679//59 2693//59 2694//59
f 2679//59 2694//59 2699//59
f 2702//59 2695//59 2708//45
f 2701//59 2702//59 2708//45
f 2679//59 2699//59 2700//122
f 2701//59 2708//45 2679//59
f 3599//161 13120//162 338//162
f 13832//621 13888//1171 2714//1171
f 5977//16 2732//16 2733//12
f 3855//1061 14405//944 8930//944
f 10879//38 3390//39 155//39
f 2818//214 12208//214 6432//234
f 2962//57 6293//57 6289//34
f 3989//271 3988//816 675//816
