# Blender 3.4.1
# www.blender.org
o DS_leftside_vis
v -0.979783 -0.705957 -1.730954
v -0.979783 -0.699957 -1.724954
v -0.979783 -0.693957 -1.730954
v -0.979783 -0.699957 -1.736954
v -0.979783 1.083940 -1.733204
v -0.979783 1.084543 -1.730954
v -0.979783 1.100043 -1.742954
v -0.979783 0.705239 -1.733954
v -0.979783 0.706043 -1.730954
v -0.979783 -0.556060 -1.733204
v -0.979783 -0.555457 -1.730954
v -0.979783 -0.499957 -1.742954
v -0.979783 -0.694761 -1.733954
v -0.979783 -0.664457 -1.742954
v -0.979783 -0.868457 -1.047954
v -0.979783 -0.499957 -0.957897
v -0.979783 -0.499957 -0.993204
v -0.979783 -0.886967 -0.841454
v -0.979783 -0.884957 -0.833954
v -0.979783 -0.868457 -0.851478
v -0.979783 0.443034 -0.449454
v -0.979783 0.445043 -0.441954
v -0.979783 -0.506966 -0.449454
v -0.979783 -0.504957 -0.441954
v -0.979783 -0.499957 -0.466704
v -0.979782 0.086849 -0.218954
v -0.979782 0.285349 -0.218954
v -0.979783 -0.265207 -1.012954
v -0.979783 0.810043 -0.524954
v -0.979783 0.765543 -0.524954
v -0.979783 -0.049957 -0.358954
v -0.979783 -0.709957 -0.524954
v -0.979783 -0.809957 -0.946954
v -0.979783 -0.765457 -0.946954
v -0.979783 -0.809957 -1.044954
v -0.979783 0.810043 -1.308954
v -0.979783 0.765543 -1.274954
v -0.979783 1.132043 -1.736954
v -0.979783 1.131239 -1.739954
v -0.979783 1.129043 -1.742151
v -0.979783 1.126043 -1.742954
v -0.979783 0.137543 -0.957929
v -0.979783 0.137694 -0.957918
v -0.979783 0.093673 -0.927697
v -0.979783 0.105317 -0.946362
v -0.979783 0.086849 -0.957897
v -0.979783 0.090321 -0.905846
v -0.979783 0.131988 -0.957929
v -0.979783 0.131837 -0.957918
v -0.979783 0.117541 -0.954708
v -0.979783 0.234765 -0.907625
v -0.979783 0.229210 -0.955954
v -0.979783 0.229210 -0.869800
v -0.979783 0.265516 -0.949769
v -0.979783 0.272767 -0.941247
v -0.979783 0.285349 -0.957897
v -0.979783 0.131988 -0.854001
v -0.979783 0.117199 -0.857642
v -0.979783 0.086849 -0.851478
v -0.979783 0.104644 -0.866241
v -0.979783 0.093453 -0.884529
v -0.979783 0.131988 -0.949943
v -0.979783 0.137543 -0.949943
v -0.979783 0.190768 -0.953994
v -0.979783 0.191863 -0.955137
v -0.979783 0.194040 -0.955876
v -0.979783 0.285399 -0.872149
v -0.979783 0.284185 -0.873360
v -0.979783 0.282422 -0.874010
v -0.979783 0.127569 -0.947410
v -0.979783 0.125839 -0.944781
v -0.979783 0.125043 -0.939526
v -0.979783 0.152360 -0.857601
v -0.979783 0.137543 -0.854001
v -0.979783 0.190979 -0.857551
v -0.979783 0.250456 -0.955368
v -0.979783 0.258368 -0.953594
v -0.979783 0.125355 -0.869530
v -0.979783 0.137543 -0.862009
v -0.979783 0.140365 -0.863030
v -0.979783 0.144488 -0.939526
v -0.979783 0.144488 -0.874183
v -0.979783 0.144113 -0.869511
v -0.979783 0.142491 -0.865134
v -0.979783 0.151999 -0.954704
v -0.979783 0.164236 -0.946362
v -0.979783 0.190321 -0.952091
v -0.979783 0.190491 -0.950717
v -0.979783 0.242214 -0.942653
v -0.979783 0.240223 -0.945329
v -0.979783 0.243099 -0.937356
v -0.979783 0.234831 -0.947816
v -0.979783 0.275043 -0.887074
v -0.979783 0.280279 -0.873175
v -0.979783 0.281793 -0.873931
v -0.979783 0.140784 -0.948423
v -0.979783 0.143164 -0.945776
v -0.979783 0.144224 -0.942741
v -0.979783 0.246887 -0.861802
v -0.979783 0.243609 -0.869380
v -0.979783 0.237627 -0.862840
v -0.979783 0.240495 -0.909665
v -0.979783 0.242520 -0.912593
v -0.979783 0.237767 -0.908279
v -0.979783 0.243080 -0.916871
v -0.979783 0.273286 -0.893853
v -0.979783 0.190374 -0.859083
v -0.979783 0.190321 -0.859752
v -0.979783 0.164909 -0.866241
v -0.979783 0.190828 -0.861959
v -0.979783 0.176078 -0.884536
v -0.979783 0.191546 -0.862843
v -0.979783 0.193034 -0.863680
v -0.979783 0.235178 -0.863897
v -0.979783 0.234831 -0.955954
v -0.979783 0.275043 -0.930260
v -0.979783 0.273566 -0.921114
v -0.979783 0.268685 -0.913268
v -0.979783 0.268620 -0.899097
v -0.979783 0.260716 -0.907903
v -0.979783 0.260462 -0.902941
v -0.979783 0.251584 -0.904717
v -0.979783 0.279889 -0.860111
v -0.979783 0.278581 -0.859014
v -0.979783 0.285349 -0.851478
v -0.979783 0.271558 -0.855474
v -0.979783 0.263715 -0.854565
v -0.979783 0.234473 -0.856105
v -0.979783 0.236892 -0.856822
v -0.979783 0.238492 -0.858262
v -0.979783 0.253158 -0.856684
v -0.979783 0.238932 -0.859882
v -0.979783 0.238457 -0.861858
v -0.979783 0.275334 -0.870538
v -0.979783 0.275758 -0.870062
v -0.979783 0.275043 -0.871992
v -0.979783 0.276405 -0.869858
v -0.979783 0.276584 -0.869843
v -0.979783 0.243099 -0.874835
v -0.979783 0.234765 -0.899835
v -0.979783 0.278689 -0.871471
v -0.979783 0.278367 -0.871049
v -0.979783 0.277403 -0.870060
v -0.979783 0.195291 -0.855954
v -0.979783 0.192230 -0.856539
v -0.979783 0.179210 -0.905846
v -0.979783 0.197127 -0.944398
v -0.979783 0.196441 -0.946232
v -0.979783 0.194896 -0.864361
v -0.979783 0.196014 -0.864923
v -0.979783 0.196441 -0.865503
v -0.979783 0.197124 -0.867293
v -0.979783 0.197265 -0.869214
v -0.979783 0.197265 -0.942434
v -0.979783 0.240950 -0.896840
v -0.979783 0.238164 -0.898955
v -0.979783 0.242346 -0.894470
v -0.979783 0.243034 -0.891805
v -0.979783 0.191295 -0.949179
v -0.979783 0.175914 -0.927709
v -0.979783 0.193034 -0.948077
v -0.979783 0.195676 -0.947070
v -0.979783 0.230382 -0.865720
v -0.979783 0.231568 -0.864803
v -0.979783 0.229439 -0.867650
v -0.979783 -0.494957 -1.047954
v -0.979783 -0.494957 -1.050954
v -0.979783 -0.344957 -1.100954
v -0.979783 -0.304957 -1.100954
v -0.979783 -0.265207 -1.106954
v -0.979783 -0.454957 -1.050954
v -0.979783 -0.454957 -1.060954
v -0.979783 -0.444957 -1.060954
v -0.979783 -0.454957 -1.100954
v -0.979783 -0.499957 -1.106954
v -0.979783 -0.404957 -1.100954
v -0.979783 -0.444957 -1.100954
v -0.979783 -0.354957 -1.100954
v -0.979783 -0.354957 -1.060954
v -0.979783 -0.344957 -1.060954
v -0.979783 -0.494957 -1.060954
v -0.979783 -0.494957 -1.100954
v -0.979783 -0.394957 -1.060954
v -0.979783 -0.394957 -1.050954
v -0.979783 -0.354957 -1.050954
v -0.979783 -0.304957 -1.060954
v -0.979783 -0.394957 -1.100954
v -0.979783 -0.404957 -1.060954
v -0.979783 -0.354957 -1.010954
v -0.979783 -0.394957 -1.010954
v -0.979783 -0.394957 -1.000954
v -0.979783 -0.394957 -0.993204
v -0.979783 -0.454957 -1.010954
v -0.979783 -0.494957 -1.000954
v -0.979783 -0.354957 -0.960954
v -0.979783 -0.265207 -0.957897
v -0.979783 -0.354957 -1.000954
v -0.979783 -0.494957 -0.960954
v -0.979783 -0.454957 -0.960954
v -0.979783 -0.394957 -0.960954
v -0.979783 -0.454957 -1.000954
v -0.979783 -0.494957 -1.010954
v -0.979783 0.333377 -0.854001
v -0.979783 0.318588 -0.857642
v -0.979783 0.492821 -0.851478
v -0.979783 0.478403 -0.871173
v -0.979783 0.471419 -0.862595
v -0.979783 0.326744 -0.869530
v -0.979783 0.328233 -0.865134
v -0.979783 0.330511 -0.863106
v -0.979783 0.295062 -0.927697
v -0.979783 0.306706 -0.946362
v -0.979783 0.318930 -0.954708
v -0.979783 0.333226 -0.957918
v -0.979783 0.437543 -0.903697
v -0.979783 0.437543 -0.911271
v -0.979783 0.430599 -0.955954
v -0.979783 0.480599 -0.882039
v -0.979783 0.492821 -0.957897
v -0.979783 0.478130 -0.893248
v -0.979783 0.458929 -0.954567
v -0.979783 0.470985 -0.949032
v -0.979783 0.477116 -0.941300
v -0.979783 0.333377 -0.949943
v -0.979783 0.328957 -0.947410
v -0.979783 0.338932 -0.949943
v -0.979783 0.327228 -0.944781
v -0.979783 0.326432 -0.939526
v -0.979783 0.338932 -0.862009
v -0.979783 0.341754 -0.863030
v -0.979783 0.345877 -0.939526
v -0.979783 0.345877 -0.874183
v -0.979783 0.345502 -0.869511
v -0.979783 0.343880 -0.865134
v -0.979783 0.291710 -0.905846
v -0.979783 0.294841 -0.884529
v -0.979783 0.285696 -0.871728
v -0.979783 0.306033 -0.866241
v -0.979783 0.286154 -0.870125
v -0.979783 0.285674 -0.867826
v -0.979783 0.284377 -0.865316
v -0.979783 0.459313 -0.857073
v -0.979783 0.437239 -0.855954
v -0.979783 0.353749 -0.857601
v -0.979783 0.338932 -0.854001
v -0.979783 0.392368 -0.857551
v -0.979783 0.437239 -0.947903
v -0.979783 0.437239 -0.955954
v -0.979783 0.445660 -0.955954
v -0.979783 0.342173 -0.948423
v -0.979783 0.344553 -0.945776
v -0.979783 0.345613 -0.942741
v -0.979783 0.447265 -0.891458
v -0.979783 0.446814 -0.896493
v -0.979783 0.444357 -0.900854
v -0.979783 0.441231 -0.911836
v -0.979783 0.444444 -0.913680
v -0.979783 0.444987 -0.944322
v -0.979783 0.441516 -0.946957
v -0.979783 0.446647 -0.940708
v -0.979783 0.430599 -0.855954
v -0.979783 0.396680 -0.855954
v -0.979783 0.393619 -0.856539
v -0.979783 0.339083 -0.957918
v -0.979783 0.353388 -0.954704
v -0.979783 0.392157 -0.953994
v -0.979783 0.365625 -0.946362
v -0.979783 0.391710 -0.952091
v -0.979783 0.391880 -0.950717
v -0.979783 0.393252 -0.955137
v -0.979783 0.395429 -0.955876
v -0.979783 0.479210 -0.931649
v -0.979783 0.477127 -0.922047
v -0.979783 0.470529 -0.901788
v -0.979783 0.437239 -0.863658
v -0.979783 0.441375 -0.864325
v -0.979783 0.444857 -0.866588
v -0.979783 0.446375 -0.916455
v -0.979783 0.447265 -0.919713
v -0.979783 0.447265 -0.936770
v -0.979783 0.441230 -0.902909
v -0.979783 0.447265 -0.875008
v -0.979783 0.446791 -0.870574
v -0.979783 0.391763 -0.859083
v -0.979783 0.391710 -0.859752
v -0.979783 0.366298 -0.866241
v -0.979783 0.392217 -0.861959
v -0.979783 0.377467 -0.884536
v -0.979783 0.392935 -0.862843
v -0.979783 0.394423 -0.863680
v -0.979783 0.471072 -0.914331
v -0.979783 0.462972 -0.909920
v -0.979783 0.462571 -0.905428
v -0.979783 0.454036 -0.907473
v -0.979783 0.380599 -0.905846
v -0.979783 0.398516 -0.944398
v -0.979783 0.397830 -0.946232
v -0.979783 0.396285 -0.864361
v -0.979783 0.397403 -0.864923
v -0.979783 0.397830 -0.865503
v -0.979783 0.398513 -0.867293
v -0.979783 0.398654 -0.869214
v -0.979783 0.398654 -0.942434
v -0.979783 0.392684 -0.949179
v -0.979783 0.377303 -0.927709
v -0.979783 0.394423 -0.948077
v -0.979783 0.397065 -0.947070
v -0.979783 0.333377 -0.957897
v -0.979783 0.333377 -0.957929
v -0.979783 0.338932 -0.957929
v -0.979783 -0.294957 -1.060954
v -0.979783 -0.265207 -1.047954
v -0.979783 -1.084457 -1.730954
v -0.979783 -1.131957 -1.736954
v -0.979783 -1.083854 -1.728704
v -0.979783 -1.131957 -1.678954
v -0.979783 -1.082207 -1.727057
v -0.979783 -1.079957 -1.726454
v -0.979783 -1.075457 -1.730954
v -0.979783 -1.076060 -1.728704
v -0.979783 -1.077707 -1.727057
v -0.979783 -1.083854 -1.733204
v -0.979783 -1.082207 -1.734851
v -0.979783 -1.125957 -1.742954
v -0.979783 -1.079957 -1.735454
v -0.979783 -1.077707 -1.734851
v -0.979783 -1.076060 -1.733204
v -0.979783 -1.128957 -1.742150
v -0.979783 -1.131153 -1.739954
v -0.979782 1.131239 -0.221954
v -0.979782 1.132043 -0.224954
v -0.979782 1.126043 -0.218954
v -0.979782 1.129043 -0.219758
v -0.979782 -1.131153 -0.221954
v -0.979782 -1.128957 -0.219758
v -0.979782 -1.125957 -0.218954
v -0.979782 -1.131957 -0.224954
v -0.979783 -1.059277 -0.278954
v -0.979782 -1.076060 -0.233204
v -0.979782 -1.075457 -0.230954
v -0.979782 -1.076060 -0.228704
v -0.979782 -1.084457 -0.230954
v -0.979782 -1.083854 -0.228704
v -0.979782 -1.077707 -0.227057
v -0.979782 -1.079957 -0.226454
v -0.979782 -1.082207 -0.227057
v -0.979782 -1.083854 -0.233204
v -0.979782 -1.082207 -0.234851
v -0.979782 -1.079957 -0.235454
v -0.979783 -1.051957 -0.271634
v -0.979782 -1.077707 -0.234851
v -0.979783 -1.041957 -0.268954
v -0.979783 0.868543 -1.274954
v -0.979783 0.817543 -1.310964
v -0.979783 0.817543 -1.336945
v -0.979783 0.823034 -1.331454
v -0.979783 0.825043 -1.323954
v -0.979783 0.823034 -1.316454
v -0.979783 0.810043 -1.338954
v -0.979783 0.627543 -1.336945
v -0.979783 0.633034 -1.331454
v -0.979783 0.633034 -1.316454
v -0.979783 0.627543 -1.310964
v -0.979783 0.620043 -1.338954
v -0.979783 0.702543 -1.336945
v -0.979783 0.710043 -1.338954
v -0.979783 0.710043 -1.308954
v -0.979783 0.702543 -1.310964
v -0.979783 0.697053 -1.316454
v -0.979783 0.635043 -1.323954
v -0.979783 0.695043 -1.323954
v -0.979783 0.697053 -1.331454
v -0.979783 0.520043 -1.338954
v -0.979783 0.492821 -1.372954
v -0.979783 0.512543 -1.336945
v -0.979783 0.620043 -1.308954
v -0.979783 0.599793 -1.308954
v -0.979783 0.492821 -1.274954
v -0.979783 0.520043 -1.308954
v -0.979783 0.512543 -1.310964
v -0.979783 0.507053 -1.316454
v -0.979783 0.505043 -1.323954
v -0.979783 0.507053 -1.331454
v -0.979783 0.817543 -1.434945
v -0.979783 0.823034 -1.429454
v -0.979783 0.868543 -1.495204
v -0.979783 0.825043 -1.421954
v -0.979783 0.823034 -1.414454
v -0.979783 0.810043 -1.406954
v -0.979783 0.817543 -1.408964
v -0.979783 0.810043 -1.436954
v -0.979783 0.627543 -1.434945
v -0.979783 0.633034 -1.429454
v -0.979783 0.633034 -1.414454
v -0.979783 0.627543 -1.408964
v -0.979783 0.620043 -1.436954
v -0.979783 0.702543 -1.434945
v -0.979783 0.710043 -1.436954
v -0.979783 0.710043 -1.406954
v -0.979783 0.702543 -1.408964
v -0.979783 0.697053 -1.414454
v -0.979783 0.635043 -1.421954
v -0.979783 0.695043 -1.421954
v -0.979783 0.697053 -1.429454
v -0.979783 0.520043 -1.436954
v -0.979783 0.512543 -1.434945
v -0.979783 0.620043 -1.406954
v -0.979783 0.520043 -1.406954
v -0.979783 0.512543 -1.408964
v -0.979783 0.507053 -1.414454
v -0.979783 0.505043 -1.421954
v -0.979783 0.507053 -1.429454
v -0.979783 0.825043 -1.225954
v -0.979783 0.823034 -1.218454
v -0.979783 0.817543 -1.238945
v -0.979783 0.823034 -1.233454
v -0.979783 0.810043 -1.240954
v -0.979783 0.823034 -1.120454
v -0.979783 0.817543 -1.114964
v -0.979783 0.810043 -1.112954
v -0.979783 0.765543 -1.106954
v -0.979783 0.810043 -1.210954
v -0.979783 0.810043 -1.142954
v -0.979783 0.817543 -1.212964
v -0.979783 0.817543 -1.140945
v -0.979783 0.823034 -1.135454
v -0.979783 0.825043 -1.127954
v -0.979783 0.627543 -1.238945
v -0.979783 0.633034 -1.233454
v -0.979783 0.627543 -1.140945
v -0.979783 0.633034 -1.135454
v -0.979783 0.702543 -1.140945
v -0.979783 0.633034 -1.218454
v -0.979783 0.710043 -1.142954
v -0.979783 0.620043 -1.240954
v -0.979783 0.702543 -1.238945
v -0.979783 0.710043 -1.240954
v -0.979783 0.710043 -1.210954
v -0.979783 0.702543 -1.212964
v -0.979783 0.697053 -1.218454
v -0.979783 0.635043 -1.225954
v -0.979783 0.695043 -1.225954
v -0.979783 0.697053 -1.233454
v -0.979783 0.710043 -1.112954
v -0.979783 0.633034 -1.120454
v -0.979783 0.702543 -1.114964
v -0.979783 0.697053 -1.120454
v -0.979783 0.635043 -1.127954
v -0.979783 0.695043 -1.127954
v -0.979783 0.697053 -1.135454
v -0.979783 0.505043 -1.225954
v -0.979783 0.507053 -1.233454
v -0.979783 0.512543 -1.114964
v -0.979783 0.492821 -1.106954
v -0.979783 0.520043 -1.112954
v -0.979783 0.512543 -1.238945
v -0.979783 0.520043 -1.240954
v -0.979783 0.627543 -1.114964
v -0.979783 0.620043 -1.112954
v -0.979783 0.507053 -1.120454
v -0.979783 0.505043 -1.127954
v -0.979783 0.507053 -1.135454
v -0.979783 0.512543 -1.140945
v -0.979783 0.507053 -1.218454
v -0.979783 0.627543 -1.212964
v -0.979783 0.620043 -1.142954
v -0.979783 0.620043 -1.210954
v -0.979783 0.520043 -1.142954
v -0.979783 0.520043 -1.210954
v -0.979783 0.512543 -1.212964
v -0.979783 0.810043 -1.534954
v -0.979783 0.817543 -1.532945
v -0.979783 0.823034 -1.527454
v -0.979783 0.825043 -1.519954
v -0.979783 0.823034 -1.512455
v -0.979783 0.599793 -1.568954
v -0.979783 0.702543 -1.532945
v -0.979783 0.710043 -1.534954
v -0.979783 0.599793 -1.534954
v -0.979783 0.620043 -1.534954
v -0.979783 0.627543 -1.532945
v -0.979783 0.633034 -1.527454
v -0.979783 0.697053 -1.527454
v -0.979783 0.710043 -1.504954
v -0.979783 0.702543 -1.506964
v -0.979783 0.627543 -1.506964
v -0.979783 0.697053 -1.512454
v -0.979783 0.817543 -1.506964
v -0.979783 0.810043 -1.504954
v -0.979783 0.695043 -1.519954
v -0.979783 0.635043 -1.519954
v -0.979783 0.633034 -1.512455
v -0.979783 0.520043 -1.534954
v -0.979783 0.512543 -1.532945
v -0.979783 0.620043 -1.504954
v -0.979783 0.520043 -1.504954
v -0.979783 0.512543 -1.506964
v -0.979783 0.507053 -1.512454
v -0.979783 0.505043 -1.519954
v -0.979783 0.507053 -1.527454
v -0.979783 0.810043 -1.632954
v -0.979783 0.868543 -1.678954
v -0.979783 0.817543 -1.630945
v -0.979783 0.823034 -1.625454
v -0.979783 0.825043 -1.617954
v -0.979783 0.823034 -1.610455
v -0.979783 0.810043 -1.602954
v -0.979783 0.817543 -1.604964
v -0.979783 0.702543 -1.630945
v -0.979783 0.710043 -1.632954
v -0.979783 0.697053 -1.625454
v -0.979783 0.633034 -1.625454
v -0.979783 0.627543 -1.604964
v -0.979783 0.620043 -1.632954
v -0.979783 0.599793 -1.678954
v -0.979783 0.627543 -1.630945
v -0.979783 0.710043 -1.602954
v -0.979783 0.702543 -1.604964
v -0.979783 0.697053 -1.610454
v -0.979783 0.695043 -1.617954
v -0.979783 0.635043 -1.617954
v -0.979783 0.633034 -1.610454
v -0.979783 0.520043 -1.632954
v -0.979783 0.512543 -1.630945
v -0.979783 0.620043 -1.602954
v -0.979783 0.520043 -1.602954
v -0.979783 0.512543 -1.604964
v -0.979783 0.507053 -1.610454
v -0.979783 0.505043 -1.617954
v -0.979783 0.507053 -1.625454
v -0.979783 -0.696967 -1.022454
v -0.979783 -0.702457 -1.016964
v -0.979783 -0.709957 -1.044954
v -0.979783 -0.702457 -1.042945
v -0.979783 -0.664457 -1.047954
v -0.979783 -0.696966 -1.037454
v -0.979783 -0.694957 -1.029954
v -0.979783 -0.709957 -1.014954
v -0.979783 -0.765457 -1.012954
v -0.979783 -0.809957 -1.014954
v -0.979783 -0.817457 -1.016964
v -0.979783 -0.822947 -1.022454
v -0.979783 -0.830207 -1.012954
v -0.979783 -0.824957 -1.029954
v -0.979783 -0.822947 -1.037454
v -0.979783 -0.817457 -1.042945
v -0.979783 -0.694957 -1.127954
v -0.979783 -0.696967 -1.120454
v -0.979783 -0.702457 -1.114964
v -0.979783 -0.696967 -1.218454
v -0.979783 -0.694957 -1.225954
v -0.979783 -0.696966 -1.233454
v -0.979783 -0.702457 -1.238945
v -0.979783 -0.824957 -1.225954
v -0.979783 -0.822947 -1.233454
v -0.979783 -0.817457 -1.238945
v -0.979783 -0.809957 -1.240954
v -0.979783 -0.709957 -1.240954
v -0.979783 -0.709957 -1.112954
v -0.979783 -0.809957 -1.112954
v -0.979783 -0.817457 -1.114964
v -0.979783 -0.822947 -1.120454
v -0.979783 -0.824957 -1.127954
v -0.979783 -0.822947 -1.135454
v -0.979783 -0.817457 -1.140945
v -0.979783 -0.822947 -1.218454
v -0.979783 -0.696967 -1.135454
v -0.979783 -0.702457 -1.140945
v -0.979783 -0.702457 -1.212964
v -0.979783 -0.709957 -1.142954
v -0.979783 -0.709957 -1.210954
v -0.979783 -0.765457 -1.210954
v -0.979783 -0.809957 -1.142954
v -0.979783 -0.809957 -1.210954
v -0.979783 -0.817457 -1.212964
v -0.979783 -0.694957 -0.735954
v -0.979783 -0.696967 -0.728454
v -0.979783 -0.664457 -0.588954
v -0.979783 -0.694957 -0.637954
v -0.979783 -0.696967 -0.630454
v -0.979783 -0.709957 -0.848954
v -0.979783 -0.664457 -0.851478
v -0.979783 -0.702457 -0.846945
v -0.979783 -0.696967 -0.841454
v -0.979783 -0.696967 -0.743454
v -0.979783 -0.696967 -0.826454
v -0.979783 -0.694957 -0.833954
v -0.979783 -0.824957 -0.833954
v -0.979783 -0.822947 -0.841454
v -0.979783 -0.817457 -0.846945
v -0.979783 -0.809957 -0.848954
v -0.979783 -0.702457 -0.624964
v -0.979783 -0.709957 -0.622954
v -0.979783 -0.809957 -0.622954
v -0.979783 -0.817457 -0.624964
v -0.979783 -0.824957 -0.735954
v -0.979783 -0.822947 -0.743454
v -0.979783 -0.817457 -0.748945
v -0.979783 -0.822947 -0.826454
v -0.979783 -0.822947 -0.630454
v -0.979783 -0.824957 -0.637954
v -0.979783 -0.822947 -0.645454
v -0.979783 -0.817457 -0.650945
v -0.979783 -0.822947 -0.728454
v -0.979783 -0.696967 -0.645454
v -0.979783 -0.702457 -0.650945
v -0.979783 -0.702457 -0.722964
v -0.979783 -0.709957 -0.652954
v -0.979783 -0.709957 -0.720954
v -0.979783 -0.809957 -0.652954
v -0.979783 -0.809957 -0.720954
v -0.979783 -0.817457 -0.722964
v -0.979783 -0.702457 -0.748945
v -0.979783 -0.702457 -0.820964
v -0.979783 -0.709957 -0.750954
v -0.979783 -0.709957 -0.818954
v -0.979783 -0.809957 -0.750954
v -0.979783 -0.809957 -0.818954
v -0.979783 -0.817457 -0.820964
v -0.979783 -0.709957 -0.946954
v -0.979783 -0.702457 -0.944945
v -0.979783 -0.696967 -0.924454
v -0.979783 -0.694957 -0.931954
v -0.979783 -0.696967 -0.939454
v -0.979783 -0.702457 -0.918964
v -0.979783 -0.709957 -0.916954
v -0.979783 -0.765457 -0.916954
v -0.979783 -0.809957 -0.916954
v -0.979783 -0.817457 -0.918964
v -0.979783 -0.822947 -0.924454
v -0.979783 -0.824957 -0.931954
v -0.979783 -0.822947 -0.939454
v -0.979783 -0.817457 -0.944945
v -0.979783 -0.049957 -0.456954
v -0.979783 -0.005679 -0.466704
v -0.979783 0.050043 -0.456954
v -0.979783 0.057543 -0.454945
v -0.979783 0.086849 -0.412954
v -0.979783 0.057543 -0.428964
v -0.979783 0.050043 -0.426954
v -0.979783 0.063034 -0.449454
v -0.979783 0.065043 -0.441954
v -0.979783 0.063034 -0.434454
v -0.979783 -0.057457 -0.454945
v -0.979783 -0.132457 -0.454945
v -0.979783 -0.126966 -0.449454
v -0.979783 -0.139957 -0.456954
v -0.979783 -0.265207 -0.466704
v -0.979783 -0.239957 -0.456954
v -0.979783 -0.247457 -0.454945
v -0.979783 -0.049957 -0.426954
v -0.979783 -0.126966 -0.434454
v -0.979783 -0.132457 -0.428964
v -0.979783 -0.139957 -0.426954
v -0.979783 -0.239957 -0.426954
v -0.979783 -0.247457 -0.428964
v -0.979783 -0.057457 -0.428964
v -0.979783 -0.062947 -0.434454
v -0.979783 -0.124957 -0.441954
v -0.979783 -0.064957 -0.441954
v -0.979783 -0.062947 -0.449454
v -0.979783 -0.252947 -0.434454
v -0.979783 -0.254957 -0.441954
v -0.979783 -0.252947 -0.449454
v -0.979783 -0.709957 -0.554954
v -0.979783 -0.702457 -0.552945
v -0.979783 -0.696967 -0.547454
v -0.979783 -0.694957 -0.539954
v -0.979783 -0.664457 -0.466704
v -0.979783 -0.696967 -0.532454
v -0.979783 -0.702457 -0.526964
v -0.979783 -0.809957 -0.554954
v -0.979783 -0.817457 -0.552945
v -0.979783 -0.809957 -0.524954
v -0.979783 -0.817457 -0.526964
v -0.979783 -0.822947 -0.532454
v -0.979783 -0.824957 -0.539954
v -0.979783 -0.822947 -0.547454
v -0.979783 -0.709957 -0.358954
v -0.979783 -0.702457 -0.356945
v -0.979783 -0.696967 -0.351454
v -0.979783 -0.664457 -0.298954
v -0.979783 -0.694957 -0.343954
v -0.979783 -0.696967 -0.336454
v -0.979783 -0.809957 -0.358954
v -0.979783 -0.830207 -0.412954
v -0.979783 -0.817457 -0.356945
v -0.979783 -0.702457 -0.330964
v -0.979783 -0.709957 -0.328954
v -0.979783 -0.809957 -0.328954
v -0.979783 -0.817457 -0.330964
v -0.979783 -0.822947 -0.336454
v -0.979783 -0.824957 -0.343954
v -0.979783 -0.822947 -0.351454
v -0.979783 0.050043 -0.358954
v -0.979783 0.057543 -0.356945
v -0.979783 0.050043 -0.328954
v -0.979783 0.057543 -0.330964
v -0.979783 0.063034 -0.351454
v -0.979783 0.065043 -0.343954
v -0.979783 0.063034 -0.336454
v -0.979783 -0.139957 -0.358954
v -0.979783 -0.132457 -0.356945
v -0.979783 -0.239957 -0.358954
v -0.979783 -0.247457 -0.356945
v -0.979783 -0.057457 -0.356945
v -0.979783 -0.126966 -0.351454
v -0.979783 -0.126966 -0.336454
v -0.979783 -0.132457 -0.330964
v -0.979783 -0.139957 -0.328954
v -0.979783 -0.239957 -0.328954
v -0.979783 -0.247457 -0.330964
v -0.979783 -0.049957 -0.328954
v -0.979783 -0.057457 -0.330964
v -0.979783 -0.062947 -0.336454
v -0.979783 -0.124957 -0.343954
v -0.979783 -0.064957 -0.343954
v -0.979783 -0.062947 -0.351454
v -0.979783 -0.252947 -0.336454
v -0.979783 -0.254957 -0.343954
v -0.979783 -0.252947 -0.351454
v -0.979783 -0.709957 -0.456954
v -0.979783 -0.702457 -0.454945
v -0.979783 -0.696967 -0.449454
v -0.979783 -0.694957 -0.441954
v -0.979783 -0.696967 -0.434454
v -0.979783 -0.809957 -0.456954
v -0.979783 -0.817457 -0.454945
v -0.979783 -0.702457 -0.428964
v -0.979783 -0.709957 -0.426954
v -0.979783 -0.809957 -0.426954
v -0.979783 -0.817457 -0.428964
v -0.979783 -0.822947 -0.434454
v -0.979783 -0.824957 -0.441954
v -0.979783 -0.822947 -0.449454
v -0.979783 -0.002207 -0.734851
v -0.979783 0.000043 -0.735454
v -0.979783 0.000043 -0.726454
v -0.979783 -0.002207 -0.727057
v -0.979783 -0.005679 -0.652954
v -0.979783 0.002293 -0.734851
v -0.979783 0.003940 -0.733204
v -0.979783 0.004543 -0.730954
v -0.979783 0.063034 -0.630454
v -0.979783 0.086849 -0.588954
v -0.979783 0.065043 -0.637954
v -0.979783 0.063034 -0.645454
v -0.979783 0.003940 -0.728704
v -0.979783 0.002293 -0.727057
v -0.979783 0.050043 -0.652954
v -0.979783 0.057543 -0.650945
v -0.979783 -0.003854 -0.728704
v -0.979783 -0.004457 -0.730954
v -0.979783 -0.003854 -0.733204
v -0.979783 0.050043 -0.622954
v -0.979783 0.057543 -0.624964
v -0.979783 -0.239957 -0.622954
v -0.979783 -0.247457 -0.624964
v -0.979783 -0.265207 -0.588954
v -0.979783 -0.252947 -0.743454
v -0.979783 -0.247457 -0.748945
v -0.979783 -0.265207 -0.851478
v -0.979783 -0.239957 -0.750954
v -0.979783 -0.139957 -0.750954
v -0.979783 -0.126966 -0.630454
v -0.979783 -0.132457 -0.624964
v -0.979783 -0.139957 -0.622954
v -0.979783 -0.124957 -0.735954
v -0.979783 -0.132457 -0.650945
v -0.979783 -0.057457 -0.650945
v -0.979783 -0.126966 -0.645454
v -0.979783 -0.049957 -0.652954
v -0.979783 -0.126966 -0.743454
v -0.979783 -0.132457 -0.748945
v -0.979783 -0.049957 -0.622954
v -0.979783 -0.057457 -0.624964
v -0.979783 -0.062947 -0.630454
v -0.979783 -0.124957 -0.637954
v -0.979783 -0.064957 -0.637954
v -0.979783 -0.062947 -0.645454
v -0.979783 -0.252947 -0.630454
v -0.979783 -0.254957 -0.637954
v -0.979783 -0.252947 -0.645454
v -0.979783 -0.247457 -0.650945
v -0.979783 -0.254957 -0.735954
v -0.979783 -0.252947 -0.728454
v -0.979783 -0.126966 -0.728454
v -0.979783 -0.132457 -0.722964
v -0.979783 -0.139957 -0.652954
v -0.979783 -0.139957 -0.720954
v -0.979783 -0.239957 -0.652954
v -0.979783 -0.239957 -0.720954
v -0.979783 -0.247457 -0.722964
v -0.979783 0.063034 -0.532454
v -0.979783 0.065043 -0.539954
v -0.979783 0.063034 -0.547454
v -0.979783 0.057543 -0.552945
v -0.979783 -0.005679 -0.524954
v -0.979783 0.050043 -0.524954
v -0.979783 0.057543 -0.526964
v -0.979783 -0.057457 -0.552945
v -0.979783 -0.049957 -0.554954
v -0.979783 0.050043 -0.554954
v -0.979783 -0.247457 -0.552945
v -0.979783 -0.239957 -0.554954
v -0.979783 -0.139957 -0.554954
v -0.979783 -0.132457 -0.552945
v -0.979783 -0.126966 -0.547454
v -0.979783 -0.049957 -0.524954
v -0.979783 -0.057457 -0.526964
v -0.979783 -0.126966 -0.532454
v -0.979783 -0.062947 -0.532454
v -0.979783 -0.124957 -0.539954
v -0.979783 -0.064957 -0.539954
v -0.979783 -0.062947 -0.547454
v -0.979783 -0.132457 -0.526964
v -0.979783 -0.139957 -0.524954
v -0.979783 -0.239957 -0.524954
v -0.979783 -0.247457 -0.526964
v -0.979783 -0.252947 -0.532454
v -0.979783 -0.254957 -0.539954
v -0.979783 -0.252947 -0.547454
v -0.979783 0.868543 -0.466704
v -0.979783 0.817543 -0.526964
v -0.979783 0.817543 -0.552945
v -0.979783 0.823034 -0.547454
v -0.979783 0.868543 -0.588954
v -0.979783 0.825043 -0.539954
v -0.979783 0.823034 -0.532454
v -0.979783 0.765543 -0.588954
v -0.979783 0.810043 -0.554954
v -0.979783 0.627543 -0.552945
v -0.979783 0.633034 -0.547454
v -0.979783 0.633034 -0.532454
v -0.979783 0.627543 -0.526964
v -0.979783 0.620043 -0.554954
v -0.979783 0.599793 -0.466704
v -0.979783 0.620043 -0.524954
v -0.979783 0.702543 -0.552945
v -0.979783 0.710043 -0.554954
v -0.979783 0.710043 -0.524954
v -0.979783 0.702543 -0.526964
v -0.979783 0.697053 -0.532454
v -0.979783 0.635043 -0.539954
v -0.979783 0.695043 -0.539954
v -0.979783 0.697053 -0.547454
v -0.979783 0.520043 -0.524954
v -0.979783 0.512543 -0.526964
v -0.979783 0.520043 -0.554954
v -0.979783 0.492821 -0.588954
v -0.979783 0.512543 -0.552945
v -0.979783 0.507053 -0.532454
v -0.979783 0.505043 -0.539954
v -0.979783 0.507053 -0.547454
v -0.979783 0.823034 -0.728454
v -0.979783 0.825043 -0.735954
v -0.979783 0.823034 -0.826454
v -0.979783 0.825043 -0.833954
v -0.979783 0.868543 -0.851478
v -0.979783 0.823034 -0.841454
v -0.979783 0.810043 -0.622954
v -0.979783 0.817543 -0.624964
v -0.979783 0.823034 -0.630454
v -0.979783 0.765543 -0.750954
v -0.979783 0.810043 -0.818954
v -0.979783 0.810043 -0.750954
v -0.979783 0.817543 -0.820964
v -0.979783 0.817543 -0.748945
v -0.979783 0.823034 -0.743454
v -0.979783 0.810043 -0.720954
v -0.979783 0.810043 -0.652954
v -0.979783 0.817543 -0.722964
v -0.979783 0.817543 -0.650945
v -0.979783 0.823034 -0.645454
v -0.979783 0.825043 -0.637954
v -0.979783 0.710043 -0.848954
v -0.979783 0.810043 -0.848954
v -0.979783 0.817543 -0.846945
v -0.979783 0.710043 -0.652954
v -0.979783 0.633034 -0.728454
v -0.979783 0.627543 -0.748945
v -0.979783 0.633034 -0.743454
v -0.979783 0.702543 -0.748945
v -0.979783 0.633034 -0.826454
v -0.979783 0.710043 -0.750954
v -0.979783 0.633034 -0.630454
v -0.979783 0.627543 -0.624964
v -0.979783 0.620043 -0.848954
v -0.979783 0.702543 -0.846945
v -0.979783 0.627543 -0.846945
v -0.979783 0.633034 -0.841454
v -0.979783 0.710043 -0.818954
v -0.979783 0.702543 -0.820964
v -0.979783 0.697053 -0.826454
v -0.979783 0.635043 -0.833954
v -0.979783 0.695043 -0.833954
v -0.979783 0.697053 -0.841454
v -0.979783 0.710043 -0.720954
v -0.979783 0.702543 -0.722964
v -0.979783 0.697053 -0.728454
v -0.979783 0.635043 -0.735954
v -0.979783 0.695043 -0.735954
v -0.979783 0.697053 -0.743454
v -0.979783 0.710043 -0.622954
v -0.979783 0.702543 -0.624964
v -0.979783 0.697053 -0.630454
v -0.979783 0.635043 -0.637954
v -0.979783 0.695043 -0.637954
v -0.979783 0.633034 -0.645454
v -0.979783 0.697053 -0.645454
v -0.979783 0.702543 -0.650945
v -0.979783 0.507053 -0.743454
v -0.979783 0.512543 -0.748945
v -0.979783 0.505043 -0.735954
v -0.979783 0.507053 -0.841454
v -0.979783 0.512543 -0.846945
v -0.979783 0.520043 -0.848954
v -0.979783 0.599793 -0.848954
v -0.979783 0.620043 -0.622954
v -0.979783 0.520043 -0.622954
v -0.979783 0.512543 -0.624964
v -0.979783 0.507053 -0.630454
v -0.979783 0.505043 -0.637954
v -0.979783 0.507053 -0.645454
v -0.979783 0.512543 -0.650945
v -0.979783 0.507053 -0.728454
v -0.979783 0.507053 -0.826454
v -0.979783 0.505043 -0.833954
v -0.979783 0.627543 -0.650945
v -0.979783 0.627543 -0.722964
v -0.979783 0.620043 -0.652954
v -0.979783 0.620043 -0.720954
v -0.979783 0.520043 -0.652954
v -0.979783 0.520043 -0.720954
v -0.979783 0.512543 -0.722964
v -0.979783 0.627543 -0.820964
v -0.979783 0.620043 -0.750954
v -0.979783 0.620043 -0.818954
v -0.979783 0.520043 -0.750954
v -0.979783 0.520043 -0.818954
v -0.979783 0.512543 -0.820964
v -0.979783 0.050043 -1.632954
v -0.979783 0.057543 -1.630945
v -0.979783 0.050043 -1.602954
v -0.979783 0.086849 -1.568954
v -0.979783 0.057543 -1.604964
v -0.979783 0.063034 -1.625454
v -0.979783 0.065043 -1.617954
v -0.979783 0.063034 -1.610454
v -0.979783 -0.247457 -1.630945
v -0.979783 -0.239957 -1.632954
v -0.979783 -0.057457 -1.630945
v -0.979783 -0.049957 -1.632954
v -0.979783 -0.005679 -1.678954
v -0.979783 -0.126966 -1.625454
v -0.979783 -0.132457 -1.630945
v -0.979783 -0.139957 -1.632954
v -0.979783 -0.126966 -1.610454
v -0.979783 -0.132457 -1.604964
v -0.979783 -0.139957 -1.602954
v -0.979783 -0.239957 -1.602954
v -0.979783 -0.247457 -1.604964
v -0.979783 -0.049957 -1.602954
v -0.979783 -0.057457 -1.604964
v -0.979783 -0.062947 -1.610454
v -0.979783 -0.124957 -1.617954
v -0.979783 -0.064957 -1.617954
v -0.979783 -0.062947 -1.625454
v -0.979783 -0.252947 -1.610454
v -0.979783 -0.254957 -1.617954
v -0.979783 -0.252947 -1.625454
v -0.979783 0.620043 -0.426954
v -0.979783 0.620043 -0.456954
v -0.979783 0.627543 -0.454945
v -0.979783 0.702543 -0.454945
v -0.979783 0.633034 -0.449454
v -0.979783 0.697053 -0.449454
v -0.979783 0.627543 -0.428964
v -0.979783 0.810043 -0.426954
v -0.979783 0.710043 -0.426954
v -0.979783 0.702543 -0.428964
v -0.979783 0.697053 -0.434454
v -0.979783 0.695043 -0.441954
v -0.979783 0.635043 -0.441954
v -0.979783 0.633034 -0.434454
v -0.979783 0.520043 -0.456954
v -0.979783 0.520043 -0.426954
v -0.979783 0.505043 -0.441954
v -0.979783 0.507053 -0.449454
v -0.979783 0.512543 -0.454945
v -0.979783 0.512543 -0.428964
v -0.979783 0.507053 -0.434454
v -0.979783 0.810043 -0.456954
v -0.979783 0.817543 -0.454945
v -0.979783 0.710043 -0.456954
v -0.979783 0.823034 -0.449454
v -0.979783 0.825043 -0.441954
v -0.979783 0.823034 -0.434454
v -0.979783 0.817543 -0.428964
v -0.979783 0.823034 -0.924454
v -0.979783 0.825043 -0.931954
v -0.979783 0.823034 -0.939454
v -0.979783 0.817543 -0.944945
v -0.979783 0.810043 -0.916954
v -0.979783 0.817543 -0.918964
v -0.979783 0.810043 -0.946954
v -0.979783 0.627543 -0.944945
v -0.979783 0.633034 -0.939454
v -0.979783 0.702543 -0.944945
v -0.979783 0.710043 -0.946954
v -0.979783 0.633034 -0.924454
v -0.979783 0.627543 -0.918964
v -0.979783 0.620043 -0.946954
v -0.979783 0.710043 -0.916954
v -0.979783 0.702543 -0.918964
v -0.979783 0.697053 -0.924454
v -0.979783 0.635043 -0.931954
v -0.979783 0.695043 -0.931954
v -0.979783 0.697053 -0.939454
v -0.979783 0.512543 -0.944945
v -0.979783 0.520043 -0.946954
v -0.979783 0.620043 -0.916954
v -0.979783 0.520043 -0.916954
v -0.979783 0.512543 -0.918964
v -0.979783 0.507053 -0.924454
v -0.979783 0.505043 -0.931954
v -0.979783 0.507053 -0.939454
v -0.979783 0.817543 -1.042945
v -0.979783 0.823034 -1.037454
v -0.979783 0.823034 -1.022454
v -0.979783 0.817543 -1.016964
v -0.979783 0.868543 -1.012954
v -0.979783 0.810043 -1.014954
v -0.979783 0.825043 -1.029954
v -0.979783 0.810043 -1.044954
v -0.979783 0.627543 -1.042945
v -0.979783 0.633034 -1.037454
v -0.979783 0.702543 -1.042945
v -0.979783 0.627543 -1.016964
v -0.979783 0.620043 -1.014954
v -0.979783 0.710043 -1.044954
v -0.979783 0.633034 -1.022454
v -0.979783 0.710043 -1.014954
v -0.979783 0.765543 -1.014954
v -0.979783 0.620043 -1.044954
v -0.979783 0.702543 -1.016964
v -0.979783 0.697053 -1.022454
v -0.979783 0.635043 -1.029954
v -0.979783 0.695043 -1.029954
v -0.979783 0.697053 -1.037454
v -0.979783 0.520043 -1.014954
v -0.979783 0.512543 -1.016964
v -0.979783 0.520043 -1.044954
v -0.979783 0.492821 -1.047954
v -0.979783 0.512543 -1.042945
v -0.979783 0.507053 -1.022454
v -0.979783 0.505043 -1.029954
v -0.979783 0.507053 -1.037454
v -0.979783 0.057543 -1.336945
v -0.979783 0.063034 -1.331454
v -0.979783 0.065043 -1.323954
v -0.979783 0.086849 -1.274954
v -0.979783 0.063034 -1.316454
v -0.979783 0.050043 -1.308954
v -0.979783 0.057543 -1.310964
v -0.979783 -0.057457 -1.336945
v -0.979783 -0.239957 -1.308954
v -0.979783 -0.247457 -1.310964
v -0.979783 -0.049957 -1.338954
v -0.979783 0.050043 -1.338954
v -0.979783 -0.247457 -1.336945
v -0.979783 -0.239957 -1.338954
v -0.979783 -0.139957 -1.338954
v -0.979783 -0.132457 -1.336945
v -0.979783 -0.126966 -1.331454
v -0.979783 -0.126966 -1.316454
v -0.979783 -0.132457 -1.310964
v -0.979783 -0.139957 -1.308954
v -0.979783 -0.049957 -1.308954
v -0.979783 -0.057457 -1.310964
v -0.979783 -0.062947 -1.316454
v -0.979783 -0.124957 -1.323954
v -0.979783 -0.064957 -1.323954
v -0.979783 -0.062947 -1.331454
v -0.979783 -0.252947 -1.316454
v -0.979783 -0.254957 -1.323954
v -0.979783 -0.252947 -1.331454
v -0.979783 0.702543 -0.356945
v -0.979783 0.710043 -0.358954
v -0.979783 0.620043 -0.358954
v -0.979783 0.627543 -0.356945
v -0.979783 0.633034 -0.351454
v -0.979783 0.697053 -0.351454
v -0.979783 0.627543 -0.330964
v -0.979783 0.702543 -0.330964
v -0.979783 0.697053 -0.336454
v -0.979783 0.710043 -0.328954
v -0.979783 0.695043 -0.343954
v -0.979783 0.635043 -0.343954
v -0.979783 0.633034 -0.336454
v -0.979783 0.520043 -0.358954
v -0.979783 0.620043 -0.328954
v -0.979783 0.492821 -0.298954
v -0.979783 0.520043 -0.328954
v -0.979783 0.505043 -0.343954
v -0.979783 0.507053 -0.351454
v -0.979783 0.512543 -0.356945
v -0.979783 0.512543 -0.330964
v -0.979783 0.507053 -0.336454
v -0.979783 -0.709957 -1.436954
v -0.979783 -0.702457 -1.434945
v -0.979783 -0.664457 -1.495204
v -0.979783 -0.696967 -1.429454
v -0.979783 -0.694957 -1.421954
v -0.979783 -0.664457 -1.372954
v -0.979783 -0.696967 -1.414454
v -0.979783 -0.809957 -1.436954
v -0.979783 -0.817457 -1.434945
v -0.979783 -0.702457 -1.408964
v -0.979783 -0.709957 -1.406954
v -0.979783 -0.809957 -1.406954
v -0.979783 -0.817457 -1.408964
v -0.979783 -0.822947 -1.414454
v -0.979783 -0.824957 -1.421954
v -0.979783 -0.822947 -1.429454
v -0.979783 -0.002207 -1.184851
v -0.979783 0.000043 -1.185454
v -0.979783 -0.005679 -1.210954
v -0.979783 0.003940 -1.178704
v -0.979783 0.002293 -1.177057
v -0.979783 0.050043 -1.210954
v -0.979783 0.000043 -1.176454
v -0.979783 -0.005679 -1.106954
v -0.979783 -0.002207 -1.177057
v -0.979783 0.004543 -1.180954
v -0.979783 0.057543 -1.212964
v -0.979783 0.003940 -1.183204
v -0.979783 0.002293 -1.184851
v -0.979783 0.057543 -1.238945
v -0.979783 0.063034 -1.233454
v -0.979783 0.065043 -1.225954
v -0.979783 -0.003854 -1.178704
v -0.979783 -0.004457 -1.180954
v -0.979783 -0.003854 -1.183204
v -0.979783 0.063034 -1.218454
v -0.979783 -0.057457 -1.238945
v -0.979783 -0.049957 -1.240954
v -0.979783 0.050043 -1.240954
v -0.979783 -0.247457 -1.238945
v -0.979783 -0.239957 -1.240954
v -0.979783 -0.139957 -1.240954
v -0.979783 -0.132457 -1.238945
v -0.979783 -0.126966 -1.233454
v -0.979783 -0.049957 -1.210954
v -0.979783 -0.057457 -1.212964
v -0.979783 -0.126966 -1.218454
v -0.979783 -0.062947 -1.218454
v -0.979783 -0.124957 -1.225954
v -0.979783 -0.064957 -1.225954
v -0.979783 -0.062947 -1.233454
v -0.979783 -0.247457 -1.212964
v -0.979783 -0.252947 -1.218454
v -0.979783 -0.254957 -1.225954
v -0.979783 -0.252947 -1.233454
v -0.979783 -0.132457 -1.212964
v -0.979783 -0.139957 -1.210954
v -0.979783 -0.239957 -1.210954
v -0.979783 -0.709957 -1.338954
v -0.979783 -0.702457 -1.336945
v -0.979783 -0.696967 -1.316454
v -0.979783 -0.694957 -1.323954
v -0.979783 -0.696967 -1.331454
v -0.979783 -0.809957 -1.338954
v -0.979783 -0.817457 -1.336945
v -0.979783 -0.702457 -1.310964
v -0.979783 -0.709957 -1.308954
v -0.979783 -0.809957 -1.308954
v -0.979783 -0.817457 -1.310964
v -0.979783 -0.822947 -1.316454
v -0.979783 -0.824957 -1.323954
v -0.979783 -0.822947 -1.331454
v -0.979783 -0.709957 -1.534954
v -0.979783 -0.702457 -1.532945
v -0.979783 -0.696967 -1.527454
v -0.979783 -0.694957 -1.519954
v -0.979783 -0.696966 -1.512454
v -0.979783 -0.809957 -1.534954
v -0.979783 -0.830207 -1.568954
v -0.979783 -0.817457 -1.532945
v -0.979783 -0.702457 -1.506964
v -0.979783 -0.709957 -1.504954
v -0.979783 -0.809957 -1.504954
v -0.979783 -0.817457 -1.506964
v -0.979783 -0.822947 -1.512454
v -0.979783 -0.824957 -1.519954
v -0.979783 -0.822947 -1.527454
v -0.979783 0.065043 -1.519954
v -0.979783 0.063034 -1.512454
v -0.979783 0.086849 -1.495204
v -0.979783 0.057543 -1.506964
v -0.979783 0.050043 -1.504954
v -0.979783 0.063034 -1.527454
v -0.979783 0.057543 -1.532945
v -0.979783 -0.239957 -1.504954
v -0.979783 -0.247457 -1.506964
v -0.979783 -0.265207 -1.495204
v -0.979783 -0.057457 -1.532945
v -0.979783 -0.049957 -1.534954
v -0.979783 0.050043 -1.534954
v -0.979783 -0.126966 -1.512454
v -0.979783 -0.132457 -1.506964
v -0.979783 -0.139957 -1.504954
v -0.979783 -0.049957 -1.504954
v -0.979783 -0.057457 -1.506964
v -0.979783 -0.062947 -1.512454
v -0.979783 -0.124957 -1.519954
v -0.979783 -0.064957 -1.519954
v -0.979783 -0.126966 -1.527454
v -0.979783 -0.247457 -1.532945
v -0.979783 -0.239957 -1.534954
v -0.979783 -0.139957 -1.534954
v -0.979783 -0.132457 -1.532945
v -0.979783 -0.062947 -1.527454
v -0.979783 -0.252947 -1.512454
v -0.979783 -0.254957 -1.519954
v -0.979783 -0.252947 -1.527454
v -0.979783 -0.709957 -1.632954
v -0.979783 -0.702457 -1.630945
v -0.979783 -0.696967 -1.625454
v -0.979783 -0.694957 -1.617954
v -0.979783 -0.696967 -1.610454
v -0.979783 -0.817457 -1.630945
v -0.979783 -0.809957 -1.632954
v -0.979783 -0.702457 -1.604964
v -0.979783 -0.709957 -1.602954
v -0.979783 -0.765457 -1.602954
v -0.979783 -0.809957 -1.602954
v -0.979783 -0.817457 -1.604964
v -0.979783 -0.822947 -1.610454
v -0.979783 -0.824957 -1.617954
v -0.979783 -0.822947 -1.625454
v -0.979783 0.852043 -0.378954
v -0.979783 0.853566 -0.386608
v -0.979783 0.817543 -0.356945
v -0.979783 0.857901 -0.393096
v -0.979783 0.864390 -0.397432
v -0.979783 0.810043 -0.328954
v -0.979783 0.817543 -0.330964
v -0.979783 0.823034 -0.351454
v -0.979783 0.825043 -0.343954
v -0.979783 0.823034 -0.336454
v -0.979783 0.810043 -0.358954
v -0.979783 0.057543 -1.434945
v -0.979783 0.063034 -1.429454
v -0.979783 0.065043 -1.421954
v -0.979783 0.063034 -1.414454
v -0.979783 0.050043 -1.406954
v -0.979783 0.057543 -1.408964
v -0.979783 -0.057457 -1.434945
v -0.979783 -0.049957 -1.436954
v -0.979783 -0.005679 -1.436954
v -0.979783 0.050043 -1.436954
v -0.979783 -0.247457 -1.434945
v -0.979783 -0.239957 -1.436954
v -0.979783 -0.139957 -1.436954
v -0.979783 -0.132457 -1.434945
v -0.979783 -0.126966 -1.429454
v -0.979783 -0.049957 -1.406954
v -0.979783 -0.057457 -1.408964
v -0.979783 -0.126966 -1.414454
v -0.979783 -0.062947 -1.414454
v -0.979783 -0.124957 -1.421954
v -0.979783 -0.064957 -1.421954
v -0.979783 -0.062947 -1.429454
v -0.979783 -0.132457 -1.408964
v -0.979783 -0.139957 -1.406954
v -0.979783 -0.239957 -1.406954
v -0.979783 -0.247457 -1.408964
v -0.979783 -0.252947 -1.414454
v -0.979783 -0.254957 -1.421954
v -0.979783 -0.252947 -1.429454
v -0.979783 0.083377 -0.880499
v -0.979783 0.080246 -0.871452
v -0.979783 0.074566 -0.955542
v -0.979783 0.051432 -0.957864
v -0.979783 0.058538 -0.955983
v -0.979783 0.080009 -0.956930
v -0.979783 0.081205 -0.955984
v -0.979783 0.074327 -0.863832
v -0.979783 0.064557 -0.856747
v -0.979783 0.052821 -0.854001
v -0.979783 0.077647 -0.917065
v -0.979783 0.075672 -0.917535
v -0.979783 0.045877 -0.862877
v -0.979783 0.075682 -0.956791
v -0.979783 0.077351 -0.957317
v -0.979783 0.077864 -0.957343
v -0.979783 0.045877 -0.948967
v -0.979783 0.051432 -0.948880
v -0.979783 0.014627 -0.941697
v -0.979783 0.027811 -0.952641
v -0.979783 0.067838 -0.952376
v -0.979783 0.070377 -0.951788
v -0.979783 0.072272 -0.952304
v -0.979783 0.052821 -0.862877
v -0.979783 0.081736 -0.920277
v -0.979783 0.045877 -0.854001
v -0.979783 0.080664 -0.918346
v -0.979783 0.079283 -0.917404
v -0.979783 0.033018 -0.855748
v -0.979783 0.021332 -0.861358
v -0.979783 0.008338 -0.876898
v -0.979783 0.082743 -0.883037
v -0.979783 0.073611 -0.953741
v -0.979783 0.064887 -0.867217
v -0.979783 0.071070 -0.873128
v -0.979783 0.081863 -0.954563
v -0.979783 0.081988 -0.953263
v -0.979783 0.081988 -0.922491
v -0.979783 0.042563 -0.863618
v -0.979783 0.039974 -0.865785
v -0.979783 0.038220 -0.868943
v -0.979783 0.037543 -0.872491
v -0.979783 0.074513 -0.918586
v -0.979783 0.073090 -0.921905
v -0.979783 0.037543 -0.935946
v -0.979783 0.081310 -0.884552
v -0.979783 0.079253 -0.885121
v -0.979783 0.077521 -0.884773
v -0.979783 0.076327 -0.883779
v -0.979783 0.059110 -0.864322
v -0.979783 0.070095 -0.931019
v -0.979783 0.066949 -0.936976
v -0.979783 0.062890 -0.942348
v -0.979783 0.002900 -0.900659
v -0.979783 0.002821 -0.904717
v -0.979783 0.005543 -0.924254
v -0.979783 0.041334 -0.947039
v -0.979783 0.038794 -0.943568
v -0.979783 0.057752 -0.946681
v -0.979783 0.045877 -0.957929
v -0.979783 -0.244957 -1.010954
v -0.979783 -0.204957 -1.010954
v -0.979783 -0.244957 -1.000954
v -0.979783 -0.244957 -0.993204
v -0.979783 -0.244957 -0.960954
v -0.979783 -0.204957 -0.960954
v -0.979783 -0.204957 -1.000954
v -0.979783 -0.254957 -0.860954
v -0.979783 -0.294957 -0.860954
v -0.979783 -0.294957 -0.900954
v -0.979783 -0.304957 -0.900954
v -0.979783 -0.304957 -0.860954
v -0.979783 -0.344957 -0.860954
v -0.979783 -0.499957 -0.851478
v -0.979783 -0.394957 -0.950954
v -0.979783 -0.454957 -0.950954
v -0.979783 -0.454957 -0.910954
v -0.979783 -0.494957 -0.910954
v -0.979783 -0.494957 -0.900954
v -0.979783 -0.454957 -0.900954
v -0.979783 -0.494957 -0.950954
v -0.979783 -0.404957 -0.860954
v -0.979783 -0.444957 -0.860954
v -0.979783 -0.354957 -0.950954
v -0.979783 -0.354957 -0.910954
v -0.979783 -0.354957 -0.900954
v -0.979783 -0.394957 -0.900954
v -0.979783 -0.394957 -0.910954
v -0.979783 -0.444957 -0.900954
v -0.979783 -0.404957 -0.900954
v -0.979783 -0.344957 -0.900954
v -0.979783 -0.354957 -0.860954
v -0.979783 -0.394957 -0.860954
v -0.979783 -0.454957 -0.860954
v -0.979783 -0.494957 -0.860954
v -0.979783 -0.106684 -0.941197
v -0.979783 -0.089171 -0.881453
v -0.979783 -0.086372 -0.891892
v -0.979783 -0.244957 -0.900954
v -0.979783 -0.204957 -0.900954
v -0.979783 -0.204957 -0.910954
v -0.979783 -0.106844 -0.942223
v -0.979783 -0.105842 -0.946339
v -0.979783 -0.106690 -0.944866
v -0.979783 -0.106901 -0.943259
v -0.979783 -0.254957 -0.900954
v -0.979783 -0.148245 -0.949791
v -0.979783 -0.147432 -0.948786
v -0.979783 -0.204957 -0.860954
v -0.979783 -0.144683 -0.947382
v -0.979783 -0.096116 -0.855954
v -0.979783 -0.115386 -0.855954
v -0.979783 -0.244957 -0.860954
v -0.979783 -0.052735 -0.859752
v -0.979783 -0.052227 -0.861959
v -0.979783 -0.051510 -0.862843
v -0.979783 -0.051760 -0.949179
v -0.979783 -0.061068 -0.952135
v -0.979783 -0.045790 -0.942434
v -0.979783 -0.008804 -0.955332
v -0.979783 -0.007557 -0.954307
v -0.979783 -0.081901 -0.940199
v -0.979783 -0.100474 -0.949949
v -0.979783 -0.084549 -0.955954
v -0.979783 -0.064581 -0.955866
v -0.979783 -0.062652 -0.955303
v -0.979783 -0.061443 -0.950211
v -0.979783 -0.062290 -0.949206
v -0.979783 -0.045790 -0.869214
v -0.979783 -0.082531 -0.943802
v -0.979783 -0.083742 -0.945850
v -0.979783 -0.085699 -0.947187
v -0.979783 -0.088612 -0.954975
v -0.979783 -0.101845 -0.955216
v -0.979783 -0.089784 -0.953743
v -0.979783 -0.100529 -0.953776
v -0.979783 -0.090235 -0.951831
v -0.979783 -0.099957 -0.951918
v -0.979783 -0.090091 -0.950587
v -0.979783 -0.089424 -0.949211
v -0.979783 -0.090256 -0.905585
v -0.979783 -0.101786 -0.948632
v -0.979783 -0.142822 -0.945807
v -0.979783 -0.144050 -0.947032
v -0.979783 -0.006944 -0.952685
v -0.979783 -0.006901 -0.952091
v -0.979783 -0.007556 -0.949602
v -0.979783 -0.006901 -0.859752
v -0.979783 -0.148568 -0.951549
v -0.979783 -0.147991 -0.953578
v -0.979783 -0.204957 -0.950954
v -0.979783 -0.067209 -0.946688
v -0.979783 -0.071687 -0.942213
v -0.979783 -0.074640 -0.935644
v -0.979783 -0.244957 -0.910954
v -0.979783 -0.244957 -0.950954
v -0.979783 -0.146419 -0.954999
v -0.979783 -0.143744 -0.955786
v -0.979783 -0.087650 -0.955457
v -0.979783 -0.105051 -0.955891
v -0.979783 -0.007370 -0.857868
v -0.979783 -0.008466 -0.856747
v -0.979783 -0.010591 -0.856037
v -0.979783 -0.050022 -0.863680
v -0.979783 -0.048160 -0.864361
v -0.979783 -0.047042 -0.864923
v -0.979783 -0.046615 -0.946232
v -0.979783 -0.047380 -0.947070
v -0.979783 -0.045928 -0.944398
v -0.979783 -0.050022 -0.948077
v -0.979783 -0.051192 -0.955137
v -0.979783 -0.052288 -0.953994
v -0.979783 -0.061445 -0.953930
v -0.979783 -0.052735 -0.952091
v -0.979783 -0.052565 -0.950717
v -0.979783 -0.087782 -0.948077
v -0.979783 -0.082009 -0.942035
v -0.979783 -0.045931 -0.867293
v -0.979783 -0.046615 -0.865503
v -0.979783 -0.049016 -0.955876
v -0.979783 -0.047765 -0.955954
v -0.979783 -0.011871 -0.955954
v -0.979783 -0.047765 -0.855954
v -0.979783 -0.050825 -0.856539
v -0.979783 -0.052076 -0.857551
v -0.979783 -0.052681 -0.859083
v -0.979783 -0.013846 -0.942434
v -0.979783 -0.011480 -0.947392
v -0.979783 -0.009614 -0.863680
v -0.979783 -0.008829 -0.948434
v -0.979783 -0.007826 -0.862546
v -0.979783 -0.007086 -0.861162
v -0.979783 -0.012618 -0.946788
v -0.979783 -0.013021 -0.946232
v -0.979783 -0.013689 -0.944393
v -0.979783 -0.013021 -0.865503
v -0.979783 -0.012329 -0.864697
v -0.979783 -0.013686 -0.867298
v -0.979783 -0.013846 -0.869214
v -0.979783 -0.204957 -1.050954
v -0.979783 -0.244957 -1.050954
v -0.979783 -0.244957 -1.060954
v -0.979783 -0.204957 -1.060954
v -0.979783 -0.294957 -1.100954
v -0.979783 -0.254957 -1.100954
v -0.979783 -0.204957 -1.100954
v -0.979783 -0.244957 -1.100954
v -0.979783 -0.254957 -1.060954
v -0.979783 -1.059277 -0.388954
v -0.979783 -1.051957 -0.396275
v -0.979783 -1.061957 -0.288954
v -0.979783 -1.061957 -0.378954
v -0.979783 -1.041957 -0.398954
v -0.979783 -1.038457 -0.412954
v -0.979783 -0.871957 -0.268954
v -0.979783 -0.864303 -0.270477
v -0.979783 -0.857815 -0.274812
v -0.979783 -0.851957 -0.288954
v -0.979783 -0.853479 -0.281301
v -0.979783 -0.864303 -0.397432
v -0.979783 -0.857815 -0.393096
v -0.979783 -0.871957 -0.398954
v -0.979783 -0.853479 -0.386608
v -0.979783 -0.851957 -0.378954
v -0.979783 1.042043 -0.398954
v -0.979783 1.052043 -0.396275
v -0.979783 0.872043 -0.398954
v -0.979782 0.843940 -0.233204
v -0.979782 0.844543 -0.230954
v -0.979782 0.868543 -0.222704
v -0.979782 0.843940 -0.228704
v -0.979782 0.842293 -0.227057
v -0.979782 0.840043 -0.226454
v -0.979782 0.837793 -0.227057
v -0.979782 0.836146 -0.228704
v -0.979782 0.835543 -0.230954
v -0.979782 0.836146 -0.233204
v -0.979782 0.837793 -0.234852
v -0.979782 0.840043 -0.235454
v -0.979783 0.852043 -0.288954
v -0.979783 0.853566 -0.281301
v -0.979783 0.872043 -0.268954
v -0.979782 0.842293 -0.234852
v -0.979783 0.864390 -0.270477
v -0.979783 0.857901 -0.274812
v -0.979782 1.076146 -0.228704
v -0.979782 1.075543 -0.230954
v -0.979782 1.080043 -0.235454
v -0.979782 1.082293 -0.234852
v -0.979783 1.059364 -0.278954
v -0.979782 1.084543 -0.230954
v -0.979782 1.083940 -0.228704
v -0.979783 1.059364 -0.388954
v -0.979783 1.062043 -0.378954
v -0.979783 1.062043 -0.288954
v -0.979782 1.082293 -0.227057
v -0.979782 1.080043 -0.226454
v -0.979782 1.077793 -0.227057
v -0.979782 1.083940 -0.233204
v -0.979782 1.076146 -0.233204
v -0.979782 1.077793 -0.234852
v -0.979783 1.052043 -0.271634
v -0.979783 1.042043 -0.268954
v -0.979782 -0.664457 -0.218954
v -0.979782 0.868543 -0.218954
v -0.979782 0.492821 -0.222704
v -0.979782 -0.835457 -0.230954
v -0.979782 -0.836060 -0.228704
v -0.979782 -0.837707 -0.227057
v -0.979782 -0.839957 -0.226454
v -0.979782 -0.842207 -0.227057
v -0.979782 -0.842207 -0.234851
v -0.979782 -0.839957 -0.235454
v -0.979782 -0.843854 -0.228704
v -0.979782 -0.844457 -0.230954
v -0.979782 -0.843854 -0.233204
v -0.979782 -0.837707 -0.234851
v -0.979782 -0.836060 -0.233204
v -0.979782 -0.556060 -0.228704
v -0.979782 -0.557707 -0.227057
v -0.979782 -0.559957 -0.226454
v -0.979782 -0.562207 -0.227057
v -0.979782 -0.563854 -0.228704
v -0.979782 -0.564457 -0.230954
v -0.979782 -0.559957 -0.235454
v -0.979782 -0.562207 -0.234851
v -0.979782 -0.563854 -0.233204
v -0.979782 -0.557707 -0.234851
v -0.979782 -0.556060 -0.233204
v -0.979782 -0.555457 -0.230954
v -0.979782 -0.276060 -0.233204
v -0.979782 -0.275457 -0.230954
v -0.979782 -0.276060 -0.228704
v -0.979782 -0.282207 -0.227057
v -0.979782 -0.279957 -0.226454
v -0.979782 -0.277707 -0.227057
v -0.979782 -0.282207 -0.234852
v -0.979782 -0.279957 -0.235454
v -0.979782 -0.277707 -0.234852
v -0.979782 -0.283854 -0.228704
v -0.979782 -0.284457 -0.230954
v -0.979782 -0.283854 -0.233204
v -0.979782 0.003940 -0.228704
v -0.979782 0.002293 -0.227057
v -0.979782 0.003940 -0.233204
v -0.979782 0.004543 -0.230954
v -0.979782 0.000043 -0.226454
v -0.979782 -0.002207 -0.227057
v -0.979782 -0.003854 -0.228704
v -0.979782 -0.004457 -0.230954
v -0.979782 -0.003854 -0.233204
v -0.979782 -0.002207 -0.234851
v -0.979782 0.000043 -0.235454
v -0.979782 0.002293 -0.234851
v -0.979782 0.282293 -0.227057
v -0.979782 0.280043 -0.226454
v -0.979783 0.285349 -0.298954
v -0.979782 0.280043 -0.235454
v -0.979782 0.282293 -0.234851
v -0.979782 0.277793 -0.227057
v -0.979782 0.283940 -0.233204
v -0.979782 0.284543 -0.230954
v -0.979782 0.283940 -0.228704
v -0.979782 0.276146 -0.228704
v -0.979782 0.275543 -0.230954
v -0.979782 0.276146 -0.233204
v -0.979782 0.277793 -0.234851
v -0.979782 0.563940 -0.233204
v -0.979782 0.564543 -0.230954
v -0.979782 0.563941 -0.228704
v -0.979782 0.557793 -0.227057
v -0.979782 0.560043 -0.226454
v -0.979782 0.562293 -0.227057
v -0.979782 0.556146 -0.228704
v -0.979782 0.555543 -0.230954
v -0.979782 0.556146 -0.233204
v -0.979782 0.557793 -0.234851
v -0.979782 0.560043 -0.235454
v -0.979782 0.562293 -0.234851
v -0.979783 -0.506966 -0.336454
v -0.979783 -0.504957 -0.343954
v -0.979783 -0.506966 -0.351454
v -0.979783 -0.619957 -0.358954
v -0.979783 -0.519957 -0.358954
v -0.979783 -0.512457 -0.356945
v -0.979783 -0.512457 -0.330964
v -0.979783 -0.519957 -0.328954
v -0.979783 -0.619957 -0.328954
v -0.979783 -0.627457 -0.330964
v -0.979783 -0.632947 -0.336454
v -0.979783 -0.634957 -0.343954
v -0.979783 -0.632947 -0.351454
v -0.979783 -0.627457 -0.356945
v -0.979783 -0.314957 -0.343954
v -0.979783 -0.316966 -0.336454
v -0.979783 -0.316966 -0.351454
v -0.979783 -0.322457 -0.356945
v -0.979783 -0.441684 -0.353307
v -0.979783 -0.436465 -0.357469
v -0.979783 -0.429957 -0.358954
v -0.979783 -0.329957 -0.358954
v -0.979783 -0.322457 -0.330964
v -0.979783 -0.329957 -0.328954
v -0.979783 -0.429957 -0.328954
v -0.979783 -0.436465 -0.330440
v -0.979783 -0.441684 -0.334602
v -0.979783 -0.444581 -0.340616
v -0.979783 -0.444581 -0.347292
v -0.979783 0.140043 -0.358954
v -0.979783 0.240043 -0.358954
v -0.979783 0.285349 -0.412954
v -0.979783 0.247543 -0.356945
v -0.979783 0.253034 -0.351454
v -0.979783 0.255043 -0.343954
v -0.979783 0.253034 -0.336454
v -0.979783 0.247543 -0.330964
v -0.979783 0.240043 -0.328954
v -0.979783 0.140043 -0.328954
v -0.979783 0.132543 -0.330964
v -0.979783 0.127053 -0.336454
v -0.979783 0.125043 -0.343954
v -0.979783 0.127053 -0.351454
v -0.979783 0.132543 -0.356945
v -0.979783 0.437543 -0.356945
v -0.979783 0.443034 -0.351454
v -0.979783 0.322543 -0.356945
v -0.979783 0.330043 -0.358954
v -0.979783 0.445043 -0.343954
v -0.979783 0.330043 -0.328954
v -0.979783 0.322543 -0.330964
v -0.979783 0.430043 -0.358954
v -0.979783 0.443034 -0.336454
v -0.979783 0.437543 -0.330964
v -0.979783 0.430043 -0.328954
v -0.979783 0.317053 -0.336454
v -0.979783 0.315043 -0.343954
v -0.979783 0.317053 -0.351454
v -0.979783 -0.892457 -0.454945
v -0.979783 -0.886967 -0.449454
v -0.979783 -0.884957 -0.441954
v -0.979783 -0.886967 -0.434454
v -0.979783 -0.892457 -0.428964
v -0.979783 -0.899957 -0.426954
v -0.979783 -0.999957 -0.426954
v -0.979783 -1.006465 -0.428440
v -0.979783 -1.011684 -0.432602
v -0.979783 -1.014581 -0.438616
v -0.979783 -1.014581 -0.445292
v -0.979783 -1.011684 -0.451307
v -0.979783 -1.006465 -0.455469
v -0.979783 -0.999957 -0.456954
v -0.979783 -0.899957 -0.456954
v -0.979783 -0.512457 -0.454945
v -0.979783 -0.506966 -0.434454
v -0.979783 -0.512457 -0.428964
v -0.979783 -0.519957 -0.426954
v -0.979783 -0.619957 -0.426954
v -0.979783 -0.632947 -0.449454
v -0.979783 -0.627457 -0.454945
v -0.979783 -0.619957 -0.456954
v -0.979783 -0.519957 -0.456954
v -0.979783 -0.627457 -0.428964
v -0.979783 -0.632947 -0.434454
v -0.979783 -0.634957 -0.441954
v -0.979783 -0.322457 -0.454945
v -0.979783 -0.316966 -0.449454
v -0.979783 -0.314957 -0.441954
v -0.979783 -0.316966 -0.434454
v -0.979783 -0.322457 -0.428964
v -0.979783 -0.444957 -0.441954
v -0.979783 -0.442947 -0.449454
v -0.979783 -0.437457 -0.454945
v -0.979783 -0.429957 -0.456954
v -0.979783 -0.329957 -0.456954
v -0.979783 -0.442947 -0.434454
v -0.979783 -0.329957 -0.426954
v -0.979783 -0.429957 -0.426954
v -0.979783 -0.437457 -0.428964
v -0.979783 0.247543 -0.454945
v -0.979783 0.253034 -0.449454
v -0.979783 0.285349 -0.466704
v -0.979783 0.255043 -0.441954
v -0.979783 0.127053 -0.449454
v -0.979783 0.132543 -0.454945
v -0.979783 0.140043 -0.456954
v -0.979783 0.240043 -0.456954
v -0.979783 0.253034 -0.434454
v -0.979783 0.247543 -0.428964
v -0.979783 0.240043 -0.426954
v -0.979783 0.140043 -0.426954
v -0.979783 0.132543 -0.428964
v -0.979783 0.127053 -0.434454
v -0.979783 0.125043 -0.441954
v -0.979783 0.317053 -0.449454
v -0.979783 0.322543 -0.454945
v -0.979783 0.322543 -0.428964
v -0.979783 0.317053 -0.434454
v -0.979783 0.443034 -0.434454
v -0.979783 0.330043 -0.456954
v -0.979783 0.430043 -0.456954
v -0.979783 0.437543 -0.454945
v -0.979783 0.315043 -0.441954
v -0.979783 0.437543 -0.428964
v -0.979783 0.430043 -0.426954
v -0.979783 0.330043 -0.426954
v -0.979783 0.887053 -0.449454
v -0.979783 0.892543 -0.454945
v -0.979783 1.013034 -0.434454
v -0.979783 1.015043 -0.441954
v -0.979783 1.038543 -0.466704
v -0.979783 1.013034 -0.449454
v -0.979783 0.900043 -0.456954
v -0.979783 1.000043 -0.456954
v -0.979783 1.007543 -0.454945
v -0.979783 0.900043 -0.426954
v -0.979783 1.000043 -0.426954
v -0.979783 1.007543 -0.428964
v -0.979783 0.892543 -0.428964
v -0.979783 0.887053 -0.434454
v -0.979783 0.885043 -0.441954
v -0.979783 -1.119957 -0.476454
v -0.979783 -1.122207 -0.477057
v -0.979783 -1.116060 -0.478704
v -0.979783 -1.117707 -0.477057
v -0.979783 -1.038457 -0.588954
v -0.979783 -1.116060 -0.483204
v -0.979783 -1.115457 -0.480954
v -0.979783 -1.123854 -0.483204
v -0.979783 -1.131957 -0.588954
v -0.979783 -1.124457 -0.480954
v -0.979783 -1.123854 -0.478704
v -0.979783 -1.122207 -0.484851
v -0.979783 -1.119957 -0.485454
v -0.979783 -1.117707 -0.484851
v -0.979783 -0.886967 -0.532454
v -0.979783 -0.884957 -0.539954
v -0.979783 -0.886967 -0.547454
v -0.979783 -0.892457 -0.552945
v -0.979783 -1.007457 -0.526964
v -0.979783 -1.012947 -0.532454
v -0.979783 -1.014957 -0.539954
v -0.979783 -1.012947 -0.547454
v -0.979783 -1.007457 -0.552945
v -0.979783 -0.999957 -0.554954
v -0.979783 -0.899957 -0.554954
v -0.979783 -0.892457 -0.526964
v -0.979783 -0.899957 -0.524954
v -0.979783 -0.999957 -0.524954
v -0.979783 -0.506966 -0.532454
v -0.979783 -0.504957 -0.539954
v -0.979783 -0.499957 -0.588954
v -0.979783 -0.506966 -0.547454
v -0.979783 -0.512457 -0.552945
v -0.979783 -0.627457 -0.552945
v -0.979783 -0.619957 -0.554954
v -0.979783 -0.519957 -0.554954
v -0.979783 -0.627457 -0.526964
v -0.979783 -0.632947 -0.532454
v -0.979783 -0.634957 -0.539954
v -0.979783 -0.632947 -0.547454
v -0.979783 -0.512457 -0.526964
v -0.979783 -0.519957 -0.524954
v -0.979783 -0.619957 -0.524954
v -0.979783 -0.316966 -0.532454
v -0.979783 -0.314957 -0.539954
v -0.979783 -0.316966 -0.547454
v -0.979783 -0.322457 -0.552945
v -0.979783 -0.437457 -0.526964
v -0.979783 -0.442947 -0.532454
v -0.979783 -0.442947 -0.547454
v -0.979783 -0.437457 -0.552945
v -0.979783 -0.429957 -0.554954
v -0.979783 -0.329957 -0.554954
v -0.979783 -0.444957 -0.539954
v -0.979783 -0.322457 -0.526964
v -0.979783 -0.329957 -0.524954
v -0.979783 -0.429957 -0.524954
v -0.979783 0.253034 -0.532454
v -0.979783 0.255043 -0.539954
v -0.979783 0.285349 -0.588954
v -0.979783 0.253034 -0.547454
v -0.979783 0.247543 -0.552945
v -0.979783 0.127053 -0.547454
v -0.979783 0.132543 -0.552945
v -0.979783 0.140043 -0.554954
v -0.979783 0.240043 -0.554954
v -0.979783 0.140043 -0.524954
v -0.979783 0.240043 -0.524954
v -0.979783 0.247543 -0.526964
v -0.979783 0.132543 -0.526964
v -0.979783 0.127053 -0.532454
v -0.979783 0.125043 -0.539954
v -0.979783 0.430043 -0.554954
v -0.979783 0.437543 -0.552945
v -0.979783 0.443034 -0.532454
v -0.979783 0.445043 -0.539954
v -0.979783 0.443034 -0.547454
v -0.979783 0.330043 -0.554954
v -0.979783 0.322543 -0.552945
v -0.979783 0.322543 -0.526964
v -0.979783 0.317053 -0.532454
v -0.979783 0.315043 -0.539954
v -0.979783 0.317053 -0.547454
v -0.979783 0.437543 -0.526964
v -0.979783 0.430043 -0.524954
v -0.979783 0.330043 -0.524954
v -0.979783 1.013034 -0.532454
v -0.979783 1.015043 -0.539954
v -0.979783 1.013034 -0.547454
v -0.979783 1.007543 -0.552945
v -0.979783 0.892543 -0.552945
v -0.979783 0.900043 -0.554954
v -0.979783 1.000043 -0.554954
v -0.979783 0.892543 -0.526964
v -0.979783 0.887053 -0.532454
v -0.979783 0.885043 -0.539954
v -0.979783 0.887053 -0.547454
v -0.979783 1.007543 -0.526964
v -0.979783 1.000043 -0.524954
v -0.979783 0.900043 -0.524954
v -0.979783 1.122293 -0.477057
v -0.979783 1.120043 -0.476454
v -0.979783 1.117793 -0.477057
v -0.979783 1.116146 -0.478704
v -0.979783 1.115543 -0.480954
v -0.979783 1.122293 -0.484851
v -0.979783 1.123940 -0.483204
v -0.979783 1.124543 -0.480954
v -0.979783 1.123940 -0.478704
v -0.979783 1.116146 -0.483204
v -0.979783 1.117793 -0.484851
v -0.979783 1.120043 -0.485454
v -0.979783 -1.119957 -0.735454
v -0.979783 -1.117707 -0.734851
v -0.979783 -1.116060 -0.733204
v -0.979783 -1.115457 -0.730954
v -0.979783 -1.122207 -0.727057
v -0.979783 -1.123854 -0.728704
v -0.979783 -1.124457 -0.730954
v -0.979783 -1.131957 -0.851478
v -0.979783 -1.123854 -0.733204
v -0.979783 -1.122207 -0.734851
v -0.979783 -1.116060 -0.728704
v -0.979783 -1.117707 -0.727057
v -0.979783 -1.119957 -0.726454
v -0.979783 -1.014957 -0.833954
v -0.979783 -1.012947 -0.841454
v -0.979783 -0.884957 -0.637954
v -0.979783 -0.886967 -0.630454
v -0.979783 -0.886967 -0.743454
v -0.979783 -0.884957 -0.735954
v -0.979783 -0.886967 -0.826454
v -0.979783 -1.012947 -0.826454
v -0.979783 -0.892457 -0.846945
v -0.979783 -1.014957 -0.735954
v -0.979783 -1.012947 -0.743454
v -0.979783 -1.007457 -0.748945
v -0.979783 -0.886967 -0.728454
v -0.979783 -0.892457 -0.624964
v -0.979783 -0.899957 -0.622954
v -0.979783 -0.999957 -0.622954
v -0.979783 -1.007457 -0.624964
v -0.979783 -1.012947 -0.630454
v -0.979783 -1.014957 -0.637954
v -0.979783 -1.012947 -0.645454
v -0.979783 -1.012947 -0.728454
v -0.979783 -1.007457 -0.650945
v -0.979783 -1.007457 -0.722964
v -0.979783 -1.007457 -0.846945
v -0.979783 -0.999957 -0.848954
v -0.979783 -0.899957 -0.848954
v -0.979783 -0.892457 -0.748945
v -0.979783 -0.892457 -0.820964
v -0.979783 -0.899957 -0.750954
v -0.979783 -0.899957 -0.818954
v -0.979783 -0.999957 -0.750954
v -0.979783 -0.999957 -0.818954
v -0.979783 -1.007457 -0.820964
v -0.979783 -0.999957 -0.720954
v -0.979783 -0.999957 -0.652954
v -0.979783 -0.899957 -0.720954
v -0.979783 -0.899957 -0.652954
v -0.979783 -0.892457 -0.722964
v -0.979783 -0.892457 -0.650945
v -0.979783 -0.886967 -0.645454
v -0.979783 -0.504957 -0.637954
v -0.979783 -0.506966 -0.630454
v -0.979783 -0.519957 -0.652954
v -0.979783 -0.512457 -0.650945
v -0.979783 -0.506966 -0.728454
v -0.979783 -0.504957 -0.735954
v -0.979783 -0.506966 -0.645454
v -0.979783 -0.506966 -0.743454
v -0.979783 -0.512457 -0.748945
v -0.979783 -0.632947 -0.743454
v -0.979783 -0.627457 -0.748945
v -0.979783 -0.512457 -0.846945
v -0.979783 -0.506966 -0.841454
v -0.979783 -0.504957 -0.833954
v -0.979783 -0.506966 -0.826454
v -0.979783 -0.519957 -0.750954
v -0.979783 -0.627457 -0.624964
v -0.979783 -0.632947 -0.630454
v -0.979783 -0.634957 -0.735954
v -0.979783 -0.632947 -0.826454
v -0.979783 -0.634957 -0.833954
v -0.979783 -0.632947 -0.841454
v -0.979783 -0.627457 -0.846945
v -0.979783 -0.619957 -0.848954
v -0.979783 -0.519957 -0.848954
v -0.979783 -0.634957 -0.637954
v -0.979783 -0.632947 -0.645454
v -0.979783 -0.627457 -0.650945
v -0.979783 -0.632947 -0.728454
v -0.979783 -0.512457 -0.624964
v -0.979783 -0.519957 -0.622954
v -0.979783 -0.619957 -0.622954
v -0.979783 -0.512457 -0.820964
v -0.979783 -0.519957 -0.818954
v -0.979783 -0.619957 -0.750954
v -0.979783 -0.619957 -0.818954
v -0.979783 -0.627457 -0.820964
v -0.979783 -0.512457 -0.722964
v -0.979783 -0.519957 -0.720954
v -0.979783 -0.619957 -0.652954
v -0.979783 -0.619957 -0.720954
v -0.979783 -0.627457 -0.722964
v -0.979783 -0.329957 -0.750954
v -0.979783 -0.322457 -0.748945
v -0.979783 -0.316966 -0.743454
v -0.979783 -0.314957 -0.735954
v -0.979783 -0.437457 -0.624964
v -0.979783 -0.442947 -0.630454
v -0.979783 -0.322457 -0.650945
v -0.979783 -0.316966 -0.645454
v -0.979783 -0.314957 -0.637954
v -0.979783 -0.316966 -0.630454
v -0.979783 -0.429957 -0.750954
v -0.979783 -0.444957 -0.735954
v -0.979783 -0.442947 -0.743454
v -0.979783 -0.437457 -0.748945
v -0.979783 -0.444957 -0.637954
v -0.979783 -0.322457 -0.624964
v -0.979783 -0.329957 -0.622954
v -0.979783 -0.429957 -0.622954
v -0.979783 -0.442947 -0.645454
v -0.979783 -0.437457 -0.650945
v -0.979783 -0.442947 -0.728454
v -0.979783 -0.316966 -0.728454
v -0.979783 -0.322457 -0.722964
v -0.979783 -0.329957 -0.652954
v -0.979783 -0.329957 -0.720954
v -0.979783 -0.429957 -0.652954
v -0.979783 -0.429957 -0.720954
v -0.979783 -0.437457 -0.722964
v -0.979783 0.255043 -0.637954
v -0.979783 0.253034 -0.630454
v -0.979783 0.240043 -0.750954
v -0.979783 0.247543 -0.748945
v -0.979783 0.247543 -0.650945
v -0.979783 0.253034 -0.645454
v -0.979783 0.140043 -0.750954
v -0.979783 0.253034 -0.743454
v -0.979783 0.255043 -0.735954
v -0.979783 0.132543 -0.748945
v -0.979783 0.131988 -0.862009
v -0.979783 0.129123 -0.863106
v -0.979783 0.126844 -0.865134
v -0.979783 0.247543 -0.624964
v -0.979783 0.240043 -0.622954
v -0.979783 0.140043 -0.622954
v -0.979783 0.132543 -0.624964
v -0.979783 0.127053 -0.630454
v -0.979783 0.125043 -0.637954
v -0.979783 0.127053 -0.645454
v -0.979783 0.132543 -0.650945
v -0.979783 0.127053 -0.728454
v -0.979783 0.125043 -0.735954
v -0.979783 0.127053 -0.743454
v -0.979783 0.253034 -0.728454
v -0.979783 0.247543 -0.722964
v -0.979783 0.240043 -0.652954
v -0.979783 0.240043 -0.720954
v -0.979783 0.140043 -0.652954
v -0.979783 0.140043 -0.720954
v -0.979783 0.132543 -0.722964
v -0.979783 0.322543 -0.624964
v -0.979783 0.317053 -0.630454
v -0.979783 0.330043 -0.750954
v -0.979783 0.430043 -0.750954
v -0.979783 0.437543 -0.748945
v -0.979783 0.443034 -0.743454
v -0.979783 0.445043 -0.735954
v -0.979783 0.437543 -0.650945
v -0.979783 0.443034 -0.645454
v -0.979783 0.445043 -0.637954
v -0.979783 0.443034 -0.630454
v -0.979783 0.333377 -0.862009
v -0.979783 0.315043 -0.637954
v -0.979783 0.315043 -0.735954
v -0.979783 0.317053 -0.743454
v -0.979783 0.322543 -0.748945
v -0.979783 0.437543 -0.624964
v -0.979783 0.430043 -0.622954
v -0.979783 0.330043 -0.622954
v -0.979783 0.317053 -0.645454
v -0.979783 0.322543 -0.650945
v -0.979783 0.317053 -0.728454
v -0.979783 0.443034 -0.728454
v -0.979783 0.437543 -0.722964
v -0.979783 0.430043 -0.652954
v -0.979783 0.430043 -0.720954
v -0.979783 0.330043 -0.652954
v -0.979783 0.330043 -0.720954
v -0.979783 0.322543 -0.722964
v -0.979783 0.887053 -0.743454
v -0.979783 0.892543 -0.748945
v -0.979783 1.007543 -0.650945
v -0.979783 1.013034 -0.645454
v -0.979783 1.038543 -0.851478
v -0.979783 1.015043 -0.637954
v -0.979783 1.013034 -0.630454
v -0.979783 0.887053 -0.841454
v -0.979783 0.892543 -0.846945
v -0.979783 0.900043 -0.848954
v -0.979783 1.000043 -0.848954
v -0.979783 1.007543 -0.846945
v -0.979783 1.013034 -0.841454
v -0.979783 1.007543 -0.748945
v -0.979783 1.013034 -0.743454
v -0.979783 1.015043 -0.735954
v -0.979783 1.013034 -0.728454
v -0.979783 1.000043 -0.652954
v -0.979783 1.007543 -0.722964
v -0.979783 0.900043 -0.652954
v -0.979783 0.892543 -0.650945
v -0.979783 0.892543 -0.624964
v -0.979783 0.887053 -0.630454
v -0.979783 0.885043 -0.637954
v -0.979783 0.885043 -0.735954
v -0.979783 0.887053 -0.728454
v -0.979783 0.887053 -0.645454
v -0.979783 0.887053 -0.826454
v -0.979783 0.885043 -0.833954
v -0.979783 1.007543 -0.624964
v -0.979783 1.000043 -0.622954
v -0.979783 0.900043 -0.622954
v -0.979783 1.000043 -0.720954
v -0.979783 0.900043 -0.720954
v -0.979783 0.892543 -0.722964
v -0.979783 1.015043 -0.833954
v -0.979783 1.013034 -0.826454
v -0.979783 1.007543 -0.820964
v -0.979783 1.000043 -0.750954
v -0.979783 1.000043 -0.818954
v -0.979783 0.900043 -0.750954
v -0.979783 0.900043 -0.818954
v -0.979783 0.892543 -0.820964
v -0.979783 1.120043 -0.735454
v -0.979783 1.122293 -0.734851
v -0.979783 1.116146 -0.728704
v -0.979783 1.115543 -0.730954
v -0.979783 1.116146 -0.733204
v -0.979783 1.117793 -0.734851
v -0.979783 1.123940 -0.728704
v -0.979783 1.124543 -0.730954
v -0.979783 1.123940 -0.733204
v -0.979783 1.122293 -0.727057
v -0.979783 1.120043 -0.726454
v -0.979783 1.117793 -0.727057
v -0.979783 -0.886967 -0.924454
v -0.979783 -0.884957 -0.931954
v -0.979783 -1.014957 -0.931954
v -0.979783 -1.012947 -0.924454
v -0.979783 -1.007457 -0.918964
v -0.979783 -0.899957 -0.946954
v -0.979783 -0.892457 -0.944945
v -0.979783 -0.886967 -0.939454
v -0.979783 -1.012947 -0.939454
v -0.979783 -1.007457 -0.944945
v -0.979783 -0.999957 -0.946954
v -0.979783 -0.892457 -0.918964
v -0.979783 -0.899957 -0.916954
v -0.979783 -0.999957 -0.916954
v -0.979783 -0.506966 -0.924454
v -0.979783 -0.504957 -0.931954
v -0.979783 -0.506966 -0.939454
v -0.979783 -0.512457 -0.944945
v -0.979783 -0.619957 -0.916954
v -0.979783 -0.519957 -0.916954
v -0.979783 -0.512457 -0.918964
v -0.979783 -0.627457 -0.918964
v -0.979783 -0.632947 -0.924454
v -0.979783 -0.634957 -0.931954
v -0.979783 -0.632947 -0.939454
v -0.979783 -0.627457 -0.944945
v -0.979783 -0.619957 -0.946954
v -0.979783 -0.519957 -0.946954
v -0.979783 1.000043 -0.946954
v -0.979783 1.007543 -0.944945
v -0.979783 1.013034 -0.939454
v -0.979783 1.015043 -0.931954
v -0.979783 1.013034 -0.924454
v -0.979783 0.892543 -0.944945
v -0.979783 0.900043 -0.946954
v -0.979783 1.007543 -0.918964
v -0.979783 1.000043 -0.916954
v -0.979783 0.900043 -0.916954
v -0.979783 0.892543 -0.918964
v -0.979783 0.887053 -0.924454
v -0.979783 0.885043 -0.931954
v -0.979783 0.887053 -0.939454
v -0.979783 -1.119957 -0.976454
v -0.979783 -1.122207 -0.977057
v -0.979783 -1.119957 -0.985454
v -0.979783 -1.117707 -0.984851
v -0.979783 -1.117707 -0.977057
v -0.979783 -1.123854 -0.978704
v -0.979783 -1.124457 -0.980954
v -0.979783 -1.131957 -0.993204
v -0.979783 -1.123854 -0.983204
v -0.979783 -1.122207 -0.984851
v -0.979783 -1.116060 -0.983204
v -0.979783 -1.115457 -0.980954
v -0.979783 -1.116060 -0.978704
v -0.979783 1.120043 -0.985454
v -0.979783 1.122293 -0.984852
v -0.979783 1.122293 -0.977057
v -0.979783 1.120043 -0.976454
v -0.979783 1.117793 -0.984851
v -0.979783 1.116146 -0.983204
v -0.979783 1.117793 -0.977057
v -0.979783 1.116146 -0.978704
v -0.979783 1.115543 -0.980954
v -0.979783 1.123940 -0.983204
v -0.979783 1.124543 -0.980954
v -0.979783 1.123940 -0.978704
v -0.979783 -1.131957 -1.012954
v -0.979783 -0.999957 -1.014954
v -0.979783 -1.007457 -1.016964
v -0.979783 -0.884957 -1.029954
v -0.979783 -0.886967 -1.037454
v -0.979783 -0.892457 -1.042945
v -0.979783 -1.012947 -1.037454
v -0.979783 -1.014957 -1.029954
v -0.979783 -1.012947 -1.022454
v -0.979783 -0.886967 -1.022454
v -0.979783 -0.892457 -1.016964
v -0.979783 -0.899957 -1.014954
v -0.979783 -1.007457 -1.042945
v -0.979783 -0.999957 -1.044954
v -0.979783 -0.899957 -1.044954
v -0.979783 -0.619957 -1.014954
v -0.979783 -0.627457 -1.016964
v -0.979783 -0.504957 -1.029954
v -0.979783 -0.506966 -1.037454
v -0.979783 -0.619957 -1.044954
v -0.979783 -0.519957 -1.044954
v -0.979783 -0.512457 -1.042945
v -0.979783 -0.506966 -1.022454
v -0.979783 -0.512457 -1.016964
v -0.979783 -0.519957 -1.014954
v -0.979783 -0.632947 -1.022454
v -0.979783 -0.634957 -1.029954
v -0.979783 -0.632947 -1.037454
v -0.979783 -0.627457 -1.042945
v -0.979783 0.900043 -1.014954
v -0.979783 0.892543 -1.016964
v -0.979783 1.015043 -1.029954
v -0.979783 1.013034 -1.037454
v -0.979783 1.007543 -1.042945
v -0.979783 1.000043 -1.044954
v -0.979783 1.013034 -1.022454
v -0.979783 1.007543 -1.016964
v -0.979783 1.000043 -1.014954
v -0.979783 0.892543 -1.042945
v -0.979783 0.900043 -1.044954
v -0.979783 1.038543 -0.993204
v -0.979783 0.887053 -1.022454
v -0.979783 0.885043 -1.029954
v -0.979783 0.887053 -1.037454
v -0.979783 -1.119957 -1.235454
v -0.979783 -1.117707 -1.234851
v -0.979783 -1.116060 -1.233204
v -0.979783 -1.122207 -1.227057
v -0.979783 -1.123854 -1.228704
v -0.979783 -1.124457 -1.230954
v -0.979783 -1.131957 -1.274954
v -0.979783 -1.123854 -1.233204
v -0.979783 -1.122207 -1.234851
v -0.979783 -1.115457 -1.230954
v -0.979783 -1.116060 -1.228704
v -0.979783 -1.117707 -1.227057
v -0.979783 -1.119957 -1.226454
v -0.979783 -1.007457 -1.114964
v -0.979783 -1.012947 -1.120454
v -0.979783 -0.886967 -1.218454
v -0.979783 -0.884957 -1.225954
v -0.979783 -0.868457 -1.274954
v -0.979783 -0.886966 -1.233454
v -0.979783 -0.892457 -1.238945
v -0.979783 -0.999957 -1.112954
v -0.979783 -1.014957 -1.127954
v -0.979783 -1.014957 -1.225954
v -0.979783 -1.012947 -1.233454
v -0.979783 -0.884957 -1.127954
v -0.979783 -0.886967 -1.120454
v -0.979783 -0.892457 -1.114964
v -0.979783 -0.899957 -1.112954
v -0.979783 -1.007457 -1.238945
v -0.979783 -0.999957 -1.240954
v -0.979783 -0.899957 -1.240954
v -0.979783 -1.012947 -1.135454
v -0.979783 -1.007457 -1.140945
v -0.979783 -1.012947 -1.218454
v -0.979783 -0.886967 -1.135454
v -0.979783 -0.892457 -1.140945
v -0.979783 -0.892457 -1.212964
v -0.979783 -0.899957 -1.142954
v -0.979783 -0.899957 -1.210954
v -0.979783 -0.999957 -1.142954
v -0.979783 -0.999957 -1.210954
v -0.979783 -1.007457 -1.212964
v -0.979783 -0.619957 -1.112954
v -0.979783 -0.627457 -1.114964
v -0.979783 -0.512457 -1.238945
v -0.979783 -0.506966 -1.233454
v -0.979783 -0.499957 -1.274954
v -0.979783 -0.504957 -1.225954
v -0.979783 -0.506966 -1.218454
v -0.979783 -0.504957 -1.127954
v -0.979783 -0.506966 -1.135454
v -0.979783 -0.632947 -1.120454
v -0.979783 -0.634957 -1.127954
v -0.979783 -0.632947 -1.135454
v -0.979783 -0.627457 -1.140945
v -0.979783 -0.506966 -1.120454
v -0.979783 -0.512457 -1.114964
v -0.979783 -0.519957 -1.112954
v -0.979783 -0.632947 -1.233454
v -0.979783 -0.627457 -1.238945
v -0.979783 -0.619957 -1.240954
v -0.979783 -0.519957 -1.240954
v -0.979783 -0.632947 -1.218454
v -0.979783 -0.634957 -1.225954
v -0.979783 -0.512457 -1.140945
v -0.979783 -0.512457 -1.212964
v -0.979783 -0.519957 -1.142954
v -0.979783 -0.519957 -1.210954
v -0.979783 -0.619957 -1.142954
v -0.979783 -0.619957 -1.210954
v -0.979783 -0.627457 -1.212964
v -0.979783 -0.437457 -1.212964
v -0.979783 -0.442947 -1.218454
v -0.979783 -0.322457 -1.238945
v -0.979783 -0.316966 -1.233454
v -0.979783 -0.314957 -1.225954
v -0.979783 -0.316966 -1.218454
v -0.979783 -0.444957 -1.225954
v -0.979783 -0.442947 -1.233454
v -0.979783 -0.437457 -1.238945
v -0.979783 -0.429957 -1.240954
v -0.979783 -0.329957 -1.240954
v -0.979783 -0.322457 -1.212964
v -0.979783 -0.329957 -1.210954
v -0.979783 -0.429957 -1.210954
v -0.979783 0.285349 -1.274954
v -0.979783 0.247543 -1.238945
v -0.979783 0.253034 -1.233454
v -0.979783 0.127053 -1.233454
v -0.979783 0.132543 -1.238945
v -0.979783 0.140043 -1.240954
v -0.979783 0.240043 -1.240954
v -0.979783 0.140043 -1.210954
v -0.979783 0.132543 -1.212964
v -0.979783 0.127053 -1.218454
v -0.979783 0.125043 -1.225954
v -0.979783 0.255043 -1.225954
v -0.979783 0.253034 -1.218454
v -0.979783 0.247543 -1.212964
v -0.979783 0.240043 -1.210954
v -0.979783 0.322543 -1.212964
v -0.979783 0.317053 -1.218454
v -0.979783 0.315043 -1.225954
v -0.979783 0.317053 -1.233454
v -0.979783 0.437543 -1.238945
v -0.979783 0.443034 -1.233454
v -0.979783 0.445043 -1.225954
v -0.979783 0.330043 -1.210954
v -0.979783 0.322543 -1.238945
v -0.979783 0.330043 -1.240954
v -0.979783 0.430043 -1.240954
v -0.979783 0.443034 -1.218454
v -0.979783 0.437543 -1.212964
v -0.979783 0.430043 -1.210954
v -0.979783 1.015043 -1.225954
v -0.979783 1.038543 -1.274954
v -0.979783 1.013034 -1.233454
v -0.979783 1.007543 -1.238945
v -0.979783 0.892543 -1.114964
v -0.979783 0.887053 -1.120454
v -0.979783 0.900043 -1.112954
v -0.979783 0.885043 -1.225954
v -0.979783 0.887053 -1.233454
v -0.979783 0.892543 -1.238945
v -0.979783 0.900043 -1.240954
v -0.979783 1.000043 -1.240954
v -0.979783 1.013034 -1.120454
v -0.979783 1.007543 -1.114964
v -0.979783 1.038543 -1.106954
v -0.979783 1.000043 -1.112954
v -0.979783 0.885043 -1.127954
v -0.979783 1.007543 -1.140945
v -0.979783 1.013034 -1.135454
v -0.979783 1.015043 -1.127954
v -0.979783 0.887053 -1.135454
v -0.979783 0.892543 -1.140945
v -0.979783 0.887053 -1.218454
v -0.979783 1.013034 -1.218454
v -0.979783 1.007543 -1.212964
v -0.979783 1.000043 -1.142954
v -0.979783 1.000043 -1.210954
v -0.979783 0.900043 -1.142954
v -0.979783 0.900043 -1.210954
v -0.979783 0.892543 -1.212964
v -0.979783 1.123940 -1.228704
v -0.979783 1.122293 -1.227057
v -0.979783 1.120043 -1.226454
v -0.979783 1.117793 -1.227057
v -0.979783 1.116146 -1.228704
v -0.979783 1.100043 -1.106954
v -0.979783 1.115543 -1.230954
v -0.979783 1.116146 -1.233204
v -0.979783 1.117793 -1.234851
v -0.979783 1.124543 -1.230954
v -0.979783 1.123940 -1.233204
v -0.979783 1.120043 -1.235454
v -0.979783 1.122293 -1.234851
v -0.979783 -0.886967 -1.316454
v -0.979783 -0.884957 -1.323954
v -0.979783 -0.886967 -1.331454
v -0.979783 -0.892457 -1.336945
v -0.979783 -1.007457 -1.310964
v -0.979783 -1.012947 -1.316454
v -0.979783 -1.014957 -1.323954
v -0.979783 -1.012947 -1.331454
v -0.979783 -1.007457 -1.336945
v -0.979783 -0.999957 -1.338954
v -0.979783 -0.899957 -1.338954
v -0.979783 -0.892457 -1.310964
v -0.979783 -0.899957 -1.308954
v -0.979783 -0.999957 -1.308954
v -0.979783 -0.506966 -1.316454
v -0.979783 -0.504957 -1.323954
v -0.979783 -0.499957 -1.372954
v -0.979783 -0.506966 -1.331454
v -0.979783 -0.512457 -1.336945
v -0.979783 -0.627457 -1.336945
v -0.979783 -0.619957 -1.338954
v -0.979783 -0.519957 -1.338954
v -0.979783 -0.627457 -1.310964
v -0.979783 -0.632947 -1.316454
v -0.979783 -0.634957 -1.323954
v -0.979783 -0.632947 -1.331454
v -0.979783 -0.512457 -1.310964
v -0.979783 -0.519957 -1.308954
v -0.979783 -0.619957 -1.308954
v -0.979783 -0.316966 -1.316454
v -0.979783 -0.314957 -1.323954
v -0.979783 -0.316966 -1.331454
v -0.979783 -0.322457 -1.336945
v -0.979783 -0.437457 -1.310964
v -0.979783 -0.442947 -1.316454
v -0.979783 -0.442947 -1.331454
v -0.979783 -0.437457 -1.336945
v -0.979783 -0.429957 -1.338954
v -0.979783 -0.329957 -1.338954
v -0.979783 -0.444957 -1.323954
v -0.979783 -0.322457 -1.310964
v -0.979783 -0.329957 -1.308954
v -0.979783 -0.429957 -1.308954
v -0.979783 0.253034 -1.316454
v -0.979783 0.255043 -1.323954
v -0.979783 0.253034 -1.331454
v -0.979783 0.247543 -1.336945
v -0.979783 0.127053 -1.331454
v -0.979783 0.132543 -1.336945
v -0.979783 0.140043 -1.338954
v -0.979783 0.240043 -1.338954
v -0.979783 0.140043 -1.308954
v -0.979783 0.240043 -1.308954
v -0.979783 0.247543 -1.310964
v -0.979783 0.132543 -1.310964
v -0.979783 0.127053 -1.316454
v -0.979783 0.125043 -1.323954
v -0.979783 0.430043 -1.338954
v -0.979783 0.437543 -1.336945
v -0.979783 0.443034 -1.316454
v -0.979783 0.445043 -1.323954
v -0.979783 0.443034 -1.331454
v -0.979783 0.330043 -1.338954
v -0.979783 0.322543 -1.336945
v -0.979783 0.322543 -1.310964
v -0.979783 0.317053 -1.316454
v -0.979783 0.315043 -1.323954
v -0.979783 0.317053 -1.331454
v -0.979783 0.437543 -1.310964
v -0.979783 0.430043 -1.308954
v -0.979783 0.330043 -1.308954
v -0.979783 1.013034 -1.316454
v -0.979783 1.015043 -1.323954
v -0.979783 1.013034 -1.331454
v -0.979783 1.007543 -1.336945
v -0.979783 0.892543 -1.336945
v -0.979783 0.900043 -1.338954
v -0.979783 1.000043 -1.338954
v -0.979783 0.892543 -1.310964
v -0.979783 0.887053 -1.316454
v -0.979783 0.885043 -1.323954
v -0.979783 0.887053 -1.331454
v -0.979783 1.007543 -1.310964
v -0.979783 1.000043 -1.308954
v -0.979783 0.900043 -1.308954
v -0.979783 -1.119957 -1.476454
v -0.979783 -1.122207 -1.477057
v -0.979783 -1.123854 -1.478704
v -0.979783 -1.124457 -1.480954
v -0.979783 -1.131957 -1.495204
v -0.979783 -1.123854 -1.483204
v -0.979783 -1.122207 -1.484851
v -0.979783 -1.119957 -1.485454
v -0.979783 -1.117707 -1.484851
v -0.979783 -1.116060 -1.483204
v -0.979783 -1.115457 -1.480954
v -0.979783 -1.116060 -1.478704
v -0.979783 -1.117707 -1.477057
v -0.979783 -0.892457 -1.434945
v -0.979783 -0.886967 -1.429454
v -0.979783 -0.884957 -1.421954
v -0.979783 -0.886967 -1.414454
v -0.979783 -1.012947 -1.429454
v -0.979783 -1.014957 -1.421954
v -0.979783 -1.012947 -1.414454
v -0.979783 -1.007457 -1.408964
v -0.979783 -1.007457 -1.434945
v -0.979783 -0.999957 -1.436954
v -0.979783 -0.899957 -1.436954
v -0.979783 -0.892457 -1.408964
v -0.979783 -0.899957 -1.406954
v -0.979783 -0.999957 -1.406954
v -0.979783 -0.506966 -1.414454
v -0.979783 -0.504957 -1.421954
v -0.979783 -0.506966 -1.429454
v -0.979783 -0.619957 -1.436954
v -0.979783 -0.519957 -1.436954
v -0.979783 -0.512457 -1.434945
v -0.979783 -0.627457 -1.408964
v -0.979783 -0.632947 -1.414454
v -0.979783 -0.634957 -1.421954
v -0.979783 -0.632947 -1.429454
v -0.979783 -0.627457 -1.434945
v -0.979783 -0.512457 -1.408964
v -0.979783 -0.519957 -1.406954
v -0.979783 -0.619957 -1.406954
v -0.979783 -0.329957 -1.436954
v -0.979783 -0.322457 -1.434945
v -0.979783 -0.316966 -1.429454
v -0.979783 -0.314957 -1.421954
v -0.979783 -0.316966 -1.414454
v -0.979783 -0.429957 -1.436954
v -0.979783 -0.437457 -1.434945
v -0.979783 -0.437457 -1.408964
v -0.979783 -0.442947 -1.414454
v -0.979783 -0.444957 -1.421954
v -0.979783 -0.442947 -1.429454
v -0.979783 -0.322457 -1.408964
v -0.979783 -0.329957 -1.406954
v -0.979783 -0.429957 -1.406954
v -0.979783 0.240043 -1.436954
v -0.979783 0.247543 -1.434945
v -0.979783 0.140043 -1.436954
v -0.979783 0.253034 -1.429454
v -0.979783 0.255043 -1.421954
v -0.979783 0.253034 -1.414454
v -0.979783 0.247543 -1.408964
v -0.979783 0.240043 -1.406954
v -0.979783 0.140043 -1.406954
v -0.979783 0.132543 -1.408964
v -0.979783 0.127053 -1.414454
v -0.979783 0.125043 -1.421954
v -0.979783 0.127053 -1.429454
v -0.979783 0.132543 -1.434945
v -0.979783 0.430043 -1.436954
v -0.979783 0.437543 -1.434945
v -0.979783 0.443034 -1.429454
v -0.979783 0.445043 -1.421954
v -0.979783 0.443034 -1.414454
v -0.979783 0.330043 -1.436954
v -0.979783 0.322543 -1.434945
v -0.979783 0.322543 -1.408964
v -0.979783 0.317053 -1.414454
v -0.979783 0.315043 -1.421954
v -0.979783 0.317053 -1.429454
v -0.979783 0.437543 -1.408964
v -0.979783 0.430043 -1.406954
v -0.979783 0.330043 -1.406954
v -0.979783 1.007543 -1.434945
v -0.979783 1.013034 -1.429454
v -0.979783 1.038543 -1.495204
v -0.979783 1.015043 -1.421954
v -0.979783 1.013034 -1.414454
v -0.979783 0.892543 -1.434945
v -0.979783 0.900043 -1.436954
v -0.979783 1.000043 -1.436954
v -0.979783 0.892543 -1.408964
v -0.979783 0.887053 -1.414454
v -0.979783 0.885043 -1.421954
v -0.979783 0.887053 -1.429454
v -0.979783 1.007543 -1.408964
v -0.979783 1.000043 -1.406955
v -0.979783 0.900043 -1.406954
v -0.979783 1.120043 -1.485454
v -0.979783 1.122293 -1.484852
v -0.979783 1.128293 -1.495204
v -0.979783 1.117793 -1.477057
v -0.979783 1.116146 -1.478704
v -0.979783 1.116146 -1.483205
v -0.979783 1.117793 -1.484852
v -0.979783 1.122293 -1.477057
v -0.979783 1.120043 -1.476454
v -0.979783 1.115543 -1.480954
v -0.979783 1.123940 -1.483204
v -0.979783 1.124543 -1.480954
v -0.979783 1.123940 -1.478704
v -0.979783 -0.892457 -1.506964
v -0.979783 -0.886966 -1.512454
v -0.979783 -0.884957 -1.519954
v -0.979783 -1.012947 -1.527454
v -0.979783 -1.014957 -1.519954
v -0.979783 -1.012947 -1.512454
v -0.979783 -0.886967 -1.527454
v -0.979783 -0.892457 -1.532945
v -0.979783 -0.899957 -1.504954
v -0.979783 -0.999957 -1.504954
v -0.979783 -1.007457 -1.506964
v -0.979783 -1.007457 -1.532945
v -0.979783 -0.999957 -1.534954
v -0.979783 -0.899957 -1.534954
v -0.979783 -0.619957 -1.504954
v -0.979783 -0.627457 -1.506964
v -0.979783 -0.519957 -1.534954
v -0.979783 -0.512457 -1.532945
v -0.979783 -0.499957 -1.568954
v -0.979783 -0.506966 -1.527454
v -0.979783 -0.504957 -1.519954
v -0.979783 -0.506966 -1.512454
v -0.979783 -0.512457 -1.506964
v -0.979783 -0.519957 -1.504954
v -0.979783 -0.619957 -1.534954
v -0.979783 -0.627457 -1.532945
v -0.979783 -0.632947 -1.512454
v -0.979783 -0.634957 -1.519954
v -0.979783 -0.632947 -1.527454
v -0.979783 -0.322457 -1.532945
v -0.979783 -0.316966 -1.527454
v -0.979783 -0.316966 -1.512454
v -0.979783 -0.322457 -1.506964
v -0.979783 -0.314957 -1.519954
v -0.979783 -0.442947 -1.527454
v -0.979783 -0.437457 -1.532945
v -0.979783 -0.429957 -1.534954
v -0.979783 -0.329957 -1.534954
v -0.979783 -0.444957 -1.519954
v -0.979783 -0.442947 -1.512454
v -0.979783 -0.329957 -1.504954
v -0.979783 -0.429957 -1.504954
v -0.979783 -0.437457 -1.506964
v -0.979783 0.140043 -1.504954
v -0.979783 0.132543 -1.506964
v -0.979783 0.255043 -1.519954
v -0.979783 0.253034 -1.527454
v -0.979783 0.247543 -1.532945
v -0.979783 0.240043 -1.534954
v -0.979783 0.140043 -1.534954
v -0.979783 0.132543 -1.532945
v -0.979783 0.253034 -1.512454
v -0.979783 0.247543 -1.506964
v -0.979783 0.240043 -1.504954
v -0.979783 0.127053 -1.512454
v -0.979783 0.125043 -1.519954
v -0.979783 0.127053 -1.527454
v -0.979783 0.437543 -1.532945
v -0.979783 0.443034 -1.527454
v -0.979783 0.322543 -1.532945
v -0.979783 0.330043 -1.534954
v -0.979783 0.445043 -1.519954
v -0.979783 0.443034 -1.512454
v -0.979783 0.430043 -1.534954
v -0.979783 0.322543 -1.506964
v -0.979783 0.317053 -1.512454
v -0.979783 0.315043 -1.519954
v -0.979783 0.317053 -1.527454
v -0.979783 0.437543 -1.506964
v -0.979783 0.430043 -1.504954
v -0.979783 0.330043 -1.504954
v -0.979783 1.000043 -1.534955
v -0.979783 1.007543 -1.532945
v -0.979783 1.038543 -1.568954
v -0.979783 1.013034 -1.527454
v -0.979783 1.015043 -1.519954
v -0.979783 1.013034 -1.512455
v -0.979783 0.900043 -1.534954
v -0.979783 0.892543 -1.532945
v -0.979783 1.007543 -1.506964
v -0.979783 1.000043 -1.504955
v -0.979783 0.900043 -1.504954
v -0.979783 0.892543 -1.506964
v -0.979783 0.887053 -1.512454
v -0.979783 0.885043 -1.519954
v -0.979783 0.887053 -1.527454
v -0.979783 -1.012947 -1.625454
v -0.979783 -1.014957 -1.617954
v -0.979783 -1.012947 -1.610454
v -0.979783 -1.007457 -1.604964
v -0.979783 -0.892457 -1.630945
v -0.979783 -0.886967 -1.625454
v -0.979783 -0.884957 -1.617954
v -0.979783 -0.886967 -1.610454
v -0.979783 -0.892457 -1.604964
v -0.979783 -0.899957 -1.602954
v -0.979783 -0.999957 -1.602954
v -0.979783 -1.007457 -1.630945
v -0.979783 -0.999957 -1.632954
v -0.979783 -0.899957 -1.632954
v -0.979783 -0.506966 -1.610454
v -0.979783 -0.504957 -1.617954
v -0.979783 -0.499957 -1.678954
v -0.979783 -0.506967 -1.625454
v -0.979783 -0.619957 -1.632954
v -0.979783 -0.519957 -1.632954
v -0.979783 -0.512457 -1.630945
v -0.979783 -0.512457 -1.604964
v -0.979783 -0.519957 -1.602954
v -0.979783 -0.619957 -1.602954
v -0.979783 -0.627457 -1.604964
v -0.979783 -0.632947 -1.610454
v -0.979783 -0.634957 -1.617954
v -0.979783 -0.632947 -1.625454
v -0.979783 -0.627457 -1.630945
v -0.979783 -0.316966 -1.625454
v -0.979783 -0.314957 -1.617954
v -0.979783 -0.316966 -1.610454
v -0.979783 -0.429957 -1.632954
v -0.979783 -0.329957 -1.632954
v -0.979783 -0.322457 -1.630945
v -0.979783 -0.437457 -1.604964
v -0.979783 -0.442947 -1.610454
v -0.979783 -0.444957 -1.617954
v -0.979783 -0.442947 -1.625454
v -0.979783 -0.437457 -1.630945
v -0.979783 -0.322457 -1.604964
v -0.979783 -0.329957 -1.602954
v -0.979783 -0.429957 -1.602954
v -0.979783 0.240043 -1.632954
v -0.979783 0.247543 -1.630945
v -0.979783 0.285349 -1.678954
v -0.979783 0.253034 -1.625454
v -0.979783 0.255043 -1.617954
v -0.979783 0.253034 -1.610454
v -0.979783 0.140043 -1.632954
v -0.979783 0.132543 -1.630945
v -0.979783 0.247543 -1.604964
v -0.979783 0.240043 -1.602954
v -0.979783 0.140043 -1.602954
v -0.979783 0.132543 -1.604964
v -0.979783 0.127053 -1.610454
v -0.979783 0.125043 -1.617954
v -0.979783 0.127053 -1.625454
v -0.979783 0.437543 -1.630945
v -0.979783 0.443034 -1.625454
v -0.979783 0.322543 -1.630945
v -0.979783 0.330043 -1.632954
v -0.979783 0.445043 -1.617954
v -0.979783 0.443034 -1.610454
v -0.979783 0.430043 -1.632954
v -0.979783 0.322543 -1.604964
v -0.979783 0.317053 -1.610454
v -0.979783 0.315043 -1.617954
v -0.979783 0.317053 -1.625454
v -0.979783 0.437543 -1.604964
v -0.979783 0.430043 -1.602954
v -0.979783 0.330043 -1.602954
v -0.979783 1.000043 -1.632954
v -0.979783 1.007543 -1.630945
v -0.979783 1.038543 -1.678954
v -0.979783 1.013034 -1.625454
v -0.979783 1.015043 -1.617954
v -0.979783 1.013034 -1.610454
v -0.979783 0.900043 -1.632954
v -0.979783 0.892543 -1.630945
v -0.979783 1.007543 -1.604964
v -0.979783 1.000043 -1.602954
v -0.979783 0.900043 -1.602954
v -0.979783 0.892543 -1.604964
v -0.979783 0.887053 -1.610454
v -0.979783 0.885043 -1.617954
v -0.979783 0.887053 -1.625454
v -0.979783 1.132043 -0.993204
v -0.979783 1.132043 -1.372954
v -0.979783 1.132043 -1.495204
v -0.979783 -0.835457 -1.730954
v -0.979783 -0.836060 -1.728704
v -0.979783 -0.837707 -1.727057
v -0.979783 -0.839957 -1.726454
v -0.979783 -0.842207 -1.727057
v -0.979783 -0.843854 -1.728704
v -0.979783 -0.844457 -1.730954
v -0.979783 -0.843854 -1.733204
v -0.979783 -0.842207 -1.734851
v -0.979783 -0.839957 -1.735454
v -0.979783 -0.830207 -1.742954
v -0.979783 -0.837707 -1.734851
v -0.979783 -0.836060 -1.733204
v -0.979783 -0.765457 -1.742954
v -0.979783 -0.694761 -1.727954
v -0.979783 -0.696957 -1.725758
v -0.979783 -0.702957 -1.725758
v -0.979783 -0.705153 -1.727954
v -0.979783 -0.705153 -1.733954
v -0.979783 -0.702957 -1.736151
v -0.979783 -0.696957 -1.736151
v -0.979783 -0.556060 -1.728704
v -0.979783 -0.557707 -1.727057
v -0.979783 -0.559957 -1.726454
v -0.979783 -0.562207 -1.727057
v -0.979783 -0.563854 -1.728704
v -0.979783 -0.564457 -1.730954
v -0.979783 -0.563854 -1.733204
v -0.979783 -0.562207 -1.734851
v -0.979783 -0.559957 -1.735454
v -0.979783 -0.557707 -1.734851
v -0.979783 -0.276060 -1.728704
v -0.979783 -0.277707 -1.727057
v -0.979783 -0.275457 -1.730954
v -0.979783 -0.279957 -1.726454
v -0.979783 -0.283854 -1.733204
v -0.979783 -0.282207 -1.734852
v -0.979783 -0.279957 -1.735454
v -0.979783 -0.265207 -1.742954
v -0.979783 -0.277707 -1.734852
v -0.979783 -0.276060 -1.733204
v -0.979783 -0.282207 -1.727057
v -0.979783 -0.283854 -1.728704
v -0.979783 -0.284457 -1.730954
v -0.979783 0.003940 -1.728704
v -0.979783 0.004543 -1.730954
v -0.979783 0.086849 -1.742954
v -0.979783 0.003940 -1.733204
v -0.979783 0.002293 -1.727057
v -0.979783 0.000043 -1.726454
v -0.979783 -0.002207 -1.727057
v -0.979783 -0.003854 -1.728704
v -0.979783 -0.005679 -1.742954
v -0.979783 -0.004457 -1.730954
v -0.979783 -0.003854 -1.733204
v -0.979783 -0.002207 -1.734852
v -0.979783 0.000043 -1.735454
v -0.979783 0.002293 -1.734852
v -0.979783 0.284543 -1.730954
v -0.979783 0.283940 -1.728704
v -0.979783 0.282293 -1.727057
v -0.979783 0.280043 -1.735454
v -0.979783 0.282293 -1.734852
v -0.979783 0.285349 -1.742954
v -0.979783 0.283940 -1.733204
v -0.979783 0.277793 -1.734852
v -0.979783 0.276146 -1.733204
v -0.979783 0.280043 -1.726454
v -0.979783 0.277793 -1.727057
v -0.979783 0.276146 -1.728704
v -0.979783 0.275543 -1.730954
v -0.979783 0.563940 -1.728704
v -0.979783 0.564543 -1.730954
v -0.979783 0.599793 -1.742954
v -0.979783 0.563940 -1.733204
v -0.979783 0.562293 -1.727057
v -0.979783 0.560043 -1.726454
v -0.979783 0.557793 -1.727057
v -0.979783 0.556146 -1.728704
v -0.979783 0.555543 -1.730954
v -0.979783 0.492821 -1.742954
v -0.979783 0.556146 -1.733204
v -0.979783 0.557793 -1.734851
v -0.979783 0.560043 -1.735454
v -0.979783 0.562293 -1.734852
v -0.979783 0.705239 -1.727954
v -0.979783 0.703043 -1.725758
v -0.979783 0.700043 -1.724954
v -0.979783 0.697043 -1.725758
v -0.979783 0.694847 -1.727954
v -0.979783 0.694043 -1.730954
v -0.979783 0.694847 -1.733954
v -0.979783 0.697043 -1.736151
v -0.979783 0.700043 -1.736954
v -0.979783 0.703043 -1.736151
v -0.979783 0.844543 -1.730954
v -0.979783 0.843940 -1.728704
v -0.979783 0.842293 -1.727057
v -0.979783 0.840043 -1.726454
v -0.979783 0.837793 -1.727057
v -0.979783 0.836146 -1.728704
v -0.979783 0.835543 -1.730955
v -0.979783 0.836146 -1.733204
v -0.979783 0.837793 -1.734852
v -0.979783 0.840043 -1.735454
v -0.979783 0.868543 -1.742954
v -0.979783 0.842293 -1.734852
v -0.979783 0.843940 -1.733204
v -0.979783 1.038543 -1.742954
v -0.979783 1.077793 -1.727057
v -0.979783 1.076146 -1.728704
v -0.979783 1.082293 -1.727057
v -0.979783 1.080043 -1.726454
v -0.979783 1.075543 -1.730954
v -0.979783 1.076146 -1.733204
v -0.979783 1.083940 -1.728704
v -0.979783 1.077793 -1.734852
v -0.979783 1.080043 -1.735454
v -0.979783 1.082293 -1.734852
v -0.977783 0.127053 -0.449454
v -0.977783 0.125043 -0.441954
v -0.977783 0.086849 -0.466704
v -0.977783 -0.442947 -0.449454
v -0.977783 -0.444957 -0.441954
v -0.977783 -0.632947 -0.449454
v -0.977783 -0.634957 -0.441954
v -0.977783 -1.011684 -0.451307
v -0.977783 -1.014581 -0.445292
v -0.977783 -0.442947 -0.743454
v -0.977783 -0.444957 -0.735954
v -0.977783 0.887053 -1.233454
v -0.977783 0.885043 -1.225954
v -0.977783 -1.012947 -1.233454
v -0.977783 -1.014957 -1.225954
v -0.977783 -1.038457 -1.274954
v -0.977783 1.076146 -1.733204
v -0.977783 1.075543 -1.730954
v -0.977783 0.556146 -1.733204
v -0.977783 0.555543 -1.730954
v -0.977783 0.872043 -0.398954
v -0.977782 -1.125957 -0.218954
v -0.977782 -1.128957 -0.219758
v -0.977782 -1.131153 -0.221954
v -0.977783 1.126043 -1.742954
v -0.977783 1.129043 -1.742151
v -0.977782 1.129043 -0.219758
v -0.977782 1.131239 -0.221954
v -0.977783 0.520043 -1.112954
v -0.977783 -0.709957 -1.044954
v -0.977783 -0.809957 -1.014954
v -0.977783 -0.809957 -1.112954
v -0.977783 -0.252947 -0.743454
v -0.977783 -0.254957 -0.735954
v -0.977783 -0.265207 -0.851478
v -0.977783 0.050043 -1.632954
v -0.977783 -0.005679 -1.678954
v -0.977783 0.620043 -1.044954
v -0.977783 0.599793 -1.044954
v -0.977783 0.520043 -1.014954
v -0.977783 -0.003854 -1.183204
v -0.977783 -0.004457 -1.180954
v -0.977783 0.810043 -0.358954
v -0.977783 0.050043 -1.436954
v -0.977783 -0.204957 -0.960954
v -0.977783 -0.265207 -1.047954
v -0.977783 -0.254957 -1.060954
v -0.977783 -0.204957 -1.050954
v -0.977783 -0.244957 -1.050954
v -0.977783 -0.244957 -1.060954
v -0.977783 -0.294957 -1.060954
v -0.977783 -0.265207 -1.106954
v -0.977783 -0.454957 -1.100954
v -0.977783 -0.344957 -1.060954
v -0.977783 -0.304957 -1.060954
v -0.977783 -0.254957 -1.100954
v -0.977783 -0.294957 -1.100954
v -0.977783 -0.454957 -1.050954
v -0.977783 -0.454957 -1.060954
v -0.977783 -0.444957 -1.100954
v -0.977783 -0.444957 -1.060954
v -0.977783 -0.404957 -1.100954
v -0.977783 -0.394957 -1.050954
v -0.977783 -0.494957 -1.050954
v -0.977783 -0.394957 -1.060954
v -0.977783 -0.354957 -1.060954
v -0.977783 -0.354957 -1.050954
v -0.977783 -0.344957 -1.100954
v -0.977783 -0.494957 -1.100954
v -0.977783 -0.494957 -1.060954
v -0.977783 -0.404957 -1.060954
v -0.977783 -0.394957 -1.100954
v -0.977783 -0.354957 -1.100954
v -0.977783 -0.204957 -1.010954
v -0.977783 -0.204957 -1.000954
v -0.977783 -0.244957 -1.010954
v -0.977783 -0.244957 -1.000954
v -0.977783 -0.244957 -1.100954
v -0.977783 -0.204957 -1.100954
v -0.977783 -0.204957 -1.060954
v -0.977783 -0.115386 -0.855954
v -0.977783 -0.096116 -0.855954
v -0.977783 -0.204957 -0.900954
v -0.977783 -0.148568 -0.951549
v -0.977783 -0.148245 -0.949791
v -0.977783 -0.265207 -0.957897
v -0.977783 -0.244957 -0.950954
v -0.977783 -0.244957 -0.910954
v -0.977783 -0.204957 -0.860954
v -0.977783 -0.204957 -0.950954
v -0.977783 -0.204957 -0.910954
v -0.977783 -0.244957 -0.900954
v -0.977783 -0.050022 -0.863680
v -0.977783 -0.050022 -0.948077
v -0.977783 -0.086372 -0.891892
v -0.977783 -0.051760 -0.949179
v -0.977783 -0.052565 -0.950717
v -0.977783 -0.090256 -0.905585
v -0.977783 -0.101786 -0.948632
v -0.977783 -0.088612 -0.954975
v -0.977783 -0.089784 -0.953743
v -0.977783 -0.101845 -0.955216
v -0.977783 -0.087650 -0.955457
v -0.977783 -0.147432 -0.948786
v -0.977783 -0.144050 -0.947032
v -0.977783 -0.047380 -0.947070
v -0.977783 -0.046615 -0.946232
v -0.977783 -0.100474 -0.949949
v -0.977783 -0.099957 -0.951918
v -0.977783 -0.090235 -0.951831
v -0.977783 -0.100529 -0.953776
v -0.977783 -0.143744 -0.955786
v -0.977783 -0.146419 -0.954999
v -0.977783 -0.147991 -0.953578
v -0.977783 -0.046615 -0.865503
v -0.977783 -0.047042 -0.864923
v -0.977783 -0.048160 -0.864361
v -0.977783 -0.081901 -0.940199
v -0.977783 -0.090091 -0.950587
v -0.977783 -0.089424 -0.949211
v -0.977783 -0.087782 -0.948077
v -0.977783 -0.085699 -0.947187
v -0.977783 -0.051510 -0.862843
v -0.977783 -0.052227 -0.861959
v -0.977783 -0.089171 -0.881453
v -0.977783 -0.052735 -0.859752
v -0.977783 -0.052681 -0.859083
v -0.977783 -0.052076 -0.857551
v -0.977783 -0.010591 -0.856037
v -0.977783 -0.008466 -0.856747
v -0.977783 -0.007370 -0.857868
v -0.977783 -0.006901 -0.859752
v -0.977783 -0.106684 -0.941197
v -0.977783 -0.007556 -0.949602
v -0.977783 -0.006901 -0.952091
v -0.977783 -0.006944 -0.952685
v -0.977783 -0.007557 -0.954307
v -0.977783 -0.062290 -0.949206
v -0.977783 -0.045928 -0.944398
v -0.977783 -0.045790 -0.942434
v -0.977783 -0.045790 -0.869214
v -0.977783 -0.045931 -0.867293
v -0.977783 -0.106690 -0.944866
v -0.977783 -0.105842 -0.946339
v -0.977783 -0.106901 -0.943259
v -0.977783 -0.106844 -0.942223
v -0.977783 -0.083742 -0.945850
v -0.977783 -0.082531 -0.943802
v -0.977783 -0.082009 -0.942035
v -0.977783 -0.007086 -0.861162
v -0.977783 -0.007826 -0.862546
v -0.977783 -0.008829 -0.948434
v -0.977783 -0.009614 -0.863680
v -0.977783 -0.052288 -0.953994
v -0.977783 -0.052735 -0.952091
v -0.977783 -0.008804 -0.955332
v -0.977783 -0.011871 -0.955954
v -0.977783 -0.061443 -0.950211
v -0.977783 -0.061068 -0.952135
v -0.977783 -0.051192 -0.955137
v -0.977783 -0.061445 -0.953930
v -0.977783 -0.049016 -0.955876
v -0.977783 -0.062652 -0.955303
v -0.977783 -0.050825 -0.856539
v -0.977783 -0.047765 -0.855954
v -0.977783 -0.013021 -0.946232
v -0.977783 -0.012618 -0.946788
v -0.977783 -0.011480 -0.947392
v -0.977783 -0.084549 -0.955954
v -0.977783 -0.012329 -0.864697
v -0.977783 -0.013021 -0.865503
v -0.977783 -0.071687 -0.942213
v -0.977783 -0.067209 -0.946688
v -0.977783 -0.074640 -0.935644
v -0.977783 -0.064581 -0.955866
v -0.977783 -0.105051 -0.955891
v -0.977783 -0.013686 -0.867298
v -0.977783 -0.013846 -0.869214
v -0.977783 -0.013846 -0.942434
v -0.977783 -0.013689 -0.944393
v -0.977783 -0.394957 -0.860954
v -0.977783 -0.354957 -0.860954
v -0.977783 -0.404957 -0.900954
v -0.977783 -0.444957 -0.900954
v -0.977783 -0.454957 -0.910954
v -0.977783 -0.494957 -0.910954
v -0.977783 -0.344957 -0.900954
v -0.977783 -0.394957 -0.910954
v -0.977783 -0.354957 -0.910954
v -0.977783 -0.244957 -0.860954
v -0.977783 -0.254957 -0.860954
v -0.977783 -0.254957 -0.900954
v -0.977783 -0.294957 -0.900954
v -0.977783 -0.354957 -0.950954
v -0.977783 -0.394957 -0.950954
v -0.977783 -0.304957 -0.860954
v -0.977783 -0.344957 -0.860954
v -0.977783 -0.354957 -0.900954
v -0.977783 -0.494957 -0.900954
v -0.977783 -0.494957 -0.860954
v -0.977783 -0.454957 -0.860954
v -0.977783 -0.304957 -0.900954
v -0.977783 -0.294957 -0.860954
v -0.977783 -0.454957 -0.950954
v -0.977783 -0.494957 -0.950954
v -0.977783 -0.499957 -0.957897
v -0.977783 -0.244957 -0.993204
v -0.977783 -0.454957 -1.000954
v -0.977783 -0.494957 -1.000954
v -0.977783 -0.494957 -1.010954
v -0.977783 -0.454957 -1.010954
v -0.977783 -0.394957 -1.000954
v -0.977783 -0.394957 -1.010954
v -0.977783 -0.354957 -1.000954
v -0.977783 -0.354957 -1.010954
v -0.977783 -0.494957 -1.047954
v -0.977783 -0.499957 -1.012954
v -0.977783 -0.394957 -0.900954
v -0.977783 -0.454957 -0.960954
v -0.977783 -0.494957 -0.960954
v -0.977783 -0.354957 -0.960954
v -0.977783 -0.394957 -0.960954
v -0.977783 -0.394957 -0.993204
v -0.977783 -0.454957 -0.993204
v -0.977783 -0.304957 -1.100954
v -0.977783 -0.354957 -1.012954
v -0.977783 -0.062947 -1.414454
v -0.977783 -0.126966 -1.414454
v -0.977783 -0.064957 -1.421954
v -0.977783 -0.124957 -1.421954
v -0.977783 -0.062947 -1.429454
v -0.977783 -0.126966 -1.429454
v -0.977783 -0.057457 -1.434945
v -0.977783 -0.049957 -1.436954
v -0.977783 -0.247457 -1.434945
v -0.977783 -0.252947 -1.429454
v -0.977783 -0.265207 -1.495204
v -0.977783 -0.254957 -1.421954
v -0.977783 -0.265207 -1.372954
v -0.977783 -0.252947 -1.414454
v -0.977783 -0.247457 -1.408964
v -0.977783 -0.239957 -1.406954
v -0.977783 -0.139957 -1.406954
v -0.977783 -0.057457 -1.408964
v -0.977783 -0.132457 -1.408964
v -0.977783 -0.132457 -1.434945
v -0.977783 -0.139957 -1.436954
v -0.977783 -0.239957 -1.436954
v -0.977783 0.057543 -1.434945
v -0.977783 -0.049957 -1.406954
v -0.977783 -0.005679 -1.406954
v -0.977783 0.086849 -1.372954
v -0.977783 0.050043 -1.406954
v -0.977783 0.057543 -1.408964
v -0.977783 0.063034 -1.414454
v -0.977783 0.065043 -1.421954
v -0.977783 0.063034 -1.429454
v -0.977783 0.633034 -0.351454
v -0.977783 0.627543 -0.356945
v -0.977783 0.620043 -0.328954
v -0.977783 0.627543 -0.330964
v -0.977783 0.710043 -0.328954
v -0.977783 0.710043 -0.358954
v -0.977783 0.702543 -0.356945
v -0.977783 0.697053 -0.351454
v -0.977783 0.635043 -0.343954
v -0.977783 0.695043 -0.343954
v -0.977783 0.633034 -0.336454
v -0.977783 0.697053 -0.336454
v -0.977783 0.702543 -0.330964
v -0.977783 0.810043 -0.328954
v -0.977783 0.817543 -0.330964
v -0.977783 0.823034 -0.336454
v -0.977783 0.852043 -0.378954
v -0.977783 0.825043 -0.343954
v -0.977783 0.823034 -0.351454
v -0.977783 0.853566 -0.386608
v -0.977783 0.817543 -0.356945
v -0.977783 0.857901 -0.393096
v -0.977783 0.864390 -0.397432
v -0.977783 -0.809957 -1.632954
v -0.977783 -0.817457 -1.630945
v -0.977783 -0.822947 -1.625454
v -0.977783 -0.824957 -1.617954
v -0.977783 -0.822947 -1.610454
v -0.977783 -0.817457 -1.604964
v -0.977783 -0.809957 -1.602954
v -0.977783 -0.694957 -1.617954
v -0.977783 -0.696967 -1.625454
v -0.977783 -0.709957 -1.602954
v -0.977783 -0.702457 -1.604964
v -0.977783 -0.696967 -1.610454
v -0.977783 -0.702457 -1.630945
v -0.977783 -0.709957 -1.632954
v -0.977783 -0.126966 -1.527454
v -0.977783 -0.132457 -1.532945
v -0.977783 -0.239957 -1.534954
v -0.977783 -0.247457 -1.532945
v -0.977783 -0.265207 -1.568954
v -0.977783 -0.139957 -1.534954
v -0.977783 -0.252947 -1.527454
v -0.977783 -0.254957 -1.519954
v -0.977783 -0.252947 -1.512454
v -0.977783 -0.247457 -1.506964
v -0.977783 -0.239957 -1.504954
v -0.977783 -0.139957 -1.504954
v -0.977783 -0.132457 -1.506964
v -0.977783 -0.126966 -1.512454
v -0.977783 -0.062947 -1.512454
v -0.977783 -0.064957 -1.519954
v -0.977783 -0.124957 -1.519954
v -0.977783 -0.062947 -1.527454
v -0.977783 -0.057457 -1.532945
v -0.977783 -0.049957 -1.534954
v -0.977783 0.050043 -1.504954
v -0.977783 0.057543 -1.506964
v -0.977783 0.050043 -1.534954
v -0.977783 0.086849 -1.568954
v -0.977783 0.057543 -1.532945
v -0.977783 -0.057457 -1.506964
v -0.977783 -0.049957 -1.504954
v -0.977783 0.063034 -1.512454
v -0.977783 0.065043 -1.519954
v -0.977783 0.063034 -1.527454
v -0.977783 -0.817457 -1.532945
v -0.977783 -0.822947 -1.527454
v -0.977783 -0.824957 -1.519954
v -0.977783 -0.822947 -1.512454
v -0.977783 -0.702457 -1.506964
v -0.977783 -0.664457 -1.495204
v -0.977783 -0.709957 -1.504954
v -0.977783 -0.817457 -1.506964
v -0.977783 -0.809957 -1.504954
v -0.977783 -0.696967 -1.527454
v -0.977783 -0.694957 -1.519954
v -0.977783 -0.696966 -1.512454
v -0.977783 -0.702457 -1.532945
v -0.977783 -0.709957 -1.534954
v -0.977783 -0.809957 -1.534954
v -0.977783 -0.817457 -1.336945
v -0.977783 -0.822947 -1.331454
v -0.977783 -0.824957 -1.323954
v -0.977783 -0.822947 -1.316454
v -0.977783 -0.817457 -1.310964
v -0.977783 -0.809957 -1.308954
v -0.977783 -0.765457 -1.308954
v -0.977783 -0.664457 -1.274954
v -0.977783 -0.709957 -1.308954
v -0.977783 -0.702457 -1.310964
v -0.977783 -0.696967 -1.316454
v -0.977783 -0.694957 -1.323954
v -0.977783 -0.664457 -1.372954
v -0.977783 -0.696967 -1.331454
v -0.977783 -0.702457 -1.336945
v -0.977783 -0.709957 -1.338954
v -0.977783 -0.809957 -1.338954
v -0.977783 -0.049957 -1.210954
v -0.977783 -0.126966 -1.233454
v -0.977783 -0.132457 -1.238945
v -0.977783 -0.132457 -1.212964
v -0.977783 -0.126966 -1.218454
v -0.977783 -0.239957 -1.240954
v -0.977783 -0.247457 -1.238945
v -0.977783 -0.265207 -1.274954
v -0.977783 -0.139957 -1.240954
v -0.977783 -0.252947 -1.218454
v -0.977783 -0.254957 -1.225954
v -0.977783 -0.252947 -1.233454
v -0.977783 -0.247457 -1.212964
v -0.977783 -0.239957 -1.210954
v -0.977783 -0.139957 -1.210954
v -0.977783 -0.049957 -1.240954
v -0.977783 -0.057457 -1.238945
v -0.977783 -0.062947 -1.233454
v -0.977783 -0.124957 -1.225954
v -0.977783 -0.064957 -1.225954
v -0.977783 -0.062947 -1.218454
v -0.977783 -0.057457 -1.212964
v -0.977783 -0.003854 -1.178704
v -0.977783 -0.002207 -1.177057
v -0.977783 0.002293 -1.177057
v -0.977783 0.003940 -1.178704
v -0.977783 0.086849 -1.106954
v -0.977783 0.000043 -1.176454
v -0.977783 0.050043 -1.210954
v -0.977783 0.000043 -1.185454
v -0.977783 -0.002207 -1.184851
v -0.977783 0.050043 -1.240954
v -0.977783 0.086849 -1.274954
v -0.977783 0.057543 -1.238945
v -0.977783 0.057543 -1.212964
v -0.977783 0.004543 -1.180954
v -0.977783 0.003940 -1.183204
v -0.977783 0.002293 -1.184851
v -0.977783 0.063034 -1.218454
v -0.977783 0.065043 -1.225954
v -0.977783 0.063034 -1.233454
v -0.977783 -0.817457 -1.434945
v -0.977783 -0.822947 -1.429454
v -0.977783 -0.824957 -1.421954
v -0.977783 -0.822947 -1.414454
v -0.977783 -0.702457 -1.408964
v -0.977783 -0.696967 -1.414454
v -0.977783 -0.694957 -1.421954
v -0.977783 -0.696967 -1.429454
v -0.977783 -0.817457 -1.408964
v -0.977783 -0.809957 -1.406954
v -0.977783 -0.709957 -1.406954
v -0.977783 -0.702457 -1.434945
v -0.977783 -0.709957 -1.436954
v -0.977783 -0.809957 -1.436954
v -0.977783 0.620043 -0.358954
v -0.977783 0.520043 -0.358954
v -0.977783 0.512543 -0.356945
v -0.977783 0.507053 -0.351454
v -0.977783 0.505043 -0.343954
v -0.977783 0.507053 -0.336454
v -0.977783 0.512543 -0.330964
v -0.977783 0.520043 -0.328954
v -0.977783 -0.247457 -1.310964
v -0.977783 -0.239957 -1.308954
v -0.977783 -0.062947 -1.316454
v -0.977783 -0.126966 -1.316454
v -0.977783 -0.064957 -1.323954
v -0.977783 -0.124957 -1.323954
v -0.977783 -0.062947 -1.331454
v -0.977783 -0.126966 -1.331454
v -0.977783 -0.057457 -1.336945
v -0.977783 -0.049957 -1.338954
v -0.977783 -0.247457 -1.336945
v -0.977783 -0.252947 -1.331454
v -0.977783 -0.254957 -1.323954
v -0.977783 -0.252947 -1.316454
v -0.977783 -0.139957 -1.308954
v -0.977783 -0.057457 -1.310964
v -0.977783 -0.132457 -1.310964
v -0.977783 -0.132457 -1.336945
v -0.977783 -0.139957 -1.338954
v -0.977783 -0.239957 -1.338954
v -0.977783 -0.049957 -1.308954
v -0.977783 0.050043 -1.308954
v -0.977783 0.057543 -1.310964
v -0.977783 0.050043 -1.338954
v -0.977783 0.057543 -1.336945
v -0.977783 0.063034 -1.316454
v -0.977783 0.065043 -1.323954
v -0.977783 0.063034 -1.331454
v -0.977783 0.505043 -0.735954
v -0.977783 0.507053 -0.728454
v -0.977783 0.492821 -0.588954
v -0.977783 0.620043 -0.848954
v -0.977783 0.599793 -0.851478
v -0.977783 0.520043 -0.848954
v -0.977783 0.512543 -0.846945
v -0.977783 0.520043 -0.750954
v -0.977783 0.512543 -0.748945
v -0.977783 0.520043 -0.818954
v -0.977783 0.512543 -0.722964
v -0.977783 0.512543 -0.650945
v -0.977783 0.520043 -0.720954
v -0.977783 0.520043 -0.652954
v -0.977783 0.507053 -0.645454
v -0.977783 0.505043 -0.637954
v -0.977783 0.507053 -0.630454
v -0.977783 0.507053 -0.841454
v -0.977783 0.505043 -0.833954
v -0.977783 0.507053 -0.826454
v -0.977783 0.507053 -0.743454
v -0.977783 0.520043 -0.622954
v -0.977783 0.512543 -0.624964
v -0.977783 0.512543 -0.820964
v -0.977783 0.633034 -0.728454
v -0.977783 0.627543 -0.650945
v -0.977783 0.627543 -0.722964
v -0.977783 0.620043 -0.652954
v -0.977783 0.633034 -0.841454
v -0.977783 0.627543 -0.846945
v -0.977783 0.710043 -0.848954
v -0.977783 0.697053 -0.630454
v -0.977783 0.633034 -0.630454
v -0.977783 0.695043 -0.637954
v -0.977783 0.635043 -0.637954
v -0.977783 0.697053 -0.645454
v -0.977783 0.633034 -0.645454
v -0.977783 0.702543 -0.650945
v -0.977783 0.710043 -0.652954
v -0.977783 0.633034 -0.826454
v -0.977783 0.627543 -0.748945
v -0.977783 0.627543 -0.820964
v -0.977783 0.620043 -0.750954
v -0.977783 0.702543 -0.624964
v -0.977783 0.765543 -0.588954
v -0.977783 0.627543 -0.624964
v -0.977783 0.620043 -0.622954
v -0.977783 0.620043 -0.720954
v -0.977783 0.710043 -0.750954
v -0.977783 0.702543 -0.748945
v -0.977783 0.633034 -0.743454
v -0.977783 0.697053 -0.743454
v -0.977783 0.635043 -0.735954
v -0.977783 0.695043 -0.735954
v -0.977783 0.697053 -0.728454
v -0.977783 0.702543 -0.722964
v -0.977783 0.702543 -0.846945
v -0.977783 0.697053 -0.841454
v -0.977783 0.635043 -0.833954
v -0.977783 0.695043 -0.833954
v -0.977783 0.697053 -0.826454
v -0.977783 0.702543 -0.820964
v -0.977783 0.620043 -0.818954
v -0.977783 0.817543 -0.624964
v -0.977783 0.823034 -0.630454
v -0.977783 0.710043 -0.622954
v -0.977783 0.810043 -0.622954
v -0.977783 0.823034 -0.728454
v -0.977783 0.825043 -0.735954
v -0.977783 0.823034 -0.826454
v -0.977783 0.825043 -0.833954
v -0.977783 0.823034 -0.841454
v -0.977783 0.710043 -0.720954
v -0.977783 0.810043 -0.652954
v -0.977783 0.817543 -0.846945
v -0.977783 0.810043 -0.848954
v -0.977783 0.765543 -0.848954
v -0.977783 0.825043 -0.637954
v -0.977783 0.823034 -0.645454
v -0.977783 0.817543 -0.650945
v -0.977783 0.817543 -0.722964
v -0.977783 0.810043 -0.720954
v -0.977783 0.710043 -0.818954
v -0.977783 0.810043 -0.750954
v -0.977783 0.823034 -0.743454
v -0.977783 0.817543 -0.748945
v -0.977783 0.817543 -0.820964
v -0.977783 0.810043 -0.818954
v -0.977783 0.507053 -1.022454
v -0.977783 0.512543 -1.016964
v -0.977783 0.520043 -1.044954
v -0.977783 0.512543 -1.042945
v -0.977783 0.507053 -1.037454
v -0.977783 0.505043 -1.029954
v -0.977783 0.710043 -1.014954
v -0.977783 0.702543 -1.016964
v -0.977783 0.633034 -1.022454
v -0.977783 0.627543 -1.016964
v -0.977783 0.620043 -1.014954
v -0.977783 0.810043 -1.044954
v -0.977783 0.710043 -1.044954
v -0.977783 0.627543 -1.042945
v -0.977783 0.633034 -1.037454
v -0.977783 0.702543 -1.042945
v -0.977783 0.697053 -1.037454
v -0.977783 0.635043 -1.029954
v -0.977783 0.695043 -1.029954
v -0.977783 0.697053 -1.022454
v -0.977783 0.810043 -1.014954
v -0.977783 0.817543 -1.016964
v -0.977783 0.868543 -1.012954
v -0.977783 0.823034 -1.022454
v -0.977783 0.825043 -1.029954
v -0.977783 0.868543 -1.047954
v -0.977783 0.823034 -1.037454
v -0.977783 0.817543 -1.042945
v -0.977783 0.520043 -0.946954
v -0.977783 0.512543 -0.944945
v -0.977783 0.507053 -0.924454
v -0.977783 0.505043 -0.931954
v -0.977783 0.507053 -0.939454
v -0.977783 0.520043 -0.916954
v -0.977783 0.512543 -0.918964
v -0.977783 0.633034 -0.939454
v -0.977783 0.627543 -0.944945
v -0.977783 0.620043 -0.916954
v -0.977783 0.810043 -0.946954
v -0.977783 0.710043 -0.946954
v -0.977783 0.697053 -0.924454
v -0.977783 0.633034 -0.924454
v -0.977783 0.695043 -0.931954
v -0.977783 0.635043 -0.931954
v -0.977783 0.697053 -0.939454
v -0.977783 0.702543 -0.944945
v -0.977783 0.702543 -0.918964
v -0.977783 0.627543 -0.918964
v -0.977783 0.823034 -0.939454
v -0.977783 0.817543 -0.944945
v -0.977783 0.710043 -0.916954
v -0.977783 0.765543 -0.916954
v -0.977783 0.810043 -0.916954
v -0.977783 0.817543 -0.918964
v -0.977783 0.823034 -0.924454
v -0.977783 0.825043 -0.931954
v -0.977783 0.620043 -0.426954
v -0.977783 0.627543 -0.428964
v -0.977783 0.627543 -0.454945
v -0.977783 0.765543 -0.466704
v -0.977783 0.633034 -0.449454
v -0.977783 0.710043 -0.456954
v -0.977783 0.702543 -0.454945
v -0.977783 0.697053 -0.449454
v -0.977783 0.635043 -0.441954
v -0.977783 0.695043 -0.441954
v -0.977783 0.633034 -0.434454
v -0.977783 0.697053 -0.434454
v -0.977783 0.810043 -0.426954
v -0.977783 0.702543 -0.428964
v -0.977783 0.710043 -0.426954
v -0.977783 0.817543 -0.428964
v -0.977783 0.823034 -0.434454
v -0.977783 0.825043 -0.441954
v -0.977783 0.823034 -0.449454
v -0.977783 0.817543 -0.454945
v -0.977783 0.810043 -0.456954
v -0.977783 0.520043 -0.456954
v -0.977783 0.620043 -0.456954
v -0.977783 0.505043 -0.441954
v -0.977783 0.507053 -0.434454
v -0.977783 0.512543 -0.454945
v -0.977783 0.507053 -0.449454
v -0.977783 0.512543 -0.428964
v -0.977783 0.520043 -0.426954
v -0.977783 -0.247457 -1.630945
v -0.977783 -0.252947 -1.625454
v -0.977783 -0.254957 -1.617954
v -0.977783 -0.252947 -1.610454
v -0.977783 -0.247457 -1.604964
v -0.977783 -0.239957 -1.602954
v -0.977783 -0.126966 -1.625454
v -0.977783 -0.132457 -1.630945
v -0.977783 -0.139957 -1.632954
v -0.977783 -0.239957 -1.632954
v -0.977783 -0.139957 -1.602954
v -0.977783 -0.062947 -1.610454
v -0.977783 -0.126966 -1.610454
v -0.977783 -0.064957 -1.617954
v -0.977783 -0.124957 -1.617954
v -0.977783 -0.062947 -1.625454
v -0.977783 -0.057457 -1.630945
v -0.977783 -0.049957 -1.632954
v -0.977783 -0.057457 -1.604964
v -0.977783 -0.132457 -1.604964
v -0.977783 -0.049957 -1.602954
v -0.977783 0.050043 -1.602954
v -0.977783 0.057543 -1.604964
v -0.977783 0.063034 -1.610454
v -0.977783 0.065043 -1.617954
v -0.977783 0.063034 -1.625454
v -0.977783 0.057543 -1.630945
v -0.977783 0.507053 -0.532454
v -0.977783 0.505043 -0.539954
v -0.977783 0.507053 -0.547454
v -0.977783 0.512543 -0.552945
v -0.977783 0.520043 -0.524954
v -0.977783 0.512543 -0.526964
v -0.977783 0.620043 -0.524954
v -0.977783 0.633034 -0.547454
v -0.977783 0.627543 -0.552945
v -0.977783 0.620043 -0.554954
v -0.977783 0.520043 -0.554954
v -0.977783 0.697053 -0.532454
v -0.977783 0.633034 -0.532454
v -0.977783 0.695043 -0.539954
v -0.977783 0.635043 -0.539954
v -0.977783 0.697053 -0.547454
v -0.977783 0.702543 -0.552945
v -0.977783 0.710043 -0.554954
v -0.977783 0.702543 -0.526964
v -0.977783 0.627543 -0.526964
v -0.977783 0.710043 -0.524954
v -0.977783 0.810043 -0.524954
v -0.977783 0.817543 -0.526964
v -0.977783 0.823034 -0.532454
v -0.977783 0.825043 -0.539954
v -0.977783 0.823034 -0.547454
v -0.977783 0.817543 -0.552945
v -0.977783 0.810043 -0.554954
v -0.977783 -0.126966 -0.547454
v -0.977783 -0.132457 -0.552945
v -0.977783 -0.239957 -0.554954
v -0.977783 -0.247457 -0.552945
v -0.977783 -0.265207 -0.588954
v -0.977783 -0.265207 -0.466704
v -0.977783 -0.247457 -0.526964
v -0.977783 -0.239957 -0.524954
v -0.977783 -0.049957 -0.554954
v -0.977783 -0.057457 -0.552945
v -0.977783 -0.062947 -0.547454
v -0.977783 -0.124957 -0.539954
v -0.977783 -0.064957 -0.539954
v -0.977783 -0.126966 -0.532454
v -0.977783 -0.139957 -0.554954
v -0.977783 -0.252947 -0.547454
v -0.977783 -0.254957 -0.539954
v -0.977783 -0.252947 -0.532454
v -0.977783 -0.139957 -0.524954
v -0.977783 -0.005679 -0.466704
v -0.977783 -0.132457 -0.526964
v -0.977783 -0.062947 -0.532454
v -0.977783 -0.057457 -0.526964
v -0.977783 -0.049957 -0.524954
v -0.977783 0.050043 -0.524954
v -0.977783 0.057543 -0.526964
v -0.977783 0.050043 -0.554954
v -0.977783 0.057543 -0.552945
v -0.977783 0.063034 -0.532454
v -0.977783 0.065043 -0.539954
v -0.977783 0.063034 -0.547454
v -0.977783 -0.822947 -0.743454
v -0.977783 -0.824957 -0.735954
v -0.977783 -0.822947 -0.826454
v -0.977783 -0.809957 -0.652954
v -0.977783 -0.817457 -0.650945
v -0.977783 -0.809957 -0.720954
v -0.977783 -0.822947 -0.630454
v -0.977783 -0.824957 -0.637954
v -0.977783 -0.822947 -0.645454
v -0.977783 -0.809957 -0.848954
v -0.977783 -0.817457 -0.846945
v -0.977783 -0.822947 -0.841454
v -0.977783 -0.809957 -0.750954
v -0.977783 -0.817457 -0.748945
v -0.977783 -0.809957 -0.818954
v -0.977783 -0.824957 -0.833954
v -0.977783 -0.822947 -0.728454
v -0.977783 -0.817457 -0.722964
v -0.977783 -0.817457 -0.820964
v -0.977783 -0.702457 -0.624964
v -0.977783 -0.696967 -0.630454
v -0.977783 -0.664457 -0.588954
v -0.977783 -0.694957 -0.833954
v -0.977783 -0.696967 -0.841454
v -0.977783 -0.664457 -0.851478
v -0.977783 -0.696967 -0.728454
v -0.977783 -0.694957 -0.735954
v -0.977783 -0.817457 -0.624964
v -0.977783 -0.809957 -0.622954
v -0.977783 -0.709957 -0.622954
v -0.977783 -0.696967 -0.826454
v -0.977783 -0.709957 -0.750954
v -0.977783 -0.702457 -0.820964
v -0.977783 -0.702457 -0.748945
v -0.977783 -0.696967 -0.743454
v -0.977783 -0.702457 -0.846945
v -0.977783 -0.709957 -0.848954
v -0.977783 -0.709957 -0.652954
v -0.977783 -0.694957 -0.637954
v -0.977783 -0.696967 -0.645454
v -0.977783 -0.702457 -0.650945
v -0.977783 -0.702457 -0.722964
v -0.977783 -0.709957 -0.720954
v -0.977783 -0.709957 -0.818954
v -0.977783 -0.124957 -0.735954
v -0.977783 -0.126966 -0.743454
v -0.977783 -0.132457 -0.748945
v -0.977783 -0.247457 -0.624964
v -0.977783 -0.239957 -0.622954
v -0.977783 -0.062947 -0.630454
v -0.977783 -0.126966 -0.630454
v -0.977783 -0.064957 -0.637954
v -0.977783 -0.124957 -0.637954
v -0.977783 -0.062947 -0.645454
v -0.977783 -0.126966 -0.645454
v -0.977783 -0.057457 -0.650945
v -0.977783 -0.049957 -0.652954
v -0.977783 -0.139957 -0.622954
v -0.977783 -0.057457 -0.624964
v -0.977783 -0.132457 -0.624964
v -0.977783 -0.139957 -0.750954
v -0.977783 -0.239957 -0.750954
v -0.977783 -0.247457 -0.748945
v -0.977783 -0.252947 -0.728454
v -0.977783 -0.247457 -0.650945
v -0.977783 -0.252947 -0.645454
v -0.977783 -0.254957 -0.637954
v -0.977783 -0.252947 -0.630454
v -0.977783 -0.142822 -0.945807
v -0.977783 -0.247457 -0.722964
v -0.977783 -0.239957 -0.720954
v -0.977783 -0.239957 -0.652954
v -0.977783 -0.139957 -0.652954
v -0.977783 -0.139957 -0.720954
v -0.977783 -0.132457 -0.722964
v -0.977783 -0.132457 -0.650945
v -0.977783 -0.126966 -0.728454
v -0.977783 -0.005679 -0.652954
v -0.977783 -0.004457 -0.730954
v -0.977783 -0.003854 -0.728704
v -0.977783 0.002293 -0.734851
v -0.977783 0.000043 -0.735454
v -0.977783 -0.002207 -0.734851
v -0.977783 -0.003854 -0.733204
v -0.977783 0.002293 -0.727057
v -0.977783 0.003940 -0.728704
v -0.977783 0.063034 -0.645454
v -0.977783 0.004543 -0.730954
v -0.977783 -0.002207 -0.727057
v -0.977783 0.000043 -0.726454
v -0.977783 0.050043 -0.652954
v -0.977783 0.057543 -0.650945
v -0.977783 -0.049957 -0.622954
v -0.977783 0.050043 -0.622954
v -0.977783 0.057543 -0.624964
v -0.977783 0.003940 -0.733204
v -0.977783 0.065043 -0.637954
v -0.977783 0.063034 -0.630454
v -0.977783 -0.822947 -0.434454
v -0.977783 -0.830207 -0.412954
v -0.977783 -0.824957 -0.441954
v -0.977783 -0.822947 -0.449454
v -0.977783 -0.817457 -0.454945
v -0.977783 -0.817457 -0.428964
v -0.977783 -0.809957 -0.426954
v -0.977783 -0.694957 -0.441954
v -0.977783 -0.696967 -0.449454
v -0.977783 -0.696967 -0.434454
v -0.977783 -0.709957 -0.426954
v -0.977783 -0.702457 -0.428964
v -0.977783 -0.702457 -0.454945
v -0.977783 -0.709957 -0.456954
v -0.977783 -0.809957 -0.456954
v -0.977783 -0.139957 -0.328954
v -0.977783 -0.132457 -0.330964
v -0.977783 -0.005679 -0.298954
v -0.977783 -0.126966 -0.336454
v -0.977783 -0.247457 -0.356945
v -0.977783 -0.252947 -0.351454
v -0.977783 -0.265207 -0.412954
v -0.977783 -0.254957 -0.343954
v -0.977783 -0.252947 -0.336454
v -0.977783 -0.247457 -0.330964
v -0.977783 -0.239957 -0.328954
v -0.977783 -0.126966 -0.351454
v -0.977783 -0.132457 -0.356945
v -0.977783 -0.139957 -0.358954
v -0.977783 -0.239957 -0.358954
v -0.977783 -0.049957 -0.358954
v -0.977783 -0.057457 -0.356945
v -0.977783 -0.062947 -0.351454
v -0.977783 -0.124957 -0.343954
v -0.977783 -0.064957 -0.343954
v -0.977783 -0.062947 -0.336454
v -0.977783 -0.057457 -0.330964
v -0.977783 -0.049957 -0.328954
v -0.977783 0.050043 -0.328954
v -0.977783 0.057543 -0.330964
v -0.977783 0.050043 -0.358954
v -0.977783 0.086849 -0.412954
v -0.977783 0.057543 -0.356945
v -0.977783 0.063034 -0.336454
v -0.977783 0.065043 -0.343954
v -0.977783 0.063034 -0.351454
v -0.977783 -0.817457 -0.356945
v -0.977783 -0.822947 -0.351454
v -0.977783 -0.824957 -0.343954
v -0.977783 -0.822947 -0.336454
v -0.977783 -0.817457 -0.330964
v -0.977783 -0.809957 -0.328954
v -0.977783 -0.765457 -0.328954
v -0.977783 -0.664457 -0.298954
v -0.977783 -0.709957 -0.328954
v -0.977783 -0.702457 -0.330964
v -0.977783 -0.696967 -0.351454
v -0.977783 -0.694957 -0.343954
v -0.977783 -0.696967 -0.336454
v -0.977783 -0.702457 -0.356945
v -0.977783 -0.709957 -0.358954
v -0.977783 -0.809957 -0.358954
v -0.977783 -0.822947 -0.532454
v -0.977783 -0.824957 -0.539954
v -0.977783 -0.822947 -0.547454
v -0.977783 -0.817457 -0.552945
v -0.977783 -0.817457 -0.526964
v -0.977783 -0.809957 -0.524954
v -0.977783 -0.709957 -0.524954
v -0.977783 -0.702457 -0.526964
v -0.977783 -0.696967 -0.532454
v -0.977783 -0.694957 -0.539954
v -0.977783 -0.696967 -0.547454
v -0.977783 -0.702457 -0.552945
v -0.977783 -0.709957 -0.554954
v -0.977783 -0.809957 -0.554954
v -0.977783 -0.239957 -0.456954
v -0.977783 -0.247457 -0.454945
v -0.977783 -0.252947 -0.449454
v -0.977783 -0.254957 -0.441954
v -0.977783 -0.252947 -0.434454
v -0.977783 -0.247457 -0.428964
v -0.977783 -0.139957 -0.456954
v -0.977783 -0.049957 -0.456954
v -0.977783 -0.239957 -0.426954
v -0.977783 -0.139957 -0.426954
v -0.977783 -0.132457 -0.428964
v -0.977783 -0.126966 -0.434454
v -0.977783 -0.126966 -0.449454
v -0.977783 -0.132457 -0.454945
v -0.977783 -0.062947 -0.434454
v -0.977783 -0.064957 -0.441954
v -0.977783 -0.124957 -0.441954
v -0.977783 -0.062947 -0.449454
v -0.977783 -0.057457 -0.454945
v -0.977783 0.057543 -0.428964
v -0.977783 0.063034 -0.434454
v -0.977783 0.050043 -0.456954
v -0.977783 -0.057457 -0.428964
v -0.977783 -0.049957 -0.426954
v -0.977783 0.050043 -0.426954
v -0.977783 0.065043 -0.441954
v -0.977783 0.063034 -0.449454
v -0.977783 0.057543 -0.454945
v -0.977783 -0.809957 -0.946954
v -0.977783 -0.817457 -0.944945
v -0.977783 -0.822947 -0.924454
v -0.977783 -0.824957 -0.931954
v -0.977783 -0.822947 -0.939454
v -0.977783 -0.664457 -0.957897
v -0.977783 -0.696967 -0.939454
v -0.977783 -0.702457 -0.944945
v -0.977783 -0.817457 -0.918964
v -0.977783 -0.809957 -0.916954
v -0.977783 -0.709957 -0.916954
v -0.977783 -0.702457 -0.918964
v -0.977783 -0.696967 -0.924454
v -0.977783 -0.694957 -0.931954
v -0.977783 -0.817457 -1.140945
v -0.977783 -0.822947 -1.135454
v -0.977783 -0.822947 -1.218454
v -0.977783 -0.824957 -1.127954
v -0.977783 -0.822947 -1.120454
v -0.977783 -0.817457 -1.114964
v -0.977783 -0.817457 -1.212964
v -0.977783 -0.809957 -1.210954
v -0.977783 -0.809957 -1.142954
v -0.977783 -0.817457 -1.238945
v -0.977783 -0.822947 -1.233454
v -0.977783 -0.824957 -1.225954
v -0.977783 -0.702457 -1.114964
v -0.977783 -0.696967 -1.120454
v -0.977783 -0.694957 -1.225954
v -0.977783 -0.696966 -1.233454
v -0.977783 -0.709957 -1.112954
v -0.977783 -0.702457 -1.238945
v -0.977783 -0.709957 -1.240954
v -0.977783 -0.765457 -1.240954
v -0.977783 -0.809957 -1.240954
v -0.977783 -0.765457 -1.142954
v -0.977783 -0.765457 -1.210954
v -0.977783 -0.709957 -1.142954
v -0.977783 -0.694957 -1.127954
v -0.977783 -0.696967 -1.135454
v -0.977783 -0.696967 -1.218454
v -0.977783 -0.702457 -1.140945
v -0.977783 -0.702457 -1.212964
v -0.977783 -0.709957 -1.210954
v -0.977783 -0.809957 -1.044954
v -0.977783 -0.817457 -1.042945
v -0.977783 -0.822947 -1.037454
v -0.977783 -0.824957 -1.029954
v -0.977783 -0.830207 -1.012954
v -0.977783 -0.822947 -1.022454
v -0.977783 -0.817457 -1.016964
v -0.977783 -0.709957 -1.014954
v -0.977783 -0.702457 -1.016964
v -0.977783 -0.664457 -1.012954
v -0.977783 -0.696967 -1.022454
v -0.977783 -0.694957 -1.029954
v -0.977783 -0.664457 -1.047954
v -0.977783 -0.696966 -1.037454
v -0.977783 -0.702457 -1.042945
v -0.977783 0.512543 -1.630945
v -0.977783 0.507053 -1.625454
v -0.977783 0.492821 -1.678954
v -0.977783 0.505043 -1.617954
v -0.977783 0.507053 -1.610454
v -0.977783 0.520043 -1.602954
v -0.977783 0.512543 -1.604964
v -0.977783 0.620043 -1.602954
v -0.977783 0.627543 -1.604964
v -0.977783 0.633034 -1.625454
v -0.977783 0.627543 -1.630945
v -0.977783 0.599793 -1.678954
v -0.977783 0.620043 -1.632954
v -0.977783 0.520043 -1.632954
v -0.977783 0.710043 -1.632954
v -0.977783 0.702543 -1.630945
v -0.977783 0.697053 -1.625454
v -0.977783 0.635043 -1.617954
v -0.977783 0.695043 -1.617954
v -0.977783 0.633034 -1.610454
v -0.977783 0.697053 -1.610454
v -0.977783 0.702543 -1.604964
v -0.977783 0.710043 -1.602954
v -0.977783 0.868543 -1.568954
v -0.977783 0.825043 -1.617954
v -0.977783 0.823034 -1.625454
v -0.977783 0.810043 -1.602954
v -0.977783 0.817543 -1.604964
v -0.977783 0.823034 -1.610455
v -0.977783 0.817543 -1.630945
v -0.977783 0.810043 -1.632954
v -0.977783 0.505043 -1.519954
v -0.977783 0.507053 -1.512454
v -0.977783 0.512543 -1.532945
v -0.977783 0.507053 -1.527454
v -0.977783 0.520043 -1.504954
v -0.977783 0.512543 -1.506964
v -0.977783 0.620043 -1.504954
v -0.977783 0.627543 -1.506964
v -0.977783 0.633034 -1.527454
v -0.977783 0.627543 -1.532945
v -0.977783 0.697053 -1.512454
v -0.977783 0.633034 -1.512455
v -0.977783 0.620043 -1.534954
v -0.977783 0.520043 -1.534954
v -0.977783 0.695043 -1.519954
v -0.977783 0.635043 -1.519954
v -0.977783 0.697053 -1.527454
v -0.977783 0.702543 -1.532945
v -0.977783 0.710043 -1.534954
v -0.977783 0.817543 -1.506964
v -0.977783 0.810043 -1.504954
v -0.977783 0.702543 -1.506964
v -0.977783 0.710043 -1.504954
v -0.977783 0.823034 -1.527454
v -0.977783 0.825043 -1.519954
v -0.977783 0.823034 -1.512455
v -0.977783 0.817543 -1.532945
v -0.977783 0.810043 -1.534954
v -0.977783 0.505043 -1.225954
v -0.977783 0.507053 -1.218454
v -0.977783 0.512543 -1.238945
v -0.977783 0.507053 -1.233454
v -0.977783 0.492821 -1.274954
v -0.977783 0.520043 -1.142954
v -0.977783 0.512543 -1.140945
v -0.977783 0.520043 -1.210954
v -0.977783 0.505043 -1.127954
v -0.977783 0.507053 -1.120454
v -0.977783 0.512543 -1.114964
v -0.977783 0.507053 -1.135454
v -0.977783 0.512543 -1.212964
v -0.977783 0.627543 -1.114964
v -0.977783 0.633034 -1.120454
v -0.977783 0.765543 -1.106954
v -0.977783 0.620043 -1.112954
v -0.977783 0.633034 -1.218454
v -0.977783 0.627543 -1.140945
v -0.977783 0.627543 -1.212964
v -0.977783 0.620043 -1.142954
v -0.977783 0.697053 -1.218454
v -0.977783 0.702543 -1.212964
v -0.977783 0.627543 -1.238945
v -0.977783 0.620043 -1.240954
v -0.977783 0.599793 -1.240954
v -0.977783 0.520043 -1.240954
v -0.977783 0.697053 -1.120454
v -0.977783 0.695043 -1.127954
v -0.977783 0.635043 -1.127954
v -0.977783 0.697053 -1.135454
v -0.977783 0.633034 -1.135454
v -0.977783 0.702543 -1.140945
v -0.977783 0.710043 -1.142954
v -0.977783 0.695043 -1.225954
v -0.977783 0.635043 -1.225954
v -0.977783 0.697053 -1.233454
v -0.977783 0.633034 -1.233454
v -0.977783 0.702543 -1.238945
v -0.977783 0.710043 -1.240954
v -0.977783 0.710043 -1.112954
v -0.977783 0.702543 -1.114964
v -0.977783 0.599793 -1.142954
v -0.977783 0.599793 -1.210954
v -0.977783 0.620043 -1.210954
v -0.977783 0.810043 -1.112954
v -0.977783 0.817543 -1.114964
v -0.977783 0.825043 -1.225954
v -0.977783 0.823034 -1.233454
v -0.977783 0.823034 -1.120454
v -0.977783 0.825043 -1.127954
v -0.977783 0.823034 -1.135454
v -0.977783 0.823034 -1.218454
v -0.977783 0.810043 -1.142954
v -0.977783 0.817543 -1.212964
v -0.977783 0.817543 -1.140945
v -0.977783 0.817543 -1.238945
v -0.977783 0.810043 -1.240954
v -0.977783 0.710043 -1.210954
v -0.977783 0.810043 -1.210954
v -0.977783 0.512543 -1.434945
v -0.977783 0.507053 -1.429454
v -0.977783 0.505043 -1.421954
v -0.977783 0.492821 -1.372954
v -0.977783 0.507053 -1.414454
v -0.977783 0.520043 -1.406954
v -0.977783 0.512543 -1.408964
v -0.977783 0.633034 -1.429454
v -0.977783 0.627543 -1.434945
v -0.977783 0.620043 -1.436954
v -0.977783 0.520043 -1.436954
v -0.977783 0.697053 -1.414454
v -0.977783 0.633034 -1.414454
v -0.977783 0.695043 -1.421954
v -0.977783 0.635043 -1.421954
v -0.977783 0.697053 -1.429454
v -0.977783 0.702543 -1.434945
v -0.977783 0.710043 -1.436954
v -0.977783 0.702543 -1.408964
v -0.977783 0.627543 -1.408964
v -0.977783 0.620043 -1.406954
v -0.977783 0.817543 -1.408964
v -0.977783 0.823034 -1.414454
v -0.977783 0.868543 -1.372954
v -0.977783 0.825043 -1.421954
v -0.977783 0.823034 -1.429454
v -0.977783 0.710043 -1.406954
v -0.977783 0.810043 -1.406954
v -0.977783 0.817543 -1.434945
v -0.977783 0.810043 -1.436954
v -0.977783 0.507053 -1.316454
v -0.977783 0.505043 -1.323954
v -0.977783 0.507053 -1.331454
v -0.977783 0.512543 -1.336945
v -0.977783 0.520043 -1.308954
v -0.977783 0.512543 -1.310964
v -0.977783 0.620043 -1.308954
v -0.977783 0.633034 -1.331454
v -0.977783 0.627543 -1.336945
v -0.977783 0.620043 -1.338954
v -0.977783 0.520043 -1.338954
v -0.977783 0.697053 -1.316454
v -0.977783 0.633034 -1.316454
v -0.977783 0.695043 -1.323954
v -0.977783 0.635043 -1.323954
v -0.977783 0.697053 -1.331454
v -0.977783 0.702543 -1.336945
v -0.977783 0.710043 -1.338954
v -0.977783 0.702543 -1.310964
v -0.977783 0.627543 -1.310964
v -0.977783 0.710043 -1.308954
v -0.977783 0.810043 -1.308954
v -0.977783 0.817543 -1.310964
v -0.977783 0.823034 -1.316454
v -0.977783 0.825043 -1.323954
v -0.977783 0.823034 -1.331454
v -0.977783 0.817543 -1.336945
v -0.977783 0.810043 -1.338954
v -0.977783 1.131239 -1.739954
v -0.977783 1.132043 -1.736954
v -0.977783 -1.076060 -1.728704
v -0.977783 -1.075457 -1.730954
v -0.977783 -1.038457 -1.742954
v -0.977783 -1.076060 -1.733204
v -0.977783 -1.131957 -1.736954
v -0.977783 -1.084457 -1.730954
v -0.977783 -1.131957 -1.678954
v -0.977783 -1.083854 -1.728704
v -0.977783 -1.082207 -1.727057
v -0.977783 -1.079957 -1.726454
v -0.977783 -1.077707 -1.727057
v -0.977783 -1.077707 -1.734851
v -0.977783 -1.079957 -1.735454
v -0.977783 -1.125957 -1.742954
v -0.977783 -1.082207 -1.734851
v -0.977783 -1.083854 -1.733204
v -0.977783 -1.128957 -1.742150
v -0.977783 -1.131153 -1.739954
v -0.977782 -1.083854 -0.228704
v -0.977782 -1.082207 -0.227057
v -0.977783 -1.041957 -0.268954
v -0.977783 -1.038457 -0.268954
v -0.977782 -1.076060 -0.233204
v -0.977782 -1.079957 -0.226454
v -0.977782 -1.077707 -0.227057
v -0.977782 -1.076060 -0.228704
v -0.977782 -1.075457 -0.230954
v -0.977782 -1.084457 -0.230954
v -0.977782 -1.131957 -0.224954
v -0.977782 -1.083854 -0.233204
v -0.977783 -1.131957 -0.298954
v -0.977782 -1.082207 -0.234851
v -0.977783 -1.061957 -0.288954
v -0.977783 -1.059277 -0.278954
v -0.977783 -1.051957 -0.271634
v -0.977782 -1.077707 -0.234851
v -0.977782 -1.079957 -0.235454
v -0.977783 0.234765 -0.899835
v -0.977783 0.238164 -0.898955
v -0.977783 0.240950 -0.896840
v -0.977783 0.131837 -0.957918
v -0.977783 0.117541 -0.954708
v -0.977783 0.086849 -0.957897
v -0.977783 0.105317 -0.946362
v -0.977783 0.093673 -0.927697
v -0.977783 0.285349 -0.851478
v -0.977783 0.131988 -0.854001
v -0.977783 0.117199 -0.857642
v -0.977783 0.090321 -0.905846
v -0.977783 0.093453 -0.884529
v -0.977783 0.104644 -0.866241
v -0.977783 0.125839 -0.944781
v -0.977783 0.127569 -0.947410
v -0.977783 0.131988 -0.949943
v -0.977783 0.194040 -0.955876
v -0.977783 0.191863 -0.955137
v -0.977783 0.137694 -0.957918
v -0.977783 0.190768 -0.953994
v -0.977783 0.151999 -0.954704
v -0.977783 0.144488 -0.874183
v -0.977783 0.144113 -0.869511
v -0.977783 0.275043 -0.930260
v -0.977783 0.272767 -0.941247
v -0.977783 0.265516 -0.949769
v -0.977783 0.144488 -0.939526
v -0.977783 0.125043 -0.939526
v -0.977783 0.144224 -0.942741
v -0.977783 0.164236 -0.946362
v -0.977783 0.190321 -0.952091
v -0.977783 0.175914 -0.927709
v -0.977783 0.137543 -0.862009
v -0.977783 0.125355 -0.869530
v -0.977783 0.140365 -0.863030
v -0.977783 0.142491 -0.865134
v -0.977783 0.229210 -0.955954
v -0.977783 0.137543 -0.949943
v -0.977783 0.140784 -0.948423
v -0.977783 0.143164 -0.945776
v -0.977783 0.258368 -0.953594
v -0.977783 0.250456 -0.955368
v -0.977783 0.231568 -0.864803
v -0.977783 0.230382 -0.865720
v -0.977783 0.229439 -0.867650
v -0.977783 0.229210 -0.869800
v -0.977783 0.238932 -0.859882
v -0.977783 0.238457 -0.861858
v -0.977783 0.237627 -0.862840
v -0.977783 0.285399 -0.872149
v -0.977783 0.284185 -0.873360
v -0.977783 0.282422 -0.874010
v -0.977783 0.273286 -0.893853
v -0.977783 0.281793 -0.873931
v -0.977783 0.275043 -0.887074
v -0.977783 0.280279 -0.873175
v -0.977783 0.275043 -0.871992
v -0.977783 0.240223 -0.945329
v -0.977783 0.242214 -0.942653
v -0.977783 0.234831 -0.947816
v -0.977783 0.243099 -0.937356
v -0.977783 0.243080 -0.916871
v -0.977783 0.242520 -0.912593
v -0.977783 0.240495 -0.909665
v -0.977783 0.190491 -0.950717
v -0.977783 0.176078 -0.884536
v -0.977783 0.179210 -0.905846
v -0.977783 0.273566 -0.921114
v -0.977783 0.268685 -0.913268
v -0.977783 0.268620 -0.899097
v -0.977783 0.260716 -0.907903
v -0.977783 0.260462 -0.902941
v -0.977783 0.251584 -0.904717
v -0.977783 0.234831 -0.955954
v -0.977783 0.234765 -0.907625
v -0.977783 0.237767 -0.908279
v -0.977783 0.235178 -0.863897
v -0.977783 0.246887 -0.861802
v -0.977783 0.238492 -0.858262
v -0.977783 0.278689 -0.871471
v -0.977783 0.278367 -0.871049
v -0.977783 0.277403 -0.870060
v -0.977783 0.190374 -0.859083
v -0.977783 0.190979 -0.857551
v -0.977783 0.152360 -0.857601
v -0.977783 0.137543 -0.854001
v -0.977783 0.275758 -0.870062
v -0.977783 0.275334 -0.870538
v -0.977783 0.276405 -0.869858
v -0.977783 0.276584 -0.869843
v -0.977783 0.194896 -0.864361
v -0.977783 0.193034 -0.863680
v -0.977783 0.191546 -0.862843
v -0.977783 0.164909 -0.866241
v -0.977783 0.190828 -0.861959
v -0.977783 0.190321 -0.859752
v -0.977783 0.191295 -0.949179
v -0.977783 0.193034 -0.948077
v -0.977783 0.234473 -0.856105
v -0.977783 0.236892 -0.856822
v -0.977783 0.263715 -0.854565
v -0.977783 0.253158 -0.856684
v -0.977783 0.243099 -0.874835
v -0.977783 0.243609 -0.869380
v -0.977783 0.192230 -0.856539
v -0.977783 0.195291 -0.855954
v -0.977783 0.271558 -0.855474
v -0.977783 0.278581 -0.859014
v -0.977783 0.279889 -0.860111
v -0.977783 0.195676 -0.947070
v -0.977783 0.196441 -0.946232
v -0.977783 0.131988 -0.862009
v -0.977783 0.129123 -0.863106
v -0.977783 0.126844 -0.865134
v -0.977783 0.242346 -0.894470
v -0.977783 0.243034 -0.891805
v -0.977783 0.197127 -0.944398
v -0.977783 0.197265 -0.942434
v -0.977783 0.197265 -0.869214
v -0.977783 0.196014 -0.864923
v -0.977783 0.196441 -0.865503
v -0.977783 0.197124 -0.867293
v -0.977783 0.333377 -0.854001
v -0.977783 0.284377 -0.865316
v -0.977783 0.285674 -0.867826
v -0.977783 0.286154 -0.870125
v -0.977783 0.306706 -0.946362
v -0.977783 0.318930 -0.954708
v -0.977783 0.333226 -0.957918
v -0.977783 0.327228 -0.944781
v -0.977783 0.328957 -0.947410
v -0.977783 0.333377 -0.949943
v -0.977783 0.393252 -0.955137
v -0.977783 0.392157 -0.953994
v -0.977783 0.339083 -0.957918
v -0.977783 0.345877 -0.874183
v -0.977783 0.345502 -0.869511
v -0.977783 0.345877 -0.939526
v -0.977783 0.326432 -0.939526
v -0.977783 0.345613 -0.942741
v -0.977783 0.391763 -0.859083
v -0.977783 0.392368 -0.857551
v -0.977783 0.353749 -0.857601
v -0.977783 0.338932 -0.854001
v -0.977783 0.295062 -0.927697
v -0.977783 0.291710 -0.905846
v -0.977783 0.294841 -0.884529
v -0.977783 0.285696 -0.871728
v -0.977783 0.338932 -0.862009
v -0.977783 0.326744 -0.869530
v -0.977783 0.341754 -0.863030
v -0.977783 0.343880 -0.865134
v -0.977783 0.393619 -0.856539
v -0.977783 0.396680 -0.855954
v -0.977783 0.430599 -0.855954
v -0.977783 0.430599 -0.955954
v -0.977783 0.395429 -0.955876
v -0.977783 0.391880 -0.950717
v -0.977783 0.377467 -0.884536
v -0.977783 0.391710 -0.952091
v -0.977783 0.380599 -0.905846
v -0.977783 0.377303 -0.927709
v -0.977783 0.365625 -0.946362
v -0.977783 0.353388 -0.954704
v -0.977783 0.306033 -0.866241
v -0.977783 0.318588 -0.857642
v -0.977783 0.338932 -0.949943
v -0.977783 0.342173 -0.948423
v -0.977783 0.344553 -0.945776
v -0.977783 0.396285 -0.864361
v -0.977783 0.394423 -0.863680
v -0.977783 0.392935 -0.862843
v -0.977783 0.366298 -0.866241
v -0.977783 0.392217 -0.861959
v -0.977783 0.391710 -0.859752
v -0.977783 0.437543 -0.911271
v -0.977783 0.437543 -0.903697
v -0.977783 0.392684 -0.949179
v -0.977783 0.394423 -0.948077
v -0.977783 0.441516 -0.946957
v -0.977783 0.444987 -0.944322
v -0.977783 0.437239 -0.947903
v -0.977783 0.446647 -0.940708
v -0.977783 0.447265 -0.936770
v -0.977783 0.437239 -0.855954
v -0.977783 0.459313 -0.857073
v -0.977783 0.471419 -0.862595
v -0.977783 0.477127 -0.922047
v -0.977783 0.479210 -0.931649
v -0.977783 0.477116 -0.941300
v -0.977783 0.470985 -0.949032
v -0.977783 0.458929 -0.954567
v -0.977783 0.445660 -0.955954
v -0.977783 0.437239 -0.955954
v -0.977783 0.444444 -0.913680
v -0.977783 0.441231 -0.911836
v -0.977783 0.446375 -0.916455
v -0.977783 0.447265 -0.919713
v -0.977783 0.444357 -0.900854
v -0.977783 0.446814 -0.896493
v -0.977783 0.441230 -0.902909
v -0.977783 0.447265 -0.891458
v -0.977783 0.437239 -0.863658
v -0.977783 0.333377 -0.862009
v -0.977783 0.330511 -0.863106
v -0.977783 0.328233 -0.865134
v -0.977783 0.478403 -0.871173
v -0.977783 0.480599 -0.882039
v -0.977783 0.478130 -0.893248
v -0.977783 0.470529 -0.901788
v -0.977783 0.471072 -0.914331
v -0.977783 0.397065 -0.947070
v -0.977783 0.397830 -0.946232
v -0.977783 0.444857 -0.866588
v -0.977783 0.441375 -0.864325
v -0.977783 0.446791 -0.870574
v -0.977783 0.447265 -0.875008
v -0.977783 0.398516 -0.944398
v -0.977783 0.398654 -0.942434
v -0.977783 0.398654 -0.869214
v -0.977783 0.462972 -0.909920
v -0.977783 0.462571 -0.905428
v -0.977783 0.454036 -0.907473
v -0.977783 0.397403 -0.864923
v -0.977783 0.397830 -0.865503
v -0.977783 0.398513 -0.867293
v -0.977783 0.338932 -0.957929
v -0.977783 0.076327 -0.883779
v -0.977783 0.071070 -0.873128
v -0.977783 0.044206 -0.957343
v -0.977783 0.027811 -0.952641
v -0.977783 0.014627 -0.941697
v -0.977783 0.008338 -0.876898
v -0.977783 0.021332 -0.861358
v -0.977783 0.033018 -0.855748
v -0.977783 0.045877 -0.854001
v -0.977783 0.038794 -0.943568
v -0.977783 0.041334 -0.947039
v -0.977783 0.037543 -0.935946
v -0.977783 0.045877 -0.948967
v -0.977783 0.064887 -0.867217
v -0.977783 0.059110 -0.864322
v -0.977783 0.052821 -0.862877
v -0.977783 0.052821 -0.854001
v -0.977783 0.064557 -0.856747
v -0.977783 0.074327 -0.863832
v -0.977783 0.080246 -0.871452
v -0.977783 0.083377 -0.880499
v -0.977783 0.058538 -0.955983
v -0.977783 0.051432 -0.957864
v -0.977783 0.074566 -0.955542
v -0.977783 0.075682 -0.956791
v -0.977783 0.045877 -0.862877
v -0.977783 0.077521 -0.884773
v -0.977783 0.005543 -0.924254
v -0.977783 0.002821 -0.904717
v -0.977783 0.002900 -0.900659
v -0.977783 0.082743 -0.883037
v -0.977783 0.081310 -0.884552
v -0.977783 0.079253 -0.885121
v -0.977783 0.075672 -0.917535
v -0.977783 0.042563 -0.863618
v -0.977783 0.081863 -0.954563
v -0.977783 0.081205 -0.955984
v -0.977783 0.037543 -0.872491
v -0.977783 0.073090 -0.921905
v -0.977783 0.074513 -0.918586
v -0.977783 0.038220 -0.868943
v -0.977783 0.039974 -0.865785
v -0.977783 0.062890 -0.942348
v -0.977783 0.066949 -0.936976
v -0.977783 0.070095 -0.931019
v -0.977783 0.080009 -0.956930
v -0.977783 0.077864 -0.957343
v -0.977783 0.077351 -0.957317
v -0.977783 0.072272 -0.952304
v -0.977783 0.070377 -0.951788
v -0.977783 0.073611 -0.953741
v -0.977783 0.067838 -0.952376
v -0.977783 0.077647 -0.917065
v -0.977783 0.079283 -0.917404
v -0.977783 0.080664 -0.918346
v -0.977783 0.081736 -0.920277
v -0.977783 0.081988 -0.922491
v -0.977783 0.081988 -0.953263
v -0.977783 -0.244957 -0.960954
v -0.977783 0.045877 -0.957929
v -0.977783 0.131988 -0.957929
v -0.977783 0.051432 -0.948880
v -0.977783 0.057752 -0.946681
v -0.977783 0.137543 -0.957929
v -0.977783 0.333377 -0.957929
v -0.977783 -0.851957 -0.378954
v -0.977783 -0.853479 -0.386608
v -0.977783 -0.857815 -0.393096
v -0.977783 -0.871957 -0.268954
v -0.977783 -0.864303 -0.270477
v -0.977783 -0.857815 -0.274812
v -0.977783 -0.853479 -0.281301
v -0.977783 -0.851957 -0.288954
v -0.977783 -1.041957 -0.398954
v -0.977783 -1.051957 -0.396275
v -0.977783 -1.131957 -0.412954
v -0.977783 -1.059277 -0.388954
v -0.977783 -1.061957 -0.378954
v -0.977783 -0.864303 -0.397432
v -0.977783 -0.871957 -0.398954
v -0.977782 1.083940 -0.228704
v -0.977782 1.084543 -0.230954
v -0.977782 1.100043 -0.222704
v -0.977782 1.076146 -0.233204
v -0.977782 1.075543 -0.230954
v -0.977782 1.076146 -0.228704
v -0.977782 1.077793 -0.227057
v -0.977782 1.080043 -0.226454
v -0.977782 1.082293 -0.227057
v -0.977782 1.083940 -0.233204
v -0.977782 1.082293 -0.234852
v -0.977783 1.059364 -0.278954
v -0.977782 1.080043 -0.235454
v -0.977783 1.052043 -0.271634
v -0.977782 1.077793 -0.234852
v -0.977783 1.042043 -0.268954
v -0.977782 0.868543 -0.222704
v -0.977783 0.872043 -0.268954
v -0.977782 0.836146 -0.233204
v -0.977782 0.835543 -0.230954
v -0.977782 0.836146 -0.228704
v -0.977782 0.840043 -0.235454
v -0.977782 0.837793 -0.234852
v -0.977782 0.837793 -0.227057
v -0.977782 0.840043 -0.226454
v -0.977782 0.842293 -0.227057
v -0.977783 0.852043 -0.288954
v -0.977782 0.843940 -0.228704
v -0.977782 0.844543 -0.230954
v -0.977782 0.843940 -0.233204
v -0.977783 0.864390 -0.270477
v -0.977782 0.842293 -0.234852
v -0.977783 0.857901 -0.274812
v -0.977783 0.853566 -0.281301
v -0.977783 1.062043 -0.288954
v -0.977783 1.062043 -0.298954
v -0.977783 1.062043 -0.378954
v -0.977783 1.059364 -0.388954
v -0.977783 1.052043 -0.396275
v -0.977783 1.042043 -0.398954
v -0.977783 -0.868457 -1.742954
v -0.977783 -0.868457 -1.678954
v -0.977783 -0.839957 -1.726454
v -0.977783 -0.837707 -1.727057
v -0.977783 -0.842207 -1.734851
v -0.977783 -0.843854 -1.733204
v -0.977783 -0.848207 -1.742954
v -0.977783 -0.844457 -1.730954
v -0.977783 -0.843854 -1.728704
v -0.977783 -0.842207 -1.727057
v -0.977783 -0.836060 -1.728704
v -0.977783 -0.835457 -1.730954
v -0.977783 -0.830207 -1.742954
v -0.977783 -0.836060 -1.733204
v -0.977783 -0.837707 -1.734851
v -0.977783 -0.839957 -1.735454
v -0.977783 -0.765457 -1.742954
v -0.977783 -0.702957 -1.736151
v -0.977783 -0.705153 -1.733954
v -0.977783 -0.705957 -1.730954
v -0.977783 -0.699957 -1.736954
v -0.977783 -0.664457 -1.742954
v -0.977783 -0.696957 -1.736151
v -0.977783 -0.705153 -1.727954
v -0.977783 -0.702957 -1.725758
v -0.977783 -0.699957 -1.724954
v -0.977783 -0.696957 -1.725758
v -0.977783 -0.694761 -1.727954
v -0.977783 -0.693957 -1.730954
v -0.977783 -0.694761 -1.733954
v -0.977783 -0.563854 -1.733204
v -0.977783 -0.564457 -1.730954
v -0.977783 -0.556060 -1.728704
v -0.977783 -0.555457 -1.730954
v -0.977783 -0.556060 -1.733204
v -0.977783 -0.557707 -1.734851
v -0.977783 -0.559957 -1.735454
v -0.977783 -0.562207 -1.734851
v -0.977783 -0.563854 -1.728704
v -0.977783 -0.562207 -1.727057
v -0.977783 -0.499957 -1.678954
v -0.977783 -0.559957 -1.726454
v -0.977783 -0.557707 -1.727057
v -0.977783 -0.283854 -1.733204
v -0.977783 -0.284457 -1.730954
v -0.977783 -0.277707 -1.727057
v -0.977783 -0.276060 -1.728704
v -0.977783 -0.279957 -1.735454
v -0.977783 -0.282207 -1.734852
v -0.977783 -0.283854 -1.728704
v -0.977783 -0.282207 -1.727057
v -0.977783 -0.279957 -1.726454
v -0.977783 -0.275457 -1.730954
v -0.977783 -0.276060 -1.733204
v -0.977783 -0.277707 -1.734852
v -0.977783 0.003940 -1.733204
v -0.977783 0.002293 -1.734852
v -0.977783 0.086849 -1.742954
v -0.977783 -0.003854 -1.728704
v -0.977783 -0.002207 -1.727057
v -0.977783 -0.004457 -1.730954
v -0.977783 -0.005679 -1.742954
v -0.977783 -0.003854 -1.733204
v -0.977783 -0.002207 -1.734852
v -0.977783 0.000043 -1.735454
v -0.977783 0.000043 -1.726454
v -0.977783 0.002293 -1.727057
v -0.977783 0.003940 -1.728704
v -0.977783 0.004543 -1.730954
v -0.977783 0.283940 -1.733204
v -0.977783 0.282293 -1.734852
v -0.977783 0.280043 -1.735454
v -0.977783 0.277793 -1.734852
v -0.977783 0.276146 -1.733204
v -0.977783 0.275543 -1.730954
v -0.977783 0.276146 -1.728704
v -0.977783 0.277793 -1.727057
v -0.977783 0.280043 -1.726454
v -0.977783 0.282293 -1.727057
v -0.977783 0.283940 -1.728704
v -0.977783 0.284543 -1.730954
v -0.977783 0.563940 -1.733204
v -0.977783 0.562293 -1.734852
v -0.977783 0.599793 -1.742954
v -0.977783 0.560043 -1.735454
v -0.977783 0.557793 -1.734851
v -0.977783 0.560043 -1.726454
v -0.977783 0.557793 -1.727057
v -0.977783 0.556146 -1.728704
v -0.977783 0.562293 -1.727057
v -0.977783 0.563940 -1.728704
v -0.977783 0.564543 -1.730954
v -0.977783 0.697043 -1.736151
v -0.977783 0.694847 -1.733954
v -0.977783 0.694043 -1.730954
v -0.977783 0.700043 -1.736954
v -0.977783 0.765543 -1.742954
v -0.977783 0.703043 -1.736151
v -0.977783 0.694847 -1.727954
v -0.977783 0.697043 -1.725758
v -0.977783 0.700043 -1.724954
v -0.977783 0.703043 -1.725758
v -0.977783 0.705239 -1.727954
v -0.977783 0.706043 -1.730954
v -0.977783 0.705239 -1.733954
v -0.977783 0.836146 -1.733204
v -0.977783 0.835543 -1.730955
v -0.977783 0.843940 -1.728704
v -0.977783 0.844543 -1.730954
v -0.977783 0.868543 -1.742954
v -0.977783 0.843940 -1.733204
v -0.977783 0.842293 -1.727057
v -0.977783 0.842293 -1.734852
v -0.977783 0.840043 -1.735454
v -0.977783 0.837793 -1.734852
v -0.977783 0.836146 -1.728704
v -0.977783 0.837793 -1.727057
v -0.977783 0.840043 -1.726454
v -0.977783 1.076146 -1.728704
v -0.977783 1.077793 -1.727057
v -0.977783 1.080043 -1.726454
v -0.977783 1.082293 -1.727057
v -0.977783 1.083940 -1.728704
v -0.977783 1.100043 -1.742954
v -0.977783 1.084543 -1.730954
v -0.977783 1.083940 -1.733204
v -0.977783 1.082293 -1.734852
v -0.977783 1.080043 -1.735454
v -0.977783 1.077793 -1.734852
v -0.977783 -1.007457 -1.630945
v -0.977783 -1.012947 -1.625454
v -0.977783 -1.014957 -1.617954
v -0.977783 -1.012947 -1.610454
v -0.977783 -0.886967 -1.625454
v -0.977783 -0.884957 -1.617954
v -0.977783 -0.868457 -1.568954
v -0.977783 -0.886967 -1.610454
v -0.977783 -0.892457 -1.604964
v -0.977783 -1.007457 -1.604964
v -0.977783 -0.999957 -1.602954
v -0.977783 -0.899957 -1.602954
v -0.977783 -0.892457 -1.630945
v -0.977783 -0.899957 -1.632954
v -0.977783 -0.999957 -1.632954
v -0.977783 -0.634957 -1.617954
v -0.977783 -0.632947 -1.610454
v -0.977783 -0.506967 -1.625454
v -0.977783 -0.504957 -1.617954
v -0.977783 -0.499957 -1.568954
v -0.977783 -0.506966 -1.610454
v -0.977783 -0.512457 -1.604964
v -0.977783 -0.627457 -1.630945
v -0.977783 -0.632947 -1.625454
v -0.977783 -0.627457 -1.604964
v -0.977783 -0.619957 -1.602954
v -0.977783 -0.519957 -1.602954
v -0.977783 -0.512457 -1.630945
v -0.977783 -0.519957 -1.632954
v -0.977783 -0.619957 -1.632954
v -0.977783 -0.444957 -1.617954
v -0.977783 -0.442947 -1.610454
v -0.977783 -0.442947 -1.625454
v -0.977783 -0.437457 -1.630945
v -0.977783 -0.316966 -1.625454
v -0.977783 -0.314957 -1.617954
v -0.977783 -0.316966 -1.610454
v -0.977783 -0.322457 -1.604964
v -0.977783 -0.322457 -1.630945
v -0.977783 -0.329957 -1.632954
v -0.977783 -0.429957 -1.632954
v -0.977783 -0.437457 -1.604964
v -0.977783 -0.429957 -1.602954
v -0.977783 -0.329957 -1.602954
v -0.977783 0.247543 -1.604964
v -0.977783 0.253034 -1.610454
v -0.977783 0.285349 -1.568954
v -0.977783 0.255043 -1.617954
v -0.977783 0.253034 -1.625454
v -0.977783 0.125043 -1.617954
v -0.977783 0.127053 -1.610454
v -0.977783 0.127053 -1.625454
v -0.977783 0.132543 -1.630945
v -0.977783 0.247543 -1.630945
v -0.977783 0.240043 -1.632954
v -0.977783 0.140043 -1.632954
v -0.977783 0.132543 -1.604964
v -0.977783 0.140043 -1.602954
v -0.977783 0.240043 -1.602954
v -0.977783 0.322543 -1.630945
v -0.977783 0.317053 -1.625454
v -0.977783 0.315043 -1.617954
v -0.977783 0.317053 -1.610454
v -0.977783 0.443034 -1.625454
v -0.977783 0.445043 -1.617954
v -0.977783 0.443034 -1.610454
v -0.977783 0.437543 -1.604964
v -0.977783 0.437543 -1.630945
v -0.977783 0.430043 -1.632954
v -0.977783 0.330043 -1.632954
v -0.977783 0.322543 -1.604964
v -0.977783 0.330043 -1.602954
v -0.977783 0.430043 -1.602954
v -0.977783 0.885043 -1.617954
v -0.977783 0.887053 -1.610454
v -0.977783 1.013034 -1.625454
v -0.977783 1.015043 -1.617954
v -0.977783 1.013034 -1.610454
v -0.977783 1.007543 -1.604964
v -0.977783 0.892543 -1.630945
v -0.977783 0.887053 -1.625454
v -0.977783 1.007543 -1.630945
v -0.977783 1.000043 -1.632954
v -0.977783 0.900043 -1.632954
v -0.977783 0.892543 -1.604964
v -0.977783 0.900043 -1.602954
v -0.977783 1.000043 -1.602954
v -0.977783 -1.131957 -1.495204
v -0.977783 -1.014957 -1.519954
v -0.977783 -1.012947 -1.512454
v -0.977783 -1.012947 -1.527454
v -0.977783 -1.007457 -1.532945
v -0.977783 -0.886967 -1.527454
v -0.977783 -0.884957 -1.519954
v -0.977783 -0.886966 -1.512454
v -0.977783 -0.892457 -1.506964
v -0.977783 -1.007457 -1.506964
v -0.977783 -0.999957 -1.504954
v -0.977783 -0.899957 -1.504954
v -0.977783 -0.892457 -1.532945
v -0.977783 -0.899957 -1.534954
v -0.977783 -0.999957 -1.534954
v -0.977783 -0.634957 -1.519954
v -0.977783 -0.632947 -1.512454
v -0.977783 -0.506966 -1.527454
v -0.977783 -0.504957 -1.519954
v -0.977783 -0.506966 -1.512454
v -0.977783 -0.512457 -1.506964
v -0.977783 -0.632947 -1.527454
v -0.977783 -0.627457 -1.532945
v -0.977783 -0.627457 -1.506964
v -0.977783 -0.619957 -1.504954
v -0.977783 -0.519957 -1.504954
v -0.977783 -0.512457 -1.532945
v -0.977783 -0.519957 -1.534954
v -0.977783 -0.619957 -1.534954
v -0.977783 -0.444957 -1.519954
v -0.977783 -0.442947 -1.512454
v -0.977783 -0.442947 -1.527454
v -0.977783 -0.437457 -1.532945
v -0.977783 -0.316966 -1.527454
v -0.977783 -0.314957 -1.519954
v -0.977783 -0.316966 -1.512454
v -0.977783 -0.322457 -1.506964
v -0.977783 -0.322457 -1.532945
v -0.977783 -0.329957 -1.534954
v -0.977783 -0.429957 -1.534954
v -0.977783 -0.437457 -1.506964
v -0.977783 -0.429957 -1.504954
v -0.977783 -0.329957 -1.504954
v -0.977783 0.247543 -1.506964
v -0.977783 0.253034 -1.512454
v -0.977783 0.285349 -1.495204
v -0.977783 0.255043 -1.519954
v -0.977783 0.253034 -1.527454
v -0.977783 0.125043 -1.519954
v -0.977783 0.127053 -1.512454
v -0.977783 0.127053 -1.527454
v -0.977783 0.132543 -1.532945
v -0.977783 0.247543 -1.532945
v -0.977783 0.240043 -1.534954
v -0.977783 0.140043 -1.534954
v -0.977783 0.132543 -1.506964
v -0.977783 0.140043 -1.504954
v -0.977783 0.240043 -1.504954
v -0.977783 0.322543 -1.532945
v -0.977783 0.317053 -1.527454
v -0.977783 0.315043 -1.519954
v -0.977783 0.317053 -1.512454
v -0.977783 0.322543 -1.506964
v -0.977783 0.443034 -1.512454
v -0.977783 0.445043 -1.519954
v -0.977783 0.443034 -1.527454
v -0.977783 0.437543 -1.532945
v -0.977783 0.430043 -1.534954
v -0.977783 0.330043 -1.534954
v -0.977783 0.330043 -1.504954
v -0.977783 0.430043 -1.504954
v -0.977783 0.437543 -1.506964
v -0.977783 0.885043 -1.519954
v -0.977783 0.887053 -1.512454
v -0.977783 0.892543 -1.506964
v -0.977783 1.013034 -1.527454
v -0.977783 1.015043 -1.519954
v -0.977783 1.038543 -1.495204
v -0.977783 1.013034 -1.512455
v -0.977783 0.887053 -1.527454
v -0.977783 0.892543 -1.532945
v -0.977783 1.007543 -1.532945
v -0.977783 1.000043 -1.534955
v -0.977783 0.900043 -1.534954
v -0.977783 0.900043 -1.504954
v -0.977783 1.000043 -1.504955
v -0.977783 1.007543 -1.506964
v -0.977783 -1.116060 -1.478704
v -0.977783 -1.115457 -1.480954
v -0.977783 -1.119957 -1.476454
v -0.977783 -1.117707 -1.477057
v -0.977783 -1.038457 -1.372954
v -0.977783 -1.122207 -1.484851
v -0.977783 -1.123854 -1.483204
v -0.977783 -1.124457 -1.480954
v -0.977783 -1.123854 -1.478704
v -0.977783 -1.122207 -1.477057
v -0.977783 -1.116060 -1.483204
v -0.977783 -1.117707 -1.484851
v -0.977783 -1.119957 -1.485454
v -0.977783 -1.014957 -1.421954
v -0.977783 -1.012947 -1.414454
v -0.977783 -0.886967 -1.429454
v -0.977783 -0.884957 -1.421954
v -0.977783 -0.886967 -1.414454
v -0.977783 -0.892457 -1.408964
v -0.977783 -1.007457 -1.434945
v -0.977783 -1.012947 -1.429454
v -0.977783 -1.007457 -1.408964
v -0.977783 -0.999957 -1.406954
v -0.977783 -0.899957 -1.406954
v -0.977783 -0.892457 -1.434945
v -0.977783 -0.899957 -1.436954
v -0.977783 -0.999957 -1.436954
v -0.977783 -0.634957 -1.421954
v -0.977783 -0.632947 -1.414454
v -0.977783 -0.506966 -1.429454
v -0.977783 -0.504957 -1.421954
v -0.977783 -0.506966 -1.414454
v -0.977783 -0.512457 -1.408964
v -0.977783 -0.627457 -1.434945
v -0.977783 -0.632947 -1.429454
v -0.977783 -0.627457 -1.408964
v -0.977783 -0.619957 -1.406954
v -0.977783 -0.519957 -1.406954
v -0.977783 -0.512457 -1.434945
v -0.977783 -0.519957 -1.436954
v -0.977783 -0.619957 -1.436954
v -0.977783 -0.444957 -1.421954
v -0.977783 -0.442947 -1.414454
v -0.977783 -0.316966 -1.429454
v -0.977783 -0.314957 -1.421954
v -0.977783 -0.316966 -1.414454
v -0.977783 -0.322457 -1.408964
v -0.977783 -0.442947 -1.429454
v -0.977783 -0.437457 -1.434945
v -0.977783 -0.437457 -1.408964
v -0.977783 -0.429957 -1.406954
v -0.977783 -0.329957 -1.406954
v -0.977783 -0.322457 -1.434945
v -0.977783 -0.329957 -1.436954
v -0.977783 -0.429957 -1.436954
v -0.977783 0.125043 -1.421954
v -0.977783 0.127053 -1.414454
v -0.977783 0.247543 -1.408964
v -0.977783 0.253034 -1.414454
v -0.977783 0.255043 -1.421954
v -0.977783 0.253034 -1.429454
v -0.977783 0.127053 -1.429454
v -0.977783 0.132543 -1.434945
v -0.977783 0.132543 -1.408964
v -0.977783 0.140043 -1.406954
v -0.977783 0.240043 -1.406954
v -0.977783 0.247543 -1.434945
v -0.977783 0.240043 -1.436954
v -0.977783 0.140043 -1.436954
v -0.977783 0.315043 -1.421954
v -0.977783 0.317053 -1.414454
v -0.977783 0.443034 -1.429454
v -0.977783 0.445043 -1.421954
v -0.977783 0.443034 -1.414454
v -0.977783 0.437543 -1.408964
v -0.977783 0.322543 -1.434945
v -0.977783 0.317053 -1.429454
v -0.977783 0.322543 -1.408964
v -0.977783 0.330043 -1.406954
v -0.977783 0.430043 -1.406954
v -0.977783 0.437543 -1.434945
v -0.977783 0.430043 -1.436954
v -0.977783 0.330043 -1.436954
v -0.977783 0.885043 -1.421954
v -0.977783 0.887053 -1.414454
v -0.977783 0.892543 -1.434945
v -0.977783 0.887053 -1.429454
v -0.977783 1.013034 -1.429454
v -0.977783 1.015043 -1.421954
v -0.977783 1.013034 -1.414454
v -0.977783 1.007543 -1.408964
v -0.977783 0.892543 -1.408964
v -0.977783 0.900043 -1.406954
v -0.977783 1.000043 -1.406955
v -0.977783 1.007543 -1.434945
v -0.977783 1.000043 -1.436954
v -0.977783 0.900043 -1.436954
v -0.977783 1.120043 -1.476454
v -0.977783 1.122293 -1.477057
v -0.977783 1.128293 -1.372954
v -0.977783 1.120043 -1.485454
v -0.977783 1.117793 -1.484852
v -0.977783 1.116146 -1.478704
v -0.977783 1.115543 -1.480954
v -0.977783 1.116146 -1.483205
v -0.977783 1.117793 -1.477057
v -0.977783 1.123940 -1.478704
v -0.977783 1.124543 -1.480954
v -0.977783 1.128293 -1.495204
v -0.977783 1.123940 -1.483204
v -0.977783 1.122293 -1.484852
v -0.977783 -1.131957 -1.274954
v -0.977783 -0.892457 -1.310964
v -0.977783 -0.886967 -1.316454
v -0.977783 -0.884957 -1.323954
v -0.977783 -0.886967 -1.331454
v -0.977783 -1.012947 -1.316454
v -0.977783 -1.014957 -1.323954
v -0.977783 -1.012947 -1.331454
v -0.977783 -1.007457 -1.336945
v -0.977783 -1.007457 -1.310964
v -0.977783 -0.999957 -1.308954
v -0.977783 -0.899957 -1.308954
v -0.977783 -0.892457 -1.336945
v -0.977783 -0.899957 -1.338954
v -0.977783 -0.999957 -1.338954
v -0.977783 -0.512457 -1.310964
v -0.977783 -0.506966 -1.316454
v -0.977783 -0.504957 -1.323954
v -0.977783 -0.506966 -1.331454
v -0.977783 -0.632947 -1.316454
v -0.977783 -0.634957 -1.323954
v -0.977783 -0.632947 -1.331454
v -0.977783 -0.627457 -1.336945
v -0.977783 -0.627457 -1.310964
v -0.977783 -0.619957 -1.308954
v -0.977783 -0.519957 -1.308954
v -0.977783 -0.512457 -1.336945
v -0.977783 -0.519957 -1.338954
v -0.977783 -0.619957 -1.338954
v -0.977783 -0.314957 -1.323954
v -0.977783 -0.316966 -1.331454
v -0.977783 -0.442947 -1.316454
v -0.977783 -0.444957 -1.323954
v -0.977783 -0.442947 -1.331454
v -0.977783 -0.437457 -1.336945
v -0.977783 -0.316966 -1.316454
v -0.977783 -0.322457 -1.310964
v -0.977783 -0.437457 -1.310964
v -0.977783 -0.429957 -1.308954
v -0.977783 -0.329957 -1.308954
v -0.977783 -0.322457 -1.336945
v -0.977783 -0.329957 -1.338954
v -0.977783 -0.429957 -1.338954
v -0.977783 0.132543 -1.336945
v -0.977783 0.127053 -1.331454
v -0.977783 0.125043 -1.323954
v -0.977783 0.127053 -1.316454
v -0.977783 0.247543 -1.310964
v -0.977783 0.253034 -1.316454
v -0.977783 0.255043 -1.323954
v -0.977783 0.253034 -1.331454
v -0.977783 0.132543 -1.310964
v -0.977783 0.140043 -1.308954
v -0.977783 0.240043 -1.308954
v -0.977783 0.247543 -1.336945
v -0.977783 0.240043 -1.338954
v -0.977783 0.140043 -1.338954
v -0.977783 0.445043 -1.323954
v -0.977783 0.443034 -1.331454
v -0.977783 0.317053 -1.316454
v -0.977783 0.315043 -1.323954
v -0.977783 0.317053 -1.331454
v -0.977783 0.322543 -1.336945
v -0.977783 0.443034 -1.316454
v -0.977783 0.437543 -1.310964
v -0.977783 0.322543 -1.310964
v -0.977783 0.330043 -1.308954
v -0.977783 0.430043 -1.308954
v -0.977783 0.437543 -1.336945
v -0.977783 0.430043 -1.338954
v -0.977783 0.330043 -1.338954
v -0.977783 0.887053 -1.316454
v -0.977783 0.885043 -1.323954
v -0.977783 0.887053 -1.331454
v -0.977783 0.892543 -1.336945
v -0.977783 1.007543 -1.310964
v -0.977783 1.013034 -1.316454
v -0.977783 1.038543 -1.274954
v -0.977783 1.015043 -1.323954
v -0.977783 1.013034 -1.331454
v -0.977783 0.892543 -1.310964
v -0.977783 0.900043 -1.308954
v -0.977783 1.000043 -1.308954
v -0.977783 1.007543 -1.336945
v -0.977783 1.000043 -1.338954
v -0.977783 0.900043 -1.338954
v -0.977783 -1.122207 -1.234851
v -0.977783 -1.123854 -1.233204
v -0.977783 -1.124457 -1.230954
v -0.977783 -1.123854 -1.228704
v -0.977783 -1.122207 -1.227057
v -0.977783 -1.115457 -1.230954
v -0.977783 -1.116060 -1.228704
v -0.977783 -1.117707 -1.227057
v -0.977783 -1.119957 -1.226454
v -0.977783 -1.116060 -1.233204
v -0.977783 -1.117707 -1.234851
v -0.977783 -1.119957 -1.235454
v -0.977783 -0.886966 -1.233454
v -0.977783 -0.884957 -1.225954
v -0.977783 -0.868457 -1.106954
v -0.977783 -0.886967 -1.218454
v -0.977783 -1.007457 -1.238945
v -0.977783 -1.014957 -1.127954
v -0.977783 -1.012947 -1.120454
v -0.977783 -1.007457 -1.114964
v -0.977783 -0.999957 -1.112954
v -0.977783 -0.899957 -1.112954
v -0.977783 -0.892457 -1.114964
v -0.977783 -0.886967 -1.120454
v -0.977783 -1.012947 -1.135454
v -0.977783 -1.007457 -1.140945
v -0.977783 -1.012947 -1.218454
v -0.977783 -0.892457 -1.238945
v -0.977783 -0.899957 -1.240954
v -0.977783 -0.999957 -1.240954
v -0.977783 -1.007457 -1.212964
v -0.977783 -0.999957 -1.210954
v -0.977783 -0.999957 -1.142954
v -0.977783 -0.899957 -1.142954
v -0.977783 -0.884957 -1.127954
v -0.977783 -0.886967 -1.135454
v -0.977783 -0.892457 -1.140945
v -0.977783 -0.892457 -1.212964
v -0.977783 -0.899957 -1.210954
v -0.977783 -0.506966 -1.120454
v -0.977783 -0.504957 -1.127954
v -0.977783 -0.632947 -1.135454
v -0.977783 -0.634957 -1.127954
v -0.977783 -0.632947 -1.120454
v -0.977783 -0.627457 -1.114964
v -0.977783 -0.506966 -1.233454
v -0.977783 -0.504957 -1.225954
v -0.977783 -0.506966 -1.218454
v -0.977783 -0.619957 -1.112954
v -0.977783 -0.519957 -1.112954
v -0.977783 -0.512457 -1.114964
v -0.977783 -0.627457 -1.238945
v -0.977783 -0.632947 -1.233454
v -0.977783 -0.634957 -1.225954
v -0.977783 -0.632947 -1.218454
v -0.977783 -0.627457 -1.140945
v -0.977783 -0.512457 -1.238945
v -0.977783 -0.519957 -1.240954
v -0.977783 -0.619957 -1.240954
v -0.977783 -0.627457 -1.212964
v -0.977783 -0.619957 -1.210954
v -0.977783 -0.619957 -1.142954
v -0.977783 -0.519957 -1.142954
v -0.977783 -0.506966 -1.135454
v -0.977783 -0.512457 -1.140945
v -0.977783 -0.512457 -1.212964
v -0.977783 -0.519957 -1.210954
v -0.977783 -0.314957 -1.225954
v -0.977783 -0.316966 -1.233454
v -0.977783 -0.316966 -1.218454
v -0.977783 -0.322457 -1.212964
v -0.977783 -0.442947 -1.218454
v -0.977783 -0.444957 -1.225954
v -0.977783 -0.442947 -1.233454
v -0.977783 -0.437457 -1.238945
v -0.977783 -0.437457 -1.212964
v -0.977783 -0.429957 -1.210954
v -0.977783 -0.329957 -1.210954
v -0.977783 -0.322457 -1.238945
v -0.977783 -0.329957 -1.240954
v -0.977783 -0.429957 -1.240954
v -0.977783 0.132543 -1.238945
v -0.977783 0.127053 -1.233454
v -0.977783 0.125043 -1.225954
v -0.977783 0.127053 -1.218454
v -0.977783 0.132543 -1.212964
v -0.977783 0.253034 -1.233454
v -0.977783 0.255043 -1.225954
v -0.977783 0.285349 -1.106954
v -0.977783 0.253034 -1.218454
v -0.977783 0.140043 -1.210954
v -0.977783 0.240043 -1.210954
v -0.977783 0.247543 -1.212964
v -0.977783 0.247543 -1.238945
v -0.977783 0.240043 -1.240954
v -0.977783 0.140043 -1.240954
v -0.977783 0.445043 -1.225954
v -0.977783 0.443034 -1.233454
v -0.977783 0.443034 -1.218454
v -0.977783 0.322543 -1.238945
v -0.977783 0.317053 -1.233454
v -0.977783 0.315043 -1.225954
v -0.977783 0.317053 -1.218454
v -0.977783 0.322543 -1.212964
v -0.977783 0.330043 -1.210954
v -0.977783 0.430043 -1.210954
v -0.977783 0.437543 -1.212964
v -0.977783 0.437543 -1.238945
v -0.977783 0.430043 -1.240954
v -0.977783 0.330043 -1.240954
v -0.977783 1.000043 -1.112954
v -0.977783 1.007543 -1.114964
v -0.977783 1.038543 -1.106954
v -0.977783 1.007543 -1.140945
v -0.977783 1.015043 -1.225954
v -0.977783 1.013034 -1.233454
v -0.977783 0.892543 -1.238945
v -0.977783 0.887053 -1.135454
v -0.977783 0.885043 -1.127954
v -0.977783 1.013034 -1.120454
v -0.977783 1.015043 -1.127954
v -0.977783 1.013034 -1.135454
v -0.977783 0.892543 -1.140945
v -0.977783 0.887053 -1.218454
v -0.977783 0.887053 -1.120454
v -0.977783 0.892543 -1.114964
v -0.977783 0.900043 -1.112954
v -0.977783 1.007543 -1.238945
v -0.977783 1.000043 -1.240954
v -0.977783 0.900043 -1.240954
v -0.977783 0.892543 -1.212964
v -0.977783 0.900043 -1.210954
v -0.977783 0.900043 -1.142954
v -0.977783 1.000043 -1.142954
v -0.977783 1.000043 -1.210954
v -0.977783 1.007543 -1.212964
v -0.977783 1.013034 -1.218454
v -0.977783 1.120043 -1.226454
v -0.977783 1.122293 -1.227057
v -0.977783 1.120043 -1.235454
v -0.977783 1.117793 -1.234851
v -0.977783 1.116146 -1.228704
v -0.977783 1.100043 -1.106954
v -0.977783 1.115543 -1.230954
v -0.977783 1.116146 -1.233204
v -0.977783 1.117793 -1.227057
v -0.977783 1.123940 -1.228704
v -0.977783 1.124543 -1.230954
v -0.977783 1.123940 -1.233204
v -0.977783 1.122293 -1.234851
v -0.977783 -0.886967 -1.022454
v -0.977783 -0.884957 -1.029954
v -0.977783 -1.012947 -1.022454
v -0.977783 -1.007457 -1.016964
v -0.977783 -0.999957 -1.014954
v -0.977783 -0.899957 -1.014954
v -0.977783 -0.892457 -1.016964
v -0.977783 -0.886967 -1.037454
v -0.977783 -0.892457 -1.042945
v -0.977783 -0.899957 -1.044954
v -0.977783 -0.999957 -1.044954
v -0.977783 -1.007457 -1.042945
v -0.977783 -1.012947 -1.037454
v -0.977783 -1.014957 -1.029954
v -0.977783 -0.632947 -1.022454
v -0.977783 -0.627457 -1.016964
v -0.977783 -0.506966 -1.022454
v -0.977783 -0.504957 -1.029954
v -0.977783 -0.619957 -1.014954
v -0.977783 -0.519957 -1.014954
v -0.977783 -0.512457 -1.016964
v -0.977783 -0.506966 -1.037454
v -0.977783 -0.512457 -1.042945
v -0.977783 -0.519957 -1.044954
v -0.977783 -0.619957 -1.044954
v -0.977783 -0.627457 -1.042945
v -0.977783 -0.632947 -1.037454
v -0.977783 -0.634957 -1.029954
v -0.977783 1.000043 -1.014954
v -0.977783 1.007543 -1.016964
v -0.977783 1.038543 -1.012954
v -0.977783 1.013034 -1.022454
v -0.977783 1.015043 -1.029954
v -0.977783 1.013034 -1.037454
v -0.977783 1.007543 -1.042945
v -0.977783 1.000043 -1.044954
v -0.977783 0.900043 -1.044954
v -0.977783 0.887053 -1.022454
v -0.977783 0.892543 -1.016964
v -0.977783 0.900043 -1.014954
v -0.977783 0.892543 -1.042945
v -0.977783 0.887053 -1.037454
v -0.977783 0.885043 -1.029954
v -0.977783 -1.131957 -0.993204
v -0.977783 0.285349 -1.047954
v -0.977783 0.333377 -0.957897
v -0.977783 0.338932 -0.957897
v -0.977783 1.128293 -1.047954
v -0.977783 -1.122207 -0.977057
v -0.977783 -1.119957 -0.976454
v -0.977783 -1.131957 -0.957897
v -0.977783 -1.131957 -0.851478
v -0.977783 -1.116060 -0.983204
v -0.977783 -1.117707 -0.984851
v -0.977783 -1.119957 -0.985454
v -0.977783 -1.122207 -0.984851
v -0.977783 -1.123854 -0.983204
v -0.977783 -1.124457 -0.980954
v -0.977783 -1.123854 -0.978704
v -0.977783 -1.117707 -0.977057
v -0.977783 -1.116060 -0.978704
v -0.977783 -1.115457 -0.980954
v -0.977783 -0.709957 -0.946954
v -0.977783 0.620043 -0.946954
v -0.977783 1.117793 -0.977057
v -0.977783 1.120043 -0.976454
v -0.977783 1.122293 -0.977057
v -0.977783 1.117793 -0.984851
v -0.977783 1.120043 -0.985454
v -0.977783 1.122293 -0.984852
v -0.977783 1.116146 -0.978704
v -0.977783 1.115543 -0.980954
v -0.977783 1.116146 -0.983204
v -0.977783 1.123940 -0.978704
v -0.977783 1.124543 -0.980954
v -0.977783 1.123940 -0.983204
v -0.977783 -1.038457 -0.851478
v -0.977783 -1.014957 -0.931954
v -0.977783 -1.012947 -0.924454
v -0.977783 -0.892457 -0.918964
v -0.977783 -0.886967 -0.924454
v -0.977783 -0.868457 -0.851478
v -0.977783 -0.884957 -0.931954
v -0.977783 -0.868457 -0.957897
v -0.977783 -0.999957 -0.946954
v -0.977783 -1.007457 -0.944945
v -0.977783 -1.012947 -0.939454
v -0.977783 -1.007457 -0.918964
v -0.977783 -0.999957 -0.916954
v -0.977783 -0.899957 -0.916954
v -0.977783 -0.886967 -0.939454
v -0.977783 -0.892457 -0.944945
v -0.977783 -0.899957 -0.946954
v -0.977783 -0.512457 -0.918964
v -0.977783 -0.506966 -0.924454
v -0.977783 -0.404957 -0.860954
v -0.977783 -0.444957 -0.860954
v -0.977783 -0.454957 -0.900954
v -0.977783 -0.504957 -0.931954
v -0.977783 -0.619957 -0.946954
v -0.977783 -0.627457 -0.944945
v -0.977783 -0.632947 -0.924454
v -0.977783 -0.634957 -0.931954
v -0.977783 -0.632947 -0.939454
v -0.977783 -0.506966 -0.939454
v -0.977783 -0.512457 -0.944945
v -0.977783 -0.519957 -0.946954
v -0.977783 -0.627457 -0.918964
v -0.977783 -0.619957 -0.916954
v -0.977783 -0.519957 -0.916954
v -0.977783 1.007543 -0.944945
v -0.977783 1.013034 -0.939454
v -0.977783 1.015043 -0.931954
v -0.977783 0.900043 -0.946954
v -0.977783 0.892543 -0.944945
v -0.977783 1.013034 -0.924454
v -0.977783 1.038543 -0.851478
v -0.977783 1.007543 -0.918964
v -0.977783 1.000043 -0.946954
v -0.977783 0.887053 -0.924454
v -0.977783 0.885043 -0.931954
v -0.977783 0.887053 -0.939454
v -0.977783 0.892543 -0.918964
v -0.977783 0.900043 -0.916954
v -0.977783 1.000043 -0.916954
v -0.977783 -1.123854 -0.728704
v -0.977783 -1.124457 -0.730954
v -0.977783 -1.123854 -0.733204
v -0.977783 -1.122207 -0.734851
v -0.977783 -1.122207 -0.727057
v -0.977783 -1.119957 -0.726454
v -0.977783 -1.117707 -0.727057
v -0.977783 -1.116060 -0.728704
v -0.977783 -1.115457 -0.730954
v -0.977783 -1.116060 -0.733204
v -0.977783 -1.117707 -0.734851
v -0.977783 -1.119957 -0.735454
v -0.977783 -1.012947 -0.645454
v -0.977783 -1.014957 -0.637954
v -0.977783 -1.012947 -0.728454
v -0.977783 -0.999957 -0.652954
v -0.977783 -1.007457 -0.650945
v -0.977783 -1.012947 -0.630454
v -0.977783 -1.014957 -0.735954
v -0.977783 -1.012947 -0.841454
v -0.977783 -1.014957 -0.833954
v -0.977783 -1.012947 -0.826454
v -0.977783 -0.999957 -0.750954
v -0.977783 -1.007457 -0.748945
v -0.977783 -1.012947 -0.743454
v -0.977783 -0.892457 -0.624964
v -0.977783 -0.886967 -0.630454
v -0.977783 -0.868457 -0.588954
v -0.977783 -0.884957 -0.637954
v -0.977783 -0.886967 -0.728454
v -0.977783 -0.886967 -0.841454
v -0.977783 -0.892457 -0.846945
v -0.977783 -1.007457 -0.624964
v -0.977783 -0.999957 -0.622954
v -0.977783 -0.899957 -0.622954
v -0.977783 -0.884957 -0.735954
v -0.977783 -0.886967 -0.826454
v -0.977783 -0.884957 -0.833954
v -0.977783 -1.007457 -0.722964
v -0.977783 -0.999957 -0.720954
v -0.977783 -0.899957 -0.652954
v -0.977783 -0.899957 -0.848954
v -0.977783 -0.999957 -0.848954
v -0.977783 -1.007457 -0.846945
v -0.977783 -0.886967 -0.645454
v -0.977783 -0.892457 -0.650945
v -0.977783 -0.892457 -0.722964
v -0.977783 -0.899957 -0.720954
v -0.977783 -1.007457 -0.820964
v -0.977783 -0.999957 -0.818954
v -0.977783 -0.899957 -0.750954
v -0.977783 -0.886967 -0.743454
v -0.977783 -0.892457 -0.748945
v -0.977783 -0.892457 -0.820964
v -0.977783 -0.899957 -0.818954
v -0.977783 -0.634957 -0.637954
v -0.977783 -0.632947 -0.630454
v -0.977783 -0.512457 -0.624964
v -0.977783 -0.506966 -0.630454
v -0.977783 -0.499957 -0.588954
v -0.977783 -0.504957 -0.637954
v -0.977783 -0.506966 -0.728454
v -0.977783 -0.504957 -0.833954
v -0.977783 -0.506966 -0.841454
v -0.977783 -0.512457 -0.846945
v -0.977783 -0.632947 -0.645454
v -0.977783 -0.504957 -0.735954
v -0.977783 -0.506966 -0.826454
v -0.977783 -0.627457 -0.624964
v -0.977783 -0.619957 -0.622954
v -0.977783 -0.519957 -0.622954
v -0.977783 -0.634957 -0.735954
v -0.977783 -0.632947 -0.728454
v -0.977783 -0.627457 -0.650945
v -0.977783 -0.632947 -0.841454
v -0.977783 -0.634957 -0.833954
v -0.977783 -0.519957 -0.848954
v -0.977783 -0.619957 -0.848954
v -0.977783 -0.627457 -0.846945
v -0.977783 -0.632947 -0.826454
v -0.977783 -0.619957 -0.750954
v -0.977783 -0.627457 -0.748945
v -0.977783 -0.632947 -0.743454
v -0.977783 -0.627457 -0.820964
v -0.977783 -0.619957 -0.818954
v -0.977783 -0.519957 -0.750954
v -0.977783 -0.506966 -0.743454
v -0.977783 -0.512457 -0.748945
v -0.977783 -0.512457 -0.820964
v -0.977783 -0.519957 -0.818954
v -0.977783 -0.627457 -0.722964
v -0.977783 -0.619957 -0.720954
v -0.977783 -0.619957 -0.652954
v -0.977783 -0.519957 -0.652954
v -0.977783 -0.506966 -0.645454
v -0.977783 -0.512457 -0.650945
v -0.977783 -0.512457 -0.722964
v -0.977783 -0.519957 -0.720954
v -0.977783 -0.444957 -0.637954
v -0.977783 -0.442947 -0.630454
v -0.977783 -0.322457 -0.624964
v -0.977783 -0.316966 -0.630454
v -0.977783 -0.314957 -0.637954
v -0.977783 -0.314957 -0.735954
v -0.977783 -0.316966 -0.743454
v -0.977783 -0.322457 -0.748945
v -0.977783 -0.316966 -0.645454
v -0.977783 -0.322457 -0.650945
v -0.977783 -0.442947 -0.645454
v -0.977783 -0.437457 -0.624964
v -0.977783 -0.429957 -0.622954
v -0.977783 -0.329957 -0.622954
v -0.977783 -0.442947 -0.728454
v -0.977783 -0.437457 -0.650945
v -0.977783 -0.329957 -0.750954
v -0.977783 -0.429957 -0.750954
v -0.977783 -0.437457 -0.748945
v -0.977783 -0.437457 -0.722964
v -0.977783 -0.429957 -0.720954
v -0.977783 -0.429957 -0.652954
v -0.977783 -0.329957 -0.652954
v -0.977783 -0.329957 -0.720954
v -0.977783 -0.322457 -0.722964
v -0.977783 -0.316966 -0.728454
v -0.977783 0.125043 -0.637954
v -0.977783 0.127053 -0.630454
v -0.977783 0.285349 -0.588954
v -0.977783 0.247543 -0.624964
v -0.977783 0.253034 -0.630454
v -0.977783 0.255043 -0.735954
v -0.977783 0.253034 -0.743454
v -0.977783 0.247543 -0.722964
v -0.977783 0.253034 -0.728454
v -0.977783 0.125043 -0.735954
v -0.977783 0.127053 -0.743454
v -0.977783 0.132543 -0.748945
v -0.977783 0.132543 -0.624964
v -0.977783 0.140043 -0.622954
v -0.977783 0.240043 -0.622954
v -0.977783 0.127053 -0.645454
v -0.977783 0.132543 -0.650945
v -0.977783 0.127053 -0.728454
v -0.977783 0.247543 -0.748945
v -0.977783 0.240043 -0.750954
v -0.977783 0.140043 -0.750954
v -0.977783 0.132543 -0.722964
v -0.977783 0.140043 -0.720954
v -0.977783 0.140043 -0.652954
v -0.977783 0.255043 -0.637954
v -0.977783 0.253034 -0.645454
v -0.977783 0.247543 -0.650945
v -0.977783 0.240043 -0.652954
v -0.977783 0.240043 -0.720954
v -0.977783 0.445043 -0.735954
v -0.977783 0.443034 -0.743454
v -0.977783 0.315043 -0.637954
v -0.977783 0.317053 -0.630454
v -0.977783 0.437543 -0.624964
v -0.977783 0.443034 -0.630454
v -0.977783 0.445043 -0.637954
v -0.977783 0.443034 -0.645454
v -0.977783 0.437543 -0.650945
v -0.977783 0.317053 -0.645454
v -0.977783 0.322543 -0.748945
v -0.977783 0.317053 -0.743454
v -0.977783 0.315043 -0.735954
v -0.977783 0.317053 -0.728454
v -0.977783 0.322543 -0.650945
v -0.977783 0.322543 -0.624964
v -0.977783 0.330043 -0.622954
v -0.977783 0.430043 -0.622954
v -0.977783 0.437543 -0.748945
v -0.977783 0.430043 -0.750954
v -0.977783 0.330043 -0.750954
v -0.977783 0.322543 -0.722964
v -0.977783 0.330043 -0.720954
v -0.977783 0.330043 -0.652954
v -0.977783 0.430043 -0.652954
v -0.977783 0.430043 -0.720954
v -0.977783 0.437543 -0.722964
v -0.977783 0.443034 -0.728454
v -0.977783 1.007543 -0.650945
v -0.977783 1.015043 -0.735954
v -0.977783 1.013034 -0.743454
v -0.977783 1.007543 -0.748945
v -0.977783 1.007543 -0.624964
v -0.977783 1.013034 -0.630454
v -0.977783 1.038543 -0.588954
v -0.977783 1.015043 -0.637954
v -0.977783 1.013034 -0.645454
v -0.977783 0.892543 -0.650945
v -0.977783 0.887053 -0.645454
v -0.977783 0.887053 -0.728454
v -0.977783 0.887053 -0.630454
v -0.977783 0.892543 -0.624964
v -0.977783 0.900043 -0.622954
v -0.977783 1.000043 -0.622954
v -0.977783 0.892543 -0.846945
v -0.977783 0.887053 -0.841454
v -0.977783 0.885043 -0.833954
v -0.977783 0.885043 -0.637954
v -0.977783 0.885043 -0.735954
v -0.977783 1.013034 -0.841454
v -0.977783 1.007543 -0.846945
v -0.977783 1.000043 -0.848954
v -0.977783 0.900043 -0.848954
v -0.977783 0.887053 -0.826454
v -0.977783 0.900043 -0.750954
v -0.977783 0.892543 -0.748945
v -0.977783 0.887053 -0.743454
v -0.977783 0.892543 -0.820964
v -0.977783 0.900043 -0.818954
v -0.977783 1.000043 -0.750954
v -0.977783 1.000043 -0.818954
v -0.977783 1.007543 -0.820964
v -0.977783 1.013034 -0.826454
v -0.977783 1.015043 -0.833954
v -0.977783 0.892543 -0.722964
v -0.977783 0.900043 -0.720954
v -0.977783 0.900043 -0.652954
v -0.977783 1.000043 -0.652954
v -0.977783 1.000043 -0.720954
v -0.977783 1.007543 -0.722964
v -0.977783 1.013034 -0.728454
v -0.977783 1.120043 -0.726454
v -0.977783 1.122293 -0.727057
v -0.977783 1.128293 -0.588954
v -0.977783 1.120043 -0.735454
v -0.977783 1.117793 -0.734851
v -0.977783 1.116146 -0.728704
v -0.977783 1.115543 -0.730954
v -0.977783 1.116146 -0.733204
v -0.977783 1.117793 -0.727057
v -0.977783 1.123940 -0.728704
v -0.977783 1.124543 -0.730954
v -0.977783 1.123940 -0.733204
v -0.977783 1.122293 -0.734851
v -0.977783 -1.119957 -0.476454
v -0.977783 -1.117707 -0.477057
v -0.977783 -1.116060 -0.478704
v -0.977783 -1.115457 -0.480954
v -0.977783 -1.116060 -0.483204
v -0.977783 -1.117707 -0.484851
v -0.977783 -1.119957 -0.485454
v -0.977783 -1.122207 -0.484851
v -0.977783 -1.123854 -0.483204
v -0.977783 -1.124457 -0.480954
v -0.977783 -1.131957 -0.466704
v -0.977783 -1.123854 -0.478704
v -0.977783 -1.122207 -0.477057
v -0.977783 -0.892457 -0.526964
v -0.977783 -0.886967 -0.532454
v -0.977783 -0.868457 -0.466704
v -0.977783 -0.884957 -0.539954
v -0.977783 -0.886967 -0.547454
v -0.977783 -1.012947 -0.532454
v -0.977783 -1.014957 -0.539954
v -0.977783 -1.012947 -0.547454
v -0.977783 -1.007457 -0.552945
v -0.977783 -1.007457 -0.526964
v -0.977783 -0.999957 -0.524954
v -0.977783 -0.899957 -0.524954
v -0.977783 -0.892457 -0.552945
v -0.977783 -0.899957 -0.554954
v -0.977783 -0.999957 -0.554954
v -0.977783 -0.512457 -0.526964
v -0.977783 -0.506966 -0.532454
v -0.977783 -0.504957 -0.539954
v -0.977783 -0.506966 -0.547454
v -0.977783 -0.632947 -0.532454
v -0.977783 -0.634957 -0.539954
v -0.977783 -0.632947 -0.547454
v -0.977783 -0.627457 -0.552945
v -0.977783 -0.627457 -0.526964
v -0.977783 -0.619957 -0.524954
v -0.977783 -0.519957 -0.524954
v -0.977783 -0.512457 -0.552945
v -0.977783 -0.519957 -0.554954
v -0.977783 -0.619957 -0.554954
v -0.977783 -0.314957 -0.539954
v -0.977783 -0.316966 -0.547454
v -0.977783 -0.442947 -0.532454
v -0.977783 -0.444957 -0.539954
v -0.977783 -0.442947 -0.547454
v -0.977783 -0.437457 -0.552945
v -0.977783 -0.316966 -0.532454
v -0.977783 -0.322457 -0.526964
v -0.977783 -0.437457 -0.526964
v -0.977783 -0.429957 -0.524954
v -0.977783 -0.329957 -0.524954
v -0.977783 -0.322457 -0.552945
v -0.977783 -0.329957 -0.554954
v -0.977783 -0.429957 -0.554954
v -0.977783 0.132543 -0.552945
v -0.977783 0.127053 -0.547454
v -0.977783 0.125043 -0.539954
v -0.977783 0.127053 -0.532454
v -0.977783 0.247543 -0.526964
v -0.977783 0.253034 -0.532454
v -0.977783 0.255043 -0.539954
v -0.977783 0.253034 -0.547454
v -0.977783 0.132543 -0.526964
v -0.977783 0.140043 -0.524954
v -0.977783 0.240043 -0.524954
v -0.977783 0.247543 -0.552945
v -0.977783 0.240043 -0.554954
v -0.977783 0.140043 -0.554954
v -0.977783 0.445043 -0.539954
v -0.977783 0.443034 -0.547454
v -0.977783 0.317053 -0.532454
v -0.977783 0.315043 -0.539954
v -0.977783 0.317053 -0.547454
v -0.977783 0.322543 -0.552945
v -0.977783 0.443034 -0.532454
v -0.977783 0.437543 -0.526964
v -0.977783 0.322543 -0.526964
v -0.977783 0.330043 -0.524954
v -0.977783 0.430043 -0.524954
v -0.977783 0.437543 -0.552945
v -0.977783 0.430043 -0.554954
v -0.977783 0.330043 -0.554954
v -0.977783 0.887053 -0.532454
v -0.977783 0.885043 -0.539954
v -0.977783 0.887053 -0.547454
v -0.977783 0.892543 -0.552945
v -0.977783 1.007543 -0.526964
v -0.977783 1.013034 -0.532454
v -0.977783 1.038543 -0.466704
v -0.977783 1.015043 -0.539954
v -0.977783 1.013034 -0.547454
v -0.977783 0.892543 -0.526964
v -0.977783 0.900043 -0.524954
v -0.977783 1.000043 -0.524954
v -0.977783 1.007543 -0.552945
v -0.977783 1.000043 -0.554954
v -0.977783 0.900043 -0.554954
v -0.977783 1.123940 -0.483204
v -0.977783 1.122293 -0.484851
v -0.977783 1.124543 -0.480954
v -0.977783 1.128293 -0.466704
v -0.977783 1.123940 -0.478704
v -0.977783 1.117793 -0.477057
v -0.977783 1.120043 -0.476454
v -0.977783 1.122293 -0.477057
v -0.977783 1.120043 -0.485454
v -0.977783 1.117793 -0.484851
v -0.977783 1.116146 -0.483204
v -0.977783 1.100043 -0.466704
v -0.977783 1.115543 -0.480954
v -0.977783 1.116146 -0.478704
v -0.977783 -0.886967 -0.449454
v -0.977783 -0.892457 -0.454945
v -0.977783 -1.014581 -0.438616
v -0.977783 -1.011684 -0.432602
v -0.977783 -0.899957 -0.426954
v -0.977783 -0.999957 -0.426954
v -0.977783 -1.006465 -0.428440
v -0.977783 -0.892457 -0.428964
v -0.977783 -0.886967 -0.434454
v -0.977783 -0.884957 -0.441954
v -0.977783 -0.899957 -0.456954
v -0.977783 -0.999957 -0.456954
v -0.977783 -1.006465 -0.455469
v -0.977783 -0.848207 -1.568954
v -0.977783 -0.848207 -1.012954
v -0.977783 -0.632947 -0.434454
v -0.977783 -0.504957 -0.441954
v -0.977783 -0.506966 -0.449454
v -0.977783 -0.512457 -0.454945
v -0.977783 -0.512457 -0.428964
v -0.977783 -0.506966 -0.434454
v -0.977783 -0.499957 -0.412954
v -0.977783 -0.627457 -0.428964
v -0.977783 -0.619957 -0.426954
v -0.977783 -0.519957 -0.426954
v -0.977783 -0.519957 -0.456954
v -0.977783 -0.619957 -0.456954
v -0.977783 -0.627457 -0.454945
v -0.977783 -0.316966 -0.449454
v -0.977783 -0.322457 -0.454945
v -0.977783 -0.322457 -0.428964
v -0.977783 -0.316966 -0.434454
v -0.977783 -0.442947 -0.434454
v -0.977783 -0.314957 -0.441954
v -0.977783 -0.329957 -0.456954
v -0.977783 -0.429957 -0.456954
v -0.977783 -0.437457 -0.454945
v -0.977783 -0.437457 -0.428964
v -0.977783 -0.429957 -0.426954
v -0.977783 -0.329957 -0.426954
v -0.977783 0.253034 -0.449454
v -0.977783 0.247543 -0.454945
v -0.977783 0.247543 -0.428964
v -0.977783 0.253034 -0.434454
v -0.977783 0.127053 -0.434454
v -0.977783 0.255043 -0.441954
v -0.977783 0.240043 -0.456954
v -0.977783 0.140043 -0.456954
v -0.977783 0.132543 -0.454945
v -0.977783 0.132543 -0.428964
v -0.977783 0.140043 -0.426954
v -0.977783 0.240043 -0.426954
v -0.977783 0.322543 -0.454945
v -0.977783 0.317053 -0.449454
v -0.977783 0.315043 -0.441954
v -0.977783 0.317053 -0.434454
v -0.977783 0.322543 -0.428964
v -0.977783 0.445043 -0.441954
v -0.977783 0.443034 -0.449454
v -0.977783 0.443034 -0.434454
v -0.977783 0.437543 -0.454945
v -0.977783 0.430043 -0.456954
v -0.977783 0.330043 -0.456954
v -0.977783 0.330043 -0.426954
v -0.977783 0.430043 -0.426954
v -0.977783 0.437543 -0.428964
v -0.977783 1.015043 -0.441954
v -0.977783 1.013034 -0.449454
v -0.977783 1.013034 -0.434454
v -0.977783 1.007543 -0.428964
v -0.977783 0.887053 -0.434454
v -0.977783 0.885043 -0.441954
v -0.977783 0.887053 -0.449454
v -0.977783 0.892543 -0.454945
v -0.977783 1.007543 -0.454945
v -0.977783 1.000043 -0.456954
v -0.977783 0.900043 -0.456954
v -0.977783 0.892543 -0.428964
v -0.977783 0.900043 -0.426954
v -0.977783 1.000043 -0.426954
v -0.977783 -0.634957 -0.343954
v -0.977783 -0.632947 -0.336454
v -0.977783 -0.506966 -0.351454
v -0.977783 -0.504957 -0.343954
v -0.977783 -0.506966 -0.336454
v -0.977783 -0.512457 -0.330964
v -0.977783 -0.632947 -0.351454
v -0.977783 -0.627457 -0.356945
v -0.977783 -0.627457 -0.330964
v -0.977783 -0.619957 -0.328954
v -0.977783 -0.519957 -0.328954
v -0.977783 -0.512457 -0.356945
v -0.977783 -0.519957 -0.358954
v -0.977783 -0.619957 -0.358954
v -0.977783 -0.329957 -0.328954
v -0.977783 -0.322457 -0.330964
v -0.977783 -0.441684 -0.334602
v -0.977783 -0.436465 -0.330440
v -0.977783 -0.429957 -0.328954
v -0.977783 -0.436465 -0.357469
v -0.977783 -0.441684 -0.353307
v -0.977783 -0.444581 -0.347292
v -0.977783 -0.444581 -0.340616
v -0.977783 -0.316966 -0.351454
v -0.977783 -0.314957 -0.343954
v -0.977783 -0.316966 -0.336454
v -0.977783 -0.322457 -0.356945
v -0.977783 -0.329957 -0.358954
v -0.977783 -0.429957 -0.358954
v -0.977783 0.125043 -0.343954
v -0.977783 0.127053 -0.336454
v -0.977783 0.127053 -0.351454
v -0.977783 0.132543 -0.356945
v -0.977783 0.253034 -0.351454
v -0.977783 0.255043 -0.343954
v -0.977783 0.285349 -0.298954
v -0.977783 0.253034 -0.336454
v -0.977783 0.247543 -0.330964
v -0.977783 0.247543 -0.356945
v -0.977783 0.240043 -0.358954
v -0.977783 0.140043 -0.358954
v -0.977783 0.132543 -0.330964
v -0.977783 0.140043 -0.328954
v -0.977783 0.240043 -0.328954
v -0.977783 0.315043 -0.343954
v -0.977783 0.317053 -0.336454
v -0.977783 0.317053 -0.351454
v -0.977783 0.322543 -0.356945
v -0.977783 0.443034 -0.351454
v -0.977783 0.445043 -0.343954
v -0.977783 0.443034 -0.336454
v -0.977783 0.437543 -0.330964
v -0.977783 0.437543 -0.356945
v -0.977783 0.430043 -0.358954
v -0.977783 0.330043 -0.358954
v -0.977783 0.322543 -0.330964
v -0.977783 0.330043 -0.328954
v -0.977783 0.430043 -0.328954
v -0.977783 1.132043 -1.568954
v -0.977783 1.132043 -1.495204
v -0.977783 1.132043 -0.957897
v -0.977783 1.128293 -0.412954
v -0.977783 1.132043 -0.412954
v -0.977782 1.132043 -0.224954
v -0.977782 -0.836060 -0.228704
v -0.977782 -0.835457 -0.230954
v -0.977782 -0.830207 -0.222704
v -0.977782 -0.842207 -0.227057
v -0.977782 -0.839957 -0.226454
v -0.977782 -0.836060 -0.233204
v -0.977782 -0.837707 -0.234851
v -0.977782 -0.839957 -0.235454
v -0.977782 -0.842207 -0.234851
v -0.977782 -0.837707 -0.227057
v -0.977782 -0.843854 -0.233204
v -0.977782 -0.844457 -0.230954
v -0.977782 -0.843854 -0.228704
v -0.977782 -0.564457 -0.230954
v -0.977782 -0.563854 -0.228704
v -0.977782 -0.556060 -0.233204
v -0.977782 -0.555457 -0.230954
v -0.977782 -0.556060 -0.228704
v -0.977782 -0.557707 -0.234851
v -0.977782 -0.559957 -0.235454
v -0.977782 -0.562207 -0.234851
v -0.977782 -0.563854 -0.233204
v -0.977782 -0.562207 -0.227057
v -0.977782 -0.559957 -0.226454
v -0.977782 -0.557707 -0.227057
v -0.977782 -0.277707 -0.234852
v -0.977782 -0.279957 -0.235454
v -0.977782 -0.282207 -0.234852
v -0.977782 -0.283854 -0.233204
v -0.977782 -0.284457 -0.230954
v -0.977782 -0.283854 -0.228704
v -0.977782 -0.282207 -0.227057
v -0.977782 -0.279957 -0.226454
v -0.977782 -0.265207 -0.222704
v -0.977782 -0.277707 -0.227057
v -0.977782 -0.276060 -0.228704
v -0.977782 -0.275457 -0.230954
v -0.977782 -0.276060 -0.233204
v -0.977782 0.000043 -0.235454
v -0.977782 -0.002207 -0.234851
v -0.977782 0.002293 -0.234851
v -0.977782 -0.003854 -0.233204
v -0.977782 -0.004457 -0.230954
v -0.977782 -0.003854 -0.228704
v -0.977782 -0.002207 -0.227057
v -0.977782 0.000043 -0.226454
v -0.977782 0.002293 -0.227057
v -0.977782 0.003940 -0.228704
v -0.977782 0.004543 -0.230954
v -0.977782 0.003940 -0.233204
v -0.977782 0.280043 -0.226454
v -0.977782 0.277793 -0.227057
v -0.977782 0.276146 -0.228704
v -0.977782 0.275543 -0.230954
v -0.977782 0.276146 -0.233204
v -0.977782 0.277793 -0.234851
v -0.977782 0.280043 -0.235454
v -0.977782 0.282293 -0.227057
v -0.977782 0.283940 -0.228704
v -0.977782 0.284543 -0.230954
v -0.977782 0.283940 -0.233204
v -0.977782 0.282293 -0.234851
v -0.977782 0.563941 -0.228704
v -0.977782 0.564543 -0.230954
v -0.977782 0.555543 -0.230954
v -0.977782 0.556146 -0.228704
v -0.977782 0.563940 -0.233204
v -0.977782 0.562293 -0.234851
v -0.977782 0.560043 -0.235454
v -0.977782 0.557793 -0.234851
v -0.977782 0.556146 -0.233204
v -0.977782 0.557793 -0.227057
v -0.977782 0.560043 -0.226454
v -0.977782 0.562293 -0.227057
v -0.977782 1.126043 -0.218954
v -0.977782 1.038543 -0.218954
v -0.977782 0.086849 -0.218954
v -0.977782 -0.499957 -0.218954
v -0.979783 1.124543 -0.980954
v -0.979783 -1.115457 -0.980954
v -0.979783 -1.014581 -0.438616
v -0.979783 -1.014581 -0.445292
v -0.979783 -0.627457 -0.428964
v -0.979783 -0.627457 -0.428964
v -0.977783 -0.627457 -0.428964
v -0.977783 -0.627457 -0.428964
v -0.979783 -0.899957 -0.426954
v -0.979783 -0.999957 -0.426954
v -0.979783 -0.506966 -0.434454
v -0.979783 -0.506966 -0.434454
v -0.977783 -0.506966 -0.434454
v -0.977783 -0.506966 -0.434454
v -0.979783 0.315043 -0.343954
v -0.979783 0.317053 -0.351454
v -0.979783 0.317053 -0.351454
v -0.979783 -0.632947 -0.434454
v -0.979783 -0.632947 -0.449454
v -0.979783 -0.627457 -0.454945
v -0.979783 -0.512457 -0.428964
v -0.979783 -1.006465 -0.455469
v -0.979783 -0.999957 -0.456954
v -0.979783 0.317053 -0.449454
v -0.979783 0.317053 -0.449454
v -0.977783 0.317053 -0.449454
v -0.977783 0.317053 -0.449454
v -0.979783 -0.444957 -0.441954
v -0.979783 -0.444957 -0.441954
v -0.979783 -0.442947 -0.449454
v -0.979783 -0.442947 -0.449454
v -0.979783 0.255043 -0.441954
v -0.979783 0.255043 -0.441954
v -0.977783 0.255043 -0.441954
v -0.977783 0.255043 -0.441954
v -0.979783 0.512543 -1.408964
v -0.979783 0.512543 -1.408964
v -0.977783 0.512543 -1.408964
v -0.977783 0.512543 -1.408964
v -0.979783 0.322543 -0.454945
v -0.979783 0.315043 -0.441954
v -0.979783 -0.437457 -0.428964
v -0.979783 -0.437457 -0.428964
v -0.977783 -0.437457 -0.428964
v -0.977783 -0.437457 -0.428964
v -0.979783 0.140043 -0.426954
v -0.979783 0.132543 -0.428964
v -0.979783 0.132543 -0.428964
v -0.977783 -0.444957 -0.441954
v -0.977783 -0.444957 -0.441954
v -0.979783 -0.316966 -0.449454
v -0.979783 -0.316966 -0.449454
v -0.977783 -0.316966 -0.449454
v -0.977783 -0.316966 -0.449454
v -0.979783 -0.519957 -0.358954
v -0.979783 -0.512457 -0.356945
v -0.979783 -0.512457 -0.356945
v -0.979783 -0.504957 -0.343954
v -0.979783 -0.504957 -0.343954
v -0.979783 -0.506966 -0.351454
v -0.979783 -0.506966 -0.351454
v -0.979783 -0.316966 -0.351454
v -0.979783 -0.316966 -0.351454
v -0.977783 -0.316966 -0.351454
v -0.977783 -0.316966 -0.351454
v -0.979782 0.557793 -0.234851
v -0.979782 0.560043 -0.235454
v -0.979783 -0.429957 -0.358954
v -0.979783 -0.329957 -0.358954
v -0.979783 -0.322457 -0.356945
v -0.977783 -0.504957 -0.343954
v -0.977783 -0.504957 -0.343954
v -0.979783 -0.632947 -0.351454
v -0.979783 -0.627457 -0.356945
v -0.979783 -0.627457 -0.356945
v -0.979783 -0.619957 -0.328954
v -0.979783 -0.627457 -0.330964
v -0.979783 -0.627457 -0.330964
v -0.979782 0.562293 -0.227057
v -0.979782 0.562293 -0.227057
v -0.977782 0.562293 -0.227057
v -0.977782 0.562293 -0.227057
v -0.979783 0.247543 -0.330964
v -0.979783 0.240043 -0.328954
v -0.979783 0.443034 -0.336454
v -0.979783 0.443034 -0.336454
v -0.977783 0.443034 -0.336454
v -0.977783 0.443034 -0.336454
v -0.979783 0.247543 -0.356945
v -0.979783 0.247543 -0.356945
v -0.979783 0.253034 -0.351454
v -0.979783 0.437543 -0.356945
v -0.979783 0.437543 -0.356945
v -0.977783 0.437543 -0.356945
v -0.977783 0.437543 -0.356945
v -0.979783 -0.429957 -0.328954
v -0.979783 -0.436465 -0.330440
v -0.979783 0.437543 -0.330964
v -0.979783 0.445043 -0.343954
v -0.977783 0.247543 -0.356945
v -0.977783 0.247543 -0.356945
v -0.979783 0.443034 -0.351454
v -0.979783 0.443034 -0.351454
v -0.979783 0.430043 -0.358954
v -0.979783 0.127053 -0.336454
v -0.979783 0.125043 -0.343954
v -0.979783 0.125043 -0.343954
v -0.979782 -0.564457 -0.230954
v -0.979782 -0.563854 -0.233204
v -0.979782 -0.277707 -0.234852
v -0.979782 -0.277707 -0.234852
v -0.977782 -0.277707 -0.234852
v -0.977782 -0.277707 -0.234852
v -0.979782 -0.557707 -0.227057
v -0.979782 -0.557707 -0.227057
v -0.979782 -0.559957 -0.226454
v -0.979782 -0.842207 -0.234851
v -0.979782 -0.842207 -0.234851
v -0.979782 -0.839957 -0.235454
v -0.979782 -0.843854 -0.233204
v -0.979782 -0.279957 -0.226454
v -0.979782 -0.277707 -0.227057
v -0.979782 -0.277707 -0.227057
v -0.977782 -0.557707 -0.227057
v -0.977782 -0.557707 -0.227057
v -0.979782 -0.276060 -0.233204
v -0.979782 -0.275457 -0.230954
v -0.979782 -0.275457 -0.230954
v -0.979783 0.620043 -0.426954
v -0.979783 0.627543 -0.428964
v -0.979783 0.627543 -0.428964
v -0.977782 -0.842207 -0.234851
v -0.977782 -0.842207 -0.234851
v -0.979782 0.000043 -0.235454
v -0.979782 0.002293 -0.234851
v -0.979782 0.002293 -0.234851
v -0.979782 -0.003854 -0.228704
v -0.979782 -0.004457 -0.230954
v -0.979782 -0.004457 -0.230954
v -0.979782 0.275543 -0.230954
v -0.979782 0.275543 -0.230954
v -0.977782 0.275543 -0.230954
v -0.977782 0.275543 -0.230954
v -0.979782 0.003940 -0.233204
v -0.979782 0.004543 -0.230954
v -0.979782 0.004543 -0.230954
v -0.979782 0.003940 -0.228704
v -0.979782 0.002293 -0.227057
v -0.979782 0.002293 -0.227057
v -0.979782 0.564543 -0.230954
v -0.979782 0.563941 -0.228704
v -0.979782 0.563941 -0.228704
v -0.979782 0.276146 -0.233204
v -0.979782 0.283940 -0.233204
v -0.979782 0.284543 -0.230954
v -0.979782 0.284543 -0.230954
v -0.979783 0.852043 -0.288954
v -0.979783 0.853566 -0.281301
v -0.979782 0.835543 -0.230954
v -0.979782 0.836146 -0.233204
v -0.979782 0.836146 -0.233204
v -0.979782 0.840043 -0.226454
v -0.979782 0.837793 -0.227057
v -0.979782 0.837793 -0.227057
v -0.979782 0.844543 -0.230954
v -0.979782 0.844543 -0.230954
v -0.979782 0.843940 -0.228704
v -0.977782 0.844543 -0.230954
v -0.977782 0.844543 -0.230954
v -0.979783 0.864390 -0.270477
v -0.979783 0.857901 -0.274812
v -0.979782 1.082293 -0.227057
v -0.979782 1.082293 -0.227057
v -0.979782 1.080043 -0.226454
v -0.979782 -0.836060 -0.228704
v -0.979782 -0.837707 -0.227057
v -0.979782 -0.837707 -0.227057
v -0.977782 1.082293 -0.227057
v -0.977782 1.082293 -0.227057
v -0.979783 0.520043 -0.426954
v -0.979783 0.512543 -0.428964
v -0.979783 0.512543 -0.428964
v -0.979783 -0.506966 -0.743454
v -0.979783 -0.506966 -0.743454
v -0.979783 -0.512457 -0.748945
v -0.979783 -0.512457 -0.650945
v -0.979783 -0.506966 -0.645454
v -0.979783 -0.506966 -0.645454
v -0.977783 0.620043 -1.044954
v -0.977783 0.627543 -1.042945
v -0.977783 0.627543 -1.042945
v -0.979783 -0.899957 -0.720954
v -0.979783 -0.892457 -0.722964
v -0.979783 -0.892457 -0.722964
v -0.977783 -0.506966 -0.743454
v -0.977783 -0.506966 -0.743454
v -0.979783 -0.619957 -0.848954
v -0.979783 -0.519957 -0.848954
v -0.979783 -0.632947 -0.826454
v -0.979783 -0.634957 -0.833954
v -0.979783 -0.634957 -0.833954
v -0.979783 -0.627457 -0.820964
v -0.979783 -0.627457 -0.820964
v -0.979783 -0.519957 -0.750954
v -0.979783 -0.619957 -0.750954
v -0.979783 -0.512457 -0.846945
v -0.979783 -0.506966 -0.841454
v -0.979783 -0.506966 -0.841454
v -0.979783 -0.619957 -0.818954
v -0.979783 -0.627457 -0.650945
v -0.979783 -0.627457 -0.650945
v -0.979783 -0.619957 -0.652954
v -0.977783 -0.627457 -0.650945
v -0.977783 -0.627457 -0.650945
v -0.979783 -0.322457 -0.748945
v -0.979783 -0.316966 -0.743454
v -0.979783 -0.316966 -0.743454
v -0.979783 1.116146 -0.483204
v -0.979783 1.116146 -0.483204
v -0.979783 1.117793 -0.484851
v -0.979783 -1.123854 -0.733204
v -0.979783 -1.123854 -0.733204
v -0.977783 -1.123854 -0.733204
v -0.977783 -1.123854 -0.733204
v -0.979783 -1.122207 -0.727057
v -0.979783 -1.122207 -0.727057
v -0.977783 -1.122207 -0.727057
v -0.977783 -1.122207 -0.727057
v -0.979783 -1.117707 -0.734851
v -0.979783 -1.117707 -0.734851
v -0.977783 -1.117707 -0.734851
v -0.977783 -1.117707 -0.734851
v -0.979783 1.120043 -0.476454
v -0.979783 1.117793 -0.477057
v -0.979783 1.117793 -0.477057
v -0.977783 1.116146 -0.483204
v -0.977783 1.116146 -0.483204
v -0.979783 -1.122207 -0.734851
v -0.979783 -1.123854 -0.728704
v -0.979783 -1.123854 -0.728704
v -0.979783 -1.119957 -0.726454
v -0.979783 -1.116060 -0.733204
v -0.979783 -1.116060 -0.733204
v -0.979783 -0.999957 -0.622954
v -0.979783 -1.007457 -0.624964
v -0.979783 -1.007457 -0.624964
v -0.979783 -1.007457 -0.748945
v -0.979783 -0.999957 -0.750954
v -0.979783 -1.012947 -0.826454
v -0.979783 -1.007457 -0.820964
v -0.979783 -0.886967 -0.630454
v -0.979783 -0.892457 -0.624964
v -0.979783 -0.892457 -0.624964
v -0.979783 -0.999957 -0.818954
v -0.979783 -0.892457 -0.820964
v -0.979783 -0.899957 -0.818954
v -0.979783 -1.012947 -0.645454
v -0.979783 -1.007457 -0.650945
v -0.979783 -1.007457 -0.650945
v -0.979783 -0.429957 -0.554954
v -0.979783 -0.329957 -0.554954
v -0.979783 -0.437457 -0.526964
v -0.979783 -0.429957 -0.524954
v -0.979783 -0.316966 -0.532454
v -0.979783 -0.316966 -0.532454
v -0.979783 -0.314957 -0.539954
v -0.979783 -0.322457 -0.526964
v -0.977783 -0.765457 -1.210954
v -0.977783 -0.709957 -1.210954
v -0.979783 0.240043 -0.524954
v -0.979783 0.247543 -0.526964
v -0.979783 0.132543 -0.552945
v -0.979783 0.140043 -0.554954
v -0.977783 -0.316966 -0.532454
v -0.977783 -0.316966 -0.532454
v -0.979783 -0.632947 -0.547454
v -0.979783 -0.632947 -0.547454
v -0.977783 -0.632947 -0.547454
v -0.977783 -0.632947 -0.547454
v -0.979783 -0.329957 -0.524954
v -0.979783 0.437543 -0.526964
v -0.979783 0.430043 -0.524954
v -0.979783 0.887053 -0.532454
v -0.979783 0.887053 -0.532454
v -0.977783 0.887053 -0.532454
v -0.977783 0.887053 -0.532454
v -0.979783 0.322543 -0.526964
v -0.979783 0.317053 -0.532454
v -0.979783 0.330043 -0.524954
v -0.979783 0.445043 -0.539954
v -0.979783 0.443034 -0.547454
v -0.979783 0.443034 -0.547454
v -0.979783 1.015043 -0.539954
v -0.979783 1.015043 -0.539954
v -0.977783 1.015043 -0.539954
v -0.977783 1.015043 -0.539954
v -0.979783 1.000043 -0.524954
v -0.979783 0.900043 -0.524954
v -0.979783 0.885043 -0.539954
v -0.979783 0.892543 -0.552945
v -0.979783 0.900043 -0.554954
v -0.979783 0.887053 -0.547454
v -0.979783 0.887053 -0.547454
v -0.979783 1.013034 -0.547454
v -0.979783 0.887053 -0.449454
v -0.979783 0.892543 -0.454945
v -0.979783 0.892543 -0.454945
v -0.979783 0.885043 -0.441954
v -0.979783 0.885043 -0.441954
v -0.979783 0.892543 -0.428964
v -0.979783 0.892543 -0.428964
v -0.977783 0.892543 -0.428964
v -0.977783 0.892543 -0.428964
v -0.979783 1.007543 -0.454945
v -0.979783 1.007543 -0.454945
v -0.977783 1.007543 -0.454945
v -0.977783 1.007543 -0.454945
v -0.979783 -1.122207 -0.477057
v -0.979783 -1.122207 -0.477057
v -0.979783 -1.123854 -0.478704
v -0.979783 -1.123854 -0.478704
v -0.979783 0.887053 -0.434454
v -0.979783 0.443034 -0.434454
v -0.979783 0.443034 -0.434454
v -0.977783 0.443034 -0.434454
v -0.977783 0.443034 -0.434454
v -0.979783 -1.012947 -0.532454
v -0.979783 -1.014957 -0.539954
v -0.979783 -1.014957 -0.539954
v -0.979783 -1.119957 -0.485454
v -0.979783 -1.119957 -0.485454
v -0.979783 -1.117707 -0.484851
v -0.979783 -1.117707 -0.484851
v -0.979783 -1.131957 -0.588954
v -0.979783 -1.131957 -0.851478
v -0.979783 -0.506966 -0.547454
v -0.979783 -0.506966 -0.547454
v -0.979783 -0.512457 -0.552945
v -0.977783 -1.119957 -0.485454
v -0.977783 -1.119957 -0.485454
v -0.979783 -0.999957 -0.554954
v -0.979783 -0.899957 -0.554954
v -0.979783 1.116146 -0.978704
v -0.979783 1.116146 -0.978704
v -0.979783 1.115543 -0.980954
v -0.979783 -0.892457 -1.042945
v -0.979783 -0.892457 -1.042945
v -0.977783 -0.892457 -1.042945
v -0.977783 -0.892457 -1.042945
v -0.979783 1.122293 -0.977057
v -0.979783 1.120043 -0.976454
v -0.979783 1.120043 -0.976454
v -0.979783 1.123940 -0.978704
v -0.979783 1.123940 -0.978704
v -0.977783 1.123940 -0.978704
v -0.977783 1.123940 -0.978704
v -0.979783 -0.899957 -1.044954
v -0.979783 -0.999957 -1.014954
v -0.979783 -1.007457 -1.016964
v -0.979783 -0.899957 -1.014954
v -0.977783 1.116146 -0.978704
v -0.977783 1.116146 -0.978704
v -0.979783 -0.504957 -1.029954
v -0.979783 -0.506966 -1.037454
v -0.979783 -0.506966 -1.037454
v -0.979783 -0.999957 -1.044954
v -0.979783 1.013034 -1.022454
v -0.979783 1.007543 -1.016964
v -0.979783 0.900043 -1.014954
v -0.979783 0.892543 -1.016964
v -0.979783 0.892543 -1.016964
v -0.979783 -0.632947 -1.022454
v -0.979783 -0.634957 -1.029954
v -0.979783 -0.634957 -1.029954
v -0.979783 0.627543 -0.820964
v -0.979783 0.627543 -0.820964
v -0.979783 0.620043 -0.818954
v -0.979783 -0.892457 -0.944945
v -0.979783 -0.892457 -0.944945
v -0.979783 -0.886967 -0.939454
v -0.979783 -0.506966 -0.924454
v -0.979783 -0.506966 -0.924454
v -0.977783 -0.506966 -0.924454
v -0.977783 -0.506966 -0.924454
v -0.979783 -0.619957 -0.946954
v -0.979783 -0.519957 -0.946954
v -0.977783 -0.892457 -0.944945
v -0.977783 -0.892457 -0.944945
v -0.979783 -0.632947 -0.924454
v -0.979783 -0.634957 -0.931954
v -0.979783 -0.634957 -0.931954
v -0.979783 -0.619957 -0.916954
v -0.979783 -0.519957 -0.916954
v -0.979783 -0.627457 -0.918964
v -0.979783 -0.627457 -0.918964
v -0.979783 -0.504957 -0.931954
v -0.979783 -0.504957 -0.931954
v -0.979783 -0.512457 -0.918964
v -0.979783 -1.122207 -0.984851
v -0.979783 -1.122207 -0.984851
v -0.977783 -1.122207 -0.984851
v -0.977783 -1.122207 -0.984851
v -0.979783 0.892543 -0.944945
v -0.979783 0.892543 -0.944945
v -0.979783 0.900043 -0.946954
v -0.979783 0.887053 -0.939454
v -0.979783 -1.123854 -0.978704
v -0.979783 -1.123854 -0.978704
v -0.977783 -1.123854 -0.978704
v -0.977783 -1.123854 -0.978704
v -0.977783 0.892543 -0.944945
v -0.977783 0.892543 -0.944945
v -0.979783 -0.062947 -1.625454
v -0.979783 -0.062947 -1.625454
v -0.977783 -0.062947 -1.625454
v -0.977783 -0.062947 -1.625454
v -0.979783 -1.124457 -0.980954
v -0.979783 -1.119957 -0.985454
v -0.979783 -1.117707 -0.984851
v -0.979783 -1.117707 -0.984851
v -0.979783 0.892543 -0.624964
v -0.979783 0.892543 -0.624964
v -0.977783 0.892543 -0.624964
v -0.977783 0.892543 -0.624964
v -0.979783 1.015043 -0.637954
v -0.979783 1.015043 -0.637954
v -0.979783 1.013034 -0.630454
v -0.979783 0.892543 -0.748945
v -0.979783 0.900043 -0.750954
v -0.979783 1.007543 -0.748945
v -0.979783 1.007543 -0.748945
v -0.977783 1.007543 -0.748945
v -0.977783 1.007543 -0.748945
v -0.979783 0.443034 -0.728454
v -0.979783 0.443034 -0.728454
v -0.979783 0.437543 -0.722964
v -0.979783 0.437543 -0.722964
v -0.977783 1.015043 -0.637954
v -0.977783 1.015043 -0.637954
v -0.979783 0.900043 -0.622954
v -0.979783 1.013034 -0.743454
v -0.979783 0.900043 -0.848954
v -0.979783 1.000043 -0.848954
v -0.979783 1.123940 -0.733204
v -0.979783 1.123940 -0.733204
v -0.977783 1.123940 -0.733204
v -0.977783 1.123940 -0.733204
v -0.979783 1.007543 -0.820964
v -0.979783 1.007543 -0.820964
v -0.979783 1.000043 -0.818954
v -0.979783 1.116146 -0.733204
v -0.979783 1.116146 -0.733204
v -0.977783 1.116146 -0.733204
v -0.977783 1.116146 -0.733204
v -0.979783 0.900043 -0.720954
v -0.979783 0.892543 -0.722964
v -0.979783 1.007543 -0.624964
v -0.979783 1.007543 -0.624964
v -0.979783 1.000043 -0.622954
v -0.977783 1.007543 -0.820964
v -0.977783 1.007543 -0.820964
v -0.979783 1.117793 -0.734851
v -0.977783 1.007543 -0.624964
v -0.977783 1.007543 -0.624964
v -0.979783 0.900043 -0.818954
v -0.979783 0.892543 -0.820964
v -0.979783 0.892543 -0.820964
v -0.979783 0.253034 -0.630454
v -0.979783 0.253034 -0.630454
v -0.979783 0.247543 -0.624964
v -0.979783 0.247543 -0.624964
v -0.977783 0.247543 -0.624964
v -0.977783 0.247543 -0.624964
v -0.979783 -0.316966 -0.728454
v -0.979783 -0.316966 -0.728454
v -0.979783 -0.322457 -0.722964
v -0.979783 0.253034 -0.645454
v -0.979783 0.253034 -0.645454
v -0.977783 0.253034 -0.645454
v -0.977783 0.253034 -0.645454
v -0.977783 0.253034 -0.630454
v -0.977783 0.253034 -0.630454
v -0.979783 0.127053 -0.630454
v -0.979783 0.125043 -0.637954
v -0.977783 -0.316966 -0.728454
v -0.977783 -0.316966 -0.728454
v -0.979783 0.132543 -0.748945
v -0.979783 0.127053 -0.743454
v -0.979783 0.127053 -0.743454
v -0.979783 0.330043 -0.750954
v -0.979783 0.430043 -0.750954
v -0.979783 0.322543 -0.748945
v -0.979783 0.317053 -0.743454
v -0.979783 0.317053 -0.743454
v -0.977783 0.317053 -0.743454
v -0.977783 0.317053 -0.743454
v -0.979783 0.140043 -0.720954
v -0.979783 0.132543 -0.722964
v -0.979783 0.132543 -0.722964
v -0.979783 0.443034 -0.630454
v -0.979783 0.443034 -0.630454
v -0.977783 0.443034 -0.630454
v -0.977783 0.443034 -0.630454
v -0.977783 0.443034 -0.728454
v -0.977783 0.443034 -0.728454
v -0.979783 0.247543 -0.722964
v -0.979783 0.247543 -0.722964
v -0.979783 0.240043 -0.720954
v -0.979783 0.127053 -0.728454
v -0.979783 0.125043 -0.735954
v -0.977783 0.247543 -0.722964
v -0.977783 0.247543 -0.722964
v -0.979783 0.437543 -0.624964
v -0.979783 0.445043 -0.735954
v -0.979783 -0.437457 -1.336945
v -0.979783 -0.437457 -1.336945
v -0.977783 -0.437457 -1.336945
v -0.977783 -0.437457 -1.336945
v -0.979783 -0.634957 -1.323954
v -0.979783 -0.634957 -1.323954
v -0.979783 -0.632947 -1.331454
v -0.979783 -0.619957 -1.338954
v -0.979783 -0.519957 -1.338954
v -0.979783 -0.322457 -1.336945
v -0.979783 -0.322457 -1.336945
v -0.977783 -0.322457 -1.336945
v -0.977783 -0.322457 -1.336945
v -0.979783 -0.899957 -1.308954
v -0.979783 -0.999957 -1.308954
v -0.979783 -0.322457 -1.310964
v -0.979783 -0.329957 -1.308954
v -0.977783 -0.634957 -1.323954
v -0.977783 -0.634957 -1.323954
v -0.979783 -0.329957 -1.338954
v -0.979783 0.317053 -1.331454
v -0.979783 0.317053 -1.331454
v -0.977783 0.317053 -1.331454
v -0.977783 0.317053 -1.331454
v -0.979783 0.127053 -1.316454
v -0.979783 0.125043 -1.323954
v -0.979783 0.125043 -1.323954
v -0.979783 0.140043 -1.308954
v -0.979783 0.240043 -1.308954
v -0.979783 0.132543 -1.310964
v -0.979783 0.132543 -1.310964
v -0.979783 0.127053 -1.331454
v -0.979783 0.132543 -1.336945
v -0.979783 0.132543 -1.336945
v -0.979783 1.013034 -1.316454
v -0.979783 1.007543 -1.310964
v -0.979783 1.007543 -1.310964
v -0.979783 0.322543 -1.336945
v -0.979783 0.322543 -1.336945
v -0.977783 0.322543 -1.336945
v -0.977783 0.322543 -1.336945
v -0.979783 0.255043 -1.323954
v -0.979783 0.255043 -1.323954
v -0.979783 0.253034 -1.331454
v -0.979783 1.015043 -1.323954
v -0.979783 1.015043 -1.323954
v -0.977783 0.255043 -1.323954
v -0.977783 0.255043 -1.323954
v -0.979783 0.443034 -1.316454
v -0.979783 0.443034 -1.316454
v -0.979783 0.445043 -1.323954
v -0.979783 1.013034 -1.120454
v -0.979783 1.007543 -1.114964
v -0.979783 1.007543 -1.114964
v -0.979783 1.015043 -1.127954
v -0.979783 1.015043 -1.127954
v -0.979783 0.892543 -1.114964
v -0.979783 0.887053 -1.120454
v -0.979783 0.900043 -1.112954
v -0.979783 1.015043 -1.225954
v -0.979783 1.015043 -1.225954
v -0.979783 1.013034 -1.233454
v -0.979783 1.013034 -1.218454
v -0.979783 0.900043 -1.210954
v -0.979783 0.892543 -1.212964
v -0.979783 0.633034 -0.826454
v -0.979783 0.887053 -1.135454
v -0.979783 0.892543 -1.140945
v -0.979783 0.892543 -1.140945
v -0.977782 -0.003854 -0.228704
v -0.977782 -0.002207 -0.227057
v -0.977782 -0.002207 -0.227057
v -0.979783 0.885043 -1.127954
v -0.979783 -1.007457 -1.336945
v -0.979783 -1.007457 -1.336945
v -0.977783 -1.007457 -1.336945
v -0.977783 -1.007457 -1.336945
v -0.979783 1.120043 -1.235454
v -0.979783 1.120043 -1.235454
v -0.977783 1.120043 -1.235454
v -0.977783 1.120043 -1.235454
v -0.979783 -0.999957 -1.338954
v -0.979783 -1.012947 -1.316454
v -0.979783 -1.014957 -1.323954
v -0.979783 -1.014957 -1.323954
v -0.979783 1.122293 -1.234851
v -0.979783 -0.444957 -1.225954
v -0.979783 -0.444957 -1.225954
v -0.977783 -0.444957 -1.225954
v -0.977783 -0.444957 -1.225954
v -0.979783 -0.512457 -1.212964
v -0.979783 -0.512457 -1.212964
v -0.979783 -0.519957 -1.210954
v -0.977782 -0.275457 -0.230954
v -0.977782 -0.275457 -0.230954
v -0.977782 -0.276060 -0.233204
v -0.977783 -0.512457 -1.212964
v -0.977783 -0.512457 -1.212964
v -0.979783 -0.322457 -1.238945
v -0.979783 -0.316966 -1.233454
v -0.979783 -0.316966 -1.233454
v -0.979783 -0.619957 -1.210954
v -0.979783 -0.627457 -1.212964
v -0.979783 -0.627457 -1.212964
v -0.979783 0.253034 -1.218454
v -0.979783 0.253034 -1.218454
v -0.979783 0.247543 -1.212964
v -0.979783 0.132543 -1.212964
v -0.979783 0.132543 -1.212964
v -0.979783 0.127053 -1.218454
v -0.979783 0.132543 -1.238945
v -0.979783 0.132543 -1.238945
v -0.979783 0.140043 -1.240954
v -0.977783 -0.709957 -1.308954
v -0.977783 -0.702457 -1.310964
v -0.977783 -0.702457 -1.310964
v -0.977783 0.132543 -1.212964
v -0.977783 0.132543 -1.212964
v -0.977783 0.253034 -1.218454
v -0.977783 0.253034 -1.218454
v -0.979783 0.507053 -0.841454
v -0.979783 0.507053 -0.841454
v -0.977783 0.507053 -0.841454
v -0.977783 0.507053 -0.841454
v -0.979783 0.315043 -1.225954
v -0.979783 0.317053 -1.233454
v -0.979783 0.317053 -1.233454
v -0.977783 0.132543 -1.238945
v -0.977783 0.132543 -1.238945
v -0.979783 -1.007457 -1.114964
v -0.979783 -1.007457 -1.114964
v -0.977783 -1.007457 -1.114964
v -0.977783 -1.007457 -1.114964
v -0.979783 -1.012947 -1.120454
v -0.979783 -0.999957 -1.112954
v -0.979783 -1.115457 -1.230954
v -0.979783 -1.116060 -1.228704
v -0.979783 -1.116060 -1.228704
v -0.979783 -1.124457 -1.230954
v -0.979783 -1.123854 -1.233204
v -0.979783 -1.123854 -1.233204
v -0.979783 -0.506966 -1.233454
v -0.979783 -0.506966 -1.233454
v -0.977783 -0.506966 -1.233454
v -0.977783 -0.506966 -1.233454
v -0.979783 -0.504957 -1.127954
v -0.979783 -0.504957 -1.127954
v -0.977783 -0.504957 -1.127954
v -0.977783 -0.504957 -1.127954
v -0.979783 -0.999957 -1.240954
v -0.979783 -0.899957 -1.240954
v -0.979783 -0.886967 -1.120454
v -0.979783 -0.892457 -1.114964
v -0.979783 -0.892457 -1.114964
v -0.979783 -1.007457 -1.212964
v -0.979783 -1.007457 -1.212964
v -0.977783 -1.007457 -1.212964
v -0.977783 -1.007457 -1.212964
v -0.979783 -1.014957 -1.127954
v -0.979783 -1.014957 -1.127954
v -0.979783 -1.012947 -1.135454
v -0.979783 -0.506966 -1.135454
v -0.979783 -0.506966 -1.135454
v -0.979783 -0.506966 -1.120454
v -0.979783 -0.506966 -1.120454
v -0.979783 -0.504957 -1.225954
v -0.979783 -0.504957 -1.225954
v -0.977783 -1.014957 -1.127954
v -0.977783 -1.014957 -1.127954
v -0.979783 -0.899957 -1.142954
v -0.979783 -0.999957 -1.142954
v -0.979783 -0.057457 -0.526964
v -0.979783 -0.062947 -0.532454
v -0.979783 -0.252947 -0.547454
v -0.979783 -0.252947 -0.547454
v -0.977783 -0.252947 -0.547454
v -0.977783 -0.252947 -0.547454
v -0.979783 -0.139957 -0.554954
v -0.979783 -0.132457 -0.552945
v -0.979783 0.823034 -0.547454
v -0.979783 0.825043 -0.539954
v -0.979783 0.825043 -0.539954
v -0.979783 -0.064957 -0.539954
v -0.979783 -0.064957 -0.539954
v -0.977783 -0.064957 -0.539954
v -0.977783 -0.064957 -0.539954
v -0.979783 0.825043 -0.833954
v -0.979783 0.825043 -0.833954
v -0.977783 0.825043 -0.833954
v -0.977783 0.825043 -0.833954
v -0.979783 0.633034 -0.547454
v -0.979783 0.635043 -0.539954
v -0.979783 0.635043 -0.539954
v -0.979783 0.823034 -0.841454
v -0.977783 0.635043 -0.539954
v -0.977783 0.635043 -0.539954
v -0.979783 -0.004457 -0.730954
v -0.979783 -0.003854 -0.733204
v -0.979783 -0.003854 -0.733204
v -0.979783 0.002293 -0.734851
v -0.979783 0.003940 -0.733204
v -0.979783 0.003940 -0.733204
v -0.979783 -0.239957 -0.750954
v -0.979783 -0.139957 -0.750954
v -0.979783 0.050043 -0.622954
v -0.979783 0.057543 -0.624964
v -0.979783 0.057543 -0.624964
v -0.979783 -0.064957 -0.637954
v -0.979783 -0.064957 -0.637954
v -0.979783 -0.062947 -0.645454
v -0.979783 -0.252947 -0.645454
v -0.979783 -0.252947 -0.645454
v -0.979783 -0.247457 -0.650945
v -0.979783 -0.126966 -0.645454
v -0.979783 -0.124957 -0.637954
v -0.979783 -0.124957 -0.637954
v -0.979783 -0.049957 -0.622954
v -0.979783 -0.057457 -0.624964
v -0.979783 -0.057457 -0.624964
v -0.979783 0.065043 -0.539954
v -0.979783 0.065043 -0.539954
v -0.977783 0.065043 -0.539954
v -0.977783 0.065043 -0.539954
v -0.979783 0.050043 -0.524954
v -0.979783 0.057543 -0.526964
v -0.979783 -0.126966 -0.728454
v -0.979783 -0.132457 -0.722964
v -0.979783 -0.132457 -0.722964
v -0.977783 -0.252947 -0.645454
v -0.977783 -0.252947 -0.645454
v -0.977783 -0.064957 -0.637954
v -0.977783 -0.064957 -0.637954
v -0.979783 -0.822947 -0.336454
v -0.979783 -0.822947 -0.336454
v -0.979783 -0.824957 -0.343954
v -0.979783 -0.824957 -0.343954
v -0.979783 0.063034 -0.336454
v -0.979783 0.063034 -0.336454
v -0.977783 0.063034 -0.336454
v -0.977783 0.063034 -0.336454
v -0.979783 0.057543 -0.356945
v -0.979783 0.057543 -0.356945
v -0.979783 0.063034 -0.351454
v -0.979783 -0.817457 -0.356945
v -0.979783 -0.817457 -0.356945
v -0.979783 -0.822947 -0.351454
v -0.979783 -0.247457 -0.356945
v -0.979783 -0.247457 -0.356945
v -0.977783 -0.247457 -0.356945
v -0.977783 -0.247457 -0.356945
v -0.979783 -0.132457 -0.330964
v -0.979783 -0.139957 -0.328954
v -0.977783 -0.817457 -0.356945
v -0.977783 -0.817457 -0.356945
v -0.977783 0.057543 -0.356945
v -0.977783 0.057543 -0.356945
v -0.977783 -0.822947 -0.336454
v -0.977783 -0.822947 -0.336454
v -0.979783 -0.254957 -0.343954
v -0.979783 -0.254957 -0.343954
v -0.979783 -0.252947 -0.351454
v -0.979783 -0.247457 -0.330964
v -0.979783 -0.252947 -0.336454
v -0.979783 -0.824957 -0.441954
v -0.979783 -0.824957 -0.441954
v -0.977783 -0.824957 -0.441954
v -0.977783 -0.824957 -0.441954
v -0.979783 -0.822947 -0.449454
v -0.979783 -0.822947 -0.449454
v -0.979783 -0.124957 -0.343954
v -0.979783 -0.124957 -0.343954
v -0.977783 -0.124957 -0.343954
v -0.977783 -0.124957 -0.343954
v -0.979783 -0.809957 -0.456954
v -0.979783 -0.817457 -0.454945
v -0.979783 0.065043 -0.441954
v -0.979783 0.065043 -0.441954
v -0.979783 0.063034 -0.434454
v -0.979783 -0.126966 -0.449454
v -0.979783 -0.126966 -0.449454
v -0.977783 -0.126966 -0.449454
v -0.977783 -0.126966 -0.449454
v -0.979783 -0.247457 -0.428964
v -0.979783 -0.247457 -0.428964
v -0.977783 -0.247457 -0.428964
v -0.977783 -0.247457 -0.428964
v -0.979783 -0.132457 -0.428964
v -0.979783 -0.132457 -0.428964
v -0.977783 -0.132457 -0.428964
v -0.977783 -0.132457 -0.428964
v -0.979783 -0.139957 -0.426954
v -0.979783 -0.252947 -0.434454
v -0.979783 -0.124957 -0.441954
v -0.979783 -0.124957 -0.441954
v -0.977783 0.065043 -0.441954
v -0.977783 0.065043 -0.441954
v -0.979783 -0.247457 -0.454945
v -0.979783 -0.252947 -0.449454
v -0.979783 -0.694957 -0.539954
v -0.979783 -0.694957 -0.539954
v -0.979783 -0.696967 -0.532454
v -0.979783 -0.064957 -0.441954
v -0.979783 -0.064957 -0.441954
v -0.979783 -0.062947 -0.449454
v -0.979783 -0.696967 -0.351454
v -0.979783 -0.694957 -0.343954
v -0.977783 -0.064957 -0.441954
v -0.977783 -0.064957 -0.441954
v -0.979783 -0.809957 -0.524954
v -0.979783 -0.817457 -0.526964
v -0.977783 -0.694957 -0.539954
v -0.977783 -0.694957 -0.539954
v -0.979783 0.823034 -1.037454
v -0.979783 0.825043 -1.029954
v -0.979783 0.825043 -1.029954
v -0.979783 0.507053 -0.924454
v -0.979783 0.507053 -0.924454
v -0.979783 0.505043 -0.931954
v -0.979783 0.505043 -0.931954
v -0.979783 0.702543 -1.042945
v -0.979783 0.710043 -1.044954
v -0.979783 0.697053 -1.037454
v -0.979783 0.507053 -1.022454
v -0.979783 0.505043 -1.029954
v -0.979783 0.505043 -1.029954
v -0.979783 0.697053 -1.022454
v -0.979783 0.697053 -1.022454
v -0.979783 0.695043 -1.029954
v -0.979783 0.695043 -1.029954
v -0.979783 0.520043 -1.014954
v -0.979783 0.512543 -1.016964
v -0.979783 0.512543 -1.016964
v -0.979783 0.081205 -0.955984
v -0.979783 0.081863 -0.954563
v -0.977783 0.697053 -1.022454
v -0.977783 0.697053 -1.022454
v -0.979783 -0.239957 -1.308954
v -0.979783 -0.247457 -1.310964
v -0.979783 -0.247457 -1.310964
v -0.979783 -0.139957 -1.308954
v -0.979783 0.063034 -1.331454
v -0.979783 0.065043 -1.323954
v -0.979783 0.065043 -1.323954
v -0.979783 0.063034 -1.316454
v -0.979783 0.057543 -1.310964
v -0.977782 -0.563854 -0.228704
v -0.977782 -0.563854 -0.228704
v -0.977782 -0.562207 -0.227057
v -0.977782 -0.562207 -0.227057
v -0.979783 0.697053 -0.449454
v -0.979783 0.697053 -0.449454
v -0.979783 0.695043 -0.441954
v -0.979783 0.695043 -0.441954
v -0.979783 0.077647 -0.917065
v -0.979783 0.075672 -0.917535
v -0.977783 0.695043 -0.441954
v -0.977783 0.695043 -0.441954
v -0.979783 0.620043 -0.456954
v -0.979783 0.627543 -0.454945
v -0.979783 0.627543 -0.454945
v -0.979783 0.817543 -0.454945
v -0.979783 0.823034 -0.449454
v -0.979783 0.823034 -0.449454
v -0.977783 0.697053 -0.449454
v -0.977783 0.697053 -0.449454
v -0.979783 0.817543 -0.944945
v -0.979783 0.817543 -0.944945
v -0.979783 0.810043 -0.946954
v -0.977782 -0.839957 -0.235454
v -0.979783 0.695043 -0.931954
v -0.979783 0.695043 -0.931954
v -0.977783 0.695043 -0.931954
v -0.977783 0.695043 -0.931954
v -0.979783 0.825043 -0.441954
v -0.979783 0.823034 -0.434454
v -0.979783 0.074566 -0.955542
v -0.979783 0.073611 -0.953741
v -0.979783 0.823034 -0.924454
v -0.979783 0.825043 -0.931954
v -0.979783 0.825043 -0.931954
v -0.979783 0.817543 -0.918964
v -0.979783 0.817543 -0.918964
v -0.979783 0.710043 -0.916954
v -0.979783 0.702543 -0.918964
v -0.979783 0.697053 -0.939454
v -0.979783 0.633034 -0.939454
v -0.979783 0.635043 -0.931954
v -0.979783 0.635043 -0.931954
v -0.977782 -0.842207 -0.227057
v -0.977782 -0.842207 -0.227057
v -0.977782 -0.843854 -0.228704
v -0.977783 0.817543 -0.944945
v -0.977783 0.817543 -0.944945
v -0.979783 0.633034 -0.924454
v -0.979783 0.627543 -0.918964
v -0.979783 0.627543 -0.918964
v -0.977783 0.627543 -0.820964
v -0.977783 0.627543 -0.820964
v -0.979783 0.507053 -0.728454
v -0.979783 0.507053 -0.728454
v -0.979783 0.512543 -0.722964
v -0.979783 0.627543 -0.722964
v -0.979783 0.627543 -0.722964
v -0.979783 0.620043 -0.720954
v -0.979783 0.507053 -0.630454
v -0.979783 0.505043 -0.637954
v -0.979783 0.050043 -1.632954
v -0.979783 0.057543 -1.630945
v -0.977783 0.627543 -0.722964
v -0.977783 0.627543 -0.722964
v -0.979783 -0.314957 -0.441954
v -0.977783 0.507053 -0.728454
v -0.977783 0.507053 -0.728454
v -0.979783 0.050043 -1.602954
v -0.979783 -0.049957 -1.602954
v -0.979783 0.057543 -1.604964
v -0.979783 0.063034 -1.610454
v -0.979783 0.063034 -1.610454
v -0.979783 -0.057457 -1.604964
v -0.979783 -0.062947 -1.610454
v -0.979783 -0.062947 -1.610454
v -0.979783 0.810043 -0.720954
v -0.979783 0.817543 -0.722964
v -0.979783 0.817543 -0.722964
v -0.979783 0.810043 -0.622954
v -0.979783 0.817543 -0.624964
v -0.979783 0.817543 -0.624964
v -0.979783 0.765543 -0.750954
v -0.979783 0.810043 -0.750954
v -0.979783 0.710043 -0.750954
v -0.979783 0.633034 -0.728454
v -0.979783 0.635043 -0.735954
v -0.979783 0.635043 -0.735954
v -0.979783 0.635043 -0.833954
v -0.979783 0.635043 -0.833954
v -0.979783 0.823034 -0.645454
v -0.979783 0.825043 -0.637954
v -0.979783 0.825043 -0.637954
v -0.979783 0.817543 -0.748945
v -0.979783 0.817543 -0.748945
v -0.977783 0.817543 -0.748945
v -0.977783 0.817543 -0.748945
v -0.979783 0.635043 -0.637954
v -0.979783 0.635043 -0.637954
v -0.977783 0.635043 -0.637954
v -0.977783 0.635043 -0.637954
v -0.977783 0.633034 -0.351454
v -0.977783 0.635043 -0.343954
v -0.977783 0.635043 -0.343954
v -0.979783 0.702543 -0.722964
v -0.979783 0.697053 -0.728454
v -0.979783 0.633034 -0.841454
v -0.979783 0.512543 -0.846945
v -0.979783 0.505043 -0.833954
v -0.977783 0.635043 -0.833954
v -0.977783 0.635043 -0.833954
v -0.979783 0.633034 -0.645454
v -0.979783 0.852043 -0.378954
v -0.979783 0.853566 -0.386608
v -0.979783 0.864390 -0.397432
v -0.979783 0.872043 -0.398954
v -0.979783 -0.709957 -1.602954
v -0.979783 -0.765457 -1.602954
v -0.979783 -0.822947 -1.610454
v -0.979783 -0.824957 -1.617954
v -0.979783 -0.824957 -1.617954
v -0.979783 0.050043 -1.406954
v -0.979783 -0.049957 -1.406954
v -0.979783 -0.049957 -1.436954
v -0.979783 -0.005679 -1.436954
v -0.979783 0.823034 -0.351454
v -0.979783 0.825043 -0.343954
v -0.979783 0.825043 -0.343954
v -0.979783 0.057543 -1.434945
v -0.979783 0.063034 -1.429454
v -0.979783 0.063034 -1.429454
v -0.979783 -0.254957 -1.421954
v -0.979783 -0.254957 -1.421954
v -0.977783 -0.254957 -1.421954
v -0.977783 -0.254957 -1.421954
v -0.979783 -0.139957 -1.406954
v -0.979783 -0.239957 -1.406954
v -0.979783 -0.239957 -1.436954
v -0.979783 -0.139957 -1.436954
v -0.979783 -0.057457 -1.408964
v -0.979783 0.079283 -0.917404
v -0.979783 -0.252947 -1.429454
v -0.979783 -0.124957 -1.421954
v -0.979783 -0.124957 -1.421954
v -0.977783 -0.124957 -1.421954
v -0.977783 -0.124957 -1.421954
v -0.979783 0.075682 -0.956791
v -0.979783 0.075682 -0.956791
v -0.979783 -0.809957 -1.534954
v -0.979783 -0.817457 -1.532945
v -0.979783 -0.822947 -1.512454
v -0.979783 -0.822947 -1.512454
v -0.977783 -0.822947 -1.512454
v -0.977783 -0.822947 -1.512454
v -0.979783 0.063034 -1.512454
v -0.979783 0.063034 -1.512454
v -0.977783 0.063034 -1.512454
v -0.977783 0.063034 -1.512454
v -0.979783 -0.709957 -1.534954
v -0.979783 -0.702457 -1.532945
v -0.979783 -0.694957 -1.519954
v -0.979783 -0.696966 -1.512454
v -0.979783 -0.696966 -1.512454
v -0.979783 -0.247457 -1.506964
v -0.979783 -0.247457 -1.506964
v -0.977783 -0.247457 -1.506964
v -0.977783 -0.247457 -1.506964
v -0.979783 -0.252947 -1.512454
v -0.979783 -0.824957 -1.519954
v -0.979783 0.057543 -1.506964
v -0.979783 0.057543 -1.506964
v -0.979783 -0.062947 -1.512454
v -0.979783 -0.062947 -1.512454
v -0.979783 -0.064957 -1.519954
v -0.979783 -0.064957 -1.519954
v -0.979783 -0.247457 -1.532945
v -0.979783 -0.247457 -1.532945
v -0.979783 -0.239957 -1.534954
v -0.979783 -0.252947 -1.527454
v -0.979783 -0.817457 -1.630945
v -0.979783 -0.817457 -1.630945
v -0.977783 -0.817457 -1.630945
v -0.977783 -0.817457 -1.630945
v -0.979783 -0.696967 -1.625454
v -0.979783 -0.694957 -1.617954
v -0.979783 -0.694957 -1.617954
v -0.979783 -0.809957 -1.632954
v -0.979783 -0.822947 -1.625454
v -0.979783 -0.709957 -1.632954
v -0.979783 -0.702457 -1.630945
v -0.979783 -0.702457 -1.630945
v -0.977783 -0.247457 -1.532945
v -0.977783 -0.247457 -1.532945
v -0.979783 0.003940 -1.178704
v -0.979783 0.003940 -1.178704
v -0.979783 0.002293 -1.177057
v -0.979783 0.003940 -1.183204
v -0.979783 0.003940 -1.183204
v -0.977783 0.003940 -1.183204
v -0.977783 0.003940 -1.183204
v -0.979783 0.065043 -1.225954
v -0.979783 0.065043 -1.225954
v -0.977783 0.065043 -1.225954
v -0.977783 0.065043 -1.225954
v -0.979783 -0.817457 -1.408964
v -0.979783 -0.822947 -1.414454
v -0.979783 -0.822947 -1.414454
v -0.979783 -0.002207 -1.184851
v -0.979783 0.000043 -1.185454
v -0.979783 0.000043 -1.185454
v -0.979783 -0.003854 -1.183204
v -0.979783 0.002293 -1.184851
v -0.977783 0.003940 -1.178704
v -0.977783 0.003940 -1.178704
v -0.977783 -0.062947 -1.512454
v -0.977783 -0.062947 -1.512454
v -0.979783 0.063034 -1.218454
v -0.979783 -0.132457 -1.238945
v -0.979783 -0.132457 -1.238945
v -0.979783 -0.126966 -1.233454
v -0.979783 -0.702457 -1.310964
v -0.979783 -0.702457 -1.310964
v -0.977783 -0.694957 -1.617954
v -0.977783 -0.694957 -1.617954
v -0.977783 -0.696967 -1.610454
v -0.979783 -0.126966 -1.218454
v -0.979783 -0.124957 -1.225954
v -0.979783 -0.124957 -1.225954
v -0.979783 -0.709957 -1.308954
v -0.977783 -0.132457 -1.238945
v -0.977783 -0.132457 -1.238945
v -0.979783 -0.817457 -1.310964
v -0.979783 -0.822947 -1.316454
v -0.979783 -0.822947 -1.316454
v -0.979783 -0.709957 -1.338954
v -0.979783 -0.702457 -1.336945
v -0.979783 -0.702457 -1.336945
v -0.979783 0.004543 -1.180954
v -0.979783 -0.132457 -1.310964
v -0.979783 -0.252947 -1.316454
v -0.979783 -0.252947 -1.316454
v -0.977783 -0.252947 -1.316454
v -0.977783 -0.252947 -1.316454
v -0.979783 -0.062947 -1.316454
v -0.979783 -0.064957 -1.323954
v -0.979783 -0.064957 -1.323954
v -0.979783 -0.139957 -1.338954
v -0.979783 -0.132457 -1.336945
v -0.979783 -0.132457 -1.336945
v -0.979783 0.627543 -0.330964
v -0.979783 0.627543 -0.330964
v -0.977783 0.627543 -0.330964
v -0.977783 0.627543 -0.330964
v -0.979783 0.633034 -0.351454
v -0.979783 0.635043 -0.343954
v -0.979783 0.635043 -0.343954
v -0.979783 0.633034 -0.336454
v -0.979783 0.620043 -0.328954
v -0.979783 -0.254957 -1.323954
v -0.979783 0.520043 -0.328954
v -0.979783 0.512543 -0.330964
v -0.979783 -0.696967 -1.414454
v -0.979783 -0.696967 -1.414454
v -0.977783 -0.696967 -1.414454
v -0.977783 -0.696967 -1.414454
v -0.979783 0.520043 -0.358954
v -0.979783 0.512543 -0.356945
v -0.979783 0.512543 -0.356945
v -0.979783 -0.244957 -1.050954
v -0.979783 -0.244957 -1.050954
v -0.977783 -0.244957 -1.050954
v -0.977783 -0.244957 -1.050954
v -0.979783 -0.013021 -0.946232
v -0.979783 -0.013689 -0.944393
v -0.979783 -0.050825 -0.856539
v -0.979783 -0.052076 -0.857551
v -0.979783 -0.254957 -1.060954
v -0.979783 -0.254957 -1.060954
v -0.977783 -0.254957 -1.060954
v -0.977783 -0.254957 -1.060954
v -0.979783 -0.011480 -0.947392
v -0.979783 -0.008829 -0.948434
v -0.979783 -0.013686 -0.867298
v -0.979783 -0.013846 -0.869214
v -0.979783 -0.864303 -0.397432
v -0.979783 -0.857815 -0.393096
v -0.979783 -0.871957 -0.398954
v -0.979783 -0.853479 -0.386608
v -0.979783 -0.851957 -0.378954
v -0.979783 -0.088612 -0.954975
v -0.979783 -0.089784 -0.953743
v -0.979783 -0.089784 -0.953743
v -0.979783 -0.087650 -0.955457
v -0.979783 -0.090235 -0.951831
v -0.979783 -0.090091 -0.950587
v -0.979783 -0.062652 -0.955303
v -0.979783 -0.062652 -0.955303
v -0.979783 -0.061445 -0.953930
v -0.977783 -0.062652 -0.955303
v -0.977783 -0.062652 -0.955303
v -0.979783 -0.006901 -0.859752
v -0.979783 -0.007370 -0.857868
v -0.979783 -0.007370 -0.857868
v -0.979783 -0.007086 -0.861162
v -0.979783 -0.067209 -0.946688
v -0.979783 -0.071687 -0.942213
v -0.979783 -0.008466 -0.856747
v -0.979783 -0.010591 -0.856037
v -0.979783 -0.047042 -0.864923
v -0.979783 -0.046615 -0.865503
v -0.979783 -0.244957 -0.950954
v -0.979783 -0.244957 -0.950954
v -0.977783 -0.244957 -0.950954
v -0.977783 -0.244957 -0.950954
v -0.979783 -0.047765 -0.955954
v -0.979783 -0.011871 -0.955954
v -0.979783 -0.354957 -0.950954
v -0.979783 -0.354957 -0.950954
v -0.977783 -0.354957 -0.950954
v -0.977783 -0.354957 -0.950954
v -0.979783 -0.454957 -0.950954
v -0.979783 -0.454957 -0.950954
v -0.979783 -0.454957 -0.910954
v -0.979783 -0.454957 -0.910954
v -0.979783 -0.494957 -0.950954
v -0.979783 -0.494957 -0.950954
v -0.979783 -0.394957 -0.910954
v -0.979783 -0.394957 -0.910954
v -0.977783 -0.394957 -0.910954
v -0.977783 -0.394957 -0.910954
v -0.979783 -0.454957 -0.900954
v -0.979783 -0.454957 -0.900954
v -0.979783 -0.454957 -0.860954
v -0.979783 -0.454957 -0.860954
v -0.979783 -0.354957 -0.860954
v -0.979783 -0.354957 -0.860954
v -0.977783 -0.354957 -0.860954
v -0.977783 -0.354957 -0.860954
v -0.979783 -0.304957 -0.860954
v -0.979783 -0.304957 -0.860954
v -0.979783 -0.344957 -0.860954
v -0.979783 -0.344957 -0.860954
v -0.979783 -0.394957 -0.860954
v -0.979783 -0.394957 -0.860954
v -0.977783 -0.304957 -0.860954
v -0.977783 -0.304957 -0.860954
v -0.979783 -0.106684 -0.941197
v -0.979783 -0.089171 -0.881453
v -0.979783 -0.089171 -0.881453
v -0.979783 -0.106844 -0.942223
v -0.977783 -0.454957 -0.900954
v -0.977783 -0.454957 -0.900954
v -0.979783 -0.354957 -0.910954
v -0.979783 -0.354957 -0.910954
v -0.979783 -0.132457 -1.212964
v -0.979783 -0.051760 -0.949179
v -0.979783 -0.051760 -0.949179
v -0.977783 -0.051760 -0.949179
v -0.977783 -0.051760 -0.949179
v -0.979783 -0.144683 -0.947382
v -0.979783 -0.144050 -0.947032
v -0.979783 -0.204957 -0.900954
v -0.979783 -0.204957 -0.900954
v -0.979783 -0.204957 -0.860954
v -0.979783 -0.204957 -0.860954
v -0.979783 -0.105842 -0.946339
v -0.979783 -0.105842 -0.946339
v -0.979783 -0.106690 -0.944866
v -0.979783 -0.007557 -0.954307
v -0.979783 -0.006944 -0.952685
v -0.977783 -0.105842 -0.946339
v -0.977783 -0.105842 -0.946339
v -0.979783 -0.254957 -0.900954
v -0.979783 -0.254957 -0.900954
v -0.977783 -0.254957 -0.900954
v -0.977783 -0.254957 -0.900954
v -0.979783 -0.052735 -0.859752
v -0.979783 -0.052227 -0.861959
v -0.979783 -0.052681 -0.859083
v -0.979783 -0.052565 -0.950717
v -0.979783 0.067838 -0.952376
v -0.979783 0.070377 -0.951788
v -0.979783 0.081736 -0.920277
v -0.979783 0.080664 -0.918346
v -0.979783 0.077351 -0.957317
v -0.979783 0.077864 -0.957343
v -0.979783 0.051432 -0.948880
v -0.979783 0.051432 -0.948880
v -0.979783 0.057752 -0.946681
v -0.979783 0.042563 -0.863618
v -0.979783 0.039974 -0.865785
v -0.979783 0.033018 -0.855748
v -0.979783 0.021332 -0.861358
v -0.977783 0.051432 -0.948880
v -0.977783 0.051432 -0.948880
v -0.979783 0.002900 -0.900659
v -0.979783 0.002821 -0.904717
v -0.979783 -0.244957 -1.000954
v -0.979783 -0.244957 -1.000954
v -0.977783 -0.244957 -1.000954
v -0.977783 -0.244957 -1.000954
v -0.979783 0.074513 -0.918586
v -0.979783 0.073090 -0.921905
v -0.979783 0.081310 -0.884552
v -0.979783 0.081310 -0.884552
v -0.979783 0.079253 -0.885121
v -0.977783 -0.239957 -0.622954
v -0.977783 -0.139957 -0.622954
v -0.979783 -0.244957 -0.993204
v -0.979783 -0.204957 -1.000954
v -0.979783 -0.204957 -1.000954
v -0.979783 0.507053 -0.336454
v -0.979783 0.507053 -0.336454
v -0.979783 0.278367 -0.871049
v -0.979783 0.277403 -0.870060
v -0.979783 0.277403 -0.870060
v -0.979783 0.197265 -0.869214
v -0.979783 0.197265 -0.942434
v -0.979783 0.194896 -0.864361
v -0.979783 0.196014 -0.864923
v -0.979783 -0.494957 -1.050954
v -0.979783 -0.494957 -1.050954
v -0.977783 -0.494957 -1.050954
v -0.977783 -0.494957 -1.050954
v -0.979783 0.242346 -0.894470
v -0.979783 0.243034 -0.891805
v -0.979783 -0.394957 -1.100954
v -0.979783 -0.394957 -1.100954
v -0.977783 -0.394957 -1.100954
v -0.977783 -0.394957 -1.100954
v -0.979783 -0.394957 -1.000954
v -0.979783 -0.394957 -1.000954
v -0.977783 -0.394957 -1.000954
v -0.977783 -0.394957 -1.000954
v -0.979783 -0.394957 -1.060954
v -0.979783 -0.394957 -1.060954
v -0.979783 -0.354957 -1.060954
v -0.979783 -0.354957 -1.060954
v -0.979783 -0.702457 -1.408964
v -0.979783 -0.394957 -0.993204
v -0.979783 -0.354957 -1.000954
v -0.979783 -0.354957 -1.000954
v -0.979783 -0.454957 -1.050954
v -0.979783 -0.454957 -1.050954
v -0.977783 -0.454957 -1.050954
v -0.977783 -0.454957 -1.050954
v -0.979783 -0.494957 -1.000954
v -0.979783 -0.494957 -1.000954
v -0.979783 -0.494957 -0.960954
v -0.979783 -0.494957 -0.960954
v -0.977783 -0.394957 -1.060954
v -0.977783 -0.394957 -1.060954
v -0.979783 0.190321 -0.952091
v -0.979783 0.190491 -0.950717
v -0.979783 0.144113 -0.869511
v -0.979783 0.142491 -0.865134
v -0.979783 0.280279 -0.873175
v -0.979783 0.281793 -0.873931
v -0.979783 0.278689 -0.871471
v -0.979783 0.240495 -0.909665
v -0.979783 0.242520 -0.912593
v -0.979783 0.237767 -0.908279
v -0.979783 0.190828 -0.861959
v -0.979783 0.191546 -0.862843
v -0.979783 0.273286 -0.893853
v -0.979783 0.268620 -0.899097
v -0.979783 0.273566 -0.921114
v -0.979783 0.268685 -0.913268
v -0.979783 0.260462 -0.902941
v -0.979783 0.251584 -0.904717
v -0.979783 0.251584 -0.904717
v -0.979783 0.236892 -0.856822
v -0.979783 0.238492 -0.858262
v -0.979783 0.238492 -0.858262
v -0.979783 1.131239 -1.739954
v -0.979783 1.131239 -1.739954
v -0.979783 1.129043 -1.742151
v -0.979783 0.810043 -1.308954
v -0.979783 0.817543 -1.310964
v -0.979783 0.105317 -0.946362
v -0.979783 0.117541 -0.954708
v -0.979783 0.229210 -0.955954
v -0.979783 0.229210 -0.955954
v -0.979783 0.229210 -0.869800
v -0.977783 1.131239 -1.739954
v -0.977783 1.131239 -1.739954
v -0.979783 0.104644 -0.866241
v -0.979783 0.093453 -0.884529
v -0.979783 0.137543 -0.854001
v -0.979783 0.137543 -0.854001
v -0.979783 0.137543 -0.862009
v -0.979783 0.137543 -0.862009
v -0.979783 0.127569 -0.947410
v -0.979783 0.125839 -0.944781
v -0.979783 0.250456 -0.955368
v -0.979783 0.258368 -0.953594
v -0.979783 -0.699957 -1.736954
v -0.979783 -0.702957 -1.736151
v -0.979783 -0.702957 -1.736151
v -0.979783 -0.696957 -1.736151
v -0.979783 -0.556060 -1.733204
v -0.979783 -0.556060 -1.733204
v -0.977783 -0.556060 -1.733204
v -0.977783 -0.556060 -1.733204
v -0.979783 1.100043 -1.742954
v -0.979783 1.038543 -1.742954
v -0.979783 -0.557707 -1.734851
v -0.979783 -0.555457 -1.730954
v -0.979783 -0.555457 -1.730954
v -0.979783 1.126043 -1.742954
v -0.979783 -0.884957 -0.833954
v -0.979783 -0.884957 -0.833954
v -0.979783 -0.886967 -0.826454
v -0.979783 -0.664457 -1.742954
v -0.979783 -0.765457 -1.742954
v -0.977783 -0.884957 -0.833954
v -0.977783 -0.884957 -0.833954
v -0.979783 -0.049957 -0.358954
v -0.979783 -0.057457 -0.356945
v -0.979783 -0.057457 -0.356945
v -0.979783 -0.857815 -0.274812
v -0.979783 -0.853479 -0.281301
v -0.979783 0.695043 -1.323954
v -0.979783 0.695043 -1.323954
v -0.979783 0.697053 -1.331454
v -0.979783 0.710043 -1.308954
v -0.979783 0.702543 -1.310964
v -0.979783 0.702543 -1.310964
v -0.979783 0.520043 -1.338954
v -0.979783 0.512543 -1.336945
v -0.979783 0.512543 -1.336945
v -0.979783 0.817543 -1.434945
v -0.979783 0.823034 -1.429454
v -0.979783 0.810043 -1.436954
v -0.977783 0.695043 -1.323954
v -0.977783 0.695043 -1.323954
v -0.979783 0.512543 -1.310964
v -0.979783 0.512543 -1.310964
v -0.979783 0.507053 -1.316454
v -0.979783 0.823034 -1.414454
v -0.979783 0.817543 -1.408964
v -0.979783 0.633034 -1.429454
v -0.979783 0.635043 -1.421954
v -0.979783 0.635043 -1.421954
v -0.979783 0.823034 -1.233454
v -0.979783 0.823034 -1.233454
v -0.977783 0.823034 -1.233454
v -0.977783 0.823034 -1.233454
v -0.979783 0.695043 -1.421954
v -0.979783 0.697053 -1.429454
v -0.979783 0.697053 -1.429454
v -0.979783 0.710043 -1.406954
v -0.979783 0.702543 -1.408964
v -0.979783 0.507053 -1.414454
v -0.979783 0.507053 -1.414454
v -0.979783 0.512543 -1.434945
v -0.979783 0.507053 -1.429454
v -0.979783 0.507053 -1.429454
v -0.979783 0.825043 -1.225954
v -0.979783 0.823034 -1.218454
v -0.979783 -1.075457 -1.730954
v -0.979783 -1.075457 -1.730954
v -0.979783 -1.076060 -1.728704
v -0.979783 -1.076060 -1.728704
v -0.979783 -1.076060 -1.733204
v -0.979783 -1.076060 -1.733204
v -0.979783 -1.083854 -1.728704
v -0.979783 -1.082207 -1.727057
v -0.979783 -1.082207 -1.727057
v -0.979783 -1.131153 -1.739954
v -0.979783 -1.131153 -1.739954
v -0.977783 -1.131153 -1.739954
v -0.977783 -1.131153 -1.739954
v -0.979782 1.129043 -0.219758
v -0.979782 1.129043 -0.219758
v -0.977782 1.129043 -0.219758
v -0.977782 1.129043 -0.219758
v -0.979783 -1.083854 -1.733204
v -0.979783 -1.082207 -1.734851
v -0.979783 -1.082207 -1.734851
v -0.977783 -1.075457 -1.730954
v -0.977783 -1.075457 -1.730954
v -0.979782 -1.131957 -0.224954
v -0.979782 -1.083854 -0.228704
v -0.979782 -1.082207 -0.227057
v -0.979782 -1.082207 -0.227057
v -0.979783 0.825043 -1.323954
v -0.979783 0.825043 -1.323954
v -0.977783 0.825043 -1.323954
v -0.977783 0.825043 -1.323954
v -0.979782 -1.075457 -0.230954
v -0.979782 -1.075457 -0.230954
v -0.979782 -1.076060 -0.228704
v -0.979783 0.627543 -1.310964
v -0.979783 0.627543 -1.310964
v -0.977783 0.627543 -1.310964
v -0.977783 0.627543 -1.310964
v -0.979782 -1.083854 -0.233204
v -0.979782 -1.082207 -0.234851
v -0.979782 -1.082207 -0.234851
v -0.979783 0.620043 -1.308954
v -0.979782 -1.077707 -0.234851
v -0.979782 -1.077707 -0.234851
v -0.977782 -1.077707 -0.234851
v -0.977782 -1.077707 -0.234851
v -0.979783 0.446647 -0.940708
v -0.979783 0.447265 -0.936770
v -0.979783 0.441231 -0.911836
v -0.979783 0.444444 -0.913680
v -0.979783 0.391710 -0.952091
v -0.979783 0.391880 -0.950717
v -0.979783 0.339083 -0.957918
v -0.979783 0.353388 -0.954704
v -0.979783 0.338932 -0.957929
v -0.979783 0.338932 -0.957929
v -0.979783 0.441375 -0.864325
v -0.979783 0.444857 -0.866588
v -0.979783 0.444857 -0.866588
v -0.979783 0.479210 -0.931649
v -0.979783 0.477127 -0.922047
v -0.979783 0.391763 -0.859083
v -0.979783 0.391710 -0.859752
v -0.979783 0.462972 -0.909920
v -0.979783 0.454036 -0.907473
v -0.979783 0.454036 -0.907473
v -0.979783 0.377467 -0.884536
v -0.979783 0.380599 -0.905846
v -0.979783 0.392684 -0.949179
v -0.979783 0.392684 -0.949179
v -0.977783 0.392684 -0.949179
v -0.977783 0.392684 -0.949179
v -0.979783 0.397830 -0.865503
v -0.979783 0.398513 -0.867293
v -0.979783 0.398516 -0.944398
v -0.979783 0.397830 -0.946232
v -0.979783 0.394423 -0.948077
v -0.979783 0.333377 -0.854001
v -0.979783 0.333377 -0.854001
v -0.979783 0.333377 -0.862009
v -0.979783 0.333377 -0.862009
v -0.979783 0.471419 -0.862595
v -0.979783 0.459313 -0.857073
v -0.979783 0.437543 -0.903697
v -0.979783 0.437543 -0.903697
v -0.977783 0.437543 -0.903697
v -0.977783 0.437543 -0.903697
v -0.979783 0.318588 -0.857642
v -0.979783 0.437543 -0.911271
v -0.979783 0.437543 -0.911271
v -0.979783 0.295062 -0.927697
v -0.979783 0.306706 -0.946362
v -0.979783 0.291710 -0.905846
v -0.979783 -0.394957 -0.960954
v -0.979783 -0.394957 -0.960954
v -0.977783 -0.394957 -0.960954
v -0.977783 -0.394957 -0.960954
v -0.979783 0.477116 -0.941300
v -0.979783 0.437239 -0.955954
v -0.979783 0.437239 -0.955954
v -0.977783 0.437239 -0.955954
v -0.977783 0.437239 -0.955954
v -0.979783 0.341754 -0.863030
v -0.979783 0.343880 -0.865134
v -0.979783 0.327228 -0.944781
v -0.979783 0.326432 -0.939526
v -0.979783 -0.702457 -0.624964
v -0.979783 -0.702457 -0.624964
v -0.977783 -0.702457 -0.624964
v -0.977783 -0.702457 -0.624964
v -0.979783 -0.694957 -0.637954
v -0.979783 -0.694957 -0.637954
v -0.979783 -0.696967 -0.630454
v -0.979783 -0.696967 -0.645454
v -0.979783 -0.822947 -0.743454
v -0.979783 -0.822947 -0.743454
v -0.977783 -0.822947 -0.743454
v -0.977783 -0.822947 -0.743454
v -0.979783 -0.696967 -0.826454
v -0.979783 -0.702457 -0.820964
v -0.979783 -0.702457 -0.820964
v -0.977783 -0.694957 -0.637954
v -0.977783 -0.694957 -0.637954
v -0.979783 -0.709957 -0.622954
v -0.979783 -0.824957 -0.637954
v -0.979783 -0.822947 -0.645454
v -0.979783 -0.822947 -0.645454
v -0.979783 -0.702457 -0.944945
v -0.979783 -0.702457 -0.944945
v -0.977783 -0.702457 -0.944945
v -0.977783 -0.702457 -0.944945
v -0.979783 -0.702457 -0.650945
v -0.979783 -0.702457 -0.918964
v -0.979783 -0.702457 -0.918964
v -0.977783 -0.702457 -0.918964
v -0.977783 -0.702457 -0.918964
v -0.979783 -0.809957 -0.720954
v -0.979783 -0.817457 -0.722964
v -0.979783 -0.696967 -0.939454
v -0.979783 -0.709957 -0.916954
v -0.979783 0.512543 -1.604964
v -0.979783 0.507053 -1.610454
v -0.979783 0.507053 -1.610454
v -0.979783 -0.702457 -1.042945
v -0.979783 -0.696966 -1.037454
v -0.979783 -0.696966 -1.037454
v -0.979783 -0.817457 -1.016964
v -0.979783 -0.822947 -1.022454
v -0.979783 -0.822947 -1.022454
v -0.979783 -0.694957 -1.225954
v -0.979783 -0.696966 -1.233454
v -0.979783 -0.696966 -1.233454
v -0.979783 -0.696967 -1.120454
v -0.979783 -0.702457 -1.114964
v -0.979783 -0.824957 -1.225954
v -0.979783 -0.824957 -1.225954
v -0.979783 -0.822947 -1.233454
v -0.979783 -0.822947 -1.218454
v -0.979783 -0.817457 -1.212964
v -0.979783 -0.817457 -1.212964
v -0.977783 -0.817457 -1.212964
v -0.977783 -0.817457 -1.212964
v -0.979783 -0.817457 -1.114964
v -0.979783 -0.822947 -1.120454
v -0.979783 -0.822947 -1.120454
v -0.979783 -0.702457 -1.140945
v -0.979783 -0.702457 -1.140945
v -0.979783 -0.709957 -1.142954
v -0.979783 -0.822947 -1.135454
v -0.979783 -0.817457 -1.140945
v -0.979783 0.635043 -1.519954
v -0.979783 0.635043 -1.519954
v -0.977783 0.635043 -1.519954
v -0.977783 0.635043 -1.519954
v -0.979783 0.817543 -1.532945
v -0.979783 0.817543 -1.532945
v -0.979783 0.823034 -1.527454
v -0.979783 0.512543 -1.506964
v -0.979783 0.512543 -1.506964
v -0.977783 0.512543 -1.506964
v -0.977783 0.512543 -1.506964
v -0.979783 0.710043 -1.504954
v -0.979783 0.702543 -1.506964
v -0.979783 0.512543 -1.532945
v -0.979783 0.512543 -1.532945
v -0.977783 0.512543 -1.532945
v -0.977783 0.512543 -1.532945
v -0.979783 0.817543 -1.506964
v -0.979783 0.810043 -1.504954
v -0.979783 0.507053 -1.512454
v -0.979783 0.507053 -1.512454
v -0.979783 0.507053 -1.527454
v -0.979783 0.823034 -1.625454
v -0.979783 0.823034 -1.625454
v -0.979783 0.825043 -1.617954
v -0.979783 0.825043 -1.617954
v -0.979783 0.810043 -1.632954
v -0.979783 0.710043 -1.632954
v -0.979783 0.810043 -1.602954
v -0.979783 0.817543 -1.604964
v -0.979783 0.817543 -1.604964
v -0.977783 0.823034 -1.625454
v -0.977783 0.823034 -1.625454
v -0.979783 0.710043 -1.602954
v -0.979783 0.702543 -1.604964
v -0.979783 0.512543 -1.630945
v -0.979783 0.507053 -1.625454
v -0.979783 0.507053 -1.625454
v -0.979783 0.635043 -1.617954
v -0.979783 0.633034 -1.610454
v -0.979783 0.810043 -1.142954
v -0.979783 0.710043 -1.142954
v -0.979783 0.817543 -1.114964
v -0.979783 0.817543 -1.114964
v -0.979783 0.810043 -1.112954
v -0.979783 0.633034 -1.233454
v -0.979783 0.635043 -1.225954
v -0.979783 0.635043 -1.225954
v -0.979783 0.817543 -1.140945
v -0.979783 0.823034 -1.135454
v -0.977783 0.817543 -1.114964
v -0.977783 0.817543 -1.114964
v -0.979783 0.633034 -1.218454
v -0.979783 0.627543 -1.212964
v -0.979783 0.627543 -1.212964
v -0.977783 0.627543 -1.212964
v -0.977783 0.627543 -1.212964
v -0.979783 0.627543 -1.114964
v -0.979783 0.627543 -1.114964
v -0.979783 0.620043 -1.112954
v -0.979783 0.507053 -1.233454
v -0.979783 0.507053 -1.233454
v -0.977783 0.507053 -1.233454
v -0.977783 0.507053 -1.233454
v -0.979783 0.620043 -1.210954
v -0.979783 0.635043 -1.127954
v -0.979783 0.635043 -1.127954
v -0.977783 0.635043 -1.127954
v -0.977783 0.635043 -1.127954
v -0.979783 0.505043 -1.127954
v -0.979783 0.505043 -1.127954
v -0.979783 0.507053 -1.135454
v -0.979783 0.507053 -1.135454
v -0.977783 0.627543 -1.114964
v -0.977783 0.627543 -1.114964
v -0.977783 -0.454957 -0.950954
v -0.977783 -0.454957 -0.950954
v -0.977783 -0.204957 -0.900954
v -0.977783 -0.204957 -0.900954
v -0.977783 1.007543 -0.944945
v -0.977783 1.007543 -0.944945
v -0.977783 1.000043 -0.946954
v -0.979783 -0.050022 -0.948077
v -0.979783 0.081988 -0.922491
v -0.977783 0.066949 -0.936976
v -0.977783 0.070095 -0.931019
v -0.977783 0.081205 -0.955984
v -0.977783 0.080009 -0.956930
v -0.977783 0.081310 -0.884552
v -0.977783 0.081310 -0.884552
v -0.977783 0.437239 -0.863658
v -0.977783 0.437239 -0.863658
v -0.977783 0.441375 -0.864325
v -0.977783 0.892543 -0.846945
v -0.977783 0.892543 -0.846945
v -0.977783 0.887053 -0.841454
v -0.977783 0.900043 -0.848954
v -0.977783 0.887053 -0.630454
v -0.977783 1.013034 -0.630454
v -0.977783 1.000043 -0.622954
v -0.977783 1.007543 -0.650945
v -0.977783 1.007543 -0.650945
v -0.977783 1.013034 -0.645454
v -0.977783 -0.627457 -1.506964
v -0.977783 -0.619957 -1.504954
v -0.977783 0.330043 -0.622954
v -0.977783 0.430043 -0.622954
v -0.977783 1.122293 -0.727057
v -0.977783 1.122293 -0.727057
v -0.977783 1.123940 -0.728704
v -0.977783 1.123940 -0.728704
v -0.979783 -0.329957 -1.406954
v -0.979783 -0.429957 -1.406954
v -0.977783 1.000043 -0.818954
v -0.977783 0.885043 -0.735954
v -0.977783 0.885043 -0.735954
v -0.977783 0.887053 -0.743454
v -0.977783 0.125043 -0.735954
v -0.977783 0.127053 -0.743454
v -0.977783 0.127053 -0.743454
v -0.977783 0.127053 -0.728454
v -0.977783 0.255043 -0.735954
v -0.977783 0.253034 -0.728454
v -0.977783 0.127053 -0.630454
v -0.977783 0.132543 -0.624964
v -0.977783 0.132543 -0.624964
v -0.977783 -0.329957 -0.720954
v -0.977783 -0.322457 -0.722964
v -0.977783 -0.437457 -0.722964
v -0.977783 -0.429957 -0.720954
v -0.977783 -0.437457 -0.650945
v -0.977783 -0.429957 -0.652954
v -0.977783 -0.437457 -0.624964
v -0.977783 -0.437457 -0.624964
v -0.977783 -0.429957 -0.622954
v -0.977783 0.315043 -0.735954
v -0.977783 0.317053 -0.728454
v -0.977783 0.437543 -0.650945
v -0.977783 0.430043 -0.652954
v -0.977783 0.437543 -0.624964
v -0.977783 0.445043 -0.735954
v -0.977783 0.443034 -0.743454
v -0.977783 0.443034 -0.743454
v -0.977783 0.247543 -0.650945
v -0.977783 0.132543 -0.722964
v -0.977783 0.132543 -0.722964
v -0.977783 0.140043 -0.720954
v -0.977783 0.140043 -0.622954
v -0.977783 0.240043 -0.622954
v -0.977783 -0.619957 -0.622954
v -0.977783 -0.519957 -0.622954
v -0.977783 -0.632947 -0.645454
v -0.977783 -0.506966 -0.728454
v -0.977783 -0.506966 -0.728454
v -0.977783 -0.512457 -0.722964
v -0.977783 -0.512457 -0.624964
v -0.977783 -0.506966 -0.630454
v -0.977783 -0.506966 -0.630454
v -0.977783 0.443034 -1.512454
v -0.977783 0.443034 -1.512454
v -0.977783 0.437543 -1.506964
v -0.977783 -0.892457 -0.820964
v -0.977783 -0.899957 -0.818954
v -0.977783 -0.999957 -0.818954
v -0.977783 -0.899957 -0.848954
v -0.977783 -0.999957 -0.848954
v -0.977783 -0.316966 -0.630454
v -0.977783 -0.314957 -0.637954
v -0.977783 -0.519957 -0.652954
v -0.977783 -0.512457 -0.650945
v -0.977783 -0.519957 -0.750954
v -0.977783 -0.512457 -0.748945
v -0.977783 -0.627457 -0.748945
v -0.977783 -0.627457 -0.748945
v -0.977783 -0.632947 -0.743454
v -0.977783 -0.619957 -0.848954
v -0.977783 -0.627457 -0.846945
v -0.977783 -0.627457 -0.846945
v -0.977783 -0.619957 -0.652954
v -0.977783 -1.122207 -0.734851
v -0.977783 0.247543 -1.506964
v -0.977783 0.240043 -1.504954
v -0.977783 1.007543 -0.918964
v -0.977783 1.007543 -0.918964
v -0.977783 1.000043 -0.916954
v -0.977783 0.900043 -0.946954
v -0.977783 1.013034 -0.939454
v -0.977783 0.253034 -1.527454
v -0.977783 0.253034 -1.527454
v -0.977783 0.247543 -1.532945
v -0.977783 0.247543 -1.532945
v -0.977783 -0.999957 -0.622954
v -0.977783 -0.899957 -0.622954
v -0.977783 -0.886967 -0.728454
v -0.977783 -0.884957 -0.735954
v -0.977783 -0.884957 -0.735954
v -0.977783 -0.892457 -0.722964
v -0.977783 -0.892457 -0.722964
v -0.977783 -0.892457 -0.624964
v -0.977783 -0.892457 -0.624964
v -0.977783 -0.886967 -0.630454
v -0.977783 -1.012947 -0.826454
v -0.977783 -1.007457 -0.820964
v -0.977783 -1.012947 -0.630454
v -0.977783 -1.007457 -0.624964
v -0.977783 -1.007457 -0.624964
v -0.977783 -1.014957 -0.637954
v -0.977783 -1.014957 -0.637954
v -0.977783 -1.116060 -0.733204
v -0.977783 -1.116060 -0.733204
v -0.977783 -0.627457 -0.356945
v -0.977783 -0.627457 -0.356945
v -0.977783 -0.619957 -0.358954
v -0.977783 -0.634957 -0.343954
v -0.977783 -0.634957 -0.343954
v -0.977783 -0.632947 -0.336454
v -0.977783 -0.632947 -0.351454
v -0.977783 0.887053 -0.449454
v -0.977783 0.892543 -0.454945
v -0.977783 0.892543 -0.454945
v -0.977783 1.013034 -0.434454
v -0.977783 1.007543 -0.428964
v -0.977783 1.007543 -0.428964
v -0.977783 0.430043 -0.426954
v -0.977783 0.437543 -0.428964
v -0.977783 0.437543 -0.428964
v -0.977783 0.437543 -0.454945
v -0.977783 0.430043 -0.456954
v -0.977783 0.127053 -0.351454
v -0.977783 0.132543 -0.356945
v -0.977783 0.132543 -0.356945
v -0.977783 -0.329957 -0.358954
v -0.977783 -0.429957 -0.358954
v -0.977783 -0.314957 -0.343954
v -0.977783 -0.322457 -0.356945
v -0.977783 -0.436465 -0.357469
v -0.977783 -0.441684 -0.353307
v -0.977783 -0.322457 -0.330964
v -0.977783 -0.322457 -0.330964
v -0.977783 -0.316966 -0.336454
v -0.977783 -0.316966 -0.336454
v -0.977783 -0.512457 -0.356945
v -0.977783 -0.512457 -0.356945
v -0.977783 -0.519957 -0.358954
v -0.977783 -0.519957 -0.456954
v -0.977783 -0.619957 -0.456954
v -0.977783 -0.506966 -0.449454
v -0.977783 -0.506966 -0.449454
v -0.977783 -0.512457 -0.454945
v -0.977783 -0.999957 -0.456954
v -0.977783 -1.006465 -0.455469
v -0.977783 0.322543 -0.454945
v -0.977783 0.330043 -0.456954
v -0.977783 -0.429957 -0.426954
v -0.977783 0.885043 -0.539954
v -0.977783 0.892543 -0.526964
v -0.977783 0.443034 -0.532454
v -0.977783 0.443034 -0.532454
v -0.977783 0.437543 -0.526964
v -0.977783 0.317053 -0.532454
v -0.977783 0.315043 -0.539954
v -0.977783 0.315043 -0.539954
v -0.977783 0.322543 -0.526964
v -0.977783 0.240043 -0.554954
v -0.977783 0.140043 -0.554954
v -0.977783 0.132543 -0.526964
v -0.977783 0.140043 -0.524954
v -0.977783 0.253034 -0.532454
v -0.977783 0.253034 -0.532454
v -0.977783 0.255043 -0.539954
v -0.977783 0.127053 -0.547454
v -0.977783 0.127053 -0.547454
v -0.977783 0.125043 -0.539954
v -0.977783 -1.011684 -0.432602
v -0.977783 -1.006465 -0.428440
v -0.977783 1.117793 -0.477057
v -0.977783 1.117793 -0.477057
v -0.977783 1.120043 -0.476454
v -0.977783 1.116146 -0.478704
v -0.977783 1.116146 -0.478704
v -0.977783 1.122293 -0.484851
v -0.977783 1.122293 -0.484851
v -0.977783 1.120043 -0.485454
v -0.977783 1.120043 -0.485454
v -0.977783 1.007543 -0.552945
v -0.977783 1.007543 -0.552945
v -0.977783 1.000043 -0.554954
v -0.977783 1.013034 -0.547454
v -0.977783 1.007543 -0.526964
v -0.977783 1.007543 -0.526964
v -0.977783 1.013034 -0.532454
v -0.977783 1.000043 -0.524954
v -0.977783 -1.007457 -0.552945
v -0.977783 -1.007457 -0.552945
v -0.977783 -0.999957 -0.554954
v -0.977783 -0.886967 -0.547454
v -0.977783 -0.892457 -0.552945
v -0.977783 -0.892457 -0.552945
v -0.977783 -0.892457 -0.526964
v -0.977783 -0.886967 -0.532454
v -0.977783 -0.899957 -0.524954
v -0.977783 -1.124457 -0.480954
v -0.977783 -1.123854 -0.478704
v -0.977783 -1.123854 -0.478704
v -0.977783 -1.117707 -0.484851
v -0.977783 -1.117707 -0.484851
v -0.977783 -1.117707 -0.477057
v -0.977783 -1.116060 -0.478704
v -0.977783 -1.116060 -0.478704
v -0.977783 -0.322457 -0.552945
v -0.977783 -0.322457 -0.552945
v -0.977783 -0.329957 -0.554954
v -0.977783 -0.322457 -0.526964
v -0.977783 -0.329957 -0.524954
v -0.977783 -0.444957 -0.539954
v -0.977783 -0.444957 -0.539954
v -0.977783 -0.442947 -0.547454
v -0.977783 -0.619957 -0.524954
v -0.977783 -0.519957 -0.524954
v -0.979783 0.823034 -0.743454
v -0.977783 -0.634957 -0.539954
v -0.977783 1.000043 -1.632954
v -0.977783 0.900043 -1.632954
v -0.977783 -0.506966 -0.532454
v -0.977783 -0.506966 -0.532454
v -0.977783 -0.504957 -0.539954
v -0.977783 -0.504957 -0.539954
v -0.977783 -0.899957 -0.554954
v -0.977782 0.276146 -0.233204
v -0.977782 0.280043 -0.226454
v -0.977782 0.277793 -0.227057
v -0.977782 0.277793 -0.227057
v -0.977782 0.282293 -0.227057
v -0.977782 0.282293 -0.227057
v -0.977782 -0.002207 -0.234851
v -0.977782 -0.002207 -0.234851
v -0.977782 -0.003854 -0.233204
v -0.977782 -0.279957 -0.226454
v -0.977782 -0.277707 -0.227057
v -0.977782 -0.277707 -0.227057
v -0.977782 -0.283854 -0.233204
v -0.977782 -0.284457 -0.230954
v -0.977782 -0.284457 -0.230954
v -0.977782 0.557793 -0.227057
v -0.977782 0.557793 -0.227057
v -0.977782 0.560043 -0.226454
v -0.977782 0.562293 -0.234851
v -0.977782 0.562293 -0.234851
v -0.977782 0.560043 -0.235454
v -0.977782 0.283940 -0.228704
v -0.977783 1.132043 -1.568954
v -0.977783 1.132043 -1.495204
v -0.977783 0.322543 -0.330964
v -0.977783 0.330043 -0.328954
v -0.977783 -0.442947 -1.610454
v -0.977783 -0.437457 -1.604964
v -0.977783 -0.437457 -1.604964
v -0.977783 0.437543 -0.330964
v -0.977783 0.430043 -0.328954
v -0.977783 0.322543 -0.356945
v -0.977783 0.322543 -0.356945
v -0.977783 0.330043 -0.358954
v -0.977782 -0.556060 -0.228704
v -0.977782 -0.844457 -0.230954
v -0.977782 -0.844457 -0.230954
v -0.977782 -0.839957 -0.226454
v -0.977783 -0.835457 -1.730954
v -0.977783 -0.836060 -1.733204
v -0.977783 -0.836060 -1.733204
v -0.977783 -0.868457 -1.742954
v -0.977783 -0.848207 -1.742954
v -0.977783 -0.842207 -1.734851
v -0.977783 -0.843854 -1.733204
v -0.977783 -0.843854 -1.733204
v -0.977783 -0.839957 -1.735454
v -0.977783 1.062043 -0.288954
v -0.977783 1.062043 -0.298954
v -0.977783 1.059364 -0.388954
v -0.977783 1.052043 -0.396275
v -0.977783 1.052043 -0.396275
v -0.977783 0.852043 -0.288954
v -0.977783 0.853566 -0.281301
v -0.977783 0.864390 -0.270477
v -0.977783 0.857901 -0.274812
v -0.977783 -0.563854 -1.728704
v -0.977783 -0.563854 -1.728704
v -0.977783 -0.562207 -1.727057
v -0.977783 -0.564457 -1.730954
v -0.977783 -0.557707 -1.734851
v -0.977783 -0.705153 -1.727954
v -0.977783 -0.705153 -1.727954
v -0.977783 -0.702957 -1.725758
v -0.977783 -0.702957 -1.725758
v -0.977783 -0.694761 -1.727954
v -0.977783 -0.693957 -1.730954
v -0.977783 -0.693957 -1.730954
v -0.977783 -0.705957 -1.730954
v -0.977783 -1.051957 -0.396275
v -0.977783 -1.059277 -0.388954
v -0.977783 -0.864303 -0.270477
v -0.977783 -0.857815 -0.274812
v -0.977782 0.835543 -0.230954
v -0.977782 0.836146 -0.228704
v -0.977782 1.080043 -0.235454
v -0.977782 1.077793 -0.234852
v -0.977783 -0.354957 -1.060954
v -0.977783 -0.354957 -1.060954
v -0.977782 1.076146 -0.228704
v -0.977782 1.077793 -0.227057
v -0.977782 1.077793 -0.227057
v -0.977783 0.083377 -0.880499
v -0.977783 0.083377 -0.880499
v -0.977783 0.082743 -0.883037
v -0.977783 0.075682 -0.956791
v -0.977783 0.075682 -0.956791
v -0.977783 0.077351 -0.957317
v -0.977783 0.052821 -0.854001
v -0.977783 0.052821 -0.854001
v -0.977783 0.064557 -0.856747
v -0.977783 0.014627 -0.941697
v -0.977783 0.005543 -0.924254
v -0.977783 0.045877 -0.854001
v -0.977783 0.045877 -0.854001
v -0.977783 0.045877 -0.862877
v -0.977783 0.045877 -0.862877
v -0.977783 0.338932 -0.957929
v -0.977783 0.338932 -0.957929
v -0.977783 0.338932 -0.957897
v -0.977783 0.071070 -0.873128
v -0.977783 0.064887 -0.867217
v -0.977783 0.080664 -0.918346
v -0.977783 0.081736 -0.920277
v -0.977783 0.002821 -0.904717
v -0.977783 0.002900 -0.900659
v -0.977783 0.471419 -0.862595
v -0.977783 0.478403 -0.871173
v -0.977783 0.470985 -0.949032
v -0.977783 0.458929 -0.954567
v -0.977783 0.441516 -0.946957
v -0.977783 0.444987 -0.944322
v -0.977783 0.437239 -0.947903
v -0.977783 0.437239 -0.947903
v -0.977783 0.447265 -0.936770
v -0.977783 0.447265 -0.919713
v -0.977783 0.441230 -0.902909
v -0.977783 0.306033 -0.866241
v -0.977783 0.318588 -0.857642
v -0.977783 0.398654 -0.942434
v -0.977783 0.398654 -0.869214
v -0.977783 0.471072 -0.914331
v -0.977783 0.462972 -0.909920
v -0.977783 0.480599 -0.882039
v -0.977783 0.444444 -0.913680
v -0.977783 0.441231 -0.911836
v -0.977783 0.446375 -0.916455
v -0.977783 0.444357 -0.900854
v -0.977783 0.446814 -0.896493
v -0.977783 -0.316966 -1.512454
v -0.977783 -0.316966 -1.512454
v -0.977783 -0.322457 -1.506964
v -0.977783 -0.519957 -1.534954
v -0.977783 -0.619957 -1.534954
v -0.977783 -0.442947 -1.527454
v -0.977783 -0.442947 -1.527454
v -0.977783 -0.437457 -1.532945
v -0.977783 -0.437457 -1.532945
v -0.977783 -0.506966 -1.512454
v -0.977783 -0.506966 -1.512454
v -0.977783 -0.512457 -1.506964
v -0.977783 -0.892457 -1.532945
v -0.977783 -0.892457 -1.532945
v -0.977783 -0.899957 -1.534954
v -0.977783 -0.632947 -1.512454
v -0.977783 0.430043 -1.534954
v -0.977783 0.330043 -1.534954
v -0.977783 0.317053 -1.527454
v -0.977783 0.315043 -1.519954
v -0.977783 0.445043 -1.519954
v -0.977783 0.132543 -1.532945
v -0.977783 0.132543 -1.532945
v -0.977783 0.140043 -1.534954
v -0.977783 0.132543 -1.506964
v -0.977783 0.140043 -1.504954
v -0.977783 0.445043 -1.323954
v -0.977783 0.443034 -1.316454
v -0.977783 0.443034 -1.316454
v -0.977783 0.253034 -1.512454
v -0.977783 0.253034 -1.512454
v -0.977783 0.443034 -1.625454
v -0.977783 0.443034 -1.625454
v -0.977783 0.445043 -1.617954
v -0.977783 0.437543 -1.630945
v -0.977783 0.430043 -1.632954
v -0.977783 0.322543 -1.630945
v -0.977783 0.317053 -1.625454
v -0.977783 0.317053 -1.625454
v -0.977783 0.330043 -1.632954
v -0.977783 0.255043 -1.617954
v -0.977783 0.253034 -1.625454
v -0.977783 0.253034 -1.625454
v -0.977783 0.127053 -1.625454
v -0.977783 0.127053 -1.625454
v -0.977783 0.132543 -1.630945
v -0.977783 -1.007457 -1.140945
v -0.977783 -1.007457 -1.140945
v -0.977783 -0.999957 -1.142954
v -0.977783 -0.886967 -1.527454
v -0.977783 -0.892457 -1.506964
v -0.977783 -0.899957 -1.504954
v -0.977783 -1.014957 -1.519954
v -0.977783 -1.014957 -1.519954
v -0.977783 -1.012947 -1.512454
v -0.977783 -1.012947 -1.527454
v -0.977783 -1.012947 -1.527454
v -0.977783 1.007543 -1.604964
v -0.977783 1.000043 -1.602954
v -0.977783 0.330043 -1.602954
v -0.977783 0.430043 -1.602954
v -0.977783 1.013034 -1.625454
v -0.977783 1.015043 -1.617954
v -0.977783 1.015043 -1.617954
v -0.977783 1.007543 -1.630945
v -0.977783 -1.007457 -1.630945
v -0.977783 -1.007457 -1.630945
v -0.977783 -1.012947 -1.625454
v -0.977783 -0.999957 -1.632954
v -0.977783 -1.012947 -1.610454
v -0.977783 -1.007457 -1.604964
v -0.977783 -1.007457 -1.604964
v -0.977783 1.082293 -1.727057
v -0.977783 1.082293 -1.727057
v -0.977783 1.083940 -1.728704
v -0.977783 1.083940 -1.733204
v -0.977783 1.082293 -1.734852
v -0.977783 1.082293 -1.734852
v -0.977783 0.836146 -1.728704
v -0.977783 0.837793 -1.727057
v -0.977783 0.837793 -1.727057
v -0.977783 1.076146 -1.728704
v -0.977783 1.077793 -1.727057
v -0.977783 1.077793 -1.727057
v -0.977783 0.843940 -1.728704
v -0.977783 0.844543 -1.730954
v -0.977783 0.844543 -1.730954
v -0.977783 0.842293 -1.727057
v -0.977783 0.842293 -1.727057
v -0.977783 0.840043 -1.726454
v -0.977783 -0.314957 -1.617954
v -0.977783 -0.316966 -1.610454
v -0.977783 -0.316966 -1.610454
v -0.977783 -0.512457 -1.630945
v -0.977783 -0.519957 -1.632954
v -0.977783 -0.634957 -1.617954
v -0.977783 -0.632947 -1.610454
v -0.977783 -0.632947 -1.610454
v -0.977783 -0.632947 -1.625454
v -0.977783 -0.886967 -1.610454
v -0.977783 -0.892457 -1.604964
v -0.977783 -0.892457 -1.604964
v -0.979783 0.276405 -0.869858
v -0.979783 0.276584 -0.869843
v -0.977783 0.283940 -1.733204
v -0.977783 0.282293 -1.734852
v -0.977783 0.282293 -1.734852
v -0.977783 0.284543 -1.730954
v -0.977783 0.284543 -1.730954
v -0.977783 0.277793 -1.734852
v -0.977783 0.277793 -1.734852
v -0.977783 0.276146 -1.733204
v -0.977783 0.000043 -1.726454
v -0.977783 0.002293 -1.727057
v -0.977783 0.002293 -1.727057
v -0.977783 -0.276060 -1.733204
v -0.977783 -0.277707 -1.734852
v -0.977783 -0.277707 -1.734852
v -0.977783 0.086849 -1.742954
v -0.977783 -0.005679 -1.742954
v -0.977783 -0.276060 -1.728704
v -0.977783 -0.275457 -1.730954
v -0.977783 -0.275457 -1.730954
v -0.977783 -0.283854 -1.728704
v -0.977783 -0.282207 -1.727057
v -0.977783 -0.282207 -1.727057
v -0.977783 0.697043 -1.725758
v -0.977783 0.700043 -1.724954
v -0.977783 0.700043 -1.724954
v -0.977783 0.706043 -1.730954
v -0.977783 0.705239 -1.733954
v -0.977783 0.700043 -1.736954
v -0.977783 0.700043 -1.736954
v -0.977783 0.703043 -1.736151
v -0.977783 0.599793 -1.742954
v -0.977783 0.765543 -1.742954
v -0.977783 0.557793 -1.727057
v -0.977783 0.557793 -1.727057
v -0.977783 0.556146 -1.728704
v -0.977783 0.556146 -1.728704
v -0.977783 0.283940 -1.728704
v -0.977783 0.900043 -1.308954
v -0.977783 1.000043 -1.308954
v -0.977783 0.229210 -0.955954
v -0.977783 0.229210 -0.955954
v -0.977783 0.887053 -1.331454
v -0.977783 0.892543 -1.336945
v -0.977783 0.892543 -1.336945
v -0.977783 0.322543 -1.310964
v -0.977783 0.322543 -1.310964
v -0.977783 0.330043 -1.308954
v -0.977783 0.430043 -1.338954
v -0.977783 0.330043 -1.338954
v -0.977783 0.443034 -1.331454
v -0.977783 0.443034 -1.331454
v -0.977783 -1.012947 -1.120454
v -0.977783 -1.012947 -1.135454
v -0.977783 -0.899957 -1.112954
v -0.977783 -0.892457 -1.114964
v -0.977783 -0.892457 -1.114964
v -0.977783 -1.116060 -1.233204
v -0.977783 -1.116060 -1.233204
v -0.977783 -1.117707 -1.234851
v -0.977783 -0.884957 -1.225954
v -0.977783 -0.884957 -1.225954
v -0.977783 -0.886967 -1.218454
v -0.977783 -0.512457 -1.310964
v -0.977783 -0.519957 -1.308954
v -0.977783 -1.116060 -1.228704
v -0.977783 -1.116060 -1.228704
v -0.977783 -1.117707 -1.227057
v -0.977783 -0.506966 -1.331454
v -0.977783 -0.506966 -1.331454
v -0.977783 -0.512457 -1.336945
v -0.977783 -0.512457 -1.336945
v -0.977783 -0.627457 -1.336945
v -0.977783 -0.627457 -1.336945
v -0.977783 -0.619957 -1.338954
v -0.979783 0.194040 -0.955876
v -0.977783 -0.506966 -1.316454
v -0.977783 -0.506966 -1.316454
v -0.977783 -0.884957 -1.323954
v -0.977783 -0.884957 -1.323954
v -0.977783 -0.886967 -1.331454
v -0.977783 -1.012947 -1.331454
v -0.977783 1.123940 -1.483204
v -0.977783 1.122293 -1.484852
v -0.977783 1.122293 -1.484852
v -0.977783 0.253034 -1.331454
v -0.977783 -0.429957 -1.338954
v -0.977783 -0.429957 -1.308954
v -0.977783 -0.329957 -1.308954
v -0.977783 -0.519957 -1.338954
v -0.977783 0.137543 -0.854001
v -0.977783 0.137543 -0.854001
v -0.977783 0.445043 -1.421954
v -0.977783 0.443034 -1.414454
v -0.977783 0.443034 -1.414454
v -0.977783 0.140043 -1.406954
v -0.977783 0.240043 -1.406954
v -0.977783 0.253034 -1.429454
v -0.977783 0.253034 -1.429454
v -0.977783 0.247543 -1.434945
v -0.977783 -0.437457 -1.408964
v -0.977783 -0.437457 -1.408964
v -0.977783 -0.429957 -1.406954
v -0.977783 -0.329957 -1.436954
v -0.977783 -0.429957 -1.436954
v -0.977783 1.116146 -1.478704
v -0.977783 1.115543 -1.480954
v -0.977783 1.117793 -1.477057
v -0.977783 1.117793 -1.477057
v -0.977783 1.000043 -1.436954
v -0.977783 0.900043 -1.436954
v -0.977783 1.015043 -1.421954
v -0.977783 1.015043 -1.421954
v -0.977783 1.013034 -1.414454
v -0.977783 0.437543 -1.434945
v -0.977783 0.430043 -1.436954
v -0.977783 -1.117707 -1.484851
v -0.977783 -1.119957 -1.485454
v -0.977783 -1.119957 -1.485454
v -0.977783 -0.886967 -1.429454
v -0.977783 -0.884957 -1.421954
v -0.977783 -0.892457 -1.434945
v -0.977783 -1.116060 -1.478704
v -0.977783 -1.116060 -1.478704
v -0.977783 -1.115457 -1.480954
v -0.977783 -1.117707 -1.477057
v -0.977783 1.013034 -1.527454
v -0.977783 1.015043 -1.519954
v -0.977783 1.015043 -1.519954
v -0.977783 1.007543 -1.532945
v -0.977783 1.007543 -1.532945
v -0.977783 0.127053 -1.316454
v -0.977783 0.132543 -1.310964
v -0.977783 0.132543 -1.310964
v -0.977783 0.887053 -1.527454
v -0.977783 0.887053 -1.527454
v -0.977783 0.892543 -1.532945
v -0.977783 0.892543 -1.532945
v -0.977783 -0.316966 -1.414454
v -0.977783 -0.316966 -1.414454
v -0.977783 -0.322457 -1.408964
v -0.977783 -0.627457 -1.434945
v -0.977783 -0.627457 -1.434945
v -0.977783 -0.632947 -1.429454
v -0.977783 -0.619957 -1.436954
v -0.977783 -0.999957 -1.406954
v -0.977783 -0.899957 -1.406954
v -0.977783 1.120043 -0.985454
v -0.977783 1.120043 -0.985454
v -0.977783 1.122293 -0.984852
v -0.977783 1.122293 -0.984852
v -0.977783 1.115543 -0.980954
v -0.977783 1.116146 -0.983204
v -0.977783 1.116146 -0.983204
v -0.977783 1.120043 -0.976454
v -0.977783 1.120043 -0.976454
v -0.977783 1.122293 -0.977057
v -0.977783 -1.124457 -0.980954
v -0.977783 -0.504957 -0.931954
v -0.977783 -0.504957 -0.931954
v -0.977783 -0.506966 -0.939454
v -0.977783 -0.506966 -0.939454
v -0.977783 -0.634957 -0.931954
v -0.977783 -0.634957 -0.931954
v -0.977783 -0.632947 -0.939454
v -0.977783 -0.899957 -0.946954
v -0.977783 -0.316966 -1.331454
v -0.977783 -1.007457 -0.918964
v -0.977783 -1.007457 -0.918964
v -0.977783 -0.999957 -0.916954
v -0.977783 -0.892457 -0.918964
v -0.977783 -0.892457 -0.918964
v -0.977783 -0.886967 -0.924454
v -0.977783 -0.899957 -0.916954
v -0.977783 1.000043 -1.014954
v -0.977783 1.007543 -1.016964
v -0.977783 0.900043 -1.014954
v -0.977783 1.015043 -1.029954
v -0.977783 1.015043 -1.029954
v -0.977783 1.013034 -1.037454
v -0.977783 -0.619957 -1.044954
v -0.977783 -0.627457 -1.042945
v -0.977783 -1.012947 -1.037454
v -0.977783 -1.014957 -1.029954
v -0.977783 -1.014957 -1.029954
v -0.977783 -0.506966 -1.022454
v -0.977783 -0.506966 -1.022454
v -0.977783 -0.504957 -1.029954
v -0.977783 -0.512457 -1.016964
v -0.977783 -0.899957 -1.014954
v -0.977783 -0.892457 -1.016964
v -0.977783 -0.899957 -1.044954
v -0.977783 -0.999957 -1.044954
v -0.977783 -1.131957 -0.957897
v -0.977783 -1.131957 -0.851478
v -0.977783 1.000043 -1.044954
v -0.977783 0.900043 -1.044954
v -0.977783 0.892543 -1.114964
v -0.977783 0.900043 -1.112954
v -0.977783 1.007543 -1.140945
v -0.977783 1.007543 -1.140945
v -0.977783 1.013034 -1.135454
v -0.977783 1.000043 -1.142954
v -0.977783 0.887053 -1.135454
v -0.977783 0.885043 -1.127954
v -0.977783 0.430043 -1.210954
v -0.977783 0.437543 -1.212964
v -0.977783 0.315043 -1.225954
v -0.977783 0.317053 -1.218454
v -0.977783 0.317053 -1.218454
v -0.977783 -1.012947 -1.022454
v -0.977783 -1.007457 -1.016964
v -0.977783 1.115543 -1.230954
v -0.977783 1.116146 -1.233204
v -0.977783 1.116146 -1.233204
v -0.977783 1.124543 -1.230954
v -0.977783 1.123940 -1.233204
v -0.977783 1.123940 -1.233204
v -0.977783 1.120043 -1.226454
v -0.977783 1.120043 -1.226454
v -0.977783 1.122293 -1.227057
v -0.977783 1.117793 -1.227057
v -0.977783 1.117793 -1.227057
v -0.977783 -0.519957 -1.240954
v -0.977783 -0.619957 -1.240954
v -0.977783 -0.619957 -1.142954
v -0.977783 -0.519957 -1.142954
v -0.977783 -0.519957 -1.112954
v -0.977783 -0.512457 -1.114964
v -0.977783 -0.634957 -1.225954
v -0.977783 -0.634957 -1.225954
v -0.977783 -0.632947 -1.218454
v -0.977783 -0.632947 -1.135454
v -0.977783 -0.634957 -1.127954
v -0.977783 -0.634957 -1.127954
v -0.977783 -0.627457 -1.140945
v -0.977783 -0.627457 -1.140945
v -0.977783 -0.504957 -1.225954
v -0.977783 -0.504957 -1.225954
v -0.977783 -0.512457 -1.238945
v -0.977783 -0.899957 -1.142954
v -0.977783 -0.892457 -1.140945
v -0.977783 -0.892457 -1.140945
v -0.977783 -0.892457 -1.212964
v -0.977783 -0.892457 -1.212964
v -0.977783 -0.899957 -1.210954
v -0.977783 0.247543 -1.212964
v -0.977783 0.247543 -1.238945
v -0.977783 0.240043 -1.240954
v -0.977783 0.127053 -1.233454
v -0.977783 0.127053 -1.233454
v -0.977783 -0.442947 -1.233454
v -0.977783 -0.437457 -1.238945
v -0.977783 -0.437457 -1.238945
v -0.977783 -0.519957 -1.210954
v -0.977783 -0.316966 -1.218454
v -0.977783 -0.322457 -1.212964
v -0.977783 -0.322457 -1.212964
v -0.977783 0.050043 -1.602954
v -0.977783 0.057543 -1.604964
v -0.977783 -0.057457 -1.604964
v -0.977783 -0.049957 -1.602954
v -0.977783 0.512543 -0.454945
v -0.977783 0.507053 -0.449454
v -0.977783 0.507053 -0.449454
v -0.977783 -0.126966 -1.625454
v -0.977783 -0.126966 -1.625454
v -0.977783 -0.132457 -1.630945
v -0.977783 -0.124957 -1.617954
v -0.977783 0.892543 -0.722964
v -0.977783 0.900043 -0.720954
v -0.977783 0.697053 -0.547454
v -0.977783 0.702543 -0.552945
v -0.977783 0.697053 -0.532454
v -0.977783 0.702543 -0.526964
v -0.977783 0.817543 -0.526964
v -0.977783 0.817543 -0.526964
v -0.977783 0.823034 -0.532454
v -0.977783 0.505043 -0.539954
v -0.977783 0.505043 -0.539954
v -0.977783 0.507053 -0.547454
v -0.977783 0.507053 -0.547454
v -0.977783 0.627543 -0.552945
v -0.977783 0.620043 -0.554954
v -0.977783 0.520043 -0.524954
v -0.977783 0.512543 -0.526964
v -0.977783 0.697053 -0.939454
v -0.977783 0.702543 -0.944945
v -0.977783 0.702543 -0.944945
v -0.977783 0.697053 -0.924454
v -0.977783 0.697053 -0.924454
v -0.977783 0.765543 -0.916954
v -0.977783 0.810043 -0.916954
v -0.977783 0.505043 -0.931954
v -0.977783 0.505043 -0.931954
v -0.977783 0.507053 -0.939454
v -0.977783 0.620043 -0.916954
v -0.977783 0.627543 -0.918964
v -0.977783 0.627543 -0.918964
v -0.977783 0.825043 -0.441954
v -0.977783 0.823034 -0.449454
v -0.977783 0.823034 -0.449454
v -0.977783 0.887053 -1.414454
v -0.977783 0.892543 -1.408964
v -0.977783 0.892543 -1.408964
v -0.977783 0.697053 -0.434454
v -0.977783 0.702543 -0.428964
v -0.977783 0.702543 -0.428964
v -0.977783 0.817543 -0.722964
v -0.977783 0.817543 -0.722964
v -0.977783 0.810043 -0.720954
v -0.977783 0.810043 -0.750954
v -0.977783 0.823034 -0.630454
v -0.977783 0.825043 -0.637954
v -0.977783 0.825043 -0.637954
v -0.977783 0.633034 -1.037454
v -0.977783 0.520043 -1.044954
v -0.977783 0.512543 -1.042945
v -0.977783 0.512543 -1.042945
v -0.977783 0.810043 -1.044954
v -0.977783 0.817543 -1.042945
v -0.977783 0.817543 -1.042945
v -0.977783 0.702543 -1.016964
v -0.977783 0.633034 -0.645454
v -0.977783 0.520043 -0.652954
v -0.977783 0.620043 -0.652954
v -0.977783 0.520043 -0.818954
v -0.977783 0.512543 -0.820964
v -0.977783 0.512543 -0.820964
v -0.977783 0.520043 -0.622954
v -0.977783 0.620043 -0.622954
v -0.977783 0.620043 -0.818954
v -0.977783 0.695043 -0.833954
v -0.977783 0.695043 -0.833954
v -0.977783 0.697053 -0.826454
v -0.977783 0.710043 -0.652954
v -0.977783 0.810043 -0.652954
v -0.977783 0.710043 -0.750954
v -0.977783 0.702543 -0.748945
v -0.977783 0.702543 -0.748945
v -0.977783 -0.809957 -0.328954
v -0.977783 -0.765457 -0.328954
v -0.977783 -0.824957 -0.343954
v -0.977783 -0.824957 -0.343954
v -0.977783 -0.709957 -0.328954
v -0.977783 -0.702457 -0.330964
v -0.977783 -0.064957 -0.343954
v -0.977783 -0.064957 -0.343954
v -0.977783 -0.062947 -0.336454
v -0.977783 0.065043 -0.343954
v -0.977783 0.063034 -0.351454
v -0.977783 0.050043 -0.358954
v -0.977783 -0.254957 -0.441954
v -0.977783 -0.254957 -0.441954
v -0.977783 -0.252947 -0.434454
v -0.977783 -0.444957 -1.421954
v -0.977783 -0.444957 -1.421954
v -0.977783 -0.442947 -1.414454
v -0.977783 -0.442947 -1.429454
v -0.977783 -0.126966 -0.434454
v -0.977783 -0.709957 -0.524954
v -0.977783 -0.702457 -0.526964
v -0.977783 -0.702457 -0.526964
v -0.977783 0.057543 -0.624964
v -0.977783 0.057543 -0.624964
v -0.977783 0.063034 -0.630454
v -0.977783 0.004543 -0.730954
v -0.977783 0.003940 -0.733204
v -0.977783 0.003940 -0.733204
v -0.977783 -0.247457 -0.330964
v -0.977783 -0.239957 -0.328954
v -0.977783 -0.049957 -0.358954
v -0.977783 -0.057457 -0.356945
v -0.977783 -0.057457 -0.356945
v -0.977783 -0.696967 -0.434454
v -0.977783 -0.702457 -0.428964
v -0.977783 -0.702457 -0.428964
v -0.977783 -0.696967 -0.645454
v -0.977783 -0.504957 -1.421954
v -0.977783 -0.504957 -1.421954
v -0.977783 -0.506966 -1.414454
v -0.977783 -0.506966 -1.414454
v -0.977783 -0.124957 -0.735954
v -0.977783 -0.124957 -0.735954
v -0.977783 -0.126966 -0.743454
v -0.977783 -0.126966 -0.743454
v -0.977783 -0.126966 -0.728454
v -0.977783 -0.817457 -0.624964
v -0.977783 -0.809957 -0.622954
v -0.977783 -0.702457 -0.748945
v -0.977783 -0.696967 -0.743454
v -0.977783 -0.696967 -0.743454
v -0.977783 -0.892457 -1.408964
v -0.977783 -0.247457 -0.650945
v -0.977783 -0.239957 -0.652954
v -0.977783 -0.139957 -0.652954
v -0.977783 -0.124957 -0.637954
v -0.977783 -0.124957 -0.637954
v -0.977783 -0.126966 -0.645454
v -0.977783 -0.139957 -0.750954
v -0.977783 -0.239957 -0.750954
v -0.977783 -0.049957 -0.652954
v -0.977783 -0.005679 -0.652954
v -0.977783 -0.254957 -0.539954
v -0.977783 -0.254957 -0.539954
v -0.977783 -0.124957 -0.539954
v -0.977783 -0.124957 -0.539954
v -0.977783 -0.126966 -0.532454
v -0.977783 -0.126966 -0.547454
v -0.977783 -0.132457 -0.552945
v -0.977783 0.817543 -0.552945
v -0.977783 0.817543 -0.552945
v -0.977783 0.810043 -0.554954
v -0.977783 -0.049957 -0.554954
v -0.977783 0.050043 -0.554954
v -0.977783 -0.822947 -0.841454
v -0.977783 -0.824957 -0.833954
v -0.977783 -0.824957 -0.833954
v -0.977783 -0.696967 -0.630454
v -0.977783 -0.709957 -0.622954
v -0.977783 0.063034 -0.547454
v -0.977783 0.057543 -0.552945
v -0.977783 -0.822947 -0.630454
v -0.977783 -0.822947 -0.630454
v -0.977783 -0.824957 -0.637954
v -0.977783 -0.822947 -0.826454
v -0.977783 -0.817457 -0.820964
v -0.977783 -0.817457 -0.820964
v -0.977783 0.817543 -1.212964
v -0.977783 0.817543 -1.212964
v -0.977783 0.810043 -1.210954
v -0.977783 0.702543 -1.238945
v -0.977783 0.710043 -1.240954
v -0.977783 0.695043 -1.225954
v -0.977783 0.695043 -1.225954
v -0.977783 0.697053 -1.233454
v -0.977783 0.697053 -1.233454
v -0.977783 0.710043 -1.112954
v -0.977783 0.702543 -1.114964
v -0.977783 0.695043 -1.421954
v -0.977783 0.697053 -1.429454
v -0.977783 0.697053 -1.429454
v -0.977783 0.825043 -1.421954
v -0.977783 0.825043 -1.421954
v -0.977783 0.823034 -1.429454
v -0.977783 0.507053 -1.414454
v -0.977783 0.507053 -1.414454
v -0.977783 0.512543 -1.434945
v -0.977783 0.507053 -1.429454
v -0.977783 0.507053 -1.429454
v -0.977783 -1.117707 -0.984851
v -0.977783 -1.117707 -0.984851
v -0.977783 -1.119957 -0.985454
v -0.977783 0.817543 -1.506964
v -0.977783 0.810043 -1.504954
v -0.977783 0.823034 -1.512455
v -0.977783 -0.329957 -1.632954
v -0.977783 -0.429957 -1.632954
v -0.977783 0.505043 -1.225954
v -0.977783 0.505043 -1.225954
v -0.977783 0.507053 -1.218454
v -0.977783 0.633034 -1.527454
v -0.977783 0.627543 -1.532945
v -0.977783 0.627543 -1.532945
v -0.977783 -0.057457 -1.506964
v -0.977783 0.627543 -1.238945
v -0.977783 0.627543 -1.238945
v -0.977783 0.620043 -1.240954
v -0.977783 0.633034 -1.233454
v -0.977783 0.620043 -1.210954
v -0.977783 0.697053 -1.135454
v -0.977783 0.697053 -1.135454
v -0.977783 0.702543 -1.140945
v -0.977783 0.520043 -1.210954
v -0.977783 0.512543 -1.212964
v -0.977783 0.512543 -1.212964
v -0.977783 0.520043 -1.602954
v -0.977783 0.512543 -1.604964
v -0.979783 0.823034 -1.316454
v -0.977783 -0.824957 -1.029954
v -0.977783 -0.822947 -1.022454
v -0.977783 -0.822947 -1.022454
v -0.977783 -0.809957 -1.044954
v -0.977783 -0.817457 -1.042945
v -0.977783 -0.694957 -1.029954
v -0.977783 -0.696966 -1.037454
v -0.977783 -0.696966 -1.037454
v -0.977783 -0.709957 -1.014954
v -0.977783 -0.702457 -1.016964
v -0.977783 -0.702457 -1.016964
v -0.977782 -1.075457 -0.230954
v -0.977782 -1.075457 -0.230954
v -0.977783 0.505043 -1.519954
v -0.977783 0.507053 -1.512454
v -0.977783 0.507053 -1.512454
v -0.977783 0.507053 -1.527454
v -0.977783 0.710043 -1.632954
v -0.977783 0.702543 -1.630945
v -0.977783 0.695043 -1.617954
v -0.977783 0.697053 -1.610454
v -0.977783 -0.824957 -0.931954
v -0.977783 -0.824957 -0.931954
v -0.977783 -0.822947 -0.939454
v -0.977783 -0.709957 -0.946954
v -0.977783 -0.709957 -0.916954
v -0.977783 -0.062947 -0.434454
v -0.977783 -0.057457 -0.428964
v -0.977783 -0.057457 -0.428964
v -0.977783 0.063034 -0.449454
v -0.977783 0.063034 -0.449454
v -0.977783 -0.049957 -0.426954
v -0.977783 -0.709957 -1.240954
v -0.977783 -0.765457 -1.240954
v -0.977783 -0.694957 -1.225954
v -0.977783 -0.696966 -1.233454
v -0.977783 -0.696966 -1.233454
v -0.977783 -0.696967 -1.218454
v -0.977783 -0.822947 -1.120454
v -0.977783 -0.822947 -1.120454
v -0.977783 -0.817457 -1.114964
v -0.977783 -0.817457 -1.140945
v -0.977783 -0.822947 -1.135454
v -0.977783 -0.809957 -1.210954
v -0.977783 0.197265 -0.869214
v -0.977783 0.197124 -0.867293
v -0.977783 0.328957 -0.947410
v -0.977783 0.333377 -0.949943
v -0.977783 0.333377 -0.949943
v -0.977783 0.333377 -0.854001
v -0.977783 0.333377 -0.854001
v -0.977783 0.333377 -0.862009
v -0.977783 0.333377 -0.862009
v -0.977783 0.306706 -0.946362
v -0.977783 0.318930 -0.954708
v -0.977783 0.295062 -0.927697
v -0.977783 0.271558 -0.855474
v -0.977783 0.278581 -0.859014
v -0.977783 -0.884957 -1.519954
v -0.977783 0.243099 -0.874835
v -0.977783 0.243609 -0.869380
v -0.977783 0.242346 -0.894470
v -0.977783 0.243034 -0.891805
v -0.977783 0.196441 -0.946232
v -0.977783 0.197127 -0.944398
v -0.977783 0.396680 -0.855954
v -0.977783 0.430599 -0.855954
v -0.977783 0.430599 -0.855954
v -0.977783 0.326744 -0.869530
v -0.977783 0.328233 -0.865134
v -0.979783 0.050043 -1.436954
v -0.977783 0.345877 -0.939526
v -0.977783 0.345613 -0.942741
v -0.977783 0.339083 -0.957918
v -0.977783 0.353388 -0.954704
v -0.977783 0.291710 -0.905846
v -0.977783 0.294841 -0.884529
v -0.977783 0.392368 -0.857551
v -0.977783 0.393619 -0.856539
v -0.977783 0.190491 -0.950717
v -0.977783 0.191295 -0.949179
v -0.977783 0.191295 -0.949179
v -0.977783 0.268685 -0.913268
v -0.977783 0.260716 -0.907903
v -0.977783 0.237627 -0.862840
v -0.977783 0.235178 -0.863897
v -0.977783 0.229439 -0.867650
v -0.977783 0.229210 -0.869800
v -0.977783 0.275043 -0.871992
v -0.977783 0.275334 -0.870538
v -0.977783 0.275334 -0.870538
v -0.977783 0.273286 -0.893853
v -0.977783 0.275043 -0.887074
v -0.977783 0.268620 -0.899097
v -0.977783 0.190828 -0.861959
v -0.977783 0.190321 -0.859752
v -0.977783 0.194896 -0.864361
v -0.977783 0.193034 -0.863680
v -0.977783 0.196014 -0.864923
v -0.977783 0.263715 -0.854565
v -0.977783 0.253158 -0.856684
v -0.977783 0.238492 -0.858262
v -0.977783 0.238492 -0.858262
v -0.977783 0.236892 -0.856822
v -0.977783 0.275758 -0.870062
v -0.977783 0.275758 -0.870062
v -0.977783 0.276405 -0.869858
v -0.977783 0.190374 -0.859083
v -0.977783 0.190979 -0.857551
v -0.977783 0.105317 -0.946362
v -0.977783 0.093673 -0.927697
v -0.977783 0.125839 -0.944781
v -0.977783 0.127569 -0.947410
v -0.977783 0.125043 -0.939526
v -0.977783 0.117199 -0.857642
v -0.977783 0.104644 -0.866241
v -0.977782 -1.131957 -0.224954
v -0.977783 -1.131957 -0.298954
v -0.977783 -1.061957 -0.288954
v -0.977783 -1.059277 -0.278954
v -0.977783 0.175914 -0.927709
v -0.977783 0.179210 -0.905846
v -0.977783 0.125355 -0.869530
v -0.977783 0.191863 -0.955137
v -0.977783 0.190768 -0.953994
v -0.977783 0.190768 -0.953994
v -0.979783 0.398654 -0.942434
v -0.977783 0.272767 -0.941247
v -0.977783 0.265516 -0.949769
v -0.977783 0.810043 -1.308954
v -0.977783 0.817543 -1.310964
v -0.977783 0.702543 -1.310964
v -0.977783 0.702543 -1.310964
v -0.977783 0.710043 -1.308954
v -0.979783 -0.817457 -0.918964
v -0.979783 -0.822947 -0.924454
v -0.979783 -0.822947 -0.924454
v -0.977783 0.507053 -1.316454
v -0.977783 0.505043 -1.323954
v -0.977783 0.505043 -1.323954
v -0.977783 0.512543 -1.310964
v -0.977783 0.512543 -1.310964
v -0.977783 0.633034 -1.331454
v -0.977783 0.635043 -1.323954
v -0.977783 0.635043 -1.323954
v -0.977783 0.520043 -1.308954
v -0.977783 0.620043 -1.308954
v -0.977783 -1.038457 -0.268954
v -0.977783 -0.871957 -0.268954
v -0.977783 -1.038457 -1.742954
v -0.977783 1.132043 -1.736954
v -0.977783 0.823034 -1.331454
v -0.977783 0.817543 -1.336945
v -0.977783 0.817543 -1.336945
v -0.977783 -1.125957 -1.742954
v -0.979783 1.015043 -1.519954
v -0.979783 1.015043 -1.519954
v -0.979783 1.013034 -1.512455
v -0.979783 1.007543 -1.506964
v -0.979783 1.007543 -1.506964
v -0.979783 1.000043 -1.504955
v -0.979783 0.887053 -1.512454
v -0.979783 0.885043 -1.519954
v -0.979783 -1.012947 -1.625454
v -0.979783 -1.014957 -1.617954
v -0.979783 -1.014957 -1.617954
v -0.979783 -1.007457 -1.630945
v -0.979783 -1.007457 -1.630945
v -0.977783 1.007543 -1.506964
v -0.977783 1.007543 -1.506964
v -0.979783 0.322543 -1.532945
v -0.979783 0.322543 -1.532945
v -0.979783 0.330043 -1.534954
v -0.979783 0.317053 -1.527454
v -0.977783 0.322543 -1.532945
v -0.977783 0.322543 -1.532945
v -0.979783 1.000043 -1.534955
v -0.979783 1.007543 -1.532945
v -0.979783 1.007543 -1.532945
v -0.979783 0.900043 -1.534954
v -0.979783 -0.506966 -1.610454
v -0.979783 -0.506966 -1.610454
v -0.977783 -0.506966 -1.610454
v -0.977783 -0.506966 -1.610454
v -0.979783 -0.504957 -1.617954
v -0.979783 -0.619957 -1.632954
v -0.979783 -0.519957 -1.632954
v -0.979783 -0.627457 -1.630945
v -0.979783 -0.627457 -1.630945
v -0.979783 -0.892457 -1.630945
v -0.979783 -0.886967 -1.625454
v -0.979783 -0.886967 -1.610454
v -0.979783 -0.892457 -1.604964
v -0.979783 -0.892457 -1.604964
v -0.979783 -0.999957 -1.632954
v -0.979783 -0.999957 -1.534954
v -0.979783 -0.899957 -1.534954
v -0.979783 -0.504957 -1.519954
v -0.979783 -0.504957 -1.519954
v -0.977783 -0.504957 -1.519954
v -0.977783 -0.504957 -1.519954
v -0.979783 -0.519957 -1.534954
v -0.979783 -0.512457 -1.532945
v -0.979783 -0.512457 -1.532945
v -0.979783 -0.619957 -1.534954
v -0.979783 -0.506966 -1.512454
v -0.979783 -0.506966 -1.512454
v -0.979783 -0.627457 -1.532945
v -0.979783 1.124543 -1.480954
v -0.979783 1.123940 -1.478704
v -0.979783 1.123940 -1.478704
v -0.979783 -0.884957 -1.519954
v -0.979783 -0.886967 -1.527454
v -0.979783 -1.012947 -1.512454
v -0.979783 -1.007457 -1.506964
v -0.979783 -1.007457 -1.506964
v -0.979783 -0.899957 -1.504954
v -0.979783 -0.999957 -1.504954
v -0.979783 0.132543 -1.506964
v -0.979783 0.127053 -1.512454
v -0.979783 0.127053 -1.512454
v -0.979783 0.253034 -1.512454
v -0.979783 0.253034 -1.512454
v -0.979783 0.247543 -1.532945
v -0.979783 0.247543 -1.532945
v -0.979783 0.240043 -1.534954
v -0.979783 0.247543 -1.506964
v -0.979783 0.125043 -1.519954
v -0.979783 0.127053 -1.527454
v -0.979783 0.127053 -1.527454
v -0.979783 0.441230 -0.902909
v -0.979783 -0.322457 -1.506964
v -0.979783 -0.329957 -1.504954
v -0.979783 -0.429957 -1.534954
v -0.979783 -0.329957 -1.534954
v -0.979783 -0.429957 -1.504954
v -0.979783 0.132543 -1.408964
v -0.979783 0.132543 -1.408964
v -0.979783 0.127053 -1.414454
v -0.979783 0.445043 -1.421954
v -0.979783 0.443034 -1.414454
v -0.979783 0.443034 -1.414454
v -0.977783 0.892543 -1.140945
v -0.977783 0.892543 -1.140945
v -0.977783 0.132543 -1.408964
v -0.977783 0.132543 -1.408964
v -0.979783 0.322543 -1.408964
v -0.979783 0.322543 -1.408964
v -0.979783 0.330043 -1.406954
v -0.979783 -0.442947 -1.414454
v -0.979783 -0.444957 -1.421954
v -0.979783 -0.444957 -1.421954
v -0.979783 1.000043 -1.406955
v -0.979783 0.900043 -1.406954
v -0.979783 1.116146 -1.483205
v -0.979783 1.116146 -1.483205
v -0.977783 1.116146 -1.483205
v -0.977783 1.116146 -1.483205
v -0.979783 1.117793 -1.484852
v -0.979783 1.117793 -1.484852
v -0.979783 1.115543 -1.480954
v -0.979783 1.122293 -1.477057
v -0.979783 1.120043 -1.476454
v -0.979783 0.437543 -1.408964
v -0.979783 0.430043 -1.406954
v -0.979783 1.013034 -1.429454
v -0.979783 1.015043 -1.421954
v -0.979783 1.015043 -1.421954
v -0.979783 0.892543 -1.434945
v -0.979783 0.887053 -1.429454
v -0.979783 0.887053 -1.429454
v -0.979783 0.887053 -1.414454
v -0.979783 0.885043 -1.421954
v -0.979783 -1.116060 -1.478704
v -0.979783 -1.116060 -1.478704
v -0.979783 -1.117707 -1.484851
v -0.979783 -1.116060 -1.483204
v -0.979783 -1.116060 -1.483204
v -0.977783 0.443034 -1.233454
v -0.977783 0.443034 -1.233454
v -0.977783 0.437543 -1.238945
v -0.979783 -1.117707 -1.477057
v -0.979783 0.338932 -0.854001
v -0.979783 0.338932 -0.854001
v -0.977783 0.338932 -0.854001
v -0.977783 0.338932 -0.854001
v -0.979783 1.007543 -1.336945
v -0.979783 1.007543 -1.336945
v -0.979783 1.000043 -1.338954
v -0.977783 1.007543 -1.310964
v -0.977783 1.007543 -1.310964
v -0.979783 0.892543 -1.310964
v -0.979783 0.892543 -1.310964
v -0.979783 0.887053 -1.316454
v -0.979783 1.000043 -1.308954
v -0.977783 1.007543 -1.336945
v -0.977783 1.007543 -1.336945
v -0.979783 -1.122207 -1.477057
v -0.979783 -1.123854 -1.478704
v -0.979783 -1.123854 -1.478704
v -0.977783 0.892543 -1.310964
v -0.977783 0.892543 -1.310964
v -0.979783 -0.627457 -1.408964
v -0.979783 -0.632947 -1.414454
v -0.979783 -0.619957 -1.406954
v -0.979783 -0.316966 -1.414454
v -0.979783 -0.316966 -1.414454
v -0.979783 -0.329957 -1.436954
v -0.979783 -0.322457 -1.434945
v -0.979783 -0.429957 -1.436954
v -0.979783 -0.322457 -1.408964
v -0.979783 -0.627457 -1.434945
v -0.979783 -0.627457 -1.434945
v -0.979783 -1.014957 -1.421954
v -0.979783 -1.014957 -1.421954
v -0.979783 -1.012947 -1.414454
v -0.979783 -0.999957 -1.436954
v -0.979783 -0.899957 -1.436954
v -0.979783 -0.506966 -1.429454
v -0.979783 -0.506966 -1.429454
v -0.977783 -0.506966 -1.429454
v -0.977783 -0.506966 -1.429454
v -0.977783 -1.014957 -1.421954
v -0.977783 -1.014957 -1.421954
v -0.977783 -0.444957 -0.735954
v -0.977783 -0.444957 -0.735954
v -0.977783 -0.442947 -0.728454
v -0.977783 -1.011684 -0.451307
v -0.977783 -1.014581 -0.445292
v -0.979783 1.077793 -1.734852
v -0.979783 1.077793 -1.734852
v -0.977783 1.077793 -1.734852
v -0.977783 1.077793 -1.734852
v -0.977783 0.125043 -0.441954
v -0.977783 0.125043 -0.441954
v -0.977783 0.127053 -0.434454
v -0.977783 -0.809957 -1.014954
v -0.977783 -0.817457 -1.016964
v -0.977783 1.076146 -1.733204
v -0.977783 1.075543 -1.730954
v -0.977783 1.075543 -1.730954
v -0.977783 1.126043 -1.742954
v -0.977783 1.100043 -1.742954
v -0.977783 1.129043 -1.742151
v -0.979783 0.277793 -1.727057
v -0.979783 0.277793 -1.727057
v -0.977783 0.277793 -1.727057
v -0.977783 0.277793 -1.727057
v -0.979783 0.282293 -1.727057
v -0.979783 0.282293 -1.727057
v -0.979783 0.280043 -1.726454
v -0.977783 0.282293 -1.727057
v -0.977783 0.282293 -1.727057
v -0.979783 0.276146 -1.728704
v -0.979783 0.564543 -1.730954
v -0.979783 0.563940 -1.733204
v -0.979783 0.563940 -1.733204
v -0.979783 0.445660 -0.955954
v -0.979783 0.003940 -1.728704
v -0.979783 0.002293 -1.727057
v -0.979783 0.002293 -1.727057
v -0.977783 1.117793 -1.234851
v -0.979783 0.000043 -1.726454
v -0.979783 0.000043 -1.735454
v -0.979783 0.002293 -1.734852
v -0.979783 0.002293 -1.734852
v -0.979783 0.697043 -1.736151
v -0.979783 0.700043 -1.736954
v -0.979783 0.700043 -1.736954
v -0.979783 0.843940 -1.728704
v -0.979783 0.842293 -1.727057
v -0.979783 0.842293 -1.727057
v -0.979783 0.840043 -1.735454
v -0.979783 0.842293 -1.734852
v -0.979783 0.842293 -1.734852
v -0.979783 0.562293 -1.734852
v -0.979783 0.562293 -1.734852
v -0.977783 0.562293 -1.734852
v -0.977783 0.562293 -1.734852
v -0.979783 0.560043 -1.726454
v -0.979783 0.557793 -1.727057
v -0.979783 0.557793 -1.727057
v -0.979783 0.697043 -1.725758
v -0.979783 0.694847 -1.727954
v -0.979783 0.694847 -1.727954
v -0.979783 -0.837707 -1.727057
v -0.979783 -0.839957 -1.726454
v -0.979783 -0.839957 -1.726454
v -0.979783 -0.842207 -1.734851
v -0.979783 -0.839957 -1.735454
v -0.979783 0.887053 -1.625454
v -0.979783 0.887053 -1.625454
v -0.977783 0.887053 -1.625454
v -0.977783 0.887053 -1.625454
v -0.979783 -0.282207 -1.734852
v -0.979783 -0.282207 -1.734852
v -0.977783 -0.282207 -1.734852
v -0.977783 -0.282207 -1.734852
v -0.979783 -0.277707 -1.727057
v -0.979783 -0.277707 -1.727057
v -0.979783 -0.279957 -1.726454
v -0.979783 -0.694957 -0.833954
v -0.979783 -0.694957 -0.833954
v -0.979783 -0.562207 -1.734851
v -0.979783 -0.562207 -1.734851
v -0.977783 -0.562207 -1.734851
v -0.977783 -0.562207 -1.734851
v -0.977783 -0.277707 -1.727057
v -0.977783 -0.277707 -1.727057
v -0.979783 -0.702957 -1.725758
v -0.979783 -0.702957 -1.725758
v -0.979783 -0.705153 -1.727954
v -0.979783 -0.705153 -1.727954
v -0.979783 -0.836060 -1.733204
v -0.979783 -0.836060 -1.733204
v -0.979783 -0.562207 -1.727057
v -0.979783 -0.563854 -1.728704
v -0.979783 -0.563854 -1.728704
v -0.979783 -0.442947 -1.625454
v -0.979783 -0.442947 -1.625454
v -0.979783 -0.437457 -1.630945
v -0.979783 0.253034 -1.625454
v -0.979783 0.253034 -1.625454
v -0.979783 0.255043 -1.617954
v -0.979783 0.132543 -1.630945
v -0.979783 0.127053 -1.625454
v -0.979783 0.127053 -1.625454
v -0.979783 -0.519957 -1.602954
v -0.979783 -0.619957 -1.602954
v -0.979783 -0.634957 -1.617954
v -0.979783 -0.632947 -1.625454
v -0.979783 -0.314957 -1.617954
v -0.979783 -0.316966 -1.610454
v -0.979783 -0.316966 -1.610454
v -0.979783 0.430043 -1.602954
v -0.979783 0.330043 -1.602954
v -0.979783 0.900043 -1.632954
v -0.979783 0.892543 -1.630945
v -0.979783 0.900043 -1.602954
v -0.979783 0.892543 -1.604964
v -0.979783 0.132543 -1.604964
v -0.979783 0.127053 -1.610454
v -0.979783 0.127053 -1.610454
v -0.979783 0.437543 -1.630945
v -0.979783 0.443034 -1.625454
v -0.979783 0.443034 -1.625454
v -0.979783 0.430043 -1.632954
v -0.979783 0.317053 -1.610454
v -0.979783 0.317053 -1.610454
v -0.977783 0.317053 -1.610454
v -0.977783 0.317053 -1.610454
v -0.979783 -0.817457 -0.748945
v -0.979783 0.315043 -1.617954
v -0.977783 -0.494957 -0.860954
v -0.977783 -0.494957 -0.860954
v -0.977783 -0.454957 -0.860954
v -0.977783 -0.454957 -0.860954
v -0.977783 -0.494957 -1.010954
v -0.977783 -0.494957 -1.010954
v -0.977783 -0.454957 -1.010954
v -0.977783 -0.454957 -1.010954
v -0.977783 -0.454957 -0.910954
v -0.977783 -0.454957 -0.910954
v -0.977783 -0.494957 -0.910954
v -0.977783 -0.494957 -0.910954
v -0.977783 -0.344957 -0.860954
v -0.977783 -0.344957 -0.860954
v -0.977783 -0.304957 -0.900954
v -0.977783 -0.304957 -0.900954
v -0.977783 -0.126966 -1.414454
v -0.977783 -0.132457 -1.408964
v -0.977783 -0.132457 -1.408964
v -0.977783 -0.126966 -1.429454
v -0.977783 -0.132457 -1.434945
v -0.977783 -0.252947 -1.429454
v -0.977783 -0.394957 -1.010954
v -0.977783 -0.394957 -1.010954
v -0.977783 -0.354957 -1.010954
v -0.977783 -0.354957 -1.010954
v -0.977783 -0.454957 -0.960954
v -0.977783 -0.454957 -0.960954
v -0.977783 -0.494957 -0.960954
v -0.977783 -0.494957 -0.960954
v -0.977783 -0.454957 -0.993204
v -0.977783 -0.106901 -0.943259
v -0.977783 -0.106844 -0.942223
v -0.977783 -0.007370 -0.857868
v -0.977783 -0.007370 -0.857868
v -0.977783 -0.006901 -0.859752
v -0.977783 -0.006901 -0.952091
v -0.977783 -0.006944 -0.952685
v -0.977783 0.140043 -1.240954
v -0.977783 -0.062290 -0.949206
v -0.977783 -0.067209 -0.946688
v -0.977783 -0.045790 -0.869214
v -0.977783 -0.045931 -0.867293
v -0.977783 -0.071687 -0.942213
v -0.977783 -0.074640 -0.935644
v -0.977783 -0.013686 -0.867298
v -0.977783 -0.013846 -0.869214
v -0.977783 0.140043 -1.210954
v -0.977783 -0.394957 -0.860954
v -0.977783 -0.394957 -0.860954
v -0.977783 -0.394957 -0.900954
v -0.977783 -0.394957 -0.900954
v -0.977783 -0.084549 -0.955954
v -0.977783 -0.064581 -0.955866
v -0.977783 -0.244957 -0.910954
v -0.977783 -0.244957 -0.910954
v -0.977783 -0.204957 -0.910954
v -0.977783 -0.204957 -0.910954
v -0.977783 -0.244957 -0.900954
v -0.977783 -0.244957 -0.900954
v -0.977783 -0.244957 -0.860954
v -0.977783 -0.244957 -0.860954
v -0.977783 -0.086372 -0.891892
v -0.977783 -0.086372 -0.891892
v -0.977783 -0.090256 -0.905585
v -0.977783 -0.244957 -1.100954
v -0.977783 -0.244957 -1.100954
v -0.977783 -0.204957 -1.100954
v -0.977783 -0.204957 -1.100954
v -0.977783 -0.115386 -0.855954
v -0.977783 -0.115386 -0.855954
v -0.977783 -0.096116 -0.855954
v -0.977783 -0.096116 -0.855954
v -0.977783 -0.142822 -0.945807
v -0.977783 -0.148568 -0.951549
v -0.977783 -0.148245 -0.949791
v -0.977783 -0.147991 -0.953578
v -0.977783 -0.147991 -0.953578
v -0.977783 -0.047042 -0.864923
v -0.977783 -0.048160 -0.864361
v -0.977783 -0.090091 -0.950587
v -0.977783 -0.089424 -0.949211
v -0.977783 -0.051510 -0.862843
v -0.977783 -0.052227 -0.861959
v -0.977783 -0.052681 -0.859083
v -0.977783 -0.052076 -0.857551
v -0.977783 -0.101845 -0.955216
v -0.977783 -0.101845 -0.955216
v -0.977783 -0.100529 -0.953776
v -0.977783 -0.105051 -0.955891
v -0.977783 -0.100474 -0.949949
v -0.977783 -0.100474 -0.949949
v -0.977783 -0.099957 -0.951918
v -0.977783 -0.099957 -0.951918
v -0.977783 -0.143744 -0.955786
v -0.977783 -0.146419 -0.954999
v -0.977783 0.050043 -1.436954
v -0.977783 0.057543 -1.434945
v -0.977783 -0.254957 -1.100954
v -0.977783 -0.254957 -1.100954
v -0.977783 -0.294957 -1.060954
v -0.977783 -0.294957 -1.060954
v -0.977783 -0.294957 -1.100954
v -0.977783 -0.294957 -1.100954
v -0.977783 0.599793 -1.044954
v -0.977783 -0.139957 -1.602954
v -0.977783 -0.132457 -1.604964
v -0.977783 -0.049957 -1.210954
v -0.977783 0.050043 -1.210954
v -0.977783 -0.494957 -1.100954
v -0.977783 -0.494957 -1.100954
v -0.977783 -0.494957 -1.060954
v -0.977783 -0.494957 -1.060954
v -0.977783 -0.244957 -0.993204
v -0.977783 -0.344957 -1.060954
v -0.977783 -0.344957 -1.060954
v -0.977783 -0.304957 -1.060954
v -0.977783 -0.304957 -1.060954
v -0.977783 -0.344957 -1.100954
v -0.977783 -0.344957 -1.100954
v -0.977783 -0.404957 -1.100954
v -0.977783 -0.404957 -1.100954
v -0.977783 -0.404957 -1.060954
v -0.977783 -0.404957 -1.060954
v -0.977783 0.507053 -0.351454
v -0.977783 0.505043 -0.343954
v -0.977783 0.505043 -0.343954
v -0.977783 0.512543 -0.330964
v -0.977783 0.520043 -0.328954
v -0.977783 -0.239957 -1.308954
v -0.977783 -0.139957 -1.308954
v -0.977783 -0.124957 -1.323954
v -0.977783 -0.126966 -1.331454
v -0.977783 -0.694957 -1.421954
v -0.977783 -0.696967 -1.429454
v -0.977783 -0.696967 -1.429454
v -0.977783 0.050043 -1.338954
v -0.977783 0.057543 -1.336945
v -0.977783 0.057543 -1.336945
v -0.977783 0.620043 -0.848954
v -0.977783 0.627543 -0.846945
v -0.977783 0.627543 -0.846945
v -0.977783 -0.254957 -1.323954
v -0.977783 -0.702457 -1.140945
v -0.977783 -0.702457 -1.140945
v -0.977783 -0.126966 -1.218454
v -0.977783 -0.124957 -1.225954
v -0.977783 -0.124957 -1.225954
v -0.977783 -0.247457 -1.212964
v -0.977783 -0.247457 -1.212964
v -0.977783 -0.239957 -1.210954
v -0.977783 -0.254957 -1.617954
v -0.977783 -0.252947 -1.610454
v -0.977783 -0.809957 -1.308954
v -0.977783 -0.765457 -1.308954
v -0.977783 0.050043 -1.240954
v -0.977783 0.057543 -1.238945
v -0.977783 0.057543 -1.238945
v -0.977783 0.004543 -1.180954
v -0.977783 0.063034 -1.233454
v -0.977783 -0.824957 -1.421954
v -0.977783 -0.822947 -1.414454
v -0.977783 -0.822947 -1.414454
v -0.977783 -0.049957 -1.240954
v -0.977783 -0.057457 -1.238945
v -0.977783 -0.064957 -1.225954
v -0.977783 -0.064957 -1.225954
v -0.977783 -0.062947 -1.218454
v -0.977783 0.695043 -0.539954
v -0.977783 0.695043 -0.539954
v -0.977783 -0.002207 -1.177057
v -0.977783 0.000043 -1.176454
v -0.977783 0.000043 -1.176454
v -0.977783 -0.239957 -1.504954
v -0.977783 -0.139957 -1.504954
v -0.977783 -0.064957 -1.519954
v -0.977783 -0.064957 -1.519954
v -0.977783 -0.057457 -1.532945
v -0.977783 -0.057457 -1.532945
v -0.977783 -0.049957 -1.534954
v -0.977783 0.057543 -1.506964
v -0.977783 0.057543 -1.506964
v -0.977783 -0.702457 -1.604964
v -0.977783 -0.702457 -1.604964
v -0.977783 -0.239957 -1.534954
v -0.977783 -0.139957 -1.534954
v -0.977783 -0.252947 -1.527454
v -0.977783 -0.254957 -1.519954
v -0.977783 -0.254957 -1.519954
v -0.977783 0.817543 -1.630945
v -0.977783 -0.824957 -1.225954
v -0.977783 -0.824957 -1.225954
v -0.977783 -0.824957 -1.323954
v -0.977783 -0.824957 -1.323954
v -0.977783 -0.822947 -1.316454
v -0.977783 -0.822947 -1.316454
v -0.977783 -0.049957 -1.504954
v -0.977783 0.065043 -1.519954
v -0.977783 0.063034 -1.527454
v -0.977783 0.063034 -1.527454
v -0.977783 -0.824957 -1.519954
v -0.977783 0.057543 -1.408964
v -0.977783 0.063034 -1.414454
v -0.977783 0.063034 -1.414454
v -0.977783 0.627543 -0.356945
v -0.977783 0.627543 -0.356945
v -0.977783 0.702543 -0.356945
v -0.977783 0.702543 -0.356945
v -0.977783 0.697053 -0.351454
v -0.977783 -0.252947 -1.414454
v -0.977783 -0.247457 -1.408964
v -0.977783 -0.247457 -1.408964
v -0.977783 -0.139957 -1.436954
v -0.977783 -0.239957 -1.436954
v -0.977783 -0.049957 -1.406954
v -0.977783 -0.005679 -1.406954
v -0.977783 0.380599 -0.905846
v -0.977783 0.377303 -0.927709
v -0.977783 -0.822947 -1.625454
v -0.977783 -0.824957 -1.617954
v -0.977783 -0.824957 -1.617954
v -0.977783 -0.822947 -1.610454
v -0.977783 -0.696967 -1.625454
v -0.977783 0.810043 -0.328954
v -0.977783 0.817543 -0.330964
v -0.977783 0.817543 -0.330964
v -0.977783 0.852043 -0.378954
v -0.977783 0.853566 -0.386608
v -0.979783 -0.442947 -0.630454
v -0.979783 -0.444957 -0.637954
v -0.979783 -0.444957 -0.637954
v -0.977783 0.702543 -0.918964
v -0.979783 0.620043 -1.534954
v -0.979783 0.627543 -1.532945
v -0.979783 0.627543 -1.532945
v -0.979783 0.633034 -1.512455
v -0.977783 0.817543 -1.532945
v -0.977783 0.817543 -1.532945
v -0.977783 0.512543 -0.944945
v -0.979783 0.620043 -1.632954
v -0.979783 0.520043 -1.632954
v -0.977783 0.635043 -1.225954
v -0.977783 0.635043 -1.225954
v -0.979783 0.710043 -1.112954
v -0.979783 0.702543 -1.114964
v -0.979783 0.512543 -1.238945
v -0.979783 0.512543 -1.238945
v -0.977783 0.505043 -1.127954
v -0.977783 0.505043 -1.127954
v -0.977783 0.817543 -1.016964
v -0.977783 0.817543 -1.016964
v -0.977783 0.823034 -1.022454
v -0.977783 0.505043 -0.833954
v -0.977783 -0.817457 -0.552945
v -0.977783 -0.809957 -0.554954
v -0.977783 -0.696967 -0.547454
v -0.977783 -0.702457 -0.552945
v -0.979783 -0.062947 -0.547454
v -0.979783 -0.634957 -0.441954
v -0.979783 -0.634957 -0.441954
v -0.977783 -0.696967 -0.841454
v -0.977783 -0.702457 -0.846945
v -0.977783 -0.702457 -0.846945
v -0.979783 -0.442947 -0.434454
v -0.979783 0.253034 -0.434454
v -0.977783 0.825043 -1.127954
v -0.977783 0.825043 -1.127954
v -0.977783 0.823034 -1.135454
v -0.977783 0.520043 -1.436954
v -0.979783 0.507053 -0.547454
v -0.979783 0.507053 -0.547454
v -0.979783 -0.559957 -1.735454
v -0.977783 0.599793 -1.210954
v -0.977783 0.512543 -1.630945
v -0.977783 0.507053 -1.625454
v -0.977783 0.507053 -1.625454
v -0.977783 0.520043 -1.632954
v -0.979783 -0.316966 -0.630454
v -0.979783 -0.322457 -0.624964
v -0.979783 -0.322457 -0.624964
v -0.979783 1.115543 -0.480954
v -0.977783 -0.817457 -0.944945
v -0.977783 -0.817457 -0.944945
v -0.977783 -0.702457 -1.212964
v -0.977783 -0.702457 -1.212964
v -0.979783 -1.007457 -0.846945
v -0.979783 -0.999957 -0.848954
v -0.977783 -0.809957 -1.142954
v -0.979783 -0.442947 -0.532454
v -0.979783 0.437543 -0.428964
v -0.979783 0.437543 -0.428964
v -0.977783 -1.122207 -0.477057
v -0.977783 -1.122207 -0.477057
v -0.977783 0.900043 -1.406954
v -0.977783 -0.506966 -0.547454
v -0.977783 -0.506966 -0.547454
v -0.979783 0.235178 -0.863897
v -0.979783 0.231568 -0.864803
v -0.977783 0.240950 -0.896840
v -0.979783 -0.506966 -1.022454
v -0.979783 -0.506966 -1.022454
v -0.979783 -0.886967 -1.022454
v -0.979783 -0.892457 -1.016964
v -0.979783 1.013034 -1.037454
v -0.979783 1.007543 -1.042945
v -0.977783 0.140784 -0.948423
v -0.977783 0.143164 -0.945776
v -0.979783 -0.886967 -0.924454
v -0.979783 -0.884957 -0.931954
v -0.979783 -0.884957 -0.931954
v -0.979783 -0.892457 -0.918964
v -0.979783 -0.892457 -0.918964
v -0.979783 0.900043 -0.916954
v -0.979783 0.892543 -0.918964
v -0.979783 0.892543 -0.918964
v -0.977783 0.627543 -1.336945
v -0.977783 0.627543 -1.336945
v -0.977783 -1.128957 -1.742150
v -0.977783 -1.128957 -1.742150
v -0.979783 0.887053 -0.630454
v -0.979783 1.000043 -0.750954
v -0.979783 0.887053 -0.728454
v -0.979783 -0.512457 -1.604964
v -0.979783 -0.899957 -1.632954
v -0.979783 0.240043 -0.622954
v -0.977783 0.322543 -1.408964
v -0.977783 0.322543 -1.408964
v -0.979783 -0.429957 -1.338954
v -0.979783 0.317053 -1.414454
v -0.979783 0.317053 -1.414454
v -0.979783 0.253034 -1.414454
v -0.979783 0.247543 -1.408964
v -0.979783 0.247543 -1.408964
v -0.979783 0.437543 -1.310964
v -0.979783 0.900043 -1.436954
v -0.979783 0.887053 -1.233454
v -0.979783 0.892543 -1.238945
v -0.979783 0.892543 -1.238945
v -0.977783 0.885043 -0.637954
v -0.977783 0.885043 -0.637954
v -0.979783 1.007543 -1.212964
v -0.979783 1.000043 -1.210954
v -0.977783 1.000043 -0.652954
v -0.977783 1.015043 -1.225954
v -0.977783 1.015043 -1.225954
v -0.979783 0.900043 -1.308954
v -0.979783 1.117793 -1.234851
v -0.977783 1.000043 -0.720954
v -0.977783 1.007543 -0.722964
v -0.977783 1.007543 -0.722964
v -0.979783 -0.512457 -1.434945
v -0.977783 0.253034 -0.743454
v -0.977783 0.253034 -0.743454
v -0.979783 -0.632947 -1.135454
v -0.979783 -0.627457 -1.140945
v -0.979783 -0.627457 -1.140945
v -0.977783 0.247543 -0.454945
v -0.977783 0.240043 -0.456954
v -0.979783 -0.442947 -1.233454
v -0.979783 -0.329957 -1.240954
v -0.977783 -0.322457 -0.748945
v -0.977783 -0.329957 -0.750954
v -0.979783 1.080043 -1.735454
v -0.979783 0.445043 -1.225954
v -0.979783 0.443034 -1.218454
v -0.979783 0.443034 -1.218454
v -0.977783 0.555543 -1.730954
v -0.977783 -0.504957 -0.735954
v -0.977783 -0.504957 -0.735954
v -0.979783 1.000043 -1.014954
v -0.979783 1.000043 -0.652954
v -0.979783 0.900043 -0.652954
v -0.979783 0.004543 -1.730954
v -0.979783 0.004543 -1.730954
v -0.979783 -1.012947 -1.218454
v -0.979783 0.836146 -1.728704
v -0.979783 0.835543 -1.730955
v -0.979783 0.835543 -1.730955
v -0.979783 -0.239957 -0.524954
v -0.979783 -0.247457 -0.526964
v -0.977783 0.050043 -0.456954
v -0.977783 -0.049957 -0.456954
v -0.979783 -0.279957 -1.735454
v -0.979783 0.512543 -0.526964
v -0.979783 0.507053 -0.532454
v -0.979783 0.507053 -0.532454
v -0.979782 0.086849 -0.218954
v -0.979782 0.285349 -0.218954
v -0.977783 -0.442947 -1.625454
v -0.977783 -0.442947 -1.625454
v -0.977783 0.240043 -0.358954
v -0.977783 0.140043 -0.358954
v -0.979783 0.063034 -0.547454
v -0.979783 0.445043 -1.617954
v -0.979783 0.443034 -1.610454
v -0.979783 0.443034 -1.610454
v -0.977783 -0.892457 -0.428964
v -0.977783 -0.892457 -0.428964
v -0.977783 -0.886967 -0.434454
v -0.977783 -0.354957 -0.910954
v -0.977783 -0.354957 -0.910954
v -0.977783 0.322543 -0.428964
v -0.977783 0.322543 -0.428964
v -0.977783 0.330043 -0.426954
v -0.977783 0.132543 -0.428964
v -0.977783 0.132543 -0.428964
v -0.977783 -0.254957 -0.343954
v -0.977783 -0.254957 -0.343954
v -0.977783 -0.322457 -0.454945
v -0.977783 -0.329957 -0.456954
v -0.979783 -0.822947 -0.939454
v -0.979783 -0.817457 -0.944945
v -0.979783 -0.817457 -0.944945
v -0.977783 -0.003854 -0.728704
v -0.977783 -0.003854 -0.728704
v -0.977783 -0.002207 -0.727057
v -0.979783 -0.822947 -0.547454
v -0.979783 -0.822947 -0.547454
v -0.977783 -0.822947 -0.547454
v -0.977783 -0.822947 -0.547454
v -0.977783 1.117793 -0.484851
v -0.977783 -0.061443 -0.950211
v -0.977783 -0.061068 -0.952135
v -0.977783 0.507053 -0.924454
v -0.977783 0.507053 -0.924454
v -0.979783 -1.006465 -0.428440
v -0.979783 -0.884957 -0.441954
v -0.979783 -0.886967 -0.434454
v -0.979783 -0.899957 -0.456954
v -0.979783 0.127053 -0.449454
v -0.979783 0.127053 -0.449454
v -0.977783 0.127053 -0.449454
v -0.977783 0.127053 -0.449454
v -0.979783 0.247543 -0.454945
v -0.979783 0.240043 -0.456954
v -0.979783 -0.437457 -0.454945
v -0.979783 -0.316966 -0.434454
v -0.979783 -0.316966 -0.434454
v -0.979783 0.330043 -0.456954
v -0.977783 -0.442947 -0.449454
v -0.977783 -0.442947 -0.449454
v -0.979783 0.127053 -0.434454
v -0.979783 0.247543 -0.428964
v -0.979783 0.247543 -0.428964
v -0.979783 0.132543 -0.454945
v -0.979783 0.125043 -0.441954
v -0.979783 0.125043 -0.441954
v -0.979782 0.562293 -0.234851
v -0.979782 0.562293 -0.234851
v -0.977783 -0.627457 -0.330964
v -0.977783 -0.627457 -0.330964
v -0.979782 0.556146 -0.228704
v -0.979782 0.555543 -0.230954
v -0.979783 -0.632947 -0.336454
v -0.979783 0.140043 -0.328954
v -0.977783 -0.144050 -0.947032
v -0.979783 0.140043 -0.358954
v -0.979783 0.240043 -0.358954
v -0.979783 0.132543 -0.356945
v -0.979783 0.132543 -0.356945
v -0.977783 0.443034 -0.351454
v -0.977783 0.443034 -0.351454
v -0.977783 0.125043 -0.343954
v -0.977783 0.125043 -0.343954
v -0.979783 -0.441684 -0.334602
v -0.979783 0.430043 -0.328954
v -0.979783 0.127053 -0.351454
v -0.979782 -0.559957 -0.235454
v -0.979782 -0.559957 -0.235454
v -0.979782 -0.562207 -0.234851
v -0.979782 -0.562207 -0.234851
v -0.979782 -0.557707 -0.234851
v -0.979782 -0.562207 -0.227057
v -0.979782 -0.562207 -0.227057
v -0.979782 -0.837707 -0.234851
v -0.979782 -0.837707 -0.234851
v -0.979782 -0.836060 -0.233204
v -0.979782 -0.283854 -0.228704
v -0.979782 -0.284457 -0.230954
v -0.979782 -0.284457 -0.230954
v -0.977782 -0.559957 -0.235454
v -0.977782 -0.559957 -0.235454
v -0.979782 -0.276060 -0.228704
v -0.977782 -0.837707 -0.234851
v -0.977782 -0.837707 -0.234851
v -0.979782 -0.556060 -0.233204
v -0.977782 0.563941 -0.228704
v -0.977782 0.563941 -0.228704
v -0.979782 -0.003854 -0.233204
v -0.977783 0.512543 -0.428964
v -0.977783 0.512543 -0.428964
v -0.977782 0.002293 -0.234851
v -0.977782 0.002293 -0.234851
v -0.979782 0.277793 -0.234851
v -0.979782 0.277793 -0.234851
v -0.977782 -0.004457 -0.230954
v -0.977782 -0.004457 -0.230954
v -0.979782 0.283940 -0.228704
v -0.977782 0.004543 -0.230954
v -0.977782 0.004543 -0.230954
v -0.979782 0.280043 -0.235454
v -0.979782 0.282293 -0.234851
v -0.979782 0.282293 -0.234851
v -0.977782 0.002293 -0.227057
v -0.977782 0.002293 -0.227057
v -0.979782 1.084543 -0.230954
v -0.979782 1.084543 -0.230954
v -0.977782 1.084543 -0.230954
v -0.977782 1.084543 -0.230954
v -0.979782 0.837793 -0.234852
v -0.979782 0.837793 -0.234852
v -0.977782 0.836146 -0.233204
v -0.977782 0.836146 -0.233204
v -0.979782 1.083940 -0.228704
v -0.979782 1.083940 -0.233204
v -0.979782 1.080043 -0.235454
v -0.979782 1.082293 -0.234852
v -0.979782 1.082293 -0.234852
v -0.979782 1.077793 -0.234852
v -0.979782 1.076146 -0.233204
v -0.979782 1.077793 -0.227057
v -0.979782 1.077793 -0.227057
v -0.979782 -0.839957 -0.226454
v -0.979783 -0.506966 -0.728454
v -0.979783 -0.506966 -0.728454
v -0.979783 -0.504957 -0.735954
v -0.979783 -0.504957 -0.735954
v -0.979783 -0.512457 -0.722964
v -0.979783 -0.504957 -0.637954
v -0.979783 -0.504957 -0.637954
v -0.979783 -0.506966 -0.630454
v -0.979783 -0.506966 -0.630454
v -0.979783 -0.627457 -0.624964
v -0.979783 -0.627457 -0.624964
v -0.977783 -0.627457 -0.624964
v -0.977783 -0.627457 -0.624964
v -0.979783 -0.899957 -0.652954
v -0.979783 -0.892457 -0.650945
v -0.979783 -0.892457 -0.650945
v -0.977783 -0.506966 -0.841454
v -0.977783 -0.506966 -0.841454
v -0.979783 -0.632947 -0.841454
v -0.979783 -0.619957 -0.622954
v -0.977783 -0.504957 -0.637954
v -0.977783 -0.504957 -0.637954
v -0.979783 -0.504957 -0.833954
v -0.979783 -0.504957 -0.833954
v -0.979783 -0.619957 -0.720954
v -0.979783 -0.627457 -0.722964
v -0.979783 -0.627457 -0.722964
v -0.977783 -0.444957 -0.637954
v -0.977783 -0.444957 -0.637954
v -0.979783 -0.512457 -0.820964
v -0.979783 -0.519957 -0.818954
v -0.979783 -0.322457 -0.650945
v -0.979783 -0.322457 -0.650945
v -0.977783 -0.322457 -0.650945
v -0.977783 -0.322457 -0.650945
v -0.979783 -0.632947 -0.728454
v -0.977783 -0.316966 -0.743454
v -0.977783 -0.316966 -0.743454
v -0.979783 -0.442947 -0.645454
v -0.979783 -0.429957 -0.750954
v -0.979783 -0.437457 -0.748945
v -0.977783 -0.627457 -0.820964
v -0.977783 -0.627457 -0.820964
v -0.979783 -0.316966 -0.645454
v -0.979783 -0.316966 -0.645454
v -0.979783 -0.329957 -0.652954
v -0.979783 -0.314957 -0.735954
v -0.979783 -0.148245 -0.949791
v -0.979783 -0.147432 -0.948786
v -0.979783 1.120043 -0.485454
v -0.979783 1.120043 -0.485454
v -0.979783 -1.014957 -0.833954
v -0.979783 -1.014957 -0.833954
v -0.977783 -1.014957 -0.833954
v -0.977783 -1.014957 -0.833954
v -0.979783 1.124543 -0.480954
v -0.979783 1.123940 -0.478704
v -0.979783 1.123940 -0.478704
v -0.977783 -1.123854 -0.728704
v -0.977783 -1.123854 -0.728704
v -0.979783 1.116146 -0.478704
v -0.979783 1.116146 -0.478704
v -0.979783 -1.012947 -0.841454
v -0.979783 -1.124457 -0.730954
v -0.979783 -1.012947 -0.630454
v -0.979783 -0.886967 -0.728454
v -0.979783 -0.892457 -0.846945
v -0.979783 -0.899957 -0.848954
v -0.979783 -0.886967 -0.743454
v -0.979783 -0.884957 -0.735954
v -0.979783 -0.884957 -0.735954
v -0.979783 -0.892457 -0.748945
v -0.979783 -0.892457 -0.748945
v -0.979783 -0.899957 -0.750954
v -0.979783 -1.012947 -0.728454
v -0.979783 -1.007457 -0.722964
v -0.979783 -1.007457 -0.722964
v -0.979783 -0.316966 -0.547454
v -0.979783 -0.316966 -0.547454
v -0.979783 0.253034 -0.547454
v -0.979783 0.253034 -0.547454
v -0.977783 0.253034 -0.547454
v -0.977783 0.253034 -0.547454
v -0.979783 -0.512457 -0.526964
v -0.979783 -0.519957 -0.524954
v -0.979783 0.240043 -0.554954
v -0.979783 0.247543 -0.552945
v -0.979783 0.315043 -0.539954
v -0.979783 0.315043 -0.539954
v -0.979783 0.430043 -0.554954
v -0.979783 0.437543 -0.552945
v -0.977783 0.443034 -0.547454
v -0.977783 0.443034 -0.547454
v -0.979783 1.000043 -0.554954
v -0.979783 1.013034 -0.449454
v -0.979783 0.430043 -0.426954
v -0.979783 0.430043 -0.456954
v -0.979783 -1.116060 -0.483204
v -0.979783 -1.116060 -0.483204
v -0.979783 -1.115457 -0.480954
v -0.979783 0.900043 -0.426954
v -0.979783 1.000043 -0.426954
v -0.979783 -1.012947 -0.547454
v -0.979783 -0.886967 -0.547454
v -0.979783 -0.892457 -0.552945
v -0.979783 -0.892457 -0.552945
v -0.979783 -0.506966 -0.532454
v -0.979783 -0.506966 -0.532454
v -0.979783 -1.124457 -0.480954
v -0.979783 -0.627457 -0.526964
v -0.979783 -0.632947 -0.532454
v -0.979783 -0.619957 -0.524954
v -0.979783 -0.519957 -0.554954
v -0.979783 1.116146 -0.983204
v -0.979783 1.116146 -0.983204
v -0.979783 1.117793 -0.977057
v -0.979783 1.120043 -0.985454
v -0.979783 1.120043 -0.985454
v -0.979783 1.122293 -0.984852
v -0.979783 1.122293 -0.984852
v -0.979783 -1.012947 -1.037454
v -0.979783 -1.014957 -1.029954
v -0.979783 -1.014957 -1.029954
v -0.979783 -1.007457 -1.042945
v -0.979783 -0.512457 -1.016964
v -0.979783 -0.512457 -1.042945
v -0.977783 -0.634957 -1.029954
v -0.977783 -0.634957 -1.029954
v -0.977783 0.892543 -1.016964
v -0.977783 0.892543 -1.016964
v -0.977783 -0.506966 -1.037454
v -0.977783 -0.506966 -1.037454
v -0.979783 0.887053 -1.022454
v -0.979783 0.887053 -1.022454
v -0.979783 -0.632947 -1.037454
v -0.979783 -0.899957 -0.916954
v -0.979783 -1.012947 -0.924454
v -0.979783 -1.007457 -0.918964
v -0.979783 -1.007457 -0.918964
v -0.977783 -0.702457 -1.434945
v -0.979783 -0.632947 -0.939454
v -0.977783 -0.884957 -0.931954
v -0.977783 -0.884957 -0.931954
v -0.979783 -0.506966 -0.939454
v -0.979783 -0.506966 -0.939454
v -0.979783 -1.119957 -0.976454
v -0.979783 -1.122207 -0.977057
v -0.979783 -1.122207 -0.977057
v -0.979783 -1.117707 -0.977057
v -0.979783 -1.117707 -0.977057
v -0.979783 0.887053 -0.924454
v -0.979783 1.013034 -0.939454
v -0.979783 1.015043 -0.931954
v -0.979783 1.015043 -0.931954
v -0.977783 0.892543 -0.918964
v -0.977783 0.892543 -0.918964
v -0.979783 -1.123854 -0.983204
v -0.979783 -1.123854 -0.983204
v -0.979783 -1.116060 -0.983204
v -0.979783 -1.116060 -0.983204
v -0.979783 1.007543 -0.722964
v -0.979783 1.007543 -0.722964
v -0.979783 1.007543 -0.650945
v -0.979783 1.007543 -0.650945
v -0.979783 1.013034 -0.645454
v -0.979783 0.330043 -0.720954
v -0.979783 0.322543 -0.722964
v -0.979783 0.322543 -0.722964
v -0.979783 0.430043 -0.720954
v -0.979783 1.000043 -0.720954
v -0.979783 1.015043 -0.735954
v -0.979783 1.015043 -0.735954
v -0.977783 0.437543 -0.722964
v -0.977783 0.437543 -0.722964
v -0.979783 1.007543 -0.846945
v -0.979783 1.007543 -0.846945
v -0.979783 1.122293 -0.727057
v -0.979783 1.122293 -0.727057
v -0.979783 1.116146 -0.728704
v -0.979783 1.116146 -0.728704
v -0.977783 1.116146 -0.728704
v -0.977783 1.116146 -0.728704
v -0.977783 0.892543 -0.820964
v -0.977783 0.892543 -0.820964
v -0.979783 1.120043 -0.726454
v -0.979783 1.120043 -0.726454
v -0.979783 1.115543 -0.730954
v -0.979783 1.117793 -0.727057
v -0.979783 0.131988 -0.862009
v -0.979783 0.131988 -0.862009
v -0.977783 0.131988 -0.862009
v -0.977783 0.131988 -0.862009
v -0.979783 0.240043 -0.750954
v -0.979783 0.247543 -0.748945
v -0.979783 0.140043 -0.750954
v -0.979783 -0.126966 -1.610454
v -0.979783 -0.126966 -1.610454
v -0.979783 -0.124957 -1.617954
v -0.979783 -0.329957 -0.720954
v -0.979783 -0.437457 -0.650945
v -0.979783 0.127053 -0.645454
v -0.979783 0.127053 -0.645454
v -0.979783 0.140043 -0.622954
v -0.979783 0.129123 -0.863106
v -0.979783 0.437543 -0.748945
v -0.979783 0.240043 -0.652954
v -0.979783 0.140043 -0.652954
v -0.979783 0.317053 -0.645454
v -0.979783 0.317053 -0.645454
v -0.979783 0.322543 -0.650945
v -0.979783 0.437543 -0.650945
v -0.979783 0.443034 -0.645454
v -0.979783 0.443034 -0.645454
v -0.979783 0.430043 -0.652954
v -0.979783 -0.506966 -1.331454
v -0.979783 -0.506966 -1.331454
v -0.979783 -0.512457 -1.336945
v -0.979783 -0.512457 -1.336945
v -0.979783 -0.316966 -1.316454
v -0.979783 -0.316966 -1.316454
v -0.977783 -0.316966 -1.316454
v -0.977783 -0.316966 -1.316454
v -0.979783 -0.437457 -1.310964
v -0.979783 -0.437457 -1.310964
v -0.977783 -0.437457 -1.310964
v -0.977783 -0.437457 -1.310964
v -0.979783 -0.429957 -1.308954
v -0.979783 -0.442947 -1.316454
v -0.979783 -0.314957 -1.323954
v -0.979783 0.247543 -1.310964
v -0.977783 1.015043 -1.323954
v -0.977783 1.015043 -1.323954
v -0.979783 0.140043 -1.338954
v -0.979783 0.322543 -1.310964
v -0.979783 0.322543 -1.310964
v -0.979783 1.013034 -1.331454
v -0.979783 0.430043 -1.308954
v -0.977783 0.125043 -1.323954
v -0.977783 0.125043 -1.323954
v -0.979783 0.317053 -1.316454
v -0.979783 0.443034 -1.331454
v -0.979783 0.443034 -1.331454
v -0.977783 0.132543 -1.336945
v -0.977783 0.132543 -1.336945
v -0.979783 1.000043 -1.112954
v -0.979783 0.900043 -1.240954
v -0.979783 1.007543 -1.140945
v -0.979783 1.007543 -1.140945
v -0.977783 0.892543 -1.238945
v -0.977783 0.892543 -1.238945
v -0.977783 1.007543 -1.114964
v -0.977783 1.007543 -1.114964
v -0.979783 1.000043 -1.142954
v -0.979783 0.900043 -1.142954
v -0.979783 1.013034 -1.135454
v -0.977783 -1.014957 -1.323954
v -0.977783 -1.014957 -1.323954
v -0.979783 1.124543 -1.230954
v -0.979783 1.123940 -1.233204
v -0.979783 1.123940 -1.233204
v -0.979783 1.115543 -1.230954
v -0.979783 1.116146 -1.233204
v -0.979783 1.116146 -1.233204
v -0.979783 1.120043 -1.226454
v -0.979783 1.120043 -1.226454
v -0.979783 1.117793 -1.227057
v -0.979783 1.117793 -1.227057
v -0.979783 -0.899957 -1.338954
v -0.979783 -1.012947 -1.331454
v -0.979783 -0.886967 -1.331454
v -0.979783 -0.892457 -1.336945
v -0.979783 -0.892457 -1.336945
v -0.979783 -0.519957 -1.142954
v -0.979783 -0.619957 -1.142954
v -0.979783 -0.322457 -1.212964
v -0.979783 -0.322457 -1.212964
v -0.979783 -0.632947 -1.218454
v -0.979783 -0.634957 -1.225954
v -0.979783 -0.634957 -1.225954
v -0.977783 -0.627457 -1.212964
v -0.977783 -0.627457 -1.212964
v -0.979783 -0.632947 -1.233454
v -0.979783 -0.627457 -1.238945
v -0.979783 -0.627457 -1.238945
v -0.979783 -0.329957 -1.210954
v -0.979783 -0.314957 -1.225954
v -0.977783 0.443034 -1.218454
v -0.977783 0.443034 -1.218454
v -0.979783 0.125043 -1.225954
v -0.979783 0.240043 -1.240954
v -0.977783 0.317053 -1.233454
v -0.977783 0.317053 -1.233454
v -0.979783 0.247543 -1.238945
v -0.979783 0.253034 -1.233454
v -0.979783 0.253034 -1.233454
v -0.979783 0.437543 -1.212964
v -0.979783 -0.519957 -0.426954
v -0.979783 0.322543 -1.238945
v -0.979783 0.322543 -1.506964
v -0.979783 0.322543 -1.506964
v -0.979783 0.330043 -1.504954
v -0.979783 -1.116060 -1.233204
v -0.979783 -1.116060 -1.233204
v -0.979783 -0.886966 -1.233454
v -0.979783 -0.886966 -1.233454
v -0.977783 -0.886966 -1.233454
v -0.977783 -0.886966 -1.233454
v -0.979783 -0.892457 -1.238945
v -0.979783 -0.892457 -1.238945
v -0.979783 -1.117707 -1.227057
v -0.977783 -0.506966 -1.135454
v -0.977783 -0.506966 -1.135454
v -0.979783 -0.899957 -1.112954
v -0.979783 -1.014957 -1.225954
v -0.979783 -1.014957 -1.225954
v -0.979783 -1.012947 -1.233454
v -0.977783 -1.014957 -1.225954
v -0.977783 -1.014957 -1.225954
v -0.979783 -0.512457 -1.140945
v -0.979783 -0.619957 -1.112954
v -0.979783 -0.519957 -1.112954
v -0.979783 -0.899957 -1.210954
v -0.979783 -0.999957 -1.210954
v -0.979783 -0.126966 -0.532454
v -0.979783 -0.124957 -0.539954
v -0.979783 -0.124957 -0.539954
v -0.979783 -0.061068 -0.952135
v -0.979783 -0.126966 -0.547454
v -0.979783 0.810043 -0.554954
v -0.979783 0.710043 -0.554954
v -0.979783 -0.252947 -0.532454
v -0.979783 -0.252947 -0.532454
v -0.979783 0.710043 -0.524954
v -0.979783 0.702543 -0.526964
v -0.979783 0.695043 -0.539954
v -0.979783 0.695043 -0.539954
v -0.979783 0.697053 -0.547454
v -0.979783 0.633034 -0.532454
v -0.979783 0.627543 -0.526964
v -0.979783 0.823034 -0.728454
v -0.979783 0.825043 -0.735954
v -0.979783 0.825043 -0.735954
v -0.977783 0.317053 -0.351454
v -0.977783 0.317053 -0.351454
v -0.979783 0.512543 -0.552945
v -0.979783 0.050043 -0.652954
v -0.979783 0.057543 -0.650945
v -0.979783 -0.124957 -0.735954
v -0.979783 -0.124957 -0.735954
v -0.979783 0.004543 -0.730954
v -0.979783 0.065043 -0.637954
v -0.979783 0.063034 -0.645454
v -0.979783 0.063034 -0.645454
v -0.979783 -0.132457 -0.748945
v -0.979783 -0.132457 -0.748945
v -0.979783 -0.126966 -0.743454
v -0.979783 -0.126966 -0.743454
v -0.977783 -0.003854 -0.733204
v -0.977783 -0.003854 -0.733204
v -0.977783 0.002293 -1.177057
v -0.977783 -0.132457 -0.722964
v -0.977783 -0.132457 -0.722964
v -0.979783 -0.239957 -0.652954
v -0.979783 -0.062947 -0.630454
v -0.977783 -0.057457 -0.624964
v -0.977783 -0.057457 -0.624964
v -0.979783 0.057543 -0.552945
v -0.979783 -0.139957 -0.720954
v -0.979783 -0.239957 -0.720954
v -0.979783 -0.247457 -0.722964
v -0.979783 0.050043 -0.328954
v -0.979783 -0.049957 -0.328954
v -0.979783 0.253034 -0.449454
v -0.979783 -0.702457 -0.330964
v -0.979783 -0.709957 -0.328954
v -0.979783 -0.062947 -0.351454
v -0.979783 -0.239957 -0.328954
v -0.979783 0.057543 -0.330964
v -0.979783 -0.139957 -0.358954
v -0.979783 -0.132457 -0.356945
v -0.979783 -0.132457 -0.356945
v -0.979783 -0.239957 -0.358954
v -0.979783 -0.696967 -0.449454
v -0.979783 -0.694957 -0.441954
v -0.979783 -0.694957 -0.441954
v -0.979783 0.000043 -0.726454
v -0.979783 0.000043 -0.726454
v -0.977783 0.000043 -0.726454
v -0.977783 0.000043 -0.726454
v -0.979783 -0.057457 -0.330964
v -0.977783 -0.822947 -0.449454
v -0.977783 -0.822947 -0.449454
v -0.979783 -0.064957 -0.343954
v -0.979783 -0.064957 -0.343954
v -0.979783 -0.002207 -0.727057
v -0.979783 0.002293 -0.727057
v -0.979783 -0.809957 -0.426954
v -0.979783 -0.817457 -0.428964
v -0.979783 -0.817457 -0.428964
v -0.979783 0.057543 -0.428964
v -0.979783 0.057543 -0.428964
v -0.979783 0.050043 -0.426954
v -0.977783 0.430043 -0.358954
v -0.979783 -0.057457 -0.428964
v -0.979783 -0.057457 -0.428964
v -0.979783 0.050043 -0.456954
v -0.979783 0.057543 -0.454945
v -0.979783 -0.239957 -0.426954
v -0.979783 -0.062947 -0.434454
v -0.979783 -0.139957 -0.456954
v -0.979783 -0.239957 -0.456954
v -0.977783 0.057543 -0.428964
v -0.977783 0.057543 -0.428964
v -0.979783 -0.809957 -0.554954
v -0.979783 -0.817457 -0.552945
v -0.979783 -0.709957 -0.554954
v -0.979783 -0.702457 -0.552945
v -0.979783 -0.822947 -0.532454
v -0.979783 -0.822947 -0.532454
v -0.979783 -0.709957 -0.358954
v -0.979783 -0.702457 -0.356945
v -0.979783 -0.702457 -0.356945
v -0.979783 -0.809957 -0.358954
v -0.979783 0.810043 -1.014954
v -0.979783 0.765543 -1.014954
v -0.979783 0.620043 -0.916954
v -0.979783 0.520043 -0.916954
v -0.979783 0.507053 -0.939454
v -0.979783 0.507053 -1.037454
v -0.977783 -0.247457 -1.310964
v -0.977783 -0.247457 -1.310964
v -0.977782 -0.557707 -0.234851
v -0.977783 0.512543 -1.016964
v -0.977783 0.512543 -1.016964
v -0.979783 0.635043 -1.029954
v -0.979783 0.635043 -1.029954
v -0.977783 0.635043 -1.029954
v -0.977783 0.635043 -1.029954
v -0.977783 0.505043 -1.029954
v -0.977783 0.505043 -1.029954
v -0.979783 0.512543 -1.042945
v -0.979783 0.512543 -1.042945
v -0.977783 -0.702457 -1.532945
v -0.977783 -0.709957 -1.534954
v -0.979783 0.050043 -1.308954
v -0.979783 -0.049957 -1.308954
v -0.979783 0.633034 -0.434454
v -0.977782 -0.556060 -0.233204
v -0.979783 0.710043 -0.426954
v -0.979783 0.702543 -0.428964
v -0.979783 0.702543 -0.428964
v -0.979783 0.635043 -0.441954
v -0.979783 0.635043 -0.441954
v -0.977783 0.635043 -0.441954
v -0.977783 0.635043 -0.441954
v -0.979783 0.633034 -0.449454
v -0.979783 0.507053 -0.434454
v -0.977783 0.627543 -0.454945
v -0.977783 0.627543 -0.454945
v -0.977783 0.627543 -0.428964
v -0.977783 0.627543 -0.428964
v -0.979783 0.810043 -0.916954
v -0.979783 0.710043 -0.946954
v -0.979783 0.702543 -0.944945
v -0.979783 0.702543 -0.944945
v -0.979783 0.823034 -0.939454
v -0.979783 0.697053 -0.924454
v -0.979783 0.697053 -0.924454
v -0.977783 0.825043 -0.931954
v -0.977783 0.825043 -0.931954
v -0.977782 -0.837707 -0.227057
v -0.977782 -0.837707 -0.227057
v -0.979783 0.507053 -0.826454
v -0.979783 0.507053 -0.826454
v -0.979783 0.512543 -0.820964
v -0.979783 0.512543 -0.820964
v -0.979783 0.620043 -0.622954
v -0.979783 0.520043 -0.622954
v -0.979783 0.507053 -0.645454
v -0.979783 0.507053 -0.645454
v -0.977782 -0.836060 -0.228704
v -0.977782 -0.835457 -0.230954
v -0.977782 -0.835457 -0.230954
v -0.979783 0.063034 -1.625454
v -0.979783 0.063034 -1.625454
v -0.979783 -0.709957 -1.504954
v -0.979783 -0.809957 -1.504954
v -0.977783 0.507053 -0.826454
v -0.977783 0.507053 -0.826454
v -0.979783 -0.247457 -1.630945
v -0.979783 -0.252947 -1.625454
v -0.979783 -0.252947 -1.625454
v -0.977783 -0.126966 -1.610454
v -0.977783 -0.126966 -1.610454
v -0.979783 -0.696967 -1.527454
v -0.979783 -0.696967 -1.527454
v -0.979783 0.065043 -1.617954
v -0.977783 -0.062947 -1.610454
v -0.977783 -0.062947 -1.610454
v -0.979783 -0.064957 -1.617954
v -0.977783 0.063034 -1.625454
v -0.977783 0.063034 -1.625454
v -0.979783 -0.252947 -1.610454
v -0.979783 -0.254957 -1.617954
v -0.979783 -0.132457 -1.604964
v -0.979783 -0.239957 -1.602954
v -0.979783 -0.247457 -1.604964
v -0.979783 -0.247457 -1.604964
v -0.979783 -0.702457 -1.506964
v -0.979783 0.810043 -0.652954
v -0.979783 0.817543 -0.650945
v -0.979783 0.817543 -0.650945
v -0.979783 0.823034 -0.630454
v -0.979783 0.810043 -0.818954
v -0.979783 0.817543 -0.820964
v -0.979783 0.627543 -0.748945
v -0.979783 0.627543 -0.748945
v -0.977783 0.627543 -0.748945
v -0.977783 0.627543 -0.748945
v -0.979783 0.633034 -0.743454
v -0.979783 0.620043 -0.750954
v -0.977783 0.817543 -0.624964
v -0.977783 0.817543 -0.624964
v -0.979783 0.810043 -0.848954
v -0.979783 0.817543 -0.846945
v -0.979783 0.817543 -0.846945
v -0.979783 0.695043 -0.833954
v -0.979783 0.695043 -0.833954
v -0.979783 0.697053 -0.841454
v -0.977783 -0.696966 -1.512454
v -0.977783 -0.696966 -1.512454
v -0.979783 0.695043 -0.735954
v -0.979783 0.695043 -0.735954
v -0.979783 0.620043 -0.848954
v -0.979783 0.627543 -0.846945
v -0.979783 0.627543 -0.846945
v -0.979783 0.599793 -0.848954
v -0.979783 0.710043 -0.818954
v -0.979783 0.702543 -0.820964
v -0.979783 0.507053 -0.743454
v -0.979783 0.507053 -0.743454
v -0.977783 0.507053 -0.743454
v -0.977783 0.507053 -0.743454
v -0.979783 0.512543 -0.748945
v -0.979783 0.505043 -0.735954
v -0.979783 0.505043 -0.735954
v -0.979783 0.520043 -0.848954
v -0.979783 0.710043 -0.622954
v -0.979783 0.702543 -0.624964
v -0.979783 0.695043 -0.637954
v -0.979783 0.697053 -0.645454
v -0.979783 0.697053 -0.645454
v -0.977783 0.825043 -0.343954
v -0.977783 0.825043 -0.343954
v -0.979783 0.857901 -0.393096
v -0.977783 0.063034 -1.429454
v -0.977783 0.063034 -1.429454
v -0.979783 0.810043 -0.328954
v -0.979783 0.817543 -0.330964
v -0.979783 0.817543 -0.330964
v -0.979783 -0.809957 -1.602954
v -0.979783 0.057543 -1.408964
v -0.979783 0.823034 -0.336454
v -0.979783 0.065043 -1.421954
v -0.979783 -0.064957 -1.421954
v -0.979783 -0.062947 -1.429454
v -0.979783 -0.062947 -1.429454
v -0.979783 -0.247457 -1.408964
v -0.979783 -0.247457 -1.408964
v -0.979783 -0.132457 -1.434945
v -0.979783 0.051432 -0.957864
v -0.979783 0.051432 -0.957864
v -0.977783 0.051432 -0.957864
v -0.977783 0.051432 -0.957864
v -0.979783 -0.062947 -1.414454
v -0.979783 -0.062947 -1.414454
v -0.979783 0.074327 -0.863832
v -0.979783 0.064557 -0.856747
v -0.979783 -0.139957 -1.534954
v -0.979783 0.058538 -0.955983
v -0.979783 0.063034 -1.527454
v -0.979783 0.063034 -1.527454
v -0.979783 0.057543 -1.532945
v -0.979783 0.057543 -1.532945
v -0.979783 -0.822947 -1.527454
v -0.979783 -0.124957 -1.519954
v -0.979783 -0.124957 -1.519954
v -0.979783 -0.126966 -1.527454
v -0.977783 -0.702457 -1.630945
v -0.977783 -0.702457 -1.630945
v -0.979783 -0.696967 -1.610454
v -0.977783 -0.124957 -1.519954
v -0.977783 -0.124957 -1.519954
v -0.979783 0.000043 -1.176454
v -0.979783 0.000043 -1.176454
v -0.979783 -0.003854 -1.178704
v -0.979783 -0.003854 -1.178704
v -0.977783 -0.003854 -1.178704
v -0.977783 -0.003854 -1.178704
v -0.979783 -0.002207 -1.177057
v -0.979783 -0.824957 -1.421954
v -0.979783 -0.247457 -1.238945
v -0.979783 -0.247457 -1.238945
v -0.977783 -0.247457 -1.238945
v -0.977783 -0.247457 -1.238945
v -0.979783 -0.057457 -1.238945
v -0.979783 -0.049957 -1.240954
v -0.979783 -0.062947 -1.233454
v -0.977783 0.000043 -1.185454
v -0.977783 0.000043 -1.185454
v -0.979783 -0.239957 -1.240954
v -0.979783 -0.254957 -1.519954
v -0.979783 -0.254957 -1.519954
v -0.977783 -0.702457 -1.336945
v -0.977783 -0.702457 -1.336945
v -0.979783 -0.247457 -1.212964
v -0.979783 -0.247457 -1.212964
v -0.979783 -0.252947 -1.218454
v -0.979783 -0.139957 -1.210954
v -0.979783 -0.062947 -1.218454
v -0.979783 -0.064957 -1.225954
v -0.979783 -0.064957 -1.225954
v -0.979783 -0.824957 -1.323954
v -0.979783 -0.824957 -1.323954
v -0.979783 -0.696967 -1.331454
v -0.979783 -0.809957 -1.338954
v -0.979783 -0.126966 -1.331454
v -0.979783 0.697053 -0.351454
v -0.979783 0.695043 -0.343954
v -0.979783 0.695043 -0.343954
v -0.977783 -0.132457 -1.336945
v -0.977783 -0.132457 -1.336945
v -0.979783 0.702543 -0.330964
v -0.979783 0.697053 -0.336454
v -0.979783 0.697053 -0.336454
v -0.979783 0.710043 -0.328954
v -0.979783 -0.252947 -1.331454
v -0.979783 -0.252947 -1.331454
v -0.979783 0.620043 -0.358954
v -0.979783 -0.696967 -1.429454
v -0.979783 -0.696967 -1.429454
v -0.979783 0.505043 -0.343954
v -0.979783 0.505043 -0.343954
v -0.979783 0.507053 -0.351454
v -0.977783 0.695043 -0.343954
v -0.977783 0.695043 -0.343954
v -0.979783 -0.817457 -1.434945
v -0.979783 -0.822947 -1.429454
v -0.979783 -0.822947 -1.429454
v -0.979783 -0.694957 -1.421954
v -0.979783 -0.244957 -1.060954
v -0.979783 -0.244957 -1.060954
v -0.977783 -0.244957 -1.060954
v -0.977783 -0.244957 -1.060954
v -0.979783 -0.254957 -1.100954
v -0.979783 -0.254957 -1.100954
v -0.979783 -0.012618 -0.946788
v -0.979783 -0.204957 -1.060954
v -0.979783 -0.204957 -1.060954
v -0.979783 -0.244957 -1.100954
v -0.979783 -0.244957 -1.100954
v -0.979783 -0.871957 -0.268954
v -0.979783 -0.864303 -0.270477
v -0.979783 -0.252947 -1.233454
v -0.979783 -1.059277 -0.388954
v -0.979783 -1.051957 -0.396275
v -0.979783 -1.061957 -0.378954
v -0.979783 1.042043 -0.398954
v -0.979783 1.052043 -0.396275
v -0.979783 1.052043 -0.396275
v -0.979783 -0.101845 -0.955216
v -0.979783 -0.101845 -0.955216
v -0.979783 -0.100529 -0.953776
v -0.979783 -0.105051 -0.955891
v -0.979783 -0.061443 -0.950211
v -0.979783 -0.062290 -0.949206
v -0.979783 -0.082531 -0.943802
v -0.979783 -0.083742 -0.945850
v -0.979783 -0.082009 -0.942035
v -0.979783 -0.004457 -1.180954
v -0.979783 -0.004457 -1.180954
v -0.979783 -0.148568 -0.951549
v -0.979783 -0.147991 -0.953578
v -0.979783 -0.147991 -0.953578
v -0.979783 -0.074640 -0.935644
v -0.979783 -0.006901 -0.952091
v -0.979783 -0.099957 -0.951918
v -0.979783 -0.099957 -0.951918
v -0.979783 -0.239957 -1.210954
v -0.979783 -0.046615 -0.946232
v -0.979783 -0.045928 -0.944398
v -0.979783 -0.146419 -0.954999
v -0.979783 -0.143744 -0.955786
v -0.979783 -0.045931 -0.867293
v -0.979783 -0.052735 -0.952091
v -0.979783 -0.494957 -0.910954
v -0.979783 -0.494957 -0.910954
v -0.979783 -0.444957 -0.900954
v -0.979783 -0.444957 -0.900954
v -0.977783 -0.444957 -0.900954
v -0.977783 -0.444957 -0.900954
v -0.979783 -0.294957 -0.860954
v -0.979783 -0.294957 -0.860954
v -0.979783 -0.294957 -0.900954
v -0.979783 -0.294957 -0.900954
v -0.979783 -0.344957 -0.900954
v -0.979783 -0.344957 -0.900954
v -0.977783 -0.089171 -0.881453
v -0.977783 -0.089171 -0.881453
v -0.977783 -0.294957 -0.860954
v -0.977783 -0.294957 -0.860954
v -0.979783 -0.096116 -0.855954
v -0.979783 -0.096116 -0.855954
v -0.979783 -0.404957 -0.900954
v -0.979783 -0.404957 -0.900954
v -0.977783 -0.494957 -0.950954
v -0.977783 -0.494957 -0.950954
v -0.979783 -0.115386 -0.855954
v -0.979783 -0.115386 -0.855954
v -0.979783 -0.204957 -0.910954
v -0.979783 -0.204957 -0.910954
v -0.979783 -0.204957 -0.950954
v -0.979783 -0.204957 -0.950954
v -0.979783 -0.244957 -0.910954
v -0.979783 -0.244957 -0.910954
v -0.979783 -0.106901 -0.943259
v -0.979783 -0.081901 -0.940199
v -0.979783 -0.090256 -0.905585
v -0.979783 -0.084549 -0.955954
v -0.979783 -0.051510 -0.862843
v -0.979783 0.072272 -0.952304
v -0.979783 0.072272 -0.952304
v -0.979783 0.045877 -0.854001
v -0.979783 0.045877 -0.854001
v -0.979783 0.014627 -0.941697
v -0.979783 0.027811 -0.952641
v -0.979783 0.005543 -0.924254
v -0.979783 0.081988 -0.953263
v -0.979783 0.038220 -0.868943
v -0.979783 0.008338 -0.876898
v -0.979783 0.070095 -0.931019
v -0.979783 0.066949 -0.936976
v -0.979783 -0.244957 -0.960954
v -0.979783 -0.244957 -0.960954
v -0.979783 0.045877 -0.957929
v -0.979783 0.045877 -0.957929
v -0.977783 0.045877 -0.957929
v -0.977783 0.045877 -0.957929
v -0.979783 0.179210 -0.905846
v -0.979783 0.175914 -0.927709
v -0.979783 0.196441 -0.865503
v -0.979783 -0.344957 -1.100954
v -0.979783 -0.344957 -1.100954
v -0.979783 0.193034 -0.948077
v -0.979783 0.195676 -0.947070
v -0.977783 0.277403 -0.870060
v -0.977783 0.277403 -0.870060
v -0.979783 -0.344957 -1.060954
v -0.979783 -0.344957 -1.060954
v -0.979783 -0.404957 -1.100954
v -0.979783 -0.404957 -1.100954
v -0.979783 -0.444957 -1.100954
v -0.979783 -0.444957 -1.100954
v -0.979783 -0.404957 -1.060954
v -0.979783 -0.404957 -1.060954
v -0.979783 -0.454957 -1.060954
v -0.979783 -0.454957 -1.060954
v -0.979783 -0.454957 -1.100954
v -0.979783 -0.454957 -1.100954
v -0.979783 -0.394957 -1.050954
v -0.979783 -0.394957 -1.050954
v -0.979783 -0.354957 -1.050954
v -0.979783 -0.354957 -1.050954
v -0.977783 -0.494957 -1.000954
v -0.977783 -0.494957 -1.000954
v -0.979783 -0.354957 -0.960954
v -0.979783 -0.354957 -0.960954
v -0.977783 -0.354957 -0.960954
v -0.977783 -0.354957 -0.960954
v -0.977783 0.507053 -0.336454
v -0.977783 0.507053 -0.336454
v -0.977783 -0.454957 -1.060954
v -0.977783 -0.454957 -1.060954
v -0.979783 -0.454957 -1.000954
v -0.979783 -0.454957 -1.000954
v -0.977783 -0.394957 -1.050954
v -0.977783 -0.394957 -1.050954
v -0.979783 0.191295 -0.949179
v -0.979783 0.191295 -0.949179
v -0.979783 -0.007826 -0.862546
v -0.979783 0.234831 -0.947816
v -0.979783 0.234831 -0.947816
v -0.979783 0.234831 -0.955954
v -0.979783 0.234831 -0.955954
v -0.979783 0.243080 -0.916871
v -0.979783 0.246887 -0.861802
v -0.979783 0.243609 -0.869380
v -0.979783 0.253158 -0.856684
v -0.979783 0.176078 -0.884536
v -0.979783 0.190374 -0.859083
v -0.979783 0.190321 -0.859752
v -0.977783 0.234831 -0.947816
v -0.977783 0.234831 -0.947816
v -0.979783 0.260716 -0.907903
v -0.979783 0.271558 -0.855474
v -0.979783 0.263715 -0.854565
v -0.979783 0.275334 -0.870538
v -0.979783 0.275334 -0.870538
v -0.979783 0.275758 -0.870062
v -0.979783 0.275758 -0.870062
v -0.979783 0.275043 -0.871992
v -0.979783 0.238932 -0.859882
v -0.977783 0.234831 -0.955954
v -0.977783 0.234831 -0.955954
v -0.977783 0.251584 -0.904717
v -0.977783 0.251584 -0.904717
v -0.979783 -0.809957 -1.044954
v -0.979783 -0.817457 -1.042945
v -0.979783 0.137543 -0.957929
v -0.979783 0.137543 -0.957929
v -0.977783 0.137543 -0.957929
v -0.977783 0.137543 -0.957929
v -0.979783 0.137694 -0.957918
v -0.979783 0.229439 -0.867650
v -0.979783 0.131837 -0.957918
v -0.979783 0.131988 -0.854001
v -0.979783 0.131988 -0.854001
v -0.979783 0.117199 -0.857642
v -0.979783 0.190979 -0.857551
v -0.979783 0.192230 -0.856539
v -0.979783 0.125043 -0.939526
v -0.977783 0.131988 -0.854001
v -0.977783 0.131988 -0.854001
v -0.979783 0.140365 -0.863030
v -0.977783 -0.555457 -1.730954
v -0.977783 -0.555457 -1.730954
v -0.977783 -0.049957 -0.524954
v -0.977783 0.050043 -0.524954
v -0.979783 0.705239 -1.733954
v -0.979783 0.703043 -1.736151
v -0.979783 -0.556060 -1.728704
v -0.979783 -0.705957 -1.730954
v -0.979783 -0.705153 -1.733954
v -0.979783 -0.705153 -1.733954
v -0.979783 0.706043 -1.730954
v -0.979783 -0.506966 -0.449454
v -0.979783 -0.506966 -0.449454
v -0.979783 -0.512457 -0.454945
v -0.979783 0.810043 -0.524954
v -0.979783 0.817543 -0.526964
v -0.979783 0.817543 -0.526964
v -0.979783 0.050043 -0.358954
v -0.979783 0.765543 -0.524954
v -0.979783 0.697053 -1.316454
v -0.979783 0.599793 -1.308954
v -0.979783 0.520043 -1.308954
v -0.979783 0.825043 -1.421954
v -0.979783 0.825043 -1.421954
v -0.979783 0.505043 -1.323954
v -0.979783 0.505043 -1.323954
v -0.979783 0.710043 -1.436954
v -0.979783 0.810043 -1.406954
v -0.979783 0.633034 -1.414454
v -0.979783 0.627543 -1.408964
v -0.979783 0.627543 -1.408964
v -0.979783 0.505043 -1.421954
v -0.979783 0.505043 -1.421954
v -0.979783 0.817543 -1.212964
v -0.979783 0.817543 -1.212964
v -0.979783 -1.077707 -1.727057
v -0.979783 -1.077707 -1.734851
v -0.979783 -1.079957 -1.735454
v -0.977783 -1.076060 -1.728704
v -0.977783 -1.076060 -1.728704
v -0.977783 -1.082207 -1.734851
v -0.977783 -1.082207 -1.734851
v -0.979782 -1.131153 -0.221954
v -0.979782 -1.128957 -0.219758
v -0.979782 -1.128957 -0.219758
v -0.979782 -1.077707 -0.227057
v -0.979782 -1.077707 -0.227057
v -0.979782 -1.079957 -0.226454
v -0.979783 0.817543 -1.336945
v -0.979783 0.817543 -1.336945
v -0.979783 0.627543 -1.336945
v -0.979783 0.627543 -1.336945
v -0.979783 0.823034 -1.331454
v -0.979783 0.810043 -1.338954
v -0.977782 -1.082207 -0.234851
v -0.977782 -1.082207 -0.234851
v -0.979783 0.633034 -1.331454
v -0.979783 0.620043 -1.338954
v -0.979783 0.430599 -0.855954
v -0.979783 0.430599 -0.855954
v -0.979783 0.396680 -0.855954
v -0.979783 0.446375 -0.916455
v -0.977783 0.444857 -0.866588
v -0.977783 0.444857 -0.866588
v -0.979783 0.365625 -0.946362
v -0.979783 0.446791 -0.870574
v -0.979783 0.471072 -0.914331
v -0.979783 0.462571 -0.905428
v -0.979783 0.392935 -0.862843
v -0.979783 0.394423 -0.863680
v -0.979783 0.398654 -0.869214
v -0.979783 0.333377 -0.957897
v -0.979783 0.333377 -0.957929
v -0.979783 0.333377 -0.957929
v -0.979783 0.333377 -0.949943
v -0.979783 0.333377 -0.949943
v -0.979783 0.326744 -0.869530
v -0.979783 0.328233 -0.865134
v -0.977783 0.437543 -0.911271
v -0.977783 0.437543 -0.911271
v -0.979783 0.306033 -0.866241
v -0.977783 -0.354957 -1.000954
v -0.977783 -0.354957 -1.000954
v -0.979783 0.318930 -0.954708
v -0.979783 0.328957 -0.947410
v -0.979783 0.345877 -0.939526
v -0.979783 0.345877 -0.874183
v -0.979783 0.345613 -0.942741
v -0.979783 0.286154 -0.870125
v -0.979783 0.285674 -0.867826
v -0.979783 0.294841 -0.884529
v -0.979783 0.392368 -0.857551
v -0.979783 0.393619 -0.856539
v -0.979783 0.437239 -0.855954
v -0.979783 0.437239 -0.855954
v -0.979783 0.447265 -0.891458
v -0.979783 0.446814 -0.896493
v -0.979783 0.447265 -0.875008
v -0.979783 -0.702457 -0.846945
v -0.979783 -0.702457 -0.846945
v -0.979783 -0.696967 -0.841454
v -0.977783 -0.822947 -0.645454
v -0.977783 -0.822947 -0.645454
v -0.979783 -0.817457 -0.846945
v -0.979783 -0.817457 -0.846945
v -0.979783 -0.809957 -0.848954
v -0.979783 -0.809957 -0.622954
v -0.979783 -0.817457 -0.624964
v -0.977783 -0.817457 -0.846945
v -0.977783 -0.817457 -0.846945
v -0.979783 -0.817457 -0.650945
v -0.979783 -0.809957 -0.750954
v -0.979783 -0.709957 -0.652954
v -0.977783 -0.822947 -0.924454
v -0.977783 -0.822947 -0.924454
v -0.979783 -0.696967 -0.924454
v -0.979783 -0.694957 -0.931954
v -0.979783 -0.694957 -0.931954
v -0.979783 -0.809957 -0.818954
v -0.979783 -0.817457 -0.820964
v -0.979783 -0.817457 -0.820964
v -0.979783 -0.824957 -0.931954
v -0.979783 -0.824957 -0.931954
v -0.979783 -0.047380 -0.947070
v -0.979783 -0.765457 -0.916954
v -0.979783 -0.709957 -1.014954
v -0.979783 -0.809957 -1.014954
v -0.979783 -0.822947 -1.037454
v -0.979783 -0.822947 -1.037454
v -0.979783 -0.824957 -1.029954
v -0.977783 0.507053 -1.610454
v -0.977783 0.507053 -1.610454
v -0.979783 -0.702457 -1.212964
v -0.979783 -0.702457 -1.212964
v -0.979783 -0.817457 -1.238945
v -0.979783 -0.694957 -0.735954
v -0.979783 -0.694957 -0.735954
v -0.977783 -0.694957 -0.735954
v -0.977783 -0.694957 -0.735954
v -0.979783 -0.824957 -1.127954
v -0.979783 -0.824957 -1.127954
v -0.979783 -0.709957 -1.112954
v -0.979783 -0.809957 -1.112954
v -0.979783 -0.709957 -1.210954
v -0.979783 -0.809957 -1.142954
v -0.979783 -0.696967 -0.728454
v -0.979783 -0.696967 -0.743454
v -0.979783 -0.696967 -0.743454
v -0.979783 -0.765457 -1.210954
v -0.979783 -0.809957 -1.210954
v -0.979783 0.825043 -1.519954
v -0.979783 0.825043 -1.519954
v -0.979783 0.697053 -1.512454
v -0.979783 0.697053 -1.512454
v -0.979783 0.633034 -1.527454
v -0.979783 0.702543 -1.532945
v -0.979783 0.702543 -1.532945
v -0.977783 0.702543 -1.532945
v -0.977783 0.702543 -1.532945
v -0.979783 0.505043 -1.519954
v -0.979783 0.823034 -1.610455
v -0.979783 0.817543 -1.630945
v -0.979783 0.697053 -1.625454
v -0.979783 0.697053 -1.625454
v -0.979783 0.695043 -1.617954
v -0.979783 0.697053 -1.610454
v -0.977783 0.825043 -1.617954
v -0.977783 0.825043 -1.617954
v -0.979783 0.627543 -1.630945
v -0.977783 0.817543 -1.604964
v -0.977783 0.817543 -1.604964
v -0.979783 0.810043 -1.210954
v -0.979783 0.627543 -1.140945
v -0.979783 0.633034 -1.135454
v -0.979783 0.620043 -1.142954
v -0.979783 0.825043 -1.127954
v -0.979783 0.825043 -1.127954
v -0.979783 0.695043 -1.225954
v -0.979783 0.695043 -1.225954
v -0.979783 0.710043 -1.210954
v -0.979783 0.702543 -1.212964
v -0.979783 0.702543 -1.212964
v -0.979783 0.633034 -1.120454
v -0.979783 0.697053 -1.233454
v -0.979783 0.697053 -1.233454
v -0.979783 0.512543 -1.114964
v -0.979783 0.520043 -1.112954
v -0.979783 0.507053 -1.120454
v -0.979783 0.695043 -1.127954
v -0.979783 0.695043 -1.127954
v -0.979783 0.697053 -1.135454
v -0.979783 0.697053 -1.135454
v -0.977783 0.507053 -1.135454
v -0.977783 0.507053 -1.135454
v -0.979783 0.520043 -1.240954
v -0.979783 0.512543 -1.140945
v -0.979783 0.810043 -1.534954
v -0.979783 0.710043 -1.534954
v -0.977783 0.512543 -1.238945
v -0.977783 0.512543 -1.238945
v -0.977783 0.074327 -0.863832
v -0.979783 0.077521 -0.884773
v -0.977783 -0.204957 -1.000954
v -0.977783 -0.204957 -1.000954
v -0.977783 0.037543 -0.872491
v -0.977783 0.038220 -0.868943
v -0.977783 0.445660 -0.955954
v -0.979783 -0.239957 -1.632954
v -0.977783 0.892543 -1.630945
v -0.977783 -0.519957 -1.504954
v -0.977783 0.885043 -0.833954
v -0.977783 0.885043 -0.833954
v -0.977783 0.900043 -0.622954
v -0.977783 0.892543 -0.650945
v -0.977783 0.892543 -0.650945
v -0.977783 0.887053 -0.645454
v -0.977783 1.015043 -0.735954
v -0.977783 1.015043 -0.735954
v -0.977783 1.013034 -0.743454
v -0.977783 1.013034 -0.728454
v -0.977783 0.430043 -0.720954
v -0.977783 0.322543 -0.722964
v -0.977783 0.322543 -0.722964
v -0.977783 0.330043 -0.720954
v -0.977783 1.117793 -0.727057
v -0.977783 1.115543 -0.730954
v -0.977783 1.013034 -0.826454
v -0.977783 0.887053 -0.826454
v -0.977783 1.013034 -0.841454
v -0.977783 1.007543 -0.846945
v -0.977783 1.007543 -0.846945
v -0.977783 1.015043 -0.833954
v -0.977783 1.015043 -0.833954
v -0.977783 0.132543 -0.748945
v -0.977783 0.247543 -0.748945
v -0.977783 -0.429957 -0.750954
v -0.977783 -0.329957 -0.622954
v -0.977783 -0.316966 -0.645454
v -0.977783 -0.316966 -0.645454
v -0.977783 0.445043 -0.637954
v -0.977783 0.437543 -0.748945
v -0.977783 0.240043 -0.652954
v -0.977783 0.240043 -0.720954
v -0.977783 -0.504957 -0.833954
v -0.977783 -0.504957 -0.833954
v -0.977783 -0.899957 -0.750954
v -0.977783 -0.892457 -0.748945
v -0.977783 -0.892457 -0.748945
v -0.977783 -0.899957 -0.720954
v -0.977783 -1.007457 -0.846945
v -0.977783 -0.442947 -0.630454
v -0.977783 -0.442947 -0.645454
v -0.977783 -0.506966 -0.645454
v -0.977783 -0.506966 -0.645454
v -0.977783 -0.627457 -0.722964
v -0.977783 -0.627457 -0.722964
v -0.977783 -0.619957 -0.720954
v -0.977783 -0.632947 -0.841454
v -0.977783 -0.634957 -0.833954
v -0.977783 -0.634957 -0.833954
v -0.977783 -1.117707 -0.727057
v -0.977783 -1.117707 -0.727057
v -0.977783 -1.116060 -0.728704
v -0.977783 -1.116060 -0.728704
v -0.977783 -1.119957 -0.735454
v -0.977783 -1.119957 -0.735454
v -0.977783 -1.124457 -0.730954
v -0.977783 0.887053 -0.939454
v -0.977783 -0.627457 -0.918964
v -0.977783 -0.627457 -0.918964
v -0.977783 -0.619957 -0.916954
v -0.977783 -1.007457 -0.722964
v -0.977783 -1.007457 -0.722964
v -0.977783 -0.999957 -0.720954
v -0.977783 -0.886967 -0.841454
v -0.977783 -0.884957 -0.637954
v -0.977783 -0.884957 -0.637954
v -0.977783 -0.999957 -0.750954
v -0.977783 -1.007457 -0.748945
v -0.977783 -1.014957 -0.735954
v -0.977783 -1.014957 -0.735954
v -0.977783 -1.012947 -0.743454
v -0.977783 -1.012947 -0.728454
v -0.977783 -0.619957 -0.328954
v -0.977783 -0.506966 -0.336454
v -0.977783 -0.506966 -0.336454
v -0.977783 -0.512457 -0.330964
v -0.977783 1.000043 -0.426954
v -0.977783 0.253034 -0.336454
v -0.977783 0.247543 -0.330964
v -0.977783 -0.444581 -0.347292
v -0.977783 -0.441684 -0.334602
v -0.977783 -0.436465 -0.330440
v -0.977783 -0.444581 -0.340616
v -0.977783 0.247543 -1.630945
v -0.977783 -0.627457 -0.454945
v -0.977783 -0.884957 -0.441954
v -0.977783 0.445043 -0.441954
v -0.977783 0.443034 -0.449454
v -0.977783 0.443034 -0.449454
v -0.977783 0.315043 -0.441954
v -0.977783 0.140043 -0.426954
v -0.977783 0.247543 -0.428964
v -0.977783 0.247543 -0.428964
v -0.977783 0.253034 -0.434454
v -0.977783 0.240043 -0.426954
v -0.977783 -0.329957 -0.426954
v -0.977783 -0.429957 -0.456954
v -0.977783 0.247543 -1.604964
v -0.977783 0.240043 -1.602954
v -0.977783 -0.322457 -0.428964
v -0.977783 -0.322457 -0.428964
v -0.977783 -0.316966 -0.434454
v -0.977783 -0.316966 -0.434454
v -0.977783 0.887053 -0.547454
v -0.977783 0.887053 -0.547454
v -0.977783 0.430043 -0.524954
v -0.977783 0.317053 -0.547454
v -0.977783 0.240043 -0.524954
v -0.977783 0.127053 -0.532454
v -0.977783 0.127053 -0.532454
v -0.977783 -0.899957 -0.426954
v -0.977783 -0.999957 -0.426954
v -0.977783 -1.007457 -1.506964
v -0.977783 -1.007457 -1.506964
v -0.977783 -0.999957 -1.504954
v -0.977783 -0.886967 -0.449454
v -0.977783 1.117793 -1.484852
v -0.977783 1.117793 -1.484852
v -0.977783 1.115543 -0.480954
v -0.977783 1.122293 -0.477057
v -0.977783 1.122293 -0.477057
v -0.977783 1.124543 -0.480954
v -0.977783 1.123940 -0.478704
v -0.977783 1.123940 -0.478704
v -0.977783 0.900043 -0.554954
v -0.977783 0.900043 -0.524954
v -0.977783 -1.007457 -0.526964
v -0.977783 -1.007457 -0.526964
v -0.977783 -0.999957 -0.524954
v -0.977783 -1.012947 -0.532454
v -0.977783 -1.014957 -0.539954
v -0.977783 -1.014957 -0.539954
v -0.977783 -0.884957 -0.539954
v -0.977783 -0.884957 -0.539954
v -0.977783 0.887053 -1.120454
v -0.977783 -1.122207 -0.484851
v -0.977783 -1.115457 -0.480954
v -0.977783 1.122293 -0.734851
v -0.977783 1.122293 -0.734851
v -0.977783 -0.429957 -0.554954
v -0.977783 -0.437457 -0.526964
v -0.977783 -0.429957 -0.524954
v -0.977783 -0.437457 -0.552945
v -0.977783 -0.314957 -0.539954
v -0.977783 -0.316966 -0.547454
v -0.977783 -0.316966 -0.547454
v -0.977783 -0.627457 -0.552945
v -0.977783 -1.014957 -1.617954
v -0.977783 -1.014957 -1.617954
v -0.977782 0.277793 -0.234851
v -0.977782 0.277793 -0.234851
v -0.977782 0.003940 -0.228704
v -0.977782 0.000043 -0.226454
v -0.977783 1.080043 -1.726454
v -0.977782 0.003940 -0.233204
v -0.977782 -0.283854 -0.228704
v -0.977782 0.086849 -0.218954
v -0.977782 -0.499957 -0.218954
v -0.977782 0.557793 -0.234851
v -0.977782 0.555543 -0.230954
v -0.977782 0.556146 -0.228704
v -0.977782 0.556146 -0.233204
v -0.977782 0.556146 -0.233204
v -0.977782 0.564543 -0.230954
v -0.977782 0.284543 -0.230954
v -0.977782 0.284543 -0.230954
v -0.977783 0.445043 -0.343954
v -0.977783 0.315043 -0.343954
v -0.977783 0.317053 -0.336454
v -0.977783 0.317053 -0.336454
v -0.977782 -0.279957 -0.235454
v -0.977782 -0.559957 -0.226454
v -0.977782 -0.555457 -0.230954
v -0.977782 -0.843854 -0.233204
v -0.977783 -0.512457 -1.604964
v -0.977783 0.275543 -1.730954
v -0.977783 0.275543 -1.730954
v -0.979783 -0.304957 -1.100954
v -0.979783 -0.304957 -1.100954
v -0.979783 -0.494957 -1.060954
v -0.979783 -0.494957 -1.060954
v -0.977783 -0.843854 -1.728704
v -0.977783 -0.843854 -1.728704
v -0.977783 -0.842207 -1.727057
v -0.977783 -0.830207 -1.742954
v -0.977783 -0.765457 -1.742954
v -0.977783 -0.844457 -1.730954
v -0.977783 1.062043 -0.378954
v -0.977783 1.042043 -0.398954
v -0.977782 0.843940 -0.228704
v -0.977783 -0.559957 -1.726454
v -0.977783 -0.559957 -1.726454
v -0.977783 -0.283854 -1.733204
v -0.977783 -0.284457 -1.730954
v -0.977783 -0.284457 -1.730954
v -0.977783 -0.556060 -1.728704
v -0.977783 -0.557707 -1.727057
v -0.979783 -0.304957 -1.060954
v -0.979783 -0.304957 -1.060954
v -0.977783 -0.559957 -1.735454
v -0.977783 -0.699957 -1.724954
v -0.977783 -0.694761 -1.733954
v -0.977783 0.697043 -1.736151
v -0.977783 0.694847 -1.733954
v -0.977783 0.694847 -1.733954
v -0.977783 -0.699957 -1.736954
v -0.977783 -0.696957 -1.736151
v -0.977783 -1.131957 -0.412954
v -0.977783 -1.131957 -0.466704
v -0.977783 -0.864303 -0.397432
v -0.977783 -0.871957 -0.398954
v -0.977783 0.333377 -0.957929
v -0.977783 0.333377 -0.957929
v -0.977783 0.333377 -0.957897
v -0.977783 -0.853479 -0.386608
v -0.977783 -0.857815 -0.393096
v -0.977783 0.045877 -0.948967
v -0.977783 0.045877 -0.948967
v -0.977783 0.057752 -0.946681
v -0.977783 0.560043 -1.735454
v -0.977783 0.560043 -1.735454
v -0.977783 0.557793 -1.734851
v -0.977782 0.837793 -0.227057
v -0.977782 0.837793 -0.227057
v -0.977782 0.840043 -0.226454
v -0.977783 1.052043 -0.271634
v -0.977783 1.052043 -0.271634
v -0.977783 1.042043 -0.268954
v -0.977782 1.083940 -0.233204
v -0.977782 1.082293 -0.234852
v -0.977782 1.082293 -0.234852
v -0.977782 1.076146 -0.233204
v -0.977782 1.075543 -0.230954
v -0.977782 1.075543 -0.230954
v -0.977783 0.058538 -0.955983
v -0.977783 0.067838 -0.952376
v -0.977783 0.042563 -0.863618
v -0.977783 0.059110 -0.864322
v -0.977783 0.008338 -0.876898
v -0.977783 0.021332 -0.861358
v -0.977783 0.038794 -0.943568
v -0.977783 0.041334 -0.947039
v -0.977783 0.041334 -0.947039
v -0.977783 0.037543 -0.935946
v -0.977783 0.044206 -0.957343
v -0.977783 0.081988 -0.922491
v -0.977783 0.072272 -0.952304
v -0.977783 0.072272 -0.952304
v -0.977783 0.070377 -0.951788
v -0.977783 0.073611 -0.953741
v -0.977783 0.039974 -0.865785
v -0.977783 0.075672 -0.917535
v -0.977783 0.074513 -0.918586
v -0.977783 0.077647 -0.917065
v -0.977783 0.477127 -0.922047
v -0.977783 0.479210 -0.931649
v -0.977783 0.446647 -0.940708
v -0.977783 0.437239 -0.855954
v -0.977783 0.437239 -0.855954
v -0.977783 0.392217 -0.861959
v -0.977783 0.391710 -0.859752
v -0.977783 0.394423 -0.948077
v -0.977783 -1.122207 -1.234851
v -0.977783 -1.123854 -1.233204
v -0.977783 -1.123854 -1.233204
v -0.977783 0.396285 -0.864361
v -0.977783 0.394423 -0.863680
v -0.977783 0.397403 -0.864923
v -0.977783 0.398513 -0.867293
v -0.977783 0.397830 -0.865503
v -0.977783 0.397065 -0.947070
v -0.977783 0.397830 -0.946232
v -0.977783 0.446791 -0.870574
v -0.977783 0.447265 -0.875008
v -0.977783 0.330511 -0.863106
v -0.977783 0.478130 -0.893248
v -0.977783 0.447265 -0.891458
v -0.977783 1.013034 -1.331454
v -0.977783 -0.329957 -1.504954
v -0.977783 -0.437457 -1.506964
v -0.977783 -0.437457 -1.506964
v -0.977783 -0.429957 -1.504954
v -0.977783 -0.429957 -1.534954
v -0.977783 -0.999957 -1.534954
v -0.977783 -0.506966 -1.527454
v -0.977783 -0.512457 -1.532945
v -0.977783 -0.512457 -1.532945
v -0.977783 0.885043 -1.519954
v -0.977783 0.887053 -1.512454
v -0.977783 0.317053 -1.512454
v -0.977783 0.317053 -1.512454
v -0.977783 0.443034 -1.527454
v -0.977783 0.240043 -1.534954
v -0.977783 0.255043 -1.519954
v -0.977783 0.125043 -1.519954
v -0.977783 0.127053 -1.512454
v -0.977783 0.127053 -1.512454
v -0.977783 0.127053 -1.527454
v -0.977783 0.127053 -1.527454
v -0.977783 0.443034 -1.610454
v -0.977783 0.443034 -1.610454
v -0.977783 0.132543 -1.604964
v -0.977783 0.140043 -1.602954
v -0.977783 0.315043 -1.617954
v -0.977783 0.140043 -1.632954
v -0.977783 0.253034 -1.610454
v -0.977783 0.253034 -1.610454
v -0.977783 -0.886966 -1.512454
v -0.977783 -0.886966 -1.512454
v -0.977783 -1.131957 -1.678954
v -0.977783 -1.131957 -1.495204
v -0.977783 1.013034 -1.610454
v -0.977783 -0.886967 -1.625454
v -0.977783 -0.884957 -1.617954
v -0.977783 -0.884957 -1.617954
v -0.977783 -0.892457 -1.630945
v -0.977783 1.084543 -1.730954
v -0.977783 1.084543 -1.730954
v -0.977783 1.080043 -1.735454
v -0.977783 0.843940 -1.733204
v -0.977783 0.842293 -1.734852
v -0.977783 0.842293 -1.734852
v -0.977783 0.840043 -1.735454
v -0.977783 -0.437457 -1.630945
v -0.977783 -0.322457 -1.604964
v -0.977783 -0.627457 -1.604964
v -0.977783 -0.627457 -1.604964
v -0.977783 -0.619957 -1.602954
v -0.977783 -0.619957 -1.632954
v -0.977783 -0.899957 -1.602954
v -0.977783 -0.899957 -1.632954
v -0.977783 0.280043 -1.735454
v -0.977783 -0.003854 -1.733204
v -0.977783 -0.002207 -1.734852
v -0.977783 -0.002207 -1.734852
v -0.977783 0.003940 -1.728704
v -0.977783 -0.003854 -1.728704
v -0.977783 -0.002207 -1.727057
v -0.977783 -0.002207 -1.727057
v -0.977783 -0.004457 -1.730954
v -0.977783 -0.004457 -1.730954
v -0.977783 -0.279957 -1.726454
v -0.977783 0.703043 -1.725758
v -0.977783 0.868543 -1.742954
v -0.977783 0.280043 -1.726454
v -0.977783 -0.632947 -1.316454
v -0.977783 -0.627457 -1.310964
v -0.977783 -0.627457 -1.310964
v -0.977783 -1.119957 -1.235454
v -0.977783 -1.119957 -1.235454
v -0.977783 0.900043 -1.338954
v -0.977783 0.430043 -1.308954
v -0.977783 -0.619957 -1.308954
v -0.977783 0.437543 -1.336945
v -0.977783 -1.012947 -1.218454
v -0.977783 -0.999957 -1.210954
v -0.977783 -0.886967 -1.120454
v -0.977783 -1.123854 -1.228704
v -0.977783 -1.123854 -1.228704
v -0.977783 -1.122207 -1.227057
v -0.977783 -0.892457 -1.336945
v -0.977783 -0.892457 -1.336945
v -0.977783 -0.899957 -1.338954
v -0.977783 -0.504957 -1.323954
v -0.977783 -0.504957 -1.323954
v -0.977783 -0.999957 -1.338954
v -0.977783 -0.892457 -1.310964
v -0.977783 -0.892457 -1.310964
v -0.977783 -0.886967 -1.316454
v -0.977783 -0.899957 -1.308954
v -0.977783 0.247543 -1.336945
v -0.977783 0.247543 -1.336945
v -0.977783 0.240043 -1.338954
v -0.977783 0.127053 -1.331454
v -0.977783 0.247543 -1.310964
v -0.977783 0.253034 -1.316454
v -0.977783 0.240043 -1.308954
v -0.977783 -0.322457 -1.310964
v -0.977783 -0.442947 -1.316454
v -0.977783 -0.444957 -1.323954
v -0.977783 -0.444957 -1.323954
v -0.977783 0.437543 -1.408964
v -0.977783 0.330043 -1.406954
v -0.977783 0.315043 -1.421954
v -0.977783 0.317053 -1.414454
v -0.977783 0.317053 -1.414454
v -0.977783 0.317053 -1.429454
v -0.977783 0.317053 -1.429454
v -0.977783 0.247543 -1.408964
v -0.977783 0.247543 -1.408964
v -0.977783 0.253034 -1.414454
v -0.977783 0.127053 -1.429454
v -0.977783 0.127053 -1.429454
v -0.977783 0.132543 -1.434945
v -0.979783 0.285399 -0.872149
v -0.979783 0.284185 -0.873360
v -0.977783 -0.329957 -1.406954
v -0.979783 0.285696 -0.871728
v -0.977783 1.123940 -1.478704
v -0.977783 1.123940 -1.478704
v -0.977783 1.124543 -1.480954
v -0.977783 1.120043 -1.485454
v -0.977783 0.330043 -1.436954
v -0.977783 0.892543 -1.434945
v -0.977783 0.887053 -1.429454
v -0.977783 0.887053 -1.429454
v -0.977783 -0.886967 -1.414454
v -0.977783 -1.122207 -1.484851
v -0.977783 -1.123854 -1.483204
v -0.977783 -1.123854 -1.483204
v -0.977783 0.140043 -1.338954
v -0.977783 0.900043 -1.504954
v -0.977783 1.000043 -1.504955
v -0.977783 -1.116060 -1.483204
v -0.977783 -1.116060 -1.483204
v -0.977783 1.013034 -1.512455
v -0.977783 0.900043 -1.534954
v -0.977783 -0.512457 -1.434945
v -0.977783 -0.519957 -1.436954
v -0.977783 -0.634957 -1.421954
v -0.977783 -0.634957 -1.421954
v -0.977783 -0.632947 -1.414454
v -0.977783 -1.007457 -1.434945
v -0.977783 -1.012947 -1.429454
v -0.977783 -0.999957 -1.436954
v -0.977783 1.123940 -0.983204
v -0.977783 1.123940 -0.983204
v -0.977783 -0.619957 -0.946954
v -0.977783 -0.627457 -0.944945
v -0.977783 -0.627457 -0.944945
v -0.977783 -0.519957 -0.946954
v -0.977783 -0.404957 -0.860954
v -0.977783 -0.404957 -0.860954
v -0.977783 -0.444957 -0.860954
v -0.977783 -0.444957 -0.860954
v -0.977783 -0.999957 -0.946954
v -0.977783 -1.007457 -0.944945
v -0.977783 -1.007457 -0.944945
v -0.977783 1.013034 -1.022454
v -0.977783 -0.512457 -1.042945
v -0.977783 -0.632947 -1.037454
v -0.977783 -1.007457 -1.042945
v -0.977783 -1.131957 -1.274954
v -0.977783 -1.131957 -0.993204
v -0.977783 0.892543 -1.042945
v -0.977783 0.892543 -1.042945
v -0.977783 0.887053 -1.037454
v -0.977783 0.900043 -1.142954
v -0.977783 1.013034 -1.233454
v -0.977783 1.013034 -1.218454
v -0.977783 1.000043 -1.112954
v -0.977783 0.322543 -1.212964
v -0.977783 -0.886967 -1.022454
v -0.977783 -0.884957 -1.029954
v -0.977783 -0.884957 -1.029954
v -0.977783 1.123940 -1.228704
v -0.977783 1.123940 -1.228704
v -0.977783 0.892543 -1.212964
v -0.977783 0.900043 -1.210954
v -0.977783 1.000043 -1.210954
v -0.977783 1.007543 -1.212964
v -0.977783 -0.512457 -1.140945
v -0.977783 -0.632947 -1.120454
v -0.977783 -0.506966 -1.218454
v -0.979783 -0.504957 -0.441954
v -0.979783 -0.504957 -0.441954
v -0.977783 -0.884957 -1.127954
v -0.977783 -0.884957 -1.127954
v -0.977783 -0.886967 -1.135454
v -0.977783 0.240043 -1.210954
v -0.977783 0.125043 -1.225954
v -0.977783 0.253034 -1.233454
v -0.977783 0.253034 -1.233454
v -0.977783 0.255043 -1.225954
v -0.977783 -0.429957 -1.240954
v -0.977783 -0.322457 -1.238945
v -0.977783 -0.329957 -1.240954
v -0.977783 -0.057457 -1.630945
v -0.977783 -0.064957 -1.617954
v -0.977783 0.063034 -1.610454
v -0.977783 0.063034 -1.610454
v -0.977783 -0.247457 -1.630945
v -0.977783 -0.252947 -1.625454
v -0.977783 -0.252947 -1.625454
v -0.977783 -0.239957 -1.632954
v -0.977783 -0.139957 -1.632954
v -0.977783 -0.247457 -1.604964
v -0.977783 -0.247457 -1.604964
v -0.977783 0.710043 -0.554954
v -0.977783 0.633034 -0.532454
v -0.977783 0.627543 -0.526964
v -0.977783 0.825043 -0.539954
v -0.977783 0.825043 -0.539954
v -0.977783 0.057543 -1.630945
v -0.977783 0.633034 -0.924454
v -0.977783 0.635043 -0.931954
v -0.977783 0.635043 -0.931954
v -0.977783 0.817543 -0.918964
v -0.977783 0.817543 -0.918964
v -0.977783 1.000043 -1.406955
v -0.977783 0.823034 -0.939454
v -0.977783 0.810043 -0.946954
v -0.977783 0.817543 -0.454945
v -0.977783 0.817543 -0.428964
v -0.977783 0.817543 -0.428964
v -0.977783 0.823034 -0.434454
v -0.977783 0.520043 -0.456954
v -0.977783 0.633034 -0.449454
v -0.977783 0.620043 -0.426954
v -0.977783 0.810043 -0.426954
v -0.977783 0.633034 -0.434454
v -0.977783 0.823034 -0.645454
v -0.977783 0.823034 -0.743454
v -0.977783 0.823034 -0.728454
v -0.977783 0.825043 -0.735954
v -0.977783 0.825043 -0.735954
v -0.977783 0.817543 -0.650945
v -0.977783 0.817543 -0.650945
v -0.977783 0.823034 -0.841454
v -0.977783 0.710043 -1.014954
v -0.977783 0.507053 -1.037454
v -0.977783 0.710043 -1.044954
v -0.977783 0.633034 -1.022454
v -0.977783 0.627543 -1.016964
v -0.977783 0.627543 -1.016964
v -0.977783 0.633034 -0.841454
v -0.977783 -1.123854 -1.478704
v -0.977783 -1.123854 -1.478704
v -0.977783 -1.122207 -1.477057
v -0.977783 0.633034 -0.728454
v -0.977783 0.635043 -0.735954
v -0.977783 0.635043 -0.735954
v -0.977783 0.697053 -0.645454
v -0.977783 0.697053 -0.645454
v -0.977783 0.702543 -0.650945
v -0.977783 0.697053 -0.630454
v -0.977783 0.697053 -0.630454
v -0.977783 0.695043 -0.637954
v -0.977783 0.702543 -0.624964
v -0.977783 0.507053 -0.645454
v -0.977783 0.507053 -0.645454
v -0.977783 0.505043 -0.637954
v -0.977783 0.512543 -0.722964
v -0.977783 0.520043 -0.720954
v -0.977783 0.702543 -0.846945
v -0.977783 0.702543 -0.846945
v -0.977783 0.697053 -0.841454
v -0.977783 0.695043 -0.735954
v -0.977783 0.695043 -0.735954
v -0.977783 0.697053 -0.728454
v -0.977783 0.702543 -0.820964
v -0.977783 0.710043 -0.622954
v -0.977783 0.633034 -0.826454
v -0.977783 0.697053 -0.743454
v -0.977783 -0.702457 -0.356945
v -0.977783 -0.702457 -0.356945
v -0.977783 -0.709957 -0.358954
v -0.977783 0.050043 -0.328954
v -0.977783 0.057543 -0.330964
v -0.977783 -0.057457 -0.330964
v -0.977783 -0.239957 -0.456954
v -0.977783 -0.247457 -0.454945
v -0.977783 -0.139957 -0.456954
v -0.977783 -0.124957 -0.441954
v -0.977783 -0.124957 -0.441954
v -0.977783 -0.057457 -0.454945
v -0.977783 -0.817457 -0.526964
v -0.977783 -0.809957 -0.524954
v -0.977783 -0.822947 -0.532454
v -0.977783 -0.822947 -0.532454
v -0.977783 -0.824957 -0.539954
v -0.977783 -0.709957 -0.554954
v -0.977783 -0.822947 -0.434454
v -0.977783 -0.817457 -0.428964
v -0.977783 -0.817457 -0.428964
v -0.979783 0.697053 -1.414454
v -0.979783 0.697053 -1.414454
v -0.977783 -0.817457 -0.454945
v -0.977783 0.002293 -0.727057
v -0.977783 0.003940 -0.728704
v -0.977783 0.003940 -0.728704
v -0.977783 0.002293 -0.734851
v -0.977783 0.000043 -0.735454
v -0.977783 0.000043 -0.735454
v -0.977783 -0.252947 -0.336454
v -0.977783 -0.062947 -0.351454
v -0.977783 -0.139957 -0.358954
v -0.977783 -0.239957 -0.358954
v -0.977783 -0.702457 -0.454945
v -0.977783 -0.702457 -0.454945
v -0.977783 -0.709957 -0.456954
v -0.977783 -0.809957 -0.426954
v -0.977783 -0.709957 -0.426954
v -0.977783 -0.126966 -0.336454
v -0.977783 -0.126966 -0.336454
v -0.977783 -0.702457 -0.650945
v -0.977783 -0.132457 -0.748945
v -0.977783 -0.132457 -0.748945
v -0.977783 -0.696967 -0.826454
v -0.977783 -0.702457 -0.820964
v -0.977783 -0.702457 -0.820964
v -0.977783 -0.254957 -0.637954
v -0.977783 -0.254957 -0.637954
v -0.977783 -0.132457 -0.650945
v -0.977783 -0.062947 -0.645454
v -0.977783 -0.057457 -0.650945
v -0.977783 -0.062947 -0.630454
v -0.977783 -0.132457 -0.624964
v -0.977783 -0.132457 -0.624964
v -0.977783 -0.252947 -0.532454
v -0.977783 -0.252947 -0.532454
v -0.977783 -0.062947 -0.532454
v -0.977783 -0.139957 -0.554954
v -0.977783 -0.057457 -0.552945
v -0.977783 -0.809957 -0.750954
v -0.977783 -0.817457 -0.748945
v -0.979783 -1.131957 -1.678954
v -0.979783 -1.131957 -1.495204
v -0.977783 -0.822947 -0.728454
v -0.977783 -0.822947 -0.728454
v -0.977783 -0.817457 -0.722964
v -0.977783 -0.809957 -0.652954
v -0.977783 -0.817457 -0.650945
v -0.977783 -0.709957 -0.652954
v -0.977783 0.817543 -1.140945
v -0.977783 0.825043 -1.225954
v -0.977783 0.823034 -1.218454
v -0.977783 0.817543 -1.434945
v -0.977783 0.817543 -1.408964
v -0.977783 0.810043 -1.406954
v -0.977783 0.823034 -1.414454
v -0.977783 0.520043 -1.406954
v -0.977783 0.620043 -1.406954
v -0.977783 0.505043 -1.421954
v -0.977783 0.505043 -1.421954
v -0.977783 0.633034 -1.429454
v -0.977783 0.635043 -1.421954
v -0.977783 0.635043 -1.421954
v -0.977783 0.810043 -1.534954
v -0.977783 0.620043 -1.534954
v -0.977783 0.620043 -1.504954
v -0.977783 0.627543 -1.506964
v -0.977783 0.627543 -1.506964
v -0.977783 0.697053 -1.527454
v -0.977783 0.520043 -1.534954
v -0.977783 0.599793 -1.240954
v -0.977783 0.620043 -1.142954
v -0.977783 0.599793 -1.142954
v -0.977783 0.697053 -1.120454
v -0.977783 0.695043 -1.127954
v -0.977783 0.695043 -1.127954
v -0.977783 0.507053 -1.120454
v -0.979782 -1.079957 -0.235454
v -0.977783 0.505043 -1.617954
v -0.977782 -1.077707 -0.227057
v -0.977782 -1.077707 -0.227057
v -0.977783 -0.822947 -1.037454
v -0.977783 -0.822947 -1.037454
v -0.977783 -0.696967 -1.022454
v -0.977783 0.810043 -1.632954
v -0.977783 0.520043 -1.504954
v -0.977783 0.697053 -1.625454
v -0.977783 0.697053 -1.625454
v -0.977783 0.710043 -1.602954
v -0.977783 0.810043 -1.602954
v -0.977783 -0.696967 -0.924454
v -0.977783 -0.817457 -0.918964
v -0.977783 -0.809957 -0.916954
v -0.977783 0.063034 -0.434454
v -0.977783 -0.062947 -0.449454
v -0.977783 0.057543 -0.454945
v -0.977783 -0.809957 -1.240954
v -0.977783 -0.702457 -1.238945
v -0.977783 -0.709957 -1.142954
v -0.977783 -0.824957 -1.127954
v -0.977783 -0.824957 -1.127954
v -0.977783 -0.702457 -1.114964
v -0.977783 -0.696967 -1.120454
v -0.977783 -0.709957 -1.112954
v -0.977783 -0.765457 -1.142954
v -0.977783 0.284377 -0.865316
v -0.977783 0.285674 -0.867826
v -0.977783 0.196441 -0.865503
v -0.977783 0.333226 -0.957918
v -0.977783 0.279889 -0.860111
v -0.977783 0.129123 -0.863106
v -0.977783 0.391880 -0.950717
v -0.977783 0.430599 -0.955954
v -0.977783 0.430599 -0.955954
v -0.977783 0.365625 -0.946362
v -0.977783 0.391710 -0.952091
v -0.977783 0.353749 -0.857601
v -0.977783 0.366298 -0.866241
v -0.977783 0.326432 -0.939526
v -0.977783 0.176078 -0.884536
v -0.977783 0.164909 -0.866241
v -0.977783 0.243080 -0.916871
v -0.977783 0.242520 -0.912593
v -0.977783 0.250456 -0.955368
v -0.977783 0.260462 -0.902941
v -0.977783 0.285399 -0.872149
v -0.977783 0.284185 -0.873360
v -0.977783 0.285696 -0.871728
v -0.977783 0.240223 -0.945329
v -0.977783 0.242214 -0.942653
v -0.979783 0.392217 -0.861959
v -0.977783 0.281793 -0.873931
v -0.977783 0.280279 -0.873175
v -0.977783 0.191546 -0.862843
v -0.977783 0.234473 -0.856105
v -0.977783 0.195291 -0.855954
v -0.979783 -0.437457 -1.238945
v -0.979783 -0.437457 -1.238945
v -0.977783 0.278689 -0.871471
v -0.977783 0.278367 -0.871049
v -0.977783 0.192230 -0.856539
v -0.977783 0.090321 -0.905846
v -0.977783 0.131837 -0.957918
v -0.977783 0.117541 -0.954708
v -0.977783 0.131988 -0.949943
v -0.977783 0.131988 -0.949943
v -0.977783 0.093453 -0.884529
v -0.977782 -1.083854 -0.233204
v -0.977782 -1.076060 -0.228704
v -0.977783 -1.051957 -0.271634
v -0.977783 0.137543 -0.862009
v -0.977783 0.137543 -0.862009
v -0.977783 0.140365 -0.863030
v -0.977783 0.144488 -0.874183
v -0.977783 0.144113 -0.869511
v -0.977783 0.144488 -0.939526
v -0.977783 0.137694 -0.957918
v -0.977783 0.151999 -0.954704
v -0.977783 0.144224 -0.942741
v -0.977783 0.697053 -1.331454
v -0.977783 0.702543 -1.336945
v -0.977783 0.702543 -1.336945
v -0.979783 0.397065 -0.947070
v -0.977783 0.697053 -1.316454
v -0.977783 0.823034 -1.316454
v -0.977783 0.507053 -1.331454
v -0.977783 0.810043 -1.436954
v -0.977783 0.620043 -1.338954
v -0.977783 -1.083854 -1.733204
v -0.977782 -1.076060 -0.233204
v -0.977782 -1.083854 -0.228704
v -0.977782 -1.082207 -0.227057
v -0.977782 -1.082207 -0.227057
v -0.977782 -1.084457 -0.230954
v -0.977782 -1.084457 -0.230954
v -0.977783 0.810043 -1.338954
v -0.977783 -1.083854 -1.728704
v -0.977783 -1.082207 -1.727057
v -0.977783 -1.082207 -1.727057
v -0.977783 -1.076060 -1.733204
v -0.977783 -1.076060 -1.733204
v -0.977783 -1.077707 -1.734851
v -0.979783 0.900043 -1.504954
v -0.979783 0.887053 -1.527454
v -0.979783 0.887053 -1.527454
v -0.979783 -1.012947 -1.610454
v -0.979783 0.430043 -1.534954
v -0.979783 0.317053 -1.512454
v -0.979783 0.317053 -1.512454
v -0.979783 0.437543 -1.506964
v -0.979783 0.430043 -1.504954
v -0.977783 0.322543 -1.506964
v -0.977783 0.322543 -1.506964
v -0.979783 1.013034 -1.527454
v -0.979783 -0.512457 -1.630945
v -0.979783 -0.884957 -1.617954
v -0.979783 -0.884957 -1.617954
v -0.979783 -0.899957 -1.602954
v -0.979783 -0.506966 -1.527454
v -0.979783 -0.512457 -1.506964
v -0.979783 -0.632947 -1.527454
v -0.979783 -1.012947 -1.527454
v -0.979783 -1.012947 -1.527454
v -0.979783 -1.014957 -1.519954
v -0.979783 -1.014957 -1.519954
v -0.979783 0.255043 -1.519954
v -0.979783 0.253034 -1.527454
v -0.979783 0.253034 -1.527454
v -0.979783 0.140043 -1.534954
v -0.979783 0.240043 -1.504954
v -0.979783 -0.322457 -1.532945
v -0.979783 -0.322457 -1.532945
v -0.979783 -0.316966 -1.527454
v -0.979783 -0.316966 -1.527454
v -0.977783 -0.322457 -1.532945
v -0.977783 -0.322457 -1.532945
v -0.979783 -0.437457 -1.506964
v -0.979783 -0.437457 -1.506964
v -0.979783 0.430043 -1.436954
v -0.979783 0.437543 -1.434945
v -0.979783 0.330043 -1.436954
v -0.979783 0.315043 -1.421954
v -0.979783 0.140043 -1.436954
v -0.979783 0.132543 -1.434945
v -0.979783 0.478130 -0.893248
v -0.979783 0.470529 -0.901788
v -0.979783 1.000043 -1.436954
v -0.979783 -1.123854 -1.483204
v -0.979783 -1.123854 -1.483204
v -0.979783 -1.122207 -1.484851
v -0.979783 -1.115457 -1.480954
v -0.979783 -0.884957 -1.421954
v -0.979783 -0.886967 -1.414454
v -0.979783 0.892543 -1.336945
v -0.979783 0.892543 -1.336945
v -0.979783 0.887053 -1.331454
v -0.979783 0.885043 -1.323954
v -0.979783 -0.634957 -1.421954
v -0.979783 -0.634957 -1.421954
v -0.979783 -0.512457 -1.408964
v -0.979783 -0.519957 -1.406954
v -0.979783 -0.316966 -1.429454
v -0.979783 -0.316966 -1.429454
v -0.979783 -0.437457 -1.434945
v -0.979783 -1.007457 -1.408964
v -0.979783 -0.506966 -1.414454
v -0.979783 -0.506966 -1.414454
v -0.979783 -0.504957 -1.421954
v -0.979783 -0.504957 -1.421954
v -0.979783 -0.619957 -1.436954
v -0.979783 -0.519957 -1.436954
v -0.977783 -0.999957 -1.014954
v -0.977783 -0.632947 -0.449454
v -0.977783 -0.634957 -0.441954
v -0.977783 -0.634957 -0.441954
v -0.977783 -1.012947 -1.233454
v -0.977783 -1.007457 -1.238945
v -0.977783 -1.007457 -1.238945
v -0.977783 -1.014581 -0.438616
v -0.979783 1.077793 -1.727057
v -0.979783 1.077793 -1.727057
v -0.979783 1.076146 -1.728704
v -0.979783 1.080043 -1.726454
v -0.979783 1.075543 -1.730954
v -0.979783 1.075543 -1.730954
v -0.979783 1.076146 -1.733204
v -0.979783 1.082293 -1.734852
v -0.979783 1.082293 -1.734852
v -0.977783 -0.709957 -1.044954
v -0.977783 -0.702457 -1.042945
v -0.977782 1.131239 -0.221954
v -0.977782 1.132043 -0.224954
v -0.977782 -1.125957 -0.218954
v -0.977782 -1.128957 -0.219758
v -0.977782 -1.128957 -0.219758
v -0.979783 0.280043 -1.735454
v -0.979783 0.277793 -1.734852
v -0.979783 0.277793 -1.734852
v -0.979783 0.275543 -1.730954
v -0.979783 0.275543 -1.730954
v -0.979783 0.599793 -1.742954
v -0.979783 0.492821 -1.742954
v -0.979783 -0.004457 -1.730954
v -0.979783 -0.004457 -1.730954
v -0.977783 0.002293 -1.734852
v -0.977783 0.002293 -1.734852
v -0.979783 -0.002207 -1.727057
v -0.979783 -0.002207 -1.727057
v -0.977783 0.004543 -1.730954
v -0.977783 0.004543 -1.730954
v -0.979783 -0.003854 -1.733204
v -0.979783 0.840043 -1.726454
v -0.979783 0.836146 -1.733204
v -0.979783 0.868543 -1.742954
v -0.979783 0.705239 -1.727954
v -0.979783 0.705239 -1.727954
v -0.977783 0.705239 -1.727954
v -0.977783 0.705239 -1.727954
v -0.979783 0.556146 -1.728704
v -0.979783 0.556146 -1.728704
v -0.977783 0.694847 -1.727954
v -0.977783 0.694847 -1.727954
v -0.979783 0.556146 -1.733204
v -0.979783 0.556146 -1.733204
v -0.979783 0.557793 -1.734851
v -0.979783 0.694043 -1.730954
v -0.979783 -0.842207 -1.727057
v -0.979783 -0.844457 -1.730954
v -0.979783 -0.843854 -1.733204
v -0.979783 -0.843854 -1.733204
v -0.979783 -0.837707 -1.734851
v -0.979783 -0.837707 -1.734851
v -0.977783 -0.839957 -1.726454
v -0.977783 -0.839957 -1.726454
v -0.979783 -0.282207 -1.727057
v -0.979783 -0.282207 -1.727057
v -0.979783 -0.275457 -1.730954
v -0.979783 -0.275457 -1.730954
v -0.979783 -0.276060 -1.733204
v -0.979783 -0.277707 -1.734852
v -0.979783 -0.277707 -1.734852
v -0.979783 -0.283854 -1.728704
v -0.979783 -0.557707 -1.727057
v -0.979783 -0.564457 -1.730954
v -0.979783 0.240043 -1.632954
v -0.979783 0.247543 -1.630945
v -0.979783 0.253034 -1.610454
v -0.979783 0.253034 -1.610454
v -0.979783 0.247543 -1.604964
v -0.979783 0.240043 -1.602954
v -0.979783 -0.627457 -1.604964
v -0.979783 -0.627457 -1.604964
v -0.979783 -0.322457 -1.604964
v -0.979783 -0.437457 -1.604964
v -0.979783 -0.437457 -1.604964
v -0.979783 -0.442947 -1.610454
v -0.979783 -0.429957 -1.602954
v -0.979783 1.013034 -1.625454
v -0.979783 1.015043 -1.617954
v -0.979783 1.015043 -1.617954
v -0.977783 -0.694957 -0.833954
v -0.977783 -0.694957 -0.833954
v -0.979783 0.887053 -1.610454
v -0.979783 0.125043 -1.617954
v -0.979783 0.437543 -1.604964
v -0.977783 0.127053 -1.610454
v -0.977783 0.127053 -1.610454
v -0.979783 0.317053 -1.625454
v -0.979783 0.317053 -1.625454
v -0.977783 -0.244957 -0.960954
v -0.977783 -0.244957 -0.960954
v -0.977783 -0.294957 -0.900954
v -0.977783 -0.294957 -0.900954
v -0.977783 -0.064957 -1.421954
v -0.977783 -0.062947 -1.429454
v -0.977783 -0.062947 -1.429454
v -0.977783 -0.007086 -0.861162
v -0.977783 -0.007826 -0.862546
v -0.977783 -0.013846 -0.942434
v -0.977783 -0.354957 -0.900954
v -0.977783 -0.354957 -0.900954
v -0.977783 -0.061445 -0.953930
v -0.977783 -0.013021 -0.946232
v -0.977783 -0.012618 -0.946788
v -0.977783 -0.013689 -0.944393
v -0.977783 -0.204957 -0.860954
v -0.977783 -0.204957 -0.860954
v -0.977783 -0.050022 -0.948077
v -0.977783 -0.047380 -0.947070
v -0.977783 -0.052565 -0.950717
v -0.977783 -0.101786 -0.948632
v -0.977783 -0.204957 -1.060954
v -0.977783 -0.204957 -1.060954
v -0.977783 -0.147432 -0.948786
v -0.979783 -0.696967 -1.022454
v -0.979783 -0.702457 -1.016964
v -0.979783 -0.702457 -1.016964
v -0.979783 -0.694957 -1.029954
v -0.977783 -0.087782 -0.948077
v -0.977783 -0.052735 -0.859752
v -0.977783 -0.050825 -0.856539
v -0.977783 -0.329957 -1.210954
v -0.979783 0.505043 -1.617954
v -0.977783 -0.049957 -1.436954
v -0.977783 -0.204957 -1.050954
v -0.977783 -0.204957 -1.050954
v -0.977783 -0.204957 -1.010954
v -0.977783 -0.204957 -1.010954
v -0.977783 0.050043 -1.632954
v -0.977783 0.810043 -0.358954
v -0.977783 0.817543 -0.356945
v -0.977783 0.817543 -0.356945
v -0.977783 -0.354957 -1.100954
v -0.977783 -0.354957 -1.100954
v -0.977783 -0.244957 -1.010954
v -0.977783 -0.244957 -1.010954
v -0.977783 -0.304957 -1.100954
v -0.977783 -0.304957 -1.100954
v -0.977783 -0.354957 -1.050954
v -0.977783 -0.354957 -1.050954
v -0.977783 -0.062947 -1.316454
v -0.977783 -0.064957 -1.323954
v -0.977783 -0.064957 -1.323954
v -0.977783 -0.057457 -1.310964
v -0.977783 -0.062947 -1.331454
v -0.977783 -0.057457 -1.336945
v -0.977783 -0.057457 -1.336945
v -0.977783 0.505043 -0.735954
v -0.977783 0.505043 -0.735954
v -0.977783 0.063034 -1.331454
v -0.977783 0.512543 -0.846945
v -0.977783 0.520043 -0.848954
v -0.977783 -0.049957 -1.338954
v -0.977783 -0.139957 -1.338954
v -0.977783 -0.049957 -1.308954
v -0.977783 0.050043 -1.308954
v -0.977783 -0.126966 -1.233454
v -0.977783 -0.239957 -1.240954
v -0.977783 -0.139957 -1.240954
v -0.977783 -0.252947 -1.218454
v -0.977783 -0.254957 -1.225954
v -0.977783 -0.254957 -1.225954
v -0.977783 -0.139957 -1.210954
v -0.977783 -0.696967 -1.316454
v -0.977783 -0.696967 -1.331454
v -0.977783 0.002293 -1.184851
v -0.977783 -0.817457 -1.408964
v -0.977783 -0.062947 -1.233454
v -0.977783 -0.057457 -1.212964
v -0.977783 -0.057457 -1.212964
v -0.977783 0.057543 -1.212964
v -0.977783 0.057543 -1.212964
v -0.977783 -0.132457 -1.506964
v -0.977783 -0.062947 -1.527454
v -0.977783 0.050043 -1.534954
v -0.977783 0.057543 -1.532945
v -0.977783 0.057543 -1.532945
v -0.977783 -0.126966 -1.527454
v -0.977783 -0.132457 -1.532945
v -0.977783 -0.132457 -1.532945
v -0.977783 -0.252947 -1.512454
v -0.977783 -0.817457 -1.336945
v -0.977783 -0.817457 -1.336945
v -0.977783 -0.822947 -1.331454
v -0.977783 -0.809957 -1.338954
v -0.977783 0.512543 -0.552945
v -0.977783 -0.709957 -1.504954
v -0.977783 -0.809957 -1.504954
v -0.977783 0.065043 -1.421954
v -0.977783 0.620043 -0.358954
v -0.977783 0.633034 -0.336454
v -0.977783 -0.239957 -1.406954
v -0.977783 -0.057457 -1.408964
v -0.977783 0.050043 -1.406954
v -0.979783 0.697053 -1.527454
v -0.977783 0.697053 -0.336454
v -0.977783 0.697053 -0.336454
v -0.977783 0.702543 -0.330964
v -0.977783 0.823034 -0.351454
v -0.977783 0.857901 -0.393096
v -0.977783 0.864390 -0.397432
v -0.977783 0.695043 -1.029954
v -0.977783 0.695043 -1.029954
v -0.977783 0.823034 -1.037454
v -0.977783 0.050043 -0.426954
v -0.977783 -0.696967 -0.336454
v -0.977783 -0.696967 -0.336454
v -0.977783 -0.696967 -0.532454
v -0.979783 -0.619957 -0.456954
v -0.977783 -0.247457 -0.748945
v -0.977783 -0.247457 -0.748945
v -0.979783 0.255043 -0.343954
v -0.979783 0.255043 -0.343954
v -0.979783 0.330043 -0.328954
v -0.979783 0.322543 -0.330964
v -0.979783 -0.454957 -1.010954
v -0.979783 -0.454957 -1.010954
v -0.979782 0.000043 -0.226454
v -0.977783 0.702543 -1.408964
v -0.977783 0.710043 -1.406954
v -0.977783 0.627543 -1.434945
v -0.979783 -0.632947 -0.630454
v -0.977783 0.341754 -0.863030
v -0.977783 0.343880 -0.865134
v -0.979783 -0.444957 -0.539954
v -0.979783 -0.444957 -0.539954
v -0.979783 0.330043 -0.554954
v -0.977783 -1.116060 -0.483204
v -0.977783 -1.116060 -0.483204
v -0.979783 0.900043 -0.456954
v -0.977783 0.243099 -0.937356
v -0.979783 -0.504957 -0.539954
v -0.979783 -0.504957 -0.539954
v -0.979783 1.117793 -0.984851
v -0.979783 -1.012947 -1.022454
v -0.977783 0.131988 -0.957929
v -0.977783 0.131988 -0.957929
v -0.977783 -1.116060 -0.983204
v -0.977783 -1.116060 -0.983204
v -0.979783 0.885043 -0.637954
v -0.979783 0.885043 -0.637954
v -0.979783 -0.506967 -1.625454
v -0.979783 -0.429957 -0.720954
v -0.979783 -0.437457 -0.722964
v -0.977783 0.317053 -0.645454
v -0.977783 0.317053 -0.645454
v -0.979783 -1.007457 -1.532945
v -0.979783 -0.892457 -1.532945
v -0.979783 -0.892457 -1.532945
v -0.979783 0.125043 -1.421954
v -0.979783 0.125043 -1.421954
v -0.979783 -0.442947 -1.429454
v -0.979783 0.240043 -1.406954
v -0.979783 0.330043 -1.308954
v -0.977783 0.900043 -0.652954
v -0.979783 0.900043 -1.338954
v -0.977783 0.900043 -0.818954
v -0.977783 -0.316966 -1.233454
v -0.977783 -0.316966 -1.233454
v -0.977783 0.322543 -0.650945
v -0.979783 0.330043 -1.210954
v -0.979783 0.430043 -1.210954
v -0.979783 -1.131957 -1.274954
v -0.977783 0.240043 -0.750954
v -0.979783 0.282293 -1.734852
v -0.979783 0.282293 -1.734852
v -0.977783 0.231568 -0.864803
v -0.977783 0.230382 -0.865720
v -0.977783 -0.506966 -0.826454
v -0.977783 -0.506966 -0.826454
v -0.979783 0.276146 -1.733204
v -0.979783 0.003940 -1.733204
v -0.979783 -0.886967 -1.135454
v -0.979783 -0.892457 -1.140945
v -0.979783 -0.892457 -1.140945
v -0.977783 0.835543 -1.730955
v -0.977783 0.835543 -1.730955
v -0.979783 -0.627457 -1.114964
v -0.979783 -0.627457 -1.114964
v -0.979783 -0.132457 -0.526964
v -0.977783 0.556146 -1.733204
v -0.977783 0.556146 -1.733204
v -0.979783 0.703043 -1.725758
v -0.977783 -0.892457 -0.846945
v -0.979783 0.140043 -1.632954
v -0.977783 0.900043 -0.426954
v -0.977783 0.900043 -0.456954
v -0.979783 -0.252947 -0.743454
v -0.979783 -0.247457 -0.748945
v -0.979783 -0.247457 -0.748945
v -0.979783 -0.254957 -0.735954
v -0.979783 -0.254957 -0.735954
v -0.977783 -0.619957 -0.426954
v -0.977783 -0.057457 -1.434945
v -0.977783 -0.664457 -1.742954
v -0.977783 0.437543 -0.552945
v -0.977783 0.430043 -0.554954
v -0.977783 -0.008804 -0.955332
v -0.977783 -0.011871 -0.955954
v -0.977783 -0.892457 -0.454945
v -0.977783 -0.892457 -0.454945
v -0.979783 -1.011684 -0.451307
v -0.979783 -1.011684 -0.432602
v -0.979783 -0.892457 -0.428964
v -0.979783 -0.892457 -0.428964
v -0.979783 -0.892457 -0.454945
v -0.979783 -0.892457 -0.454945
v -0.979783 -0.886967 -0.449454
v -0.979783 -0.519957 -0.456954
v -0.979783 -0.619957 -0.426954
v -0.979783 0.322543 -0.428964
v -0.979783 0.322543 -0.428964
v -0.979783 -0.329957 -0.426954
v -0.979783 -0.429957 -0.426954
v -0.979783 -0.429957 -0.456954
v -0.979783 -0.322457 -0.428964
v -0.979783 -0.322457 -0.428964
v -0.979783 0.317053 -0.434454
v -0.979783 0.317053 -0.434454
v -0.979783 0.330043 -0.426954
v -0.979783 0.240043 -0.426954
v -0.979783 0.140043 -0.456954
v -0.979783 -0.512457 -0.330964
v -0.979783 -0.519957 -0.328954
v -0.979783 -0.322457 -0.330964
v -0.979783 -0.322457 -0.330964
v -0.979782 0.556146 -0.233204
v -0.979782 0.556146 -0.233204
v -0.979783 -0.329957 -0.328954
v -0.979783 -0.441684 -0.353307
v -0.979783 -0.436465 -0.357469
v -0.979783 -0.444581 -0.347292
v -0.977783 -0.506966 -0.351454
v -0.977783 -0.506966 -0.351454
v -0.979783 -0.314957 -0.343954
v -0.979783 -0.316966 -0.336454
v -0.979783 -0.316966 -0.336454
v -0.979783 -0.634957 -0.343954
v -0.979783 -0.634957 -0.343954
v -0.979783 0.132543 -0.330964
v -0.979783 0.253034 -0.336454
v -0.979783 0.322543 -0.356945
v -0.979783 0.322543 -0.356945
v -0.979783 -0.444581 -0.340616
v -0.979783 0.330043 -0.358954
v -0.979782 -0.282207 -0.234852
v -0.979782 -0.282207 -0.234852
v -0.977782 -0.282207 -0.234852
v -0.977782 -0.282207 -0.234852
v -0.979782 -0.563854 -0.228704
v -0.979782 -0.563854 -0.228704
v -0.979782 -0.843854 -0.228704
v -0.979782 -0.844457 -0.230954
v -0.979782 -0.844457 -0.230954
v -0.977783 -0.090235 -0.951831
v -0.979782 -0.283854 -0.233204
v -0.979782 -0.279957 -0.235454
v -0.979782 -0.555457 -0.230954
v -0.979782 0.557793 -0.227057
v -0.979782 0.557793 -0.227057
v -0.979782 0.282293 -0.227057
v -0.979782 0.282293 -0.227057
v -0.979782 0.280043 -0.226454
v -0.979782 -0.002207 -0.234851
v -0.979782 -0.002207 -0.234851
v -0.979782 -0.002207 -0.227057
v -0.979782 -0.002207 -0.227057
v -0.977782 0.282293 -0.234851
v -0.977782 0.282293 -0.234851
v -0.979782 0.560043 -0.226454
v -0.979783 0.872043 -0.268954
v -0.979783 1.042043 -0.268954
v -0.979782 0.840043 -0.235454
v -0.979782 0.836146 -0.228704
v -0.979782 0.842293 -0.227057
v -0.979782 0.842293 -0.227057
v -0.979783 1.062043 -0.378954
v -0.979783 1.062043 -0.288954
v -0.977782 0.837793 -0.234852
v -0.977782 0.837793 -0.234852
v -0.979782 1.076146 -0.228704
v -0.979782 1.075543 -0.230954
v -0.979782 1.075543 -0.230954
v -0.979782 -0.842207 -0.227057
v -0.979782 -0.842207 -0.227057
v -0.979782 -0.664457 -0.218954
v -0.979783 -0.634957 -0.637954
v -0.979783 -0.634957 -0.637954
v -0.977783 -0.634957 -0.637954
v -0.977783 -0.634957 -0.637954
v -0.979783 -0.632947 -0.743454
v -0.979783 -0.627457 -0.748945
v -0.979783 -0.627457 -0.748945
v -0.979783 -0.634957 -0.735954
v -0.979783 -0.634957 -0.735954
v -0.979783 -0.512457 -0.624964
v -0.979783 -0.632947 -0.645454
v -0.979783 -0.627457 -0.846945
v -0.979783 -0.627457 -0.846945
v -0.979783 -0.506966 -0.826454
v -0.979783 -0.506966 -0.826454
v -0.977783 -0.322457 -0.624964
v -0.977783 -0.322457 -0.624964
v -0.979783 -0.519957 -0.720954
v -0.979783 -0.444957 -0.735954
v -0.979783 -0.444957 -0.735954
v -0.979783 -0.519957 -0.622954
v -0.979783 -0.442947 -0.728454
v -0.979783 -0.442947 -0.743454
v -0.979783 -0.314957 -0.637954
v -0.979783 -1.116060 -0.728704
v -0.979783 -1.116060 -0.728704
v -0.979783 1.122293 -0.484851
v -0.979783 1.122293 -0.484851
v -0.979783 1.123940 -0.483204
v -0.979783 1.123940 -0.483204
v -0.979783 -1.117707 -0.727057
v -0.979783 -1.117707 -0.727057
v -0.979783 -1.115457 -0.730954
v -0.979783 -1.014957 -0.637954
v -0.979783 -1.014957 -0.637954
v -0.979783 -0.899957 -0.622954
v -0.979783 -1.014957 -0.735954
v -0.979783 -1.014957 -0.735954
v -0.979783 -1.012947 -0.743454
v -0.979783 -0.999957 -0.720954
v -0.979783 -0.999957 -0.652954
v -0.979783 -0.442947 -0.547454
v -0.979783 -0.437457 -0.552945
v -0.979783 -0.322457 -0.552945
v -0.979783 -0.322457 -0.552945
v -0.979783 0.253034 -0.532454
v -0.979783 0.253034 -0.532454
v -0.979783 0.132543 -0.526964
v -0.979783 0.127053 -0.532454
v -0.979783 0.127053 -0.532454
v -0.979783 0.255043 -0.539954
v -0.979783 0.317053 -0.547454
v -0.979783 0.322543 -0.552945
v -0.979783 1.007543 -0.552945
v -0.979783 1.007543 -0.552945
v -0.979783 1.000043 -0.456954
v -0.979783 1.013034 -0.434454
v -0.979783 1.015043 -0.441954
v -0.979783 1.015043 -0.441954
v -0.979783 1.007543 -0.428964
v -0.979783 1.007543 -0.428964
v -0.979783 0.437543 -0.454945
v -0.979783 -1.116060 -0.478704
v -0.979783 -1.116060 -0.478704
v -0.979783 -1.117707 -0.477057
v -0.979783 -1.007457 -0.552945
v -0.979783 -1.007457 -0.552945
v -0.979783 -0.886967 -0.532454
v -0.979783 -0.884957 -0.539954
v -0.979783 -0.884957 -0.539954
v -0.979783 -0.892457 -0.526964
v -0.979783 -0.634957 -0.539954
v -0.979783 -0.627457 -0.552945
v -0.979783 -0.619957 -0.554954
v -0.979783 -0.899957 -0.524954
v -0.979783 -0.884957 -1.029954
v -0.979783 -0.884957 -1.029954
v -0.979783 1.123940 -0.983204
v -0.979783 1.123940 -0.983204
v -0.979783 -0.886967 -1.037454
v -0.979783 -0.619957 -1.044954
v -0.979783 -0.519957 -1.044954
v -0.979783 -0.627457 -1.042945
v -0.979783 -0.619957 -1.014954
v -0.979783 -0.627457 -1.016964
v -0.979783 -0.627457 -1.016964
v -0.979783 1.015043 -1.029954
v -0.979783 1.015043 -1.029954
v -0.979783 1.000043 -1.044954
v -0.979783 -0.999957 -0.916954
v -0.979783 1.000043 -0.946954
v -0.979783 -0.627457 -0.944945
v -0.979783 -0.627457 -0.944945
v -0.979783 -0.512457 -0.944945
v -0.979783 -0.139957 -1.632954
v -0.979783 1.007543 -0.918964
v -0.979783 1.007543 -0.918964
v -0.979783 1.000043 -0.916954
v -0.979783 1.013034 -0.924454
v -0.977783 -1.122207 -0.977057
v -0.977783 -1.122207 -0.977057
v -0.979783 -1.131957 -0.993204
v -0.979783 -1.131957 -1.012954
v -0.977783 1.015043 -0.931954
v -0.977783 1.015043 -0.931954
v -0.979783 0.887053 -0.841454
v -0.979783 0.892543 -0.846945
v -0.979783 0.892543 -0.846945
v -0.979783 0.885043 -0.833954
v -0.979783 0.885043 -0.833954
v -0.979783 0.330043 -0.652954
v -0.979783 0.887053 -0.645454
v -0.979783 1.013034 -0.728454
v -0.979783 1.013034 -0.841454
v -0.977783 1.120043 -0.726454
v -0.977783 1.120043 -0.726454
v -0.979783 1.015043 -0.833954
v -0.979783 1.015043 -0.833954
v -0.979783 1.013034 -0.826454
v -0.979783 1.123940 -0.728704
v -0.979783 1.123940 -0.728704
v -0.979783 0.887053 -0.826454
v -0.979783 1.120043 -0.735454
v -0.979783 1.120043 -0.735454
v -0.977783 1.120043 -0.735454
v -0.977783 1.120043 -0.735454
v -0.979783 1.124543 -0.730954
v -0.979783 1.122293 -0.734851
v -0.979783 1.122293 -0.734851
v -0.979783 0.253034 -0.743454
v -0.979783 0.253034 -0.743454
v -0.977783 0.127053 -0.645454
v -0.977783 0.127053 -0.645454
v -0.979783 -0.429957 -0.652954
v -0.979783 0.132543 -0.650945
v -0.979783 0.132543 -0.624964
v -0.979783 0.132543 -0.624964
v -0.979783 0.126844 -0.865134
v -0.979783 0.255043 -0.735954
v -0.979783 0.443034 -0.743454
v -0.979783 0.443034 -0.743454
v -0.979783 0.322543 -0.624964
v -0.979783 0.317053 -0.630454
v -0.979783 0.317053 -0.630454
v -0.979783 0.330043 -0.622954
v -0.977783 0.443034 -0.645454
v -0.977783 0.443034 -0.645454
v -0.977783 -0.247457 -1.336945
v -0.977783 -0.247457 -1.336945
v -0.977783 -0.239957 -1.338954
v -0.979783 0.430043 -0.622954
v -0.979783 0.315043 -0.637954
v -0.979783 0.445043 -0.637954
v -0.979783 -0.512457 -1.310964
v -0.979783 -0.519957 -1.308954
v -0.979783 -0.627457 -1.310964
v -0.979783 -0.627457 -1.310964
v -0.979783 -0.632947 -1.316454
v -0.979783 -0.506966 -1.316454
v -0.979783 -0.506966 -1.316454
v -0.979783 -0.504957 -1.323954
v -0.979783 -0.504957 -1.323954
v -0.979783 -0.444957 -1.323954
v -0.979783 -0.444957 -1.323954
v -0.979783 -0.316966 -1.331454
v -0.979783 0.430043 -1.338954
v -0.979783 0.437543 -1.336945
v -0.979783 0.330043 -1.338954
v -0.979783 0.240043 -1.338954
v -0.979783 0.247543 -1.336945
v -0.979783 0.247543 -1.336945
v -0.979783 0.315043 -1.323954
v -0.979783 1.123940 -1.228704
v -0.979783 1.123940 -1.228704
v -0.979783 1.000043 -1.240954
v -0.979783 1.007543 -1.238945
v -0.979783 1.007543 -1.238945
v -0.979783 1.122293 -1.227057
v -0.977783 -0.252947 -1.233454
v -0.979783 0.887053 -1.218454
v -0.979783 1.116146 -1.228704
v -0.979783 -0.886967 -1.316454
v -0.979783 -0.884957 -1.323954
v -0.979783 -0.884957 -1.323954
v -0.979783 -0.892457 -1.310964
v -0.979783 -0.892457 -1.310964
v -0.979783 -0.619957 -1.240954
v -0.979783 -0.512457 -1.114964
v -0.977782 -0.276060 -0.228704
v -0.979783 -0.429957 -1.210954
v -0.977783 -0.506966 -1.120454
v -0.977783 -0.506966 -1.120454
v -0.979783 -0.316966 -1.218454
v -0.977783 -0.627457 -1.238945
v -0.977783 -0.627457 -1.238945
v -0.979783 -0.437457 -1.212964
v -0.979783 -0.442947 -1.218454
v -0.979783 0.240043 -1.210954
v -0.977782 -0.282207 -0.227057
v -0.977782 -0.282207 -0.227057
v -0.979783 0.255043 -1.225954
v -0.979783 0.437543 -1.238945
v -0.979783 0.443034 -1.233454
v -0.979783 0.443034 -1.233454
v -0.979783 0.430043 -1.240954
v -0.979783 0.322543 -1.212964
v -0.979783 0.317053 -1.218454
v -0.979783 0.317053 -1.218454
v -0.979783 -1.122207 -1.227057
v -0.979783 -1.123854 -1.228704
v -0.979783 -1.123854 -1.228704
v -0.979783 -1.119957 -1.226454
v -0.979783 -1.119957 -1.226454
v -0.977783 -0.892457 -1.238945
v -0.977783 -0.892457 -1.238945
v -0.979783 -1.119957 -1.235454
v -0.979783 -1.119957 -1.235454
v -0.979783 -1.117707 -1.234851
v -0.979783 -1.122207 -1.234851
v -0.979783 0.885043 -1.029954
v -0.979783 -0.886967 -1.218454
v -0.979783 -0.884957 -1.225954
v -0.979783 -0.884957 -1.225954
v -0.979783 -0.892457 -1.212964
v -0.979783 -0.892457 -1.212964
v -0.977783 0.887053 -1.022454
v -0.977783 0.887053 -1.022454
v -0.979783 -1.007457 -1.140945
v -0.979783 -1.007457 -1.140945
v -0.977783 -0.627457 -1.114964
v -0.977783 -0.627457 -1.114964
v -0.979783 -0.632947 -1.120454
v -0.979783 -0.634957 -1.127954
v -0.979783 -0.634957 -1.127954
v -0.979783 -0.506966 -1.218454
v -0.979783 -0.139957 -0.524954
v -0.979783 -0.247457 -0.552945
v -0.979783 -0.239957 -0.554954
v -0.979783 0.823034 -0.532454
v -0.979783 -0.254957 -0.539954
v -0.979783 -0.254957 -0.539954
v -0.977783 -0.702457 -1.408964
v -0.977783 -0.709957 -1.406954
v -0.979783 0.697053 -0.532454
v -0.979783 0.620043 -0.524954
v -0.979783 0.627543 -0.650945
v -0.979783 0.627543 -0.650945
v -0.977782 0.563940 -0.233204
v -0.977782 0.563940 -0.233204
v -0.979783 0.505043 -0.539954
v -0.979783 0.505043 -0.539954
v -0.979783 -0.126966 -0.630454
v -0.979783 -0.132457 -0.624964
v -0.979783 -0.132457 -0.624964
v -0.977783 0.063034 -0.645454
v -0.977783 0.063034 -0.645454
v -0.979783 -0.132457 -0.650945
v -0.979783 -0.139957 -0.652954
v -0.979783 -0.239957 -0.622954
v -0.979783 -0.247457 -0.624964
v -0.979783 -0.247457 -0.624964
v -0.979783 -0.252947 -0.630454
v -0.979783 -0.254957 -0.637954
v -0.979783 -0.254957 -0.637954
v -0.977782 1.083940 -0.228704
v -0.979783 -0.252947 -0.728454
v -0.979783 -0.252947 -0.728454
v -0.979783 0.050043 -0.554954
v -0.979783 -0.057457 -0.552945
v -0.979783 -0.049957 -0.554954
v -0.977783 -0.132457 -0.356945
v -0.977783 -0.132457 -0.356945
v -0.979783 -0.809957 -0.328954
v -0.979783 -0.817457 -0.330964
v -0.979783 -0.126966 -0.351454
v -0.979783 0.065043 -0.343954
v -0.979783 -0.709957 -0.456954
v -0.979783 -0.702457 -0.454945
v -0.979783 -0.702457 -0.454945
v -0.979783 -0.696967 -0.434454
v -0.979783 -0.062947 -0.336454
v -0.979783 -0.002207 -0.734851
v -0.979783 0.000043 -0.735454
v -0.979783 0.000043 -0.735454
v -0.979783 -0.003854 -0.728704
v -0.979783 -0.003854 -0.728704
v -0.979783 -0.702457 -0.428964
v -0.979783 -0.702457 -0.428964
v -0.979783 -0.709957 -0.426954
v -0.977783 -0.694957 -0.441954
v -0.977783 -0.694957 -0.441954
v -0.979783 -0.822947 -0.434454
v -0.979783 -0.049957 -0.426954
v -0.979783 -0.057457 -0.454945
v -0.979783 -0.049957 -0.456954
v -0.979783 -0.702457 -0.526964
v -0.979783 -0.702457 -0.526964
v -0.979783 -0.254957 -0.441954
v -0.979783 -0.254957 -0.441954
v -0.979783 -0.696967 -0.336454
v -0.979783 -0.696967 -0.336454
v -0.979783 -0.824957 -0.539954
v -0.979783 0.627543 -1.016964
v -0.979783 0.627543 -1.016964
v -0.979783 0.823034 -1.022454
v -0.979783 0.817543 -1.016964
v -0.979783 0.817543 -1.016964
v -0.979783 0.627543 -1.042945
v -0.979783 0.627543 -1.042945
v -0.979783 0.512543 -0.918964
v -0.979783 0.633034 -1.022454
v -0.979783 0.620043 -1.044954
v -0.979783 0.520043 -1.044954
v -0.977783 0.825043 -1.029954
v -0.977783 0.825043 -1.029954
v -0.979783 0.633034 -1.037454
v -0.979783 0.620043 -1.014954
v -0.977783 0.065043 -1.323954
v -0.977783 0.065043 -1.323954
v -0.979783 0.045877 -0.862877
v -0.979783 0.045877 -0.862877
v -0.979783 0.505043 -0.441954
v -0.979783 0.505043 -0.441954
v -0.977783 0.505043 -0.441954
v -0.977783 0.505043 -0.441954
v -0.979783 0.810043 -0.426954
v -0.979783 0.817543 -0.428964
v -0.979783 0.817543 -0.428964
v -0.979783 0.697053 -0.434454
v -0.979783 0.702543 -0.454945
v -0.979783 0.710043 -0.456954
v -0.979783 0.507053 -0.449454
v -0.979783 0.507053 -0.449454
v -0.979783 0.512543 -0.944945
v -0.979783 0.520043 -0.946954
v -0.979783 0.520043 -0.720954
v -0.979783 0.512543 -0.624964
v -0.979783 0.512543 -0.650945
v -0.979783 0.520043 -0.818954
v -0.977783 -0.817457 -1.506964
v -0.979783 -0.126966 -1.625454
v -0.979783 -0.126966 -1.625454
v -0.979783 -0.132457 -1.630945
v -0.979783 -0.139957 -1.602954
v -0.977783 0.817543 -0.846945
v -0.977783 0.817543 -0.846945
v -0.979783 0.710043 -0.720954
v -0.979783 0.633034 -0.630454
v -0.979783 0.627543 -0.624964
v -0.979783 0.627543 -0.624964
v -0.979783 0.710043 -0.848954
v -0.979783 0.702543 -0.846945
v -0.979783 0.702543 -0.846945
v -0.979783 0.697053 -0.826454
v -0.979783 0.520043 -0.750954
v -0.979783 0.697053 -0.630454
v -0.979783 0.697053 -0.630454
v -0.979783 0.817543 -0.356945
v -0.979783 0.817543 -0.356945
v -0.979783 0.810043 -0.358954
v -0.979783 -0.817457 -1.604964
v -0.979783 -0.817457 -1.604964
v -0.979783 -0.062947 -1.527454
v -0.979783 0.063034 -1.414454
v -0.979783 0.063034 -1.414454
v -0.979783 -0.252947 -1.414454
v -0.979783 -0.126966 -1.429454
v -0.979783 0.083377 -0.880499
v -0.979783 0.083377 -0.880499
v -0.979783 -0.132457 -1.532945
v -0.979783 -0.132457 -1.532945
v -0.979783 -0.126966 -1.414454
v -0.979783 -0.132457 -1.408964
v -0.979783 -0.132457 -1.408964
v -0.979783 0.080246 -0.871452
v -0.979783 0.082743 -0.883037
v -0.979783 -0.817457 -1.506964
v -0.979783 -0.057457 -1.532945
v -0.979783 -0.057457 -1.532945
v -0.979783 0.050043 -1.534954
v -0.979783 -0.049957 -1.534954
v -0.979783 0.050043 -1.504954
v -0.979783 -0.702457 -1.604964
v -0.979783 -0.702457 -1.604964
v -0.979783 -0.126966 -1.512454
v -0.979783 -0.126966 -1.512454
v -0.979783 -0.132457 -1.506964
v -0.979783 -0.049957 -1.504954
v -0.979783 -0.057457 -1.506964
v -0.977783 -0.126966 -1.512454
v -0.977783 -0.126966 -1.512454
v -0.979783 0.057543 -1.238945
v -0.979783 0.057543 -1.238945
v -0.979783 -0.005679 -1.210954
v -0.979783 0.050043 -1.210954
v -0.979783 -0.049957 -1.210954
v -0.977783 -0.809957 -1.602954
v -0.977783 -0.709957 -1.602954
v -0.979783 -0.139957 -1.240954
v -0.979783 0.063034 -1.233454
v -0.979783 -0.254957 -1.225954
v -0.979783 -0.254957 -1.225954
v -0.979783 -0.057457 -1.212964
v -0.979783 -0.057457 -1.212964
v -0.979783 -0.809957 -1.308954
v -0.979783 -0.822947 -1.331454
v -0.979783 0.057543 -1.212964
v -0.979783 0.057543 -1.212964
v -0.979783 -0.696967 -1.316454
v -0.979783 -0.694957 -1.323954
v -0.979783 -0.694957 -1.323954
v -0.979783 -0.817457 -1.336945
v -0.979783 -0.817457 -1.336945
v -0.979783 -0.057457 -1.310964
v -0.977783 -0.252947 -1.331454
v -0.977783 -0.252947 -1.331454
v -0.979783 -0.062947 -1.331454
v -0.979783 -0.247457 -1.336945
v -0.979783 -0.247457 -1.336945
v -0.979783 -0.239957 -1.338954
v -0.977783 -0.004457 -1.180954
v -0.977783 -0.004457 -1.180954
v -0.979783 -0.124957 -1.323954
v -0.979783 0.627543 -0.356945
v -0.979783 0.627543 -0.356945
v -0.979783 -0.709957 -1.436954
v -0.979783 -0.702457 -1.434945
v -0.979783 -0.809957 -1.436954
v -0.979783 -0.709957 -1.406954
v -0.979783 -0.013021 -0.865503
v -0.979783 -0.012329 -0.864697
v -0.979783 -0.204957 -1.100954
v -0.979783 -0.204957 -1.100954
v -0.979783 -0.009614 -0.863680
v -0.979783 -0.851957 -0.288954
v -0.979783 -1.041957 -0.398954
v -0.979783 0.050043 -1.240954
v -0.979783 1.059364 -0.388954
v -0.979783 -0.089424 -0.949211
v -0.979783 -0.085699 -0.947187
v -0.979783 -0.050022 -0.863680
v -0.979783 -0.048160 -0.864361
v -0.979783 -0.047765 -0.855954
v -0.979783 -0.051192 -0.955137
v -0.979783 -0.052288 -0.953994
v -0.979783 -0.052288 -0.953994
v -0.979783 -0.049016 -0.955876
v -0.979783 -0.354957 -0.900954
v -0.979783 -0.354957 -0.900954
v -0.977783 -0.404957 -0.900954
v -0.977783 -0.404957 -0.900954
v -0.979783 -0.404957 -0.860954
v -0.979783 -0.404957 -0.860954
v -0.979783 -0.086372 -0.891892
v -0.979783 -0.086372 -0.891892
v -0.979783 -0.494957 -0.860954
v -0.979783 -0.494957 -0.860954
v -0.979783 -0.394957 -0.900954
v -0.979783 -0.394957 -0.900954
v -0.979783 -0.142822 -0.945807
v -0.979783 -0.101786 -0.948632
v -0.979783 -0.064581 -0.955866
v -0.979783 -0.045790 -0.942434
v -0.979783 -0.045790 -0.869214
v -0.979783 0.045877 -0.948967
v -0.979783 0.045877 -0.948967
v -0.979783 0.037543 -0.872491
v -0.979783 0.064887 -0.867217
v -0.979783 0.071070 -0.873128
v -0.979783 0.059110 -0.864322
v -0.979783 0.062890 -0.942348
v -0.979783 -0.244957 -1.010954
v -0.979783 -0.244957 -1.010954
v -0.979783 0.037543 -0.935946
v -0.979783 0.038794 -0.943568
v -0.979783 0.076327 -0.883779
v -0.979783 -0.204957 -0.960954
v -0.979783 -0.204957 -0.960954
v -0.979783 -0.204957 -1.010954
v -0.979783 -0.204957 -1.010954
v -0.979783 0.197127 -0.944398
v -0.979783 0.196441 -0.946232
v -0.979783 0.240950 -0.896840
v -0.979783 0.238164 -0.898955
v -0.979783 0.197124 -0.867293
v -0.979783 -0.354957 -1.010954
v -0.979783 -0.354957 -1.010954
v -0.979783 -0.444957 -1.060954
v -0.979783 -0.444957 -1.060954
v -0.979783 -0.494957 -1.100954
v -0.979783 -0.494957 -1.100954
v -0.977783 -0.444957 -1.060954
v -0.977783 -0.444957 -1.060954
v -0.977783 -0.444957 -1.100954
v -0.977783 -0.444957 -1.100954
v -0.979783 -0.394957 -1.010954
v -0.979783 -0.394957 -1.010954
v -0.979783 0.242214 -0.942653
v -0.979783 0.240223 -0.945329
v -0.979783 0.243099 -0.937356
v -0.979783 0.151999 -0.954704
v -0.979783 0.164236 -0.946362
v -0.979783 0.140784 -0.948423
v -0.979783 0.143164 -0.945776
v -0.979783 0.243099 -0.874835
v -0.979783 0.193034 -0.863680
v -0.979783 0.234765 -0.899835
v -0.979783 0.234765 -0.899835
v -0.977783 0.234765 -0.899835
v -0.977783 0.234765 -0.899835
v -0.979783 0.279889 -0.860111
v -0.979783 0.278581 -0.859014
v -0.979783 -0.709957 -1.044954
v -0.979783 -0.809957 -0.946954
v -0.979783 -0.765457 -0.946954
v -0.979783 0.090321 -0.905846
v -0.979783 0.265516 -0.949769
v -0.979783 0.272767 -0.941247
v -0.979783 0.131988 -0.949943
v -0.979783 0.131988 -0.949943
v -0.979783 0.282422 -0.874010
v -0.979783 0.190768 -0.953994
v -0.979783 0.190768 -0.953994
v -0.979783 -0.892457 -1.506964
v -0.979783 0.144488 -0.939526
v -0.979783 0.144488 -0.874183
v -0.979783 0.144224 -0.942741
v -0.979783 -0.499957 -1.742954
v -0.979783 -0.265207 -1.742954
v -0.979783 1.083940 -1.733204
v -0.979783 1.084543 -1.730954
v -0.979783 1.084543 -1.730954
v -0.979783 -0.699957 -1.724954
v -0.979783 -0.696957 -1.725758
v -0.979783 -0.696957 -1.725758
v -0.979783 0.443034 -0.449454
v -0.979783 0.443034 -0.449454
v -0.979783 0.445043 -0.441954
v -0.977783 -0.504957 -0.441954
v -0.977783 -0.504957 -0.441954
v -0.979783 0.507053 -1.331454
v -0.977783 0.512543 -1.336945
v -0.977783 0.512543 -1.336945
v -0.979783 0.702543 -1.434945
v -0.979783 0.620043 -1.406954
v -0.979783 0.520043 -1.436954
v -0.979783 0.520043 -1.406954
v -0.979783 0.810043 -1.240954
v -0.979783 0.710043 -1.240954
v -0.977783 0.697053 -1.414454
v -0.977783 0.697053 -1.414454
v -0.979783 -1.079957 -1.726454
v -0.979783 -1.079957 -1.726454
v -0.979783 -1.125957 -1.742954
v -0.979783 -0.830207 -1.742954
v -0.979783 -1.059277 -0.278954
v -0.979783 -1.061957 -0.288954
v -0.979783 -1.051957 -0.271634
v -0.979782 1.126043 -0.218954
v -0.979782 0.868543 -0.218954
v -0.979782 -1.125957 -0.218954
v -0.979783 -1.041957 -0.268954
v -0.979783 0.702543 -1.336945
v -0.979783 0.702543 -1.336945
v -0.979783 0.710043 -1.338954
v -0.979783 0.635043 -1.323954
v -0.979783 0.635043 -1.323954
v -0.979783 0.444987 -0.944322
v -0.979783 0.441516 -0.946957
v -0.979783 0.393252 -0.955137
v -0.979783 0.395429 -0.955876
v -0.979783 0.392157 -0.953994
v -0.979783 0.392157 -0.953994
v -0.979783 0.447265 -0.919713
v -0.977783 0.392157 -0.953994
v -0.977783 0.392157 -0.953994
v -0.979783 0.396285 -0.864361
v -0.979783 -0.294957 -1.060954
v -0.979783 -0.294957 -1.060954
v -0.979783 0.397403 -0.864923
v -0.979783 -0.294957 -1.100954
v -0.979783 -0.294957 -1.100954
v -0.979783 -1.084457 -1.730954
v -0.979783 -1.084457 -1.730954
v -0.977783 0.454036 -0.907473
v -0.977783 0.454036 -0.907473
v -0.979783 0.430599 -0.955954
v -0.979783 0.430599 -0.955954
v -0.977783 -0.837707 -1.734851
v -0.977783 -0.837707 -1.734851
v -0.979783 -0.454957 -0.960954
v -0.979783 -0.454957 -0.960954
v -0.979783 0.330511 -0.863106
v -0.979783 0.333226 -0.957918
v -0.977783 -0.454957 -1.000954
v -0.977783 -0.454957 -1.000954
v -0.977783 -0.837707 -1.727057
v -0.979783 0.458929 -0.954567
v -0.979783 0.470985 -0.949032
v -0.979783 0.345502 -0.869511
v -0.979783 0.338932 -0.862009
v -0.979783 0.338932 -0.862009
v -0.979783 0.284377 -0.865316
v -0.979783 0.437239 -0.863658
v -0.979783 0.437239 -0.863658
v -0.977783 -0.089784 -0.953743
v -0.977783 -0.089784 -0.953743
v -0.979783 0.444357 -0.900854
v -0.979783 0.342173 -0.948423
v -0.979783 0.344553 -0.945776
v -0.979783 -0.824957 -0.833954
v -0.979783 -0.824957 -0.833954
v -0.979783 -0.822947 -0.841454
v -0.979783 -0.822947 -0.826454
v -0.979783 -0.007556 -0.949602
v -0.979783 -0.007556 -0.949602
v -0.979783 -0.809957 -0.652954
v -0.977783 -0.694957 -0.931954
v -0.977783 -0.694957 -0.931954
v -0.979783 -0.709957 -0.720954
v -0.979783 -0.702457 -0.722964
v -0.979783 -0.709957 -0.750954
v -0.979783 -0.702457 -0.748945
v -0.979783 -0.809957 -0.916954
v -0.979783 -0.702457 -1.238945
v -0.979783 -0.809957 -1.240954
v -0.979783 -0.709957 -1.240954
v -0.979783 0.823034 -1.512455
v -0.979783 0.627543 -1.506964
v -0.979783 0.627543 -1.506964
v -0.979783 0.620043 -1.504954
v -0.979783 0.520043 -1.534954
v -0.979783 0.520043 -1.504954
v -0.979783 0.633034 -1.625454
v -0.979783 0.702543 -1.630945
v -0.979783 0.620043 -1.602954
v -0.979783 0.520043 -1.602954
v -0.977783 0.702543 -1.212964
v -0.977783 0.702543 -1.212964
v -0.979783 0.697053 -1.218454
v -0.979783 -0.444957 -0.860954
v -0.979783 -0.444957 -0.860954
v -0.979783 0.697053 -1.120454
v -0.979783 0.620043 -1.240954
v -0.979783 0.520043 -1.210954
v -0.979783 0.520043 -1.142954
v -0.979783 0.512543 -1.212964
v -0.979783 0.512543 -1.212964
v -0.977783 -0.314957 -1.225954
v -0.977783 0.073090 -0.921905
v -0.977783 0.398516 -0.944398
v -0.977783 -0.329957 -1.534954
v -0.977783 -0.632947 -1.527454
v -0.977783 -0.627457 -1.532945
v -0.977783 0.430043 -0.750954
v -0.977783 0.900043 -0.750954
v -0.977783 0.892543 -0.748945
v -0.977783 1.000043 -0.848954
v -0.977783 0.140043 -0.750954
v -0.977783 -0.329957 -0.652954
v -0.977783 -0.437457 -0.748945
v -0.977783 0.330043 -0.652954
v -0.977783 0.322543 -0.748945
v -0.977783 0.330043 -0.750954
v -0.977783 0.315043 -0.637954
v -0.977783 0.140043 -0.652954
v -0.977783 0.132543 -0.650945
v -0.977783 -0.634957 -0.735954
v -0.977783 -0.634957 -0.735954
v -0.977783 -0.632947 -0.728454
v -0.977783 -0.512457 -0.846945
v -0.977783 -0.632947 -0.630454
v -0.977783 -0.886967 -0.743454
v -0.977783 0.437543 -1.532945
v -0.977783 0.437543 -1.532945
v -0.977783 -0.314957 -0.735954
v -0.977783 -0.519957 -0.720954
v -0.977783 -0.619957 -0.818954
v -0.977783 -0.632947 -0.826454
v -0.977783 -1.115457 -0.730954
v -0.977783 -1.119957 -0.726454
v -0.977783 0.900043 -0.916954
v -0.977783 0.887053 -0.924454
v -0.977783 1.013034 -0.924454
v -0.977783 -0.519957 -0.916954
v -0.977783 -1.012947 -0.841454
v -0.977783 -0.999957 -0.652954
v -0.977783 -1.007457 -0.650945
v -0.977783 -1.007457 -0.650945
v -0.977783 -0.899957 -0.652954
v -0.977783 0.437543 -1.604964
v -0.977783 1.000043 -0.456954
v -0.977783 0.887053 -0.434454
v -0.977783 0.885043 -0.441954
v -0.977783 0.885043 -0.441954
v -0.977783 1.015043 -0.441954
v -0.977783 1.015043 -0.441954
v -0.977783 1.013034 -0.449454
v -0.977783 0.132543 -0.330964
v -0.977783 0.140043 -0.328954
v -0.977783 0.240043 -0.328954
v -0.977783 0.253034 -0.351454
v -0.977783 0.255043 -0.343954
v -0.977783 0.255043 -0.343954
v -0.977783 0.127053 -0.336454
v -0.977783 -0.429957 -0.328954
v -0.977783 -0.519957 -0.426954
v -0.977783 -0.512457 -0.428964
v -0.977783 0.140043 -0.456954
v -0.977783 -0.437457 -0.454945
v -0.977783 -0.314957 -0.441954
v -0.977783 0.892543 -0.552945
v -0.977783 0.330043 -0.554954
v -0.977783 0.330043 -0.524954
v -0.977783 0.322543 -0.552945
v -0.977783 0.445043 -0.539954
v -0.977783 -0.899957 -0.456954
v -0.977783 -1.012947 -0.547454
v -0.977783 -1.123854 -0.483204
v -0.977783 -1.123854 -0.483204
v -0.977783 1.124543 -0.730954
v -0.977783 -0.512457 -0.552945
v -0.977783 -0.519957 -0.554954
v -0.977783 -0.619957 -0.554954
v -0.977782 0.280043 -0.235454
v -0.977782 0.276146 -0.228704
v -0.977782 1.038543 -0.218954
v -0.977782 0.283940 -0.233204
v -0.977783 0.322543 -1.238945
v -0.977783 0.330043 -1.240954
v -0.977782 -0.562207 -0.234851
v -0.977782 -0.562207 -0.234851
v -0.977782 -0.836060 -0.233204
v -0.977783 0.276146 -1.728704
v -0.977782 0.843940 -0.233204
v -0.977783 -0.696957 -1.725758
v -0.977783 -0.696957 -1.725758
v -0.977783 -0.702957 -1.736151
v -0.977783 -0.702957 -1.736151
v -0.977783 -0.705153 -1.733954
v -0.977783 -0.705153 -1.733954
v -0.977783 -1.061957 -0.378954
v -0.977783 -0.853479 -0.281301
v -0.977782 0.842293 -0.227057
v -0.977782 0.842293 -0.227057
v -0.977783 0.872043 -0.268954
v -0.977782 1.080043 -0.226454
v -0.977783 0.077521 -0.884773
v -0.977783 0.079253 -0.885121
v -0.977783 0.052821 -0.862877
v -0.977783 0.052821 -0.862877
v -0.977783 0.080246 -0.871452
v -0.977783 0.033018 -0.855748
v -0.977783 0.076327 -0.883779
v -0.977783 0.027811 -0.952641
v -0.977783 0.079283 -0.917404
v -0.977783 0.081988 -0.953263
v -0.977783 0.077864 -0.957343
v -0.977783 0.477116 -0.941300
v -0.977783 -1.124457 -1.230954
v -0.977783 0.459313 -0.857073
v -0.977783 0.338932 -0.949943
v -0.977783 0.338932 -0.949943
v -0.977783 0.342173 -0.948423
v -0.977783 0.392935 -0.862843
v -0.977783 0.470529 -0.901788
v -0.977783 -0.444957 -1.519954
v -0.977783 -0.444957 -1.519954
v -0.977783 -0.442947 -1.512454
v -0.977783 -0.316966 -1.527454
v -0.977783 -0.316966 -1.527454
v -0.977783 -0.314957 -1.519954
v -0.977783 0.330043 -1.504954
v -0.977783 0.430043 -1.504954
v -0.977783 0.892543 -1.506964
v -0.977783 0.892543 -1.506964
v -0.977783 0.125043 -1.617954
v -0.977783 0.240043 -1.632954
v -0.977783 -0.429957 -1.602954
v -0.977783 -1.007457 -1.532945
v -0.977783 0.885043 -1.617954
v -0.977783 0.885043 -1.617954
v -0.977783 0.887053 -1.610454
v -0.977783 0.837793 -1.734852
v -0.977783 0.837793 -1.734852
v -0.977783 -0.329957 -1.602954
v -0.977783 -0.519957 -1.602954
v -0.977783 -0.506967 -1.625454
v -0.977783 -0.504957 -1.617954
v -0.977783 -0.999957 -1.602954
v -0.977783 0.000043 -1.735454
v -0.977783 -1.119957 -1.226454
v -0.977783 -1.119957 -1.226454
v -0.977783 0.003940 -1.733204
v -0.977783 -0.279957 -1.735454
v -0.977783 0.836146 -1.733204
v -0.977783 0.694043 -1.730954
v -0.977783 0.562293 -1.727057
v -0.977783 0.563940 -1.728704
v -0.977783 0.563940 -1.728704
v -0.977783 0.563940 -1.733204
v -0.977783 0.563940 -1.733204
v -0.977783 0.564543 -1.730954
v -0.977783 1.000043 -1.338954
v -0.977783 1.013034 -1.316454
v -0.977783 0.887053 -1.316454
v -0.977783 0.885043 -1.323954
v -0.977783 0.317053 -1.316454
v -0.977783 0.315043 -1.323954
v -0.977783 0.437543 -1.310964
v -0.977783 -0.899957 -1.240954
v -0.977783 -0.999957 -1.112954
v -0.977783 -0.632947 -1.331454
v -0.977783 -1.012947 -1.316454
v -0.977783 -1.007457 -1.310964
v -0.977783 -0.999957 -1.308954
v -0.977783 0.140043 -1.308954
v -0.977783 -0.329957 -1.338954
v -0.977783 -0.442947 -1.331454
v -0.977783 0.430043 -1.406954
v -0.977783 0.240043 -1.436954
v -0.977783 0.255043 -1.421954
v -0.977783 0.140043 -1.436954
v -0.977783 0.125043 -1.421954
v -0.977783 0.125043 -1.421954
v -0.977783 0.127053 -1.414454
v -0.977783 1.120043 -1.476454
v -0.977783 1.122293 -1.477057
v -0.979783 0.191863 -0.955137
v -0.977783 -1.124457 -1.480954
v -0.977783 -1.119957 -1.476454
v -0.977783 -1.119957 -1.476454
v -0.977783 1.000043 -1.534955
v -0.977783 -0.316966 -1.429454
v -0.977783 -0.316966 -1.429454
v -0.977783 -0.314957 -1.421954
v -0.977783 -0.322457 -1.434945
v -0.979783 0.125355 -0.869530
v -0.977783 -0.437457 -1.434945
v -0.977783 -0.627457 -1.408964
v -0.977783 -0.619957 -1.406954
v -0.977783 -0.899957 -1.436954
v -0.977783 1.124543 -0.980954
v -0.977783 -1.123854 -0.983204
v -0.977783 -1.123854 -0.983204
v -0.977783 -1.117707 -0.977057
v -0.977783 -1.117707 -0.977057
v -0.977783 -1.116060 -0.978704
v -0.977783 -1.116060 -0.978704
v -0.977783 -0.512457 -0.944945
v -0.977783 -1.012947 -0.939454
v -0.977783 -1.014957 -0.931954
v -0.977783 -1.014957 -0.931954
v -0.977783 -1.012947 -0.924454
v -0.977783 1.007543 -1.042945
v -0.977783 -0.519957 -1.044954
v -0.977783 -0.632947 -1.022454
v -0.977783 -0.627457 -1.016964
v -0.977783 -0.627457 -1.016964
v -0.977783 -0.619957 -1.014954
v -0.977783 -0.519957 -1.014954
v -0.977783 -0.886967 -1.037454
v -0.977783 -1.119957 -0.976454
v -0.977783 0.885043 -1.029954
v -0.977783 0.887053 -1.218454
v -0.977783 1.007543 -1.238945
v -0.977783 1.007543 -1.238945
v -0.977783 1.000043 -1.240954
v -0.977783 1.013034 -1.120454
v -0.977783 1.015043 -1.127954
v -0.977783 1.015043 -1.127954
v -0.977783 0.430043 -1.240954
v -0.977783 0.330043 -1.210954
v -0.977783 1.122293 -1.234851
v -0.977783 1.116146 -1.228704
v -0.977783 -0.619957 -1.210954
v -0.977783 -0.632947 -1.233454
v -0.977783 0.127053 -1.218454
v -0.977783 -0.437457 -1.212964
v -0.977783 -0.429957 -1.210954
v -0.977783 -0.442947 -1.218454
v -0.977783 -0.049957 -1.632954
v -0.977783 0.065043 -1.617954
v -0.977783 0.520043 -0.426954
v -0.977783 -0.239957 -1.602954
v -0.977783 1.007543 -1.408964
v -0.977783 1.007543 -1.408964
v -0.977783 0.823034 -0.547454
v -0.977783 0.710043 -0.524954
v -0.977783 0.810043 -0.524954
v -0.977783 0.520043 -0.554954
v -0.977783 0.620043 -0.524954
v -0.977783 0.710043 -0.946954
v -0.977783 0.633034 -0.939454
v -0.977783 0.627543 -0.944945
v -0.977783 0.627543 -0.944945
v -0.977783 0.810043 -0.456954
v -0.977783 0.507053 -0.434454
v -0.977783 0.710043 -0.456954
v -0.977783 0.702543 -0.454945
v -0.977783 -1.012947 -1.414454
v -0.977783 0.710043 -0.426954
v -0.977783 0.507053 -1.022454
v -0.977783 0.810043 -0.848954
v -0.977783 0.702543 -1.042945
v -0.977783 0.697053 -1.037454
v -0.977783 0.810043 -1.014954
v -0.977783 0.620043 -1.014954
v -0.977783 0.627543 -0.650945
v -0.977783 0.627543 -0.650945
v -0.977783 0.633034 -0.630454
v -0.977783 0.627543 -0.624964
v -0.977783 0.627543 -0.624964
v -0.977783 0.507053 -0.630454
v -0.977783 0.512543 -0.650945
v -0.977783 0.512543 -0.624964
v -0.977783 0.702543 -0.722964
v -0.977783 0.710043 -0.818954
v -0.977783 0.620043 -0.750954
v -0.977783 0.633034 -0.743454
v -0.977783 -0.817457 -0.330964
v -0.977783 -0.696967 -0.351454
v -0.977783 -0.694957 -0.343954
v -0.977783 -0.049957 -0.328954
v -0.977783 -0.822947 -0.351454
v -0.977783 -0.809957 -0.358954
v -0.977783 -0.239957 -0.426954
v -0.977783 -0.252947 -0.449454
v -0.977783 -0.132457 -0.454945
v -0.977783 -0.139957 -0.426954
v -0.977783 -0.696967 -0.449454
v -0.977783 -0.809957 -0.456954
v -0.977783 -0.002207 -0.734851
v -0.977783 0.627543 -1.408964
v -0.977783 0.627543 -1.408964
v -0.977783 -0.049957 -0.622954
v -0.977783 0.050043 -0.622954
v -0.977783 -0.126966 -0.351454
v -0.977783 -0.512457 -1.408964
v -0.977783 -0.139957 -0.328954
v -0.977783 -0.132457 -0.330964
v -0.977783 -0.696967 -0.728454
v -0.977783 -0.702457 -0.722964
v -0.977783 -0.709957 -0.848954
v -0.977783 -0.709957 -0.750954
v -0.977783 -0.247457 -0.722964
v -0.977783 -0.239957 -0.720954
v -0.977783 -0.252947 -0.630454
v -0.977783 0.050043 -0.652954
v -0.977783 -0.139957 -0.720954
v -0.977783 -0.126966 -0.630454
v -0.977783 -0.132457 -0.526964
v -0.977783 0.057543 -0.526964
v -0.977783 -0.057457 -0.526964
v -0.979783 -1.128957 -1.742150
v -0.979783 -1.128957 -1.742150
v -0.977783 -0.239957 -0.554954
v -0.977783 -0.247457 -0.552945
v -0.977783 -0.062947 -0.547454
v -0.977783 -0.247457 -0.526964
v -0.977783 -0.239957 -0.524954
v -0.977783 -0.809957 -0.848954
v -0.977783 -0.824957 -0.735954
v -0.977783 -0.824957 -0.735954
v -0.977783 0.817543 -1.238945
v -0.977783 0.710043 -1.210954
v -0.977783 0.810043 -1.240954
v -0.977783 0.810043 -1.112954
v -0.977783 0.702543 -1.434945
v -0.977783 0.620043 -1.436954
v -0.977783 0.823034 -1.527454
v -0.977783 0.825043 -1.519954
v -0.977783 0.825043 -1.519954
v -0.977783 0.710043 -1.504954
v -0.977783 0.697053 -1.512454
v -0.977783 0.697053 -1.512454
v -0.977783 0.702543 -1.506964
v -0.977783 0.710043 -1.534954
v -0.977783 0.697053 -1.218454
v -0.977783 0.710043 -1.142954
v -0.977783 0.512543 -1.114964
v -0.977783 0.520043 -1.142954
v -0.977783 0.512543 -1.140945
v -0.977783 0.633034 -1.218454
v -0.977783 0.633034 -1.120454
v -0.977783 0.620043 -1.112954
v -0.977783 0.620043 -1.602954
v -0.977783 0.633034 -1.625454
v -0.977783 0.627543 -1.630945
v -0.977783 0.627543 -1.604964
v -0.977783 0.702543 -1.604964
v -0.977783 -0.694957 -1.127954
v -0.977783 -0.694957 -1.127954
v -0.977783 -0.696967 -1.135454
v -0.977783 -0.817457 -1.238945
v -0.977783 -0.822947 -1.233454
v -0.977783 0.286154 -0.870125
v -0.977783 0.393252 -0.955137
v -0.977783 0.395429 -0.955876
v -0.977783 0.197265 -0.942434
v -0.977783 0.126844 -0.865134
v -0.977783 0.377467 -0.884536
v -0.977783 0.345877 -0.874183
v -0.977783 0.345502 -0.869511
v -0.977783 0.344553 -0.945776
v -0.977783 0.240495 -0.909665
v -0.979783 0.366298 -0.866241
v -0.977783 0.282422 -0.874010
v -0.977783 0.238932 -0.859882
v -0.977783 0.238457 -0.861858
v -0.977783 0.193034 -0.948077
v -0.977783 0.276584 -0.869843
v -0.977783 0.152360 -0.857601
v -0.977783 0.238164 -0.898955
v -0.977783 0.234765 -0.907625
v -0.977783 0.234765 -0.907625
v -0.977783 -1.084457 -1.730954
v -0.977783 -1.084457 -1.730954
v -0.977783 0.142491 -0.865134
v -0.977783 0.164236 -0.946362
v -0.977783 0.258368 -0.953594
v -0.977783 0.710043 -1.338954
v -0.977783 0.633034 -1.316454
v -0.977783 0.710043 -1.436954
v -0.977783 -1.079957 -1.735454
v -0.977782 -1.079957 -0.226454
v -0.977783 -1.131957 -1.736954
v -0.979783 0.892543 -1.532945
v -0.979783 0.892543 -1.532945
v -0.979783 0.892543 -1.506964
v -0.979783 0.892543 -1.506964
v -0.979783 -1.007457 -1.604964
v -0.979783 -1.007457 -1.604964
v -0.979783 0.445043 -1.519954
v -0.979783 0.443034 -1.512454
v -0.979783 0.443034 -1.512454
v -0.979783 0.315043 -1.519954
v -0.979783 -0.999957 -1.602954
v -0.979783 -0.619957 -1.504954
v -0.979783 -0.627457 -1.506964
v -0.979783 -0.519957 -1.504954
v -0.979783 -0.632947 -1.512454
v -0.979783 -0.634957 -1.519954
v -0.979783 -0.886966 -1.512454
v -0.979783 -0.886966 -1.512454
v -0.979783 0.132543 -1.532945
v -0.979783 0.132543 -1.532945
v -0.979783 0.437543 -1.532945
v -0.979783 0.437543 -1.532945
v -0.979783 0.443034 -1.527454
v -0.979783 -0.314957 -1.519954
v -0.979783 -0.442947 -1.527454
v -0.979783 -0.442947 -1.527454
v -0.979783 -0.437457 -1.532945
v -0.979783 -0.437457 -1.532945
v -0.979783 -0.444957 -1.519954
v -0.979783 -0.444957 -1.519954
v -0.979783 -0.442947 -1.512454
v -0.979783 0.127053 -1.429454
v -0.979783 0.127053 -1.429454
v -0.979783 0.443034 -1.429454
v -0.979783 0.443034 -1.429454
v -0.979783 0.322543 -1.434945
v -0.979783 0.240043 -1.436954
v -0.979783 0.247543 -1.434945
v -0.979783 0.140043 -1.406954
v -0.979783 1.120043 -1.485454
v -0.979783 1.122293 -1.484852
v -0.979783 1.122293 -1.484852
v -0.979783 1.117793 -1.477057
v -0.979783 1.117793 -1.477057
v -0.979783 1.116146 -1.478704
v -0.979783 1.013034 -1.414454
v -0.979783 -1.119957 -1.485454
v -0.979783 -1.119957 -1.485454
v -0.979783 -0.892457 -1.434945
v -0.979783 -0.886967 -1.429454
v -0.979783 -1.124457 -1.480954
v -0.979783 -0.632947 -1.429454
v -0.979783 -0.314957 -1.421954
v -0.979783 0.052821 -0.854001
v -0.979783 0.052821 -0.854001
v -0.979783 -0.999957 -1.406954
v -0.979783 -0.892457 -1.408964
v -0.979783 -0.899957 -1.406954
v -0.977783 0.887053 -1.233454
v -0.977783 0.885043 -1.225954
v -0.977783 0.885043 -1.225954
v -0.977783 -0.632947 -0.434454
v -0.977783 0.520043 -1.112954
v -0.977783 0.338932 -0.862009
v -0.977783 0.338932 -0.862009
v -0.977783 -0.252947 -0.743454
v -0.977783 -0.254957 -0.735954
v -0.977783 -0.254957 -0.735954
v -0.977783 0.872043 -0.398954
v -0.977782 -1.131153 -0.221954
v -0.977783 0.892543 -1.604964
v -0.977783 0.900043 -1.602954
v -0.979783 0.283940 -1.733204
v -0.979783 0.086849 -1.742954
v -0.979783 -0.005679 -1.742954
v -0.979783 -0.003854 -1.728704
v -0.979783 -0.002207 -1.734852
v -0.979783 -0.002207 -1.734852
v -0.979783 0.284543 -1.730954
v -0.979783 0.284543 -1.730954
v -0.979783 0.283940 -1.728704
v -0.979783 0.837793 -1.727057
v -0.979783 0.837793 -1.727057
v -0.979783 0.837793 -1.734852
v -0.979783 0.837793 -1.734852
v -0.979783 0.555543 -1.730954
v -0.979783 0.560043 -1.735454
v -0.979783 0.560043 -1.735454
v -0.979783 0.700043 -1.724954
v -0.979783 0.700043 -1.724954
v -0.979783 0.694847 -1.733954
v -0.979783 0.694847 -1.733954
v -0.979783 -0.835457 -1.730954
v -0.979783 -0.836060 -1.728704
v -0.979783 -0.836060 -1.728704
v -0.979783 -0.843854 -1.728704
v -0.979783 -0.843854 -1.728704
v -0.979783 -0.284457 -1.730954
v -0.979783 -0.284457 -1.730954
v -0.979783 -0.822947 -0.630454
v -0.979783 -0.822947 -0.630454
v -0.979783 -0.694761 -1.727954
v -0.979783 -0.559957 -1.726454
v -0.979783 -0.559957 -1.726454
v -0.979783 -0.563854 -1.733204
v -0.979783 -0.563854 -1.733204
v -0.979783 -0.329957 -1.602954
v -0.979783 0.140043 -1.602954
v -0.979783 -0.632947 -1.610454
v -0.979783 -0.632947 -1.610454
v -0.979783 -0.429957 -1.632954
v -0.979783 -0.329957 -1.632954
v -0.979783 -0.444957 -1.617954
v -0.977783 -0.627457 -1.630945
v -0.977783 -0.627457 -1.630945
v -0.979783 1.000043 -1.632954
v -0.979783 1.007543 -1.630945
v -0.979783 1.013034 -1.610454
v -0.979783 1.007543 -1.604964
v -0.979783 1.000043 -1.602954
v -0.979783 0.885043 -1.617954
v -0.979783 0.885043 -1.617954
v -0.979783 0.322543 -1.630945
v -0.979783 0.330043 -1.632954
v -0.977783 -0.344957 -0.900954
v -0.977783 -0.344957 -0.900954
v -0.977783 -0.254957 -0.860954
v -0.977783 -0.254957 -0.860954
v -0.977783 -0.394957 -0.950954
v -0.977783 -0.394957 -0.950954
v -0.977783 -0.817457 -1.310964
v -0.977783 -0.354957 -1.012954
v -0.977783 -0.394957 -0.993204
v -0.977783 -0.083742 -0.945850
v -0.977783 -0.082531 -0.943802
v -0.977783 -0.009614 -0.863680
v -0.977783 -0.012329 -0.864697
v -0.977783 -0.106684 -0.941197
v -0.977783 -0.007557 -0.954307
v -0.977783 -0.045928 -0.944398
v -0.977783 -0.045790 -0.942434
v -0.977783 -0.106690 -0.944866
v -0.977783 -0.051192 -0.955137
v -0.977783 -0.049016 -0.955876
v -0.977783 -0.047765 -0.855954
v -0.977783 -0.011480 -0.947392
v -0.977783 -0.013021 -0.865503
v -0.979783 0.330043 -1.240954
v -0.977783 -0.204957 -0.950954
v -0.977783 -0.204957 -0.950954
v -0.977783 -0.050022 -0.863680
v -0.977783 -0.088612 -0.954975
v -0.977783 -0.087650 -0.955457
v -0.977783 -0.085699 -0.947187
v -0.977783 -0.010591 -0.856037
v -0.977783 -0.008466 -0.856747
v -0.977783 -0.046615 -0.946232
v -0.977783 -0.003854 -1.183204
v -0.977783 -0.002207 -1.184851
v -0.977783 0.710043 -0.358954
v -0.977783 -0.126966 -1.316454
v -0.977783 -0.126966 -1.316454
v -0.977783 -0.132457 -1.310964
v -0.977783 -0.809957 -1.406954
v -0.977783 -0.709957 -1.436954
v -0.977783 0.520043 -0.358954
v -0.977783 0.512543 -0.356945
v -0.977783 0.512543 -0.356945
v -0.977783 0.063034 -1.316454
v -0.977783 0.520043 -0.750954
v -0.977783 0.512543 -0.748945
v -0.977783 0.057543 -1.310964
v -0.977783 -0.694957 -1.323954
v -0.977783 -0.694957 -1.323954
v -0.977783 -0.709957 -1.338954
v -0.977783 -0.817457 -1.434945
v -0.977783 -0.822947 -1.429454
v -0.977783 -0.822947 -1.429454
v -0.977783 -0.809957 -1.436954
v -0.977783 -0.709957 -1.632954
v -0.977783 -0.696967 -1.527454
v -0.977783 -0.696967 -1.527454
v -0.977783 -0.694957 -1.519954
v -0.977783 -0.817457 -1.532945
v -0.977783 -0.822947 -1.527454
v -0.977783 -0.809957 -1.534954
v -0.977783 0.710043 -0.328954
v -0.977783 -0.139957 -1.406954
v -0.977783 -0.817457 -1.604964
v -0.977783 -0.817457 -1.604964
v -0.977783 0.823034 -0.336454
v -0.977783 0.710043 -0.916954
v -0.977783 0.823034 -0.924454
v -0.977783 0.520043 -0.916954
v -0.977783 -0.512457 -0.820964
v -0.977783 -0.519957 -0.328954
v -0.977783 -0.252947 -0.351454
v -0.979783 0.317053 -0.336454
v -0.979783 0.317053 -0.336454
v -0.977783 0.885043 -0.931954
v -0.977783 0.885043 -0.931954
v -0.977783 0.507053 -0.532454
v -0.977783 0.507053 -0.532454
v -0.977783 0.695043 -1.519954
v -0.979783 0.520043 -0.524954
v -0.977783 0.633034 -1.512455
v -0.977783 0.635043 -1.617954
v -0.979783 -0.329957 -0.622954
v -0.977783 0.620043 -1.632954
v -0.977783 -0.822947 -1.218454
v -0.979783 -0.519957 -1.014954
v -0.977783 0.190321 -0.952091
v -0.979783 -1.012947 -0.939454
v -0.979783 -1.007457 -0.944945
v -0.979783 -1.007457 -0.944945
v -0.979783 0.885043 -0.931954
v -0.979783 0.885043 -0.931954
v -0.977783 -1.077707 -1.727057
v -0.977783 -1.079957 -1.726454
v -0.977783 -1.079957 -1.726454
v -0.979783 0.892543 -0.650945
v -0.979783 0.892543 -0.650945
v -0.979783 -0.619957 -1.308954
v -0.979783 0.317053 -1.429454
v -0.979783 0.317053 -1.429454
v -0.979783 0.253034 -1.429454
v -0.979783 0.253034 -1.429454
v -0.977783 1.117793 -0.734851
v -0.979783 0.255043 -1.421954
v -0.977783 1.000043 -0.750954
v -0.979783 -0.429957 -1.240954
v -0.977783 0.317053 -0.630454
v -0.977783 0.317053 -0.630454
v -0.979783 0.285349 -1.742954
v -0.979783 -1.007457 -1.238945
v -0.979783 -1.007457 -1.238945
v -0.979783 0.843940 -1.733204
v -0.979783 1.007543 -0.944945
v -0.979783 1.007543 -0.944945
v -0.979783 0.003940 -0.728704
v -0.979783 0.003940 -0.728704
v -0.979783 -0.139957 -0.622954
v -0.977783 0.317053 -0.434454
v -0.977783 0.317053 -0.434454
v -0.979783 -0.696967 -0.547454
v -0.977783 -0.052735 -0.952091
v -0.979783 -0.322457 -0.454945
v -0.979783 -0.329957 -0.456954
v -0.979783 -0.619957 -0.358954
v -0.979783 -0.506966 -0.336454
v -0.979783 -0.506966 -0.336454
v -0.977783 -0.512457 -0.526964
v -0.979782 -0.282207 -0.227057
v -0.979782 -0.282207 -0.227057
v -0.979782 -0.556060 -0.228704
v -0.979782 0.277793 -0.227057
v -0.979782 0.277793 -0.227057
v -0.979782 0.563940 -0.233204
v -0.979782 0.563940 -0.233204
v -0.977783 -0.046615 -0.865503
v -0.979782 0.276146 -0.228704
v -0.979782 0.842293 -0.234852
v -0.979782 0.842293 -0.234852
v -0.977782 0.842293 -0.234852
v -0.977782 0.842293 -0.234852
v -0.979783 1.059364 -0.278954
v -0.979783 1.052043 -0.271634
v -0.979783 1.052043 -0.271634
v -0.979782 -0.835457 -0.230954
v -0.979782 -0.835457 -0.230954
v -0.979783 0.520043 -0.456954
v -0.979783 0.512543 -0.454945
v -0.977783 -0.204957 -0.960954
v -0.977783 -0.204957 -0.960954
v -0.979783 -0.519957 -0.652954
v -0.979783 -0.886967 -0.645454
v -0.977783 -0.892457 -0.650945
v -0.977783 -0.892457 -0.650945
v -0.979783 -0.329957 -0.750954
v -0.979783 -0.437457 -0.624964
v -0.979783 -0.437457 -0.624964
v -0.979783 -0.429957 -0.622954
v -0.979783 -1.119957 -0.735454
v -0.979783 -1.119957 -0.735454
v -0.979783 -0.884957 -0.637954
v -0.979783 -0.884957 -0.637954
v -0.977783 1.123940 -0.483204
v -0.977783 1.123940 -0.483204
v -0.979783 0.127053 -0.547454
v -0.979783 0.127053 -0.547454
v -0.979783 0.125043 -0.539954
v -0.979783 0.140043 -0.524954
v -0.979783 1.013034 -0.532454
v -0.979783 1.122293 -0.477057
v -0.979783 1.122293 -0.477057
v -0.979783 1.007543 -0.526964
v -0.979783 1.007543 -0.526964
v -0.979783 0.443034 -0.532454
v -0.979783 0.443034 -0.532454
v -0.979783 0.892543 -0.526964
v -0.979783 -1.123854 -0.483204
v -0.979783 -1.123854 -0.483204
v -0.979783 -1.119957 -0.476454
v -0.979783 -1.007457 -0.526964
v -0.979783 -1.007457 -0.526964
v -0.979783 -0.999957 -0.524954
v -0.979783 -1.122207 -0.484851
v -0.979783 -0.049957 -1.632954
v -0.979783 0.892543 -1.042945
v -0.979783 0.892543 -1.042945
v -0.979783 0.887053 -1.037454
v -0.979783 -0.899957 -0.946954
v -0.979783 -1.014957 -0.931954
v -0.979783 -1.014957 -0.931954
v -0.979783 -1.116060 -0.978704
v -0.979783 -1.116060 -0.978704
v -0.979783 0.885043 -0.735954
v -0.979783 0.885043 -0.735954
v -0.979783 0.887053 -0.743454
v -0.979783 0.247543 -0.650945
v -0.979783 0.255043 -0.637954
v -0.979783 0.253034 -0.728454
v -0.979783 0.317053 -0.728454
v -0.979783 0.315043 -0.735954
v -0.979783 -0.627457 -1.336945
v -0.979783 -0.627457 -1.336945
v -0.979783 0.253034 -1.316454
v -0.979783 -0.442947 -1.331454
v -0.979783 0.885043 -1.225954
v -0.979783 0.885043 -1.225954
v -0.979783 -1.007457 -1.310964
v -0.979783 -0.519957 -1.240954
v -0.979783 0.140043 -1.210954
v -0.979783 0.127053 -1.233454
v -0.979783 0.127053 -1.233454
v -0.979783 -0.884957 -1.127954
v -0.979783 -0.884957 -1.127954
v -0.979783 -0.512457 -1.238945
v -0.979783 0.817543 -0.552945
v -0.979783 0.817543 -0.552945
v -0.979783 -0.049957 -0.524954
v -0.979783 0.627543 -0.552945
v -0.979783 0.620043 -0.554954
v -0.979783 0.520043 -0.554954
v -0.979783 0.823034 -0.826454
v -0.979783 0.823034 -0.826454
v -0.977783 0.823034 -0.826454
v -0.977783 0.823034 -0.826454
v -0.979783 0.702543 -0.552945
v -0.977783 -0.247457 -0.624964
v -0.977783 -0.247457 -0.624964
v -0.979783 0.063034 -0.630454
v -0.979783 -0.057457 -0.650945
v -0.979783 -0.005679 -0.524954
v -0.977783 -0.252947 -0.728454
v -0.977783 -0.252947 -0.728454
v -0.979783 0.063034 -0.532454
v -0.979783 -0.126966 -0.336454
v -0.979783 -0.126966 -0.336454
v -0.977783 0.050043 -1.504954
v -0.979783 -0.005679 -0.652954
v -0.979783 -0.049957 -0.652954
v -0.979783 0.063034 -0.449454
v -0.979783 0.063034 -0.449454
v -0.979783 -0.132457 -0.454945
v -0.979783 -0.126966 -0.434454
v -0.979783 0.810043 -1.044954
v -0.979783 0.817543 -1.042945
v -0.979783 0.817543 -1.042945
v -0.979783 0.710043 -1.014954
v -0.979783 0.702543 -1.016964
v -0.979783 0.057543 -1.336945
v -0.979783 0.057543 -1.336945
v -0.979783 0.050043 -1.338954
v -0.979783 -0.057457 -1.336945
v -0.979783 -0.057457 -1.336945
v -0.979783 -0.049957 -1.338954
v -0.979783 0.810043 -0.456954
v -0.979783 0.627543 -0.944945
v -0.979783 0.627543 -0.944945
v -0.979783 0.620043 -0.946954
v -0.979783 0.620043 -0.652954
v -0.979783 0.520043 -0.652954
v -0.977783 -0.702457 -1.506964
v -0.979783 -0.057457 -1.630945
v -0.979783 0.710043 -0.652954
v -0.979783 -0.239957 -1.504954
v -0.979783 -0.139957 -1.504954
v -0.979783 0.702543 -0.748945
v -0.979783 0.702543 -0.748945
v -0.979783 0.697053 -0.743454
v -0.979783 0.702543 -0.650945
v -0.979783 0.710043 -0.358954
v -0.979783 -0.057457 -1.434945
v -0.979783 -0.247457 -1.434945
v -0.979783 0.052821 -0.862877
v -0.979783 0.052821 -0.862877
v -0.977783 -0.062947 -1.414454
v -0.977783 -0.062947 -1.414454
v -0.979783 0.080009 -0.956930
v -0.979783 0.065043 -1.519954
v -0.979783 0.702543 -0.356945
v -0.979783 0.702543 -0.356945
v -0.979783 -0.126966 -1.316454
v -0.979783 -0.126966 -1.316454
v -0.979783 -0.809957 -1.406954
v -0.979783 -0.204957 -1.050954
v -0.979783 -0.204957 -1.050954
v -0.979783 -0.013846 -0.942434
v -0.979782 0.843940 -0.233204
v -0.979783 -0.087782 -0.948077
v -0.977783 -0.007556 -0.949602
v -0.977783 -0.007556 -0.949602
v -0.977783 -0.052288 -0.953994
v -0.977783 -0.052288 -0.953994
v -0.979783 -0.494957 -0.900954
v -0.979783 -0.494957 -0.900954
v -0.979783 -0.304957 -0.900954
v -0.979783 -0.304957 -0.900954
v -0.979783 -0.394957 -0.950954
v -0.979783 -0.394957 -0.950954
v -0.979783 -0.244957 -0.900954
v -0.979783 -0.244957 -0.900954
v -0.979783 -0.244957 -0.860954
v -0.979783 -0.244957 -0.860954
v -0.977783 -0.494957 -0.900954
v -0.977783 -0.494957 -0.900954
v -0.979783 -0.100474 -0.949949
v -0.979783 -0.100474 -0.949949
v -0.979783 -0.008804 -0.955332
v -0.979783 0.041334 -0.947039
v -0.979783 0.041334 -0.947039
v -0.979783 -0.254957 -0.860954
v -0.979783 -0.254957 -0.860954
v -0.979783 0.230382 -0.865720
v -0.979783 -0.494957 -1.047954
v -0.979783 -0.354957 -1.100954
v -0.979783 -0.354957 -1.100954
v -0.979783 -0.494957 -1.010954
v -0.979783 -0.494957 -1.010954
v -0.977783 -0.454957 -1.100954
v -0.977783 -0.454957 -1.100954
v -0.979783 0.275043 -0.887074
v -0.979783 0.237627 -0.862840
v -0.979783 0.238457 -0.861858
v -0.979783 0.164909 -0.866241
v -0.979783 0.275043 -0.930260
v -0.979783 0.234473 -0.856105
v -0.979783 -0.709957 -0.946954
v -0.979783 0.234765 -0.907625
v -0.979783 0.234765 -0.907625
v -0.979783 1.132043 -1.736954
v -0.979783 0.131988 -0.957929
v -0.979783 0.131988 -0.957929
v -0.979783 0.093673 -0.927697
v -0.979783 0.137543 -0.949943
v -0.979783 0.137543 -0.949943
v -0.977783 0.137543 -0.949943
v -0.977783 0.137543 -0.949943
v -0.979783 0.152360 -0.857601
v -0.979783 -0.693957 -1.730954
v -0.979783 -0.693957 -1.730954
v -0.979783 -0.694761 -1.733954
v -0.979783 -0.886967 -0.841454
v -0.979783 -0.709957 -0.524954
v -0.979783 0.627543 -1.434945
v -0.979783 0.620043 -1.436954
v -0.979783 0.823034 -1.120454
v -0.979783 0.817543 -1.238945
v -0.979782 1.131239 -0.221954
v -0.979782 1.132043 -0.224954
v -0.979782 -1.076060 -0.233204
v -0.979782 -1.084457 -0.230954
v -0.979782 -1.084457 -0.230954
v -0.979783 0.633034 -1.316454
v -0.979783 0.377303 -0.927709
v -0.979783 -1.131957 -1.736954
v -0.979783 0.338932 -0.949943
v -0.979783 0.338932 -0.949943
v -0.979783 0.478403 -0.871173
v -0.979783 0.480599 -0.882039
v -0.979783 0.437239 -0.947903
v -0.979783 0.437239 -0.947903
v -0.979783 0.353749 -0.857601
v -0.979783 -0.709957 -0.848954
v -0.979783 -0.824957 -0.735954
v -0.979783 -0.824957 -0.735954
v -0.979783 -0.822947 -0.728454
v -0.979783 -0.822947 -0.728454
v -0.979783 -0.709957 -0.818954
v -0.979783 -0.694957 -1.127954
v -0.979783 -0.694957 -1.127954
v -0.979783 -0.696967 -1.135454
v -0.979783 -0.696967 -1.218454
v -0.979783 0.599793 -1.534954
v -0.979783 0.695043 -1.519954
v -0.979783 0.627543 -1.604964
v -0.979783 0.702543 -1.140945
v -0.979783 0.627543 -1.238945
v -0.979783 0.627543 -1.238945
v -0.979783 0.702543 -1.238945
v -0.979783 0.505043 -1.225954
v -0.979783 0.505043 -1.225954
v -0.979783 0.507053 -1.218454
v -0.977783 0.887053 -0.728454
v -0.977783 0.255043 -0.637954
v -0.977783 0.125043 -0.637954
v -0.977783 0.322543 -0.624964
v -0.977783 -0.886967 -0.645454
v -0.977783 -0.519957 -0.818954
v -0.977783 -0.619957 -0.750954
v -0.977783 -0.886967 -0.826454
v -0.977783 -1.012947 -0.645454
v -0.977783 -0.329957 -0.328954
v -0.977783 0.132543 -0.454945
v -0.977783 0.253034 -0.449454
v -0.977783 -0.442947 -0.434454
v -0.977783 0.247543 -0.552945
v -0.977783 0.247543 -0.526964
v -0.977783 -1.119957 -0.476454
v -0.977783 0.132543 -0.552945
v -0.977783 -0.442947 -0.532454
v -0.977783 -0.627457 -0.526964
v -0.977783 -0.632947 -0.532454
v -0.977782 0.000043 -0.235454
v -0.977782 1.126043 -0.218954
v -0.977783 1.132043 -0.412954
v -0.977783 1.132043 -0.957897
v -0.977782 -0.563854 -0.233204
v -0.977782 -0.564457 -0.230954
v -0.979783 0.195291 -0.855954
v -0.977783 -0.836060 -1.728704
v -0.977783 -0.836060 -1.728704
v -0.977783 -0.563854 -1.733204
v -0.977783 -0.563854 -1.733204
v -0.977783 -0.851957 -0.288954
v -0.977783 -1.041957 -0.398954
v -0.977783 -0.851957 -0.378954
v -0.977782 0.840043 -0.235454
v -0.977783 1.059364 -0.278954
v -0.977783 0.074566 -0.955542
v -0.977783 0.062890 -0.942348
v -0.977783 0.081863 -0.954563
v -0.977783 0.462571 -0.905428
v -0.977783 -0.634957 -1.519954
v -0.977783 0.322543 -1.604964
v -0.977783 -0.316966 -1.625454
v -0.977783 -0.316966 -1.625454
v -0.977783 -0.322457 -1.630945
v -0.977783 -0.444957 -1.617954
v -0.977783 0.560043 -1.726454
v -0.979783 1.132043 -1.495204
v -0.977783 -0.999957 -1.240954
v -0.977783 -1.115457 -1.230954
v -0.977783 -0.314957 -1.323954
v -0.977783 0.322543 -1.434945
v -0.977783 0.443034 -1.429454
v -0.977783 0.443034 -1.429454
v -0.977783 1.007543 -1.434945
v -0.977783 0.885043 -1.421954
v -0.977783 1.013034 -1.429454
v -0.977783 -1.007457 -1.408964
v -0.977783 -0.519957 -1.406954
v -0.977783 1.117793 -0.977057
v -0.977783 1.117793 -0.984851
v -0.977783 -1.115457 -0.980954
v -0.977783 -0.632947 -0.924454
v -0.977783 -0.512457 -0.918964
v -0.979783 1.083940 -1.728704
v -0.977783 -0.886967 -0.939454
v -0.977783 0.900043 -1.240954
v -0.977783 -0.619957 -1.112954
v -0.977783 0.445043 -1.225954
v -0.977783 0.633034 -0.547454
v -0.977783 0.512543 -0.918964
v -0.977783 0.620043 -0.456954
v -0.977783 0.817543 -0.820964
v -0.977783 0.810043 -0.818954
v -0.977783 0.810043 -0.622954
v -0.977783 0.765543 -0.848954
v -0.977783 0.710043 -0.720954
v -0.977783 0.520043 -0.946954
v -0.977783 0.620043 -0.946954
v -0.977783 0.710043 -0.848954
v -0.977783 0.620043 -0.720954
v -0.977783 0.065043 -0.637954
v -0.977783 -0.709957 -0.720954
v -0.977783 -0.709957 -0.818954
v -0.977783 -0.004457 -0.730954
v -0.977783 -0.139957 -0.524954
v -0.977783 0.063034 -0.532454
v -0.977783 -0.809957 -0.818954
v -0.977783 -0.809957 -0.720954
v -0.977783 0.823034 -1.120454
v -0.977783 0.633034 -1.414454
v -0.977783 0.520043 -1.240954
v -0.977783 0.627543 -1.140945
v -0.977783 0.633034 -1.135454
v -0.977783 0.633034 -1.610454
v -0.977783 0.823034 -1.610455
v -0.977783 -0.696967 -0.939454
v -0.977783 -0.809957 -0.946954
v -0.977783 0.327228 -0.944781
v -0.977783 0.195676 -0.947070
v -0.977783 0.391763 -0.859083
v -0.977783 0.237767 -0.908279
v -0.977783 0.246887 -0.861802
v -0.977783 0.194040 -0.955876
v -0.977782 -1.079957 -0.235454
v -0.977783 0.275043 -0.930260
v -0.977783 0.273566 -0.921114
v -0.977783 0.520043 -1.338954
v -0.977783 -1.041957 -0.268954
v -0.979783 -0.316966 -1.512454
v -0.979783 -0.316966 -1.512454
v -0.979783 0.140043 -1.504954
v -0.979783 1.123940 -1.483204
v -0.979783 1.007543 -1.434945
v -0.979783 1.007543 -1.408964
v -0.979783 1.007543 -1.408964
v -0.979783 0.892543 -1.408964
v -0.979783 0.892543 -1.408964
v -0.979783 -1.012947 -1.429454
v -0.979783 -1.007457 -1.434945
v -0.979783 -1.119957 -1.476454
v -0.979783 -1.119957 -1.476454
v -0.979783 -0.437457 -1.408964
v -0.979783 -0.437457 -1.408964
v -0.977783 -0.442947 -0.743454
v -0.979783 1.082293 -1.727057
v -0.979783 1.082293 -1.727057
v -0.977783 -0.809957 -1.112954
v -0.979783 0.563940 -1.728704
v -0.979783 0.563940 -1.728704
v -0.979783 0.562293 -1.727057
v -0.979783 0.844543 -1.730954
v -0.979783 0.844543 -1.730954
v -0.979783 1.132043 -0.993204
v -0.979783 1.132043 -1.372954
v -0.979783 -0.276060 -1.728704
v -0.979783 -0.283854 -1.733204
v -0.979783 -0.316966 -1.625454
v -0.979783 -0.316966 -1.625454
v -0.979783 -0.322457 -1.630945
v -0.979783 0.322543 -1.604964
v -0.977783 -0.247457 -1.434945
v -0.977783 -0.494957 -1.047954
v -0.977783 -0.082009 -0.942035
v -0.977783 -0.008829 -0.948434
v -0.977783 -0.081901 -0.940199
v -0.977783 0.520043 -1.014954
v -0.977783 -0.132457 -1.212964
v -0.977783 0.063034 -1.218454
v -0.977783 0.620043 -0.328954
v -0.977783 -0.809957 -1.632954
v -0.977783 0.057543 -0.650945
v -0.977783 0.810043 -1.142954
v -0.979783 0.900043 -1.044954
v -0.979783 -0.999957 -0.946954
v -0.977783 -0.519957 -0.848954
vn -0.0000 -0.1305 -0.9914
vn -0.0000 0.1305 -0.9914
vn -0.0000 -0.7262 -0.6875
vn -0.0000 -0.4084 -0.9128
vn -1.0000 -0.0000 -0.0000
vn -0.0000 -0.7071 0.7071
vn -0.0000 -0.8660 0.5000
vn -0.0000 -0.8660 -0.5000
vn -0.0000 -0.7072 -0.7071
vn -0.0000 -0.7072 -0.7070
vn -0.0000 -0.1305 0.9914
vn -0.0000 -0.5000 0.8660
vn -0.0000 -0.7086 -0.7056
vn -0.0000 -0.6060 -0.7955
vn -0.0000 -0.0000 1.0000
vn -0.0000 0.1305 0.9914
vn -0.0000 0.5000 -0.8660
vn -0.0000 0.8660 0.5000
vn -0.0000 0.7071 0.7071
vn -0.0000 -0.7071 -0.7071
vn -0.0000 -0.5000 -0.8660
vn -0.0000 -1.0000 -0.0000
vn -0.0000 1.0000 -0.0000
vn -0.0000 0.8660 -0.5000
vn -0.0000 0.9659 -0.2589
vn -0.0000 -0.0000 -1.0000
vn -0.0000 0.7071 -0.7071
vn -0.0000 0.7854 0.6190
vn -0.0000 0.8061 0.5917
vn -0.0000 0.5000 0.8660
vn -0.0000 -0.9659 0.2588
vn -0.0000 -0.2588 -0.9659
vn -0.0000 -0.9659 -0.2588
vn -0.0000 -0.8906 0.4547
vn -0.0000 -1.0000 0.0087
vn -0.0000 -0.5942 0.8043
vn -0.0000 -0.8286 -0.5599
vn -0.0000 -0.9422 -0.3350
vn -0.0000 0.2588 0.9659
vn -0.0000 0.9986 0.0533
vn -0.0000 0.9990 -0.0447
vn -0.0007 -0.0989 0.9951
vn -0.0196 0.1638 0.9863
vn -0.0000 0.1639 0.9865
vn -0.0000 0.3986 0.9171
vn -0.0000 0.1454 0.9894
vn -0.0000 0.9659 -0.2588
vn -0.0000 -0.9672 -0.2542
vn -0.0000 0.0943 -0.9955
vn -0.0000 0.4208 -0.9071
vn -0.0000 0.0924 -0.9957
vn -0.0000 -1.0000 0.0018
vn -0.0000 -0.9404 -0.3401
vn -0.0000 -0.5499 -0.8352
vn -0.0000 -0.7022 -0.7120
vn -0.0000 0.9659 0.2588
vn -0.0000 1.0000 -0.0001
vn -0.0000 0.9659 0.2589
vn -0.0000 -0.6277 0.7784
vn -0.0000 -0.8984 0.4391
vn -0.0003 -0.0000 -1.0000
vn -0.0000 -0.4296 0.9030
vn -0.0000 -0.8127 0.5826
vn -0.0000 0.3403 0.9403
vn -0.0000 0.5343 0.8453
vn -0.0000 0.2588 -0.9659
vn -0.0000 0.7215 0.6924
vn -0.0000 -0.2589 -0.9659
vn -0.0000 0.7316 0.6817
vn -0.0000 0.8146 0.5801
vn -0.0000 0.9332 0.3594
vn -0.0000 0.9979 0.0654
vn -0.0000 -0.2588 0.9659
vn -0.0000 -0.9659 -0.2589
vn -0.0000 0.0932 -0.9956
vn -0.0000 0.9914 -0.1305
vn -0.0000 0.8661 -0.4999
vn -0.0000 -0.6851 -0.7284
vn -0.0000 -0.9338 -0.3579
vn -0.0000 0.9239 0.3827
vn -0.0000 0.3827 -0.9239
vn -0.0000 0.1120 0.9937
vn -0.0000 0.8404 0.5419
vn -0.0000 -0.3827 -0.9239
vn -0.0000 -0.0980 -0.9952
vn -0.0000 0.2589 0.9659
vn -0.0000 0.9960 0.0891
vn -0.0000 0.9851 -0.1720
vn -0.0000 0.7250 -0.6887
vn -0.0000 0.9402 -0.3406
vn 1.0000 -0.0000 -0.0000
vn 1.0000 -0.0001 -0.0000
vn -0.0000 0.4316 0.9021
vn -0.0000 -0.0357 0.9994
vn -0.0000 -0.4181 -0.9084
vn -0.0000 -0.6564 -0.7544
vn -0.0000 -0.3983 0.9172
vn -0.0000 -0.7207 0.6932
vn -0.0000 -0.4426 0.8967
vn -0.0000 -0.2183 0.9759
vn -0.0000 -0.4425 0.8967
vn -0.0000 0.9526 0.3044
vn -0.0000 0.7782 0.6281
vn -0.0000 0.9914 0.1305
vn -0.0000 -0.9973 -0.0729
vn -0.0000 -0.9863 0.1648
vn -0.0000 -0.7148 -0.6993
vn -0.0000 -0.5308 -0.8475
vn -0.0000 -0.7329 0.6803
vn -0.0000 -0.9522 0.3056
vn -0.0000 -0.1456 -0.9893
vn -0.0000 -0.9989 0.0477
vn -0.0000 -0.9984 -0.0566
vn -0.0000 0.7220 0.6919
vn -0.0000 0.5370 0.8436
vn -0.0000 0.9550 -0.2966
vn -0.0000 0.7309 -0.6825
vn -0.0000 0.9546 -0.2978
vn -0.0000 0.9985 0.0539
vn -0.0000 0.8530 -0.5220
vn -0.0000 0.5625 -0.8268
vn -0.0000 0.8530 -0.5219
vn -0.0000 -0.9952 -0.0980
vn -0.0000 -0.9952 0.0980
vn -0.0000 0.2896 0.9571
vn -0.0000 -0.1139 0.9935
vn -0.0000 -0.2944 0.9557
vn -0.0000 -0.3092 0.9510
vn -0.0000 0.7072 0.7071
vn -0.0000 0.1120 -0.9937
vn -0.0000 0.8661 -0.5000
vn -0.0000 0.4807 -0.8769
vn -0.0000 0.4830 -0.8756
vn -0.0001 -0.0000 1.0000
vn -0.0000 0.9059 0.4235
vn -0.0000 0.9911 0.1329
vn -0.0000 -0.5307 -0.8475
vn -0.0000 -0.1617 -0.9868
vn -0.0000 0.9966 -0.0822
vn -0.0000 0.9201 -0.3917
vn -0.0000 0.8438 -0.5367
vn -0.0000 0.7258 -0.6879
vn -0.0000 -0.5884 -0.8086
vn -0.0000 -0.6223 -0.7828
vn -0.0000 0.6323 -0.7747
vn -0.0000 0.9086 -0.4178
vn 0.0019 0.6316 -0.7753
vn -0.0000 0.9952 0.0980
vn -0.0000 0.9952 -0.0980
vn -0.0000 0.4181 0.9084
vn -0.0000 0.3970 0.9178
vn -0.0000 0.8988 0.4384
vn -0.0000 0.6447 0.7644
vn -0.0000 -0.3485 0.9373
vn -0.0000 -0.9659 0.2589
vn -0.0000 -0.9523 -0.3050
vn -0.0000 -0.7389 -0.6738
vn -1.0000 0.0001 -0.0000
vn -0.0000 -0.8921 0.4518
vn -0.0000 -0.9999 -0.0146
vn -0.0000 -0.9760 0.2179
vn -0.0000 -0.9596 0.2813
vn -0.0050 0.9807 -0.1952
vn 0.0006 0.9994 0.0358
vn -0.0006 0.9994 0.0358
vn -0.0000 0.8607 -0.5092
vn -0.0000 0.5960 -0.8030
vn -0.0000 -0.8230 -0.5680
vn -0.0000 -0.9420 -0.3356
vn -0.0000 1.0000 0.0032
vn -0.0000 -0.9956 0.0941
vn -0.0000 -0.9402 0.3408
vn -0.0000 0.8206 0.5715
vn -0.0000 0.7456 0.6663
vn -0.0000 0.9742 -0.2258
vn -0.0000 0.9973 0.0730
vn -0.0000 -0.7709 0.6369
vn -0.0000 -0.4886 -0.8725
vn -0.0000 -0.9450 -0.3270
vn -0.0000 -0.8791 -0.4766
vn -0.0000 0.9602 -0.2794
vn -0.0000 0.9983 0.0583
vn -0.0000 -0.9659 -0.2590
vn -0.0000 0.8060 -0.5919
vn -0.0000 -0.7853 0.6191
vn -0.0000 -0.9652 0.2615
vn -0.0000 0.4481 -0.8940
vn -0.0000 0.5355 -0.8445
vn -0.0000 -0.9993 0.0364
vn -0.0000 -0.1453 0.9894
vn -0.0000 -0.0706 0.9975
vn -0.0000 0.9660 0.2587
vn -0.0000 0.2390 -0.9710
vn -0.0000 0.4086 -0.9127
vn -0.0000 -0.6953 -0.7187
vn -0.0000 -0.4156 -0.9095
vn -0.0000 0.9988 -0.0486
vn -0.0000 0.9918 -0.1278
vn -0.0000 0.8861 -0.4634
vn -0.0000 -0.2870 -0.9579
vn -0.0000 -0.9914 -0.1305
vn -0.0000 -0.9914 0.1305
vn -0.0000 -0.8681 0.4964
vn -0.0000 -0.9557 0.2943
vn 0.0001 -0.0000 1.0000
vn -0.0000 0.6450 0.7641
vn -0.0000 0.8778 0.4790
vn -0.0000 0.6451 0.7641
vn -0.0000 -0.3260 0.9454
vn -0.0000 0.3384 0.9410
vn -0.0000 0.5759 0.8175
vn -0.0000 -0.9992 -0.0398
vn -0.0059 -0.9804 0.1969
vn 0.0571 -0.9981 0.0229
vn -0.0000 0.0879 0.9961
vn -0.0000 0.2561 0.9666
vn -0.0000 -0.8771 0.4803
vn -0.0000 -0.9702 0.2423
vn -0.0000 0.6709 0.7416
vn -0.0000 0.4887 0.8724
vn -0.0000 0.4339 0.9010
vn -0.0000 0.9772 -0.2125
vn -0.0000 -0.7511 0.6602
vn -0.0000 -0.8942 0.4476
vn -0.0000 -0.7511 0.6601
vn -0.0000 0.5953 0.8035
vn -0.0000 0.3068 0.9518
vn -0.0000 -0.0980 0.9952
vn -0.0000 -0.3827 0.9239
vn -0.0006 0.9994 -0.0341
vn 0.0006 0.9994 -0.0341
vn 0.0231 0.9830 0.1822
vn -0.0000 0.1773 0.9842
vn -0.0000 -0.0693 0.9976
vn -0.0000 0.1773 0.9841
vn -0.0000 -0.9239 0.3827
vn -0.0000 -1.0000 0.0073
vn -0.0000 0.0709 0.9975
vn -0.0000 -0.8666 -0.4989
vn -0.0000 -0.9472 -0.3207
vn -0.0000 -0.8666 -0.4990
vn -0.0000 -0.0001 -1.0000
vn -0.0000 0.1456 0.9893
vn -0.0000 0.0713 0.9975
vn -0.0000 0.0714 0.9975
vn -0.0000 -0.9993 -0.0376
vn -0.0000 0.7818 -0.6235
vn -0.0000 0.9749 -0.2225
vn -0.0000 0.9985 0.0538
vn -0.0000 0.9735 0.2287
vn -0.0000 -0.9920 0.1264
vn -0.0000 -0.9951 0.0988
vn -0.0000 -0.9649 -0.2628
vn -0.0000 0.0413 -0.9991
vn -0.0000 0.9749 0.2225
vn -0.0000 0.3857 -0.9226
vn -0.0000 0.9377 0.3476
vn -0.0000 -0.7197 -0.6942
vn -0.0000 -0.4476 -0.8942
vn -0.0000 -0.7197 -0.6943
vn -0.0000 0.9970 -0.0778
vn -0.0000 -0.1287 0.9917
vn -0.0000 -0.6458 -0.7635
vn -0.0000 -0.3737 -0.9276
vn -0.0000 0.8778 0.4791
vn -0.0000 0.7298 -0.6836
vn -0.0000 0.3003 0.9538
vn -0.0000 0.3004 0.9538
vn -0.0000 -0.1962 0.9806
vn -0.0000 -0.3135 0.9496
vn -0.0000 0.9086 -0.4177
vn -0.0000 0.9989 0.0477
vn -0.0000 -0.7071 0.7072
vn -0.0000 0.9765 0.2157
vn -0.0000 0.6757 0.7371
vn -0.0000 0.9735 0.2286
vn -0.0000 0.9982 0.0594
vn -0.0000 0.4248 -0.9053
vn -0.0000 -0.1022 0.9948
vn -0.0000 -0.2059 0.9786
vn -0.0000 -0.0521 0.9986
vn -0.0000 -0.2641 0.9645
vn -0.0000 0.1438 0.9896
vn 1.0000 0.0001 -0.0000
vn 0.0029 0.5915 -0.8063
vn 0.0074 0.4664 -0.8845
vn -0.0000 0.1346 -0.9909
vn -0.0000 0.2872 -0.9579
vn -0.0000 -0.2641 -0.9645
vn -0.0000 0.5985 0.8011
vn -0.0000 -0.6688 -0.7435
vn -0.0000 0.8606 -0.5092
vn -0.0000 1.0000 0.0001
vn -0.0000 -0.4455 0.8953
vn -0.0000 -0.5726 0.8198
vn -0.0000 -0.7071 -0.7072
vn -0.0000 -0.5000 -0.8661
vn -0.0000 -0.9986 0.0531
vn -0.0000 -0.0989 0.9951
vn -0.0000 0.7818 0.6235
vn -0.0000 0.9992 0.0400
vn -0.0026 0.9810 -0.1939
vn 0.1015 0.9947 -0.0176
vn -0.0000 0.9169 -0.3991
vn -0.0000 0.7569 0.6536
vn -0.0000 0.7642 0.6450
vn -0.0000 0.7569 0.6535
vn -0.0000 -0.2587 0.9659
vn -0.0000 0.7977 -0.6030
vn -0.0000 0.9687 -0.2481
vn -0.0000 -0.9039 0.4278
vn -0.0000 0.9204 -0.3910
vn -0.0000 -0.9945 0.1047
vn -0.0000 0.9783 -0.2074
vn -0.0000 0.4696 0.8829
vn -0.0000 0.9925 -0.1220
vn 1.0000 0.0002 -0.0000
vn -0.0000 -0.2589 0.9659
vn -0.0000 0.9620 -0.2729
vn -0.0000 0.9998 -0.0198
vn -0.0000 0.4662 -0.8847
vn -0.0000 0.8140 -0.5808
vn -0.0000 0.2128 0.9771
vn -0.0000 0.3357 0.9420
vn -0.0000 0.2587 -0.9659
vn -0.0000 0.9564 -0.2920
vn -0.0000 0.8570 -0.5154
vn 0.0001 -1.0000 -0.0000
vn -0.0000 -0.9019 -0.4319
vn -0.0000 0.0191 0.9998
vn -0.0000 0.2628 0.9649
vn -0.0000 -0.9659 -0.2587
vn -0.0000 -0.9365 -0.3507
vn -0.0000 -0.4167 0.9091
vn -0.0000 -0.9766 0.2151
vn -0.0000 0.4949 -0.8690
vn -0.0000 -0.9951 0.0987
vn -0.0000 -0.9805 0.1965
vn -0.0000 -0.4367 0.8996
vn -0.0000 -0.3209 0.9471
vn -0.0000 -0.9378 0.3471
vn -0.0000 0.4361 -0.8999
vn -0.0000 0.2506 -0.9681
vn -0.0000 0.4339 -0.9010
vn -0.0000 -0.5298 -0.8481
vn -0.0000 0.6139 -0.7894
vn -0.0000 -0.9023 0.4312
vn -0.0000 -0.9020 -0.4318
vn -0.0000 0.0022 1.0000
vn -0.0000 -0.9239 -0.3827
vn -0.0000 0.2090 -0.9779
vn -0.0000 0.2587 0.9659
vn -0.0000 0.6578 0.7532
vn -0.0000 0.9573 -0.2890
vn -0.0000 0.0980 -0.9952
vn -0.0000 0.7801 -0.6257
vn -0.0000 0.4200 -0.9075
vn -0.0000 -0.5197 0.8543
vn -0.0000 -0.3577 0.9338
vn -0.0000 0.5356 -0.8445
vn -0.0000 -0.7072 0.7071
vn -0.0000 -0.3906 -0.9205
vn -0.0000 -0.4972 -0.8676
vn -0.0000 -0.2361 -0.9717
vn -0.0000 -0.5988 0.8009
vn -0.0000 -0.8821 0.4710
vn -0.0000 0.1513 0.9885
vn -0.0000 0.3302 0.9439
vn -0.0000 -0.3002 0.9539
vn -0.0000 -0.1928 0.9812
vn -0.0000 -0.6113 -0.7914
vn -0.0000 -0.2370 -0.9715
vn -0.0000 -0.5958 0.8031
vn -0.0000 0.3827 0.9239
vn -0.0000 -0.4083 -0.9128
vn -0.0000 0.6301 -0.7765
vn -0.0000 0.9659 -0.2587
vn -0.0000 -0.8337 0.5523
vn -0.0000 0.7472 -0.6646
vn -0.0000 0.7472 -0.6645
vn 0.0001 0.1305 -0.9914
vn -0.0000 0.9239 -0.3827
vn -0.0000 -0.7753 0.6315
vn -0.0000 -0.6760 -0.7369
vn -0.0000 0.3969 0.9178
vn -0.0001 -0.0000 -1.0000
vn -0.0000 -0.6174 0.7867
vn -0.0000 0.7071 0.7072
vn -0.0000 0.0149 -0.9999
vn -0.0000 -0.2331 0.9725
vn -0.0000 -0.0506 -0.9987
vn -0.0000 0.3598 0.9330
vn -0.0000 0.5450 0.8384
vn -0.0000 0.4247 -0.9053
vn -0.0000 -0.9221 -0.3869
vn -0.0000 -0.9967 -0.0813
vn -0.0000 0.2589 -0.9659
vn 0.0001 -0.0000 -1.0000
vn -0.0000 -0.2559 0.9667
vn -0.0000 -0.8616 0.5075
vn -0.0000 -0.9761 0.2172
vn -0.0000 0.5760 0.8175
vn -0.0000 -0.2278 -0.9737
vn 0.0002 -0.0000 1.0000
vn -0.0000 0.9761 0.2173
vn -0.0000 0.4271 -0.9042
vn -0.0000 -0.5384 0.8427
vn -0.0000 -0.7650 0.6440
vn -0.0000 -0.1138 0.9935
vn 1.0000 -0.0002 -0.0000
vn -0.0000 -0.9998 0.0221
vn -0.0000 0.1591 0.9873
vn -0.0000 0.9742 -0.2259
vn -0.0000 0.2239 0.9746
vn -0.0000 -0.9957 -0.0921
vn -0.0000 -0.9671 -0.2543
vn -0.0000 0.9240 -0.3824
vn -0.0000 -0.7473 0.6645
vn -0.0000 -0.7473 0.6644
vn -0.0000 -0.7474 0.6644
vn -0.0000 -0.7383 0.6744
vn -0.0000 0.8957 -0.4446
vn -0.0000 0.7246 0.6891
vn -0.0000 0.7246 0.6892
vn -0.0000 -0.8834 -0.4686
vn -0.0000 0.7590 -0.6510
vn -0.0000 0.3286 -0.9445
vn -0.0000 0.7591 -0.6510
vn -0.0000 -0.9050 -0.4255
vn -0.0000 -0.0375 0.9993
vn -0.0000 -0.4166 0.9091
vn -0.0000 -0.3294 -0.9442
vn -0.0018 0.4696 0.8829
vn -0.0334 0.2808 0.9592
vn -0.0000 0.2809 0.9597
vn -0.0000 0.9618 0.2736
vn -0.0000 0.6012 -0.7991
vn -0.0000 -0.9705 -0.2413
vn -0.0000 0.0771 0.9970
vn -0.0000 0.9355 -0.3534
vn 0.4472 -0.0000 0.8944
vn -0.0000 -0.9042 -0.4272
vn -0.0000 0.2160 -0.9764
vn -0.0000 -0.1436 0.9896
vn -0.0000 -0.2799 0.9600
vn -0.0000 0.7158 0.6983
vn -0.0000 0.9613 0.2756
vn -0.0000 -0.9610 0.2767
vn -0.0000 -0.7268 0.6869
vn -0.0000 -0.9651 -0.2620
vn -0.0000 -0.2665 0.9638
vn -0.0000 0.8997 0.4366
vn -0.0000 0.4188 -0.9081
vn -0.0000 -0.4973 -0.8676
vn -0.0000 0.0980 0.9952
vn -0.0000 0.9733 0.2294
vn -0.0000 -0.9772 -0.2125
vn -0.0000 -0.4921 -0.8705
vn -0.0000 -0.8070 -0.5906
vn -0.0830 -0.0000 0.9965
vn -1.0000 -0.0001 -0.0000
vn -0.7071 -0.0000 0.7071
vn -1.0000 -0.0000 0.0001
vn -1.0000 -0.0009 -0.0000
vn -1.0000 0.0009 -0.0000
vn -1.0000 -0.0028 -0.0000
vn -0.9998 -0.0209 -0.0000
vn -1.0000 -0.0004 -0.0000
vn -0.1644 -0.9864 -0.0000
vn -1.0000 -0.0002 -0.0000
vn -1.0000 -0.0012 -0.0000
vn -1.0000 0.0002 -0.0000
vn -1.0000 -0.0003 -0.0000
vn 0.4973 -0.0000 0.8676
vn -1.0000 -0.0000 0.0003
vn 1.0000 0.0004 -0.0000
vn 1.0000 0.0006 -0.0000
vn 1.0000 -0.0004 -0.0000
vn 1.0000 0.0003 -0.0000
vn 1.0000 -0.0052 0.0001
vn 1.0000 0.0005 -0.0000
vn 1.0000 -0.0013 -0.0000
vn 1.0000 -0.0003 -0.0000
vn 0.0830 -0.0000 0.9965
vn -0.3630 0.9318 -0.0000
vn -0.1644 -0.0000 0.9864
vn 0.0515 0.9985 -0.0177
vn -1.0000 -0.0000 -0.0008
vn -1.0000 -0.0005 0.0001
vn -1.0000 0.0004 -0.0000
vn -0.4631 -0.0000 0.8863
vn -0.4472 -0.0000 0.8944
vn -1.0000 -0.0039 -0.0000
vn -0.4473 -0.8944 -0.0000
vn -0.4473 -0.0000 0.8944
vn -1.0000 -0.0000 -0.0001
vn -1.0000 -0.0017 -0.0000
vn -0.0000 0.7456 0.6664
vn 0.9999 -0.0137 -0.0000
vn 1.0000 0.0036 -0.0000
vn 1.0000 0.0013 -0.0000
vn 0.4631 -0.0000 0.8863
vn 1.0000 -0.0011 -0.0000
vn 0.3630 -0.9318 -0.0000
vn 1.0000 -0.0005 -0.0000
vn 0.4472 0.8944 -0.0000
vn 0.9998 0.0193 0.0001
vn -1.0000 0.0008 -0.0000
vn -0.0231 0.9830 0.1822
vn -1.0000 -0.0014 -0.0000
vn 0.0831 -0.0000 0.9965
vn 1.0000 -0.0000 -0.0001
vn 1.0000 0.0022 -0.0000
vn 0.4472 -0.8944 -0.0000
vn -0.4472 -0.8944 -0.0000
vn 0.1644 -0.0000 0.9864
vn 1.0000 -0.0000 0.0010
vn 1.0000 -0.0000 0.0001
vn 0.4473 -0.0000 0.8944
vn 1.0000 -0.0055 -0.0000
vn 0.4473 -0.8944 -0.0000
vn 0.7085 0.7057 -0.0000
vn -0.0000 -1.0000 0.0001
vn -0.0002 -1.0000 -0.0000
vn 0.5426 0.8400 0.0001
vn -0.0000 -0.7070 -0.7072
vn -0.0000 0.7071 -0.7072
vn -0.0000 -0.7072 0.7070
vn -1.0000 0.0007 -0.0000
vn -0.0000 0.9660 -0.2587
vn -1.0000 0.0026 -0.0001
vn -1.0000 0.0012 -0.0000
vn -1.0000 0.0045 -0.0000
vn -1.0000 -0.0006 -0.0000
vn -1.0000 -0.0044 -0.0001
vn -0.1644 0.9864 -0.0000
vn -1.0000 0.0005 -0.0000
vn -0.4472 0.8944 -0.0000
vn 1.0000 0.0008 -0.0000
vn -1.0000 -0.0005 -0.0000
vn -1.0000 0.0003 -0.0000
vn -1.0000 0.0014 -0.0000
vn -0.0000 -0.9671 -0.2542
vn 0.1644 0.9864 -0.0000
vn 0.1644 -0.9864 -0.0000
s 1
f 972//1 12501//2 5928//2
f 4148//3 13104//4 13090//3
f 12900//5 9215//5 11594//5
f 11292//6 7909//7 11290//7
f 12725//8 8727//9 8725//10
f 12923//11 9189//12 5963//12
f 8920//13 12078//14 13073//13
f 6926//15 13065//15 12773//15
f 34//15 13246//16 5114//11
f 2900//11 35//16 3823//16
f 6571//2 10963//17 6572//17
f 11426//18 10343//19 10342//19
f 5828//5 11605//5 5907//5
f 12739//20 12214//21 2754//21
f 9041//11 6745//16 9042//16
f 10190//7 7923//22 10196//22
f 12126//23 13094//23 12124//23
f 11612//24 10630//25 11613//25
f 10062//26 13077//26 12772//26
f 8158//2 6676//1 8155//1
f 11819//12 8654//6 11820//6
f 9689//5 837//5 9684//5
f 9920//27 9038//24 1279//24
f 6846//21 8959//1 6602//1
f 11838//8 8141//20 11841//20
f 1075//7 8960//22 1082//22
f 1330//28 4283//29 4282//28
f 13039//30 9042//16 6745//16
f 9431//31 7606//22 1820//22
f 9272//32 10491//1 11552//1
f 9505//33 5167//8 11716//8
f 10469//2 1628//1 5617//1
f 10672//34 218//35 11196//34
f 796//7 6484//31 6482//31
f 6449//33 12991//33 12989//33
f 6456//7 6452//31 6450//31
f 12383//36 11196//34 11197//36
f 8946//22 10575//22 11368//22
f 11077//37 240//38 11078//38
f 12672//39 4657//16 8609//16
f 4271//40 10281//41 10283//40
f 2060//7 6186//31 6174//31
f 8827//30 11011//16 10297//16
f 6923//42 1461//43 3032//44
f 2689//18 12758//19 8564//19
f 7168//33 10224//33 7170//33
f 10313//19 3824//30 546//30
f 6936//26 6961//26 9229//26
f 10222//12 11152//6 7173//6
f 7171//20 12862//21 10221//21
f 8565//12 10709//7 8566//7
f 8800//30 10701//16 11516//16
f 7114//12 7110//6 7108//6
f 12572//32 4030//1 9146//32
f 213//45 11080//46 12211//46
f 11316//21 7854//1 2732//1
f 10988//2 730//1 10989//1
f 10292//2 8284//17 10293//17
f 843//24 8997//47 9687//47
f 8921//48 13072//48 10038//48
f 4208//49 263//50 262//49
f 11107//51 10181//50 13175//51
f 4215//52 7233//53 7234//52
f 12129//54 11081//55 4162//54
f 6215//27 5383//24 2084//24
f 6521//56 12841//18 6523//18
f 8649//20 8022//21 8657//21
f 7158//19 12586//30 397//30
f 7147//8 11025//21 7148//21
f 9913//21 11425//1 1257//1
f 11042//15 435//11 10380//16
f 11343//22 12050//22 8897//22
f 2567//24 8003//23 8636//57
f 12689//5 2649//5 8553//5
f 9282//24 7550//47 11569//47
f 9665//58 11227//18 9667//18
f 7357//47 8389//23 10345//23
f 475//8 8350//21 7354//21
f 12317//2 1658//1 12318//1
f 8373//2 12253//1 12604//1
f 354//21 8505//1 36//1
f 10699//2 2714//1 4589//1
f 8123//11 9625//16 8122//16
f 6585//24 9790//47 6586//47
f 9224//20 12308//21 11316//21
f 8504//59 12135//60 12134//59
f 6571//2 3743//1 10964//2
f 13138//8 9112//20 10318//20
f 10332//31 10323//31 10321//31
f 9659//6 9657//6 9655//6
f 7001//23 9922//23 6995//23
f 8521//2 377//61 376//1
f 11773//27 10742//24 11775//24
f 3026//62 6976//63 13074//62
f 1837//22 7594//33 12943//33
f 12708//64 7269//65 12218//64
f 13265//27 8199//24 8647//24
f 662//24 8249//47 11915//47
f 5769//21 12324//1 9648//1
f 11918//20 8242//21 9725//21
f 2119//7 9493//31 9138//31
f 6581//56 8192//18 9779//18
f 672//16 3749//11 665//11
f 1771//23 12337//58 12945//58
f 6605//33 12813//8 6606//8
f 12151//32 10597//26 12150//26
f 4744//11 11221//16 4745//16
f 7317//31 8410//22 7316//22
f 6614//56 6626//56 6612//56
f 9725//21 8241//1 9726//1
f 12769//23 1354//23 8842//23
f 6470//56 11001//18 6472//18
f 1514//26 10619//66 5912//66
f 8645//19 10800//30 8644//30
f 6476//7 8293//31 6477//31
f 6478//33 12568//8 11869//8
f 9802//27 8202//24 11946//24
f 7088//45 8485//67 4058//45
f 2368//21 8115//68 9616//68
f 6490//32 12567//1 9719//1
f 8296//11 6465//16 8297//16
f 10644//69 1314//70 10083//69
f 6483//33 3574//8 13001//8
f 11094//71 10146//72 7068//71
f 11885//11 8318//12 9718//12
f 6798//6 9051//7 6791//7
f 8601//11 7527//73 8599//73
f 3330//2 932//1 13229//1
f 8938//23 10577//23 8940//23
f 8534//32 10809//1 8536//1
f 12723//33 7934//8 12725//8
f 7151//74 13239//8 10214//8
f 1193//17 6760//27 6758//27
f 8809//20 10721//21 11304//21
f 12789//75 6882//50 12060//75
f 338//24 8494//76 12174//76
f 6014//22 6022//33 6012//33
f 10195//19 12355//19 7106//19
f 6767//12 12826//6 9846//6
f 9867//6 12537//7 9871//7
f 9214//47 8176//47 11868//47
f 9618//27 5043//77 2371//24
f 6662//47 11380//47 9897//47
f 6031//47 7591//23 6047//23
f 8238//26 11890//2 9726//1
f 6706//5 911//5 13030//5
f 6312//20 12427//21 9162//21
f 5075//11 11698//16 5076//16
f 9878//56 3375//18 9880//18
f 453//17 11048//24 460//24
f 2652//8 8545//20 2655//20
f 847//2 12509//1 3522//2
f 8691//24 8698//25 8689//25
f 6313//22 7821//33 6311//33
f 8488//78 7101//79 7100//78
f 11360//11 12952//16 12499//16
f 10873//11 12875//16 4982//16
f 9854//24 8980//23 9855//23
f 7501//11 9115//16 7502//16
f 1243//80 3149//19 9906//19
f 9899//2 3361//17 905//17
f 950//30 10881//16 10393//16
f 9857//2 10884//66 9858//66
f 9884//56 10950//18 13035//18
f 11959//31 8165//22 966//22
f 11180//5 8816//5 8817//5
f 9360//20 7492//21 11627//21
f 11195//30 12440//16 11194//16
f 995//5 993//5 29//5
f 13018//11 8966//73 13016//73
f 6297//8 8665//20 6298//20
f 8731//31 12420//22 8730//22
f 12716//2 2743//1 4617//1
f 12179//2 4051//17 350//17
f 5826//27 7552//24 9282//24
f 6786//18 6799//19 6784//19
f 8006//11 2554//16 8007//16
f 2446//23 6285//56 6283//56
f 6020//30 5483//16 6021//16
f 6235//30 12276//16 2003//16
f 5918//81 7720//27 5919//27
f 8758//17 11272//27 8759//27
f 6578//47 8191//47 6580//47
f 715//24 8243//47 9745//47
f 9778//2 13219//17 11927//17
f 7528//2 1901//1 7529//1
f 11803//32 10766//1 6276//1
f 5805//6 11564//6 5809//6
f 8088//11 6114//16 8089//16
f 11556//32 13158//1 11560//1
f 12334//11 1692//82 5538//82
f 5753//27 12706//24 5766//24
f 1721//7 5782//31 5780//31
f 992//24 11941//47 11939//47
f 6361//12 11489//6 6362//6
f 5865//39 6631//15 5867//15
f 10409//2 2053//1 10406//1
f 7466//2 9550//1 7463//1
f 6203//2 8166//17 6204//17
f 11454//65 7270//83 7269//65
f 6032//5 823//5 6054//5
f 9798//8 9811//20 5879//20
f 8662//5 9587//5 8628//5
f 12674//56 7800//56 12670//56
f 9993//56 8953//18 9995//18
f 6869//20 3272//21 7046//21
f 6373//39 8867//16 6375//16
f 11293//24 10591//47 12742//47
f 11390//11 1150//16 3232//16
f 9622//6 4820//7 9621//7
f 12434//2 6291//1 10773//1
f 10014//84 4350//85 10013//85
f 6861//7 6710//31 6862//31
f 10236//6 8518//7 361//7
f 1619//15 7683//73 9277//73
f 12947//26 9120//66 6067//66
f 7307//17 10316//27 7308//27
f 6815//30 9960//86 6816//86
f 13294//87 10030//88 10078//87
f 7414//15 13066//15 8888//15
f 7319//8 11073//21 7320//21
f 8491//89 7095//90 7094//89
f 5353//91 7473//92 10407//91
f 12365//93 1328//94 10387//93
f 12790//95 10008//96 6888//95
f 11585//56 10570//18 1557//18
f 12012//5 6805//5 6845//5
f 2012//2 7462//66 11753//66
f 12490//2 11493//1 8102//1
f 2058//30 5384//16 2097//16
f 4075//97 12119//98 12118//97
f 12150//26 7729//66 8786//66
f 6329//18 8618//19 6331//19
f 12754//47 7889//23 2688//23
f 6695//33 10926//8 6693//8
f 6445//56 12576//18 9086//18
f 10633//99 11937//100 6997//101
f 12578//2 817//1 3564//1
f 12965//22 6229//33 6217//33
f 7757//102 1300//103 10088//102
f 6795//18 6789//19 6787//19
f 6129//20 13212//21 6146//21
f 13115//104 11242//18 11243//104
f 9510//31 13210//22 5750//22
f 4082//105 12455//106 72//105
f 8863//107 6914//108 6910//107
f 11329//109 1473//110 10141//109
f 9707//31 8279//31 9699//31
f 922//24 10938//23 6668//23
f 1154//2 11401//66 12020//66
f 12969//5 6270//5 2396//5
f 11107//51 128//111 11106//111
f 13071//23 12074//23 8830//23
f 11607//32 10621//26 1514//26
f 12374//112 1319//113 1318//112
f 7185//18 10226//19 7186//19
f 1520//15 12908//73 12906//73
f 8900//26 10069//26 10064//26
f 9207//2 12577//17 9208//17
f 8500//114 12446//115 12140//114
f 7793//116 12225//117 254//116
f 11286//27 7917//24 11293//24
f 9202//33 10732//8 2796//8
f 11341//118 10046//119 6987//118
f 10096//22 10613//22 12082//22
f 1538//26 7746//66 9349//66
f 9241//39 13246//16 12131//16
f 7778//23 7265//23 13126//23
f 10051//23 12259//23 10831//23
f 9780//18 8215//19 9792//19
f 2838//21 7922//32 12733//32
f 4165//120 162//121 148//122
f 12869//19 13200//30 2540//30
f 11828//47 12377//23 6401//23
f 12052//123 13182//124 13180//123
f 6085//31 7663//31 11464//31
f 12395//11 11516//16 10701//16
f 2613//11 11186//73 11183//73
f 2000//12 9181//6 11747//6
f 6623//12 8198//6 6625//6
f 11449//5 5874//5 9215//5
f 943//12 9852//6 9836//6
f 5925//32 5675//26 9351//26
f 6587//56 10917//18 9780//18
f 11231//27 7875//24 2862//24
f 11103//125 12138//126 7065//125
f 1302//127 4303//128 10632//127
f 13285//18 8772//19 8770//129
f 7654//2 1803//1 7655//1
f 5759//20 12325//21 5769//21
f 481//6 8358//7 10340//7
f 5876//74 11806//8 1574//8
f 10508//130 5757//1 10507//1
f 1515//27 4382//131 1516//24
f 3405//91 6704//91 8208//91
f 2620//17 10693//27 8596//27
f 5763//23 9694//56 5764//56
f 5887//56 5712//18 1592//18
f 12798//132 1457//133 12057//132
f 9473//58 8079//18 9472//18
f 2071//7 10402//31 9523//31
f 7354//21 8351//1 7355//1
f 9747//21 9739//32 9737//32
f 8543//39 7862//16 8570//16
f 5747//134 12177//15 1545//15
f 7791//135 12191//136 278//135
f 12800//137 6915//138 6914//108
f 10381//30 12599//16 12263//16
f 7373//19 9102//30 7372//30
f 1562//26 6611//66 9301//66
f 8653//31 8021//22 11202//22
f 8788//47 7733//23 1//23
f 10308//56 8399//18 632//18
f 11356//15 6876//15 6878//15
f 11462//139 12115//140 12117//139
f 12277//11 11751//16 7468//16
f 9964//56 9015//18 6786//18
f 10234//6 8527//7 356//7
f 13007//31 6557//31 6539//31
f 6513//21 12557//1 710//1
f 9495//31 8055//31 6145//31
f 10827//11 6133//16 10824//16
f 11303//27 7891//27 12753//27
f 11524//2 9648//1 12324//1
f 6920//23 10076//23 8884//23
f 11366//26 12096//26 11359//26
f 5840//6 9289//6 5850//6
f 5590//2 1745//1 5591//1
f 1704//5 9734//5 9735//5
f 4325//141 12088//142 1333//141
f 11036//11 479//15 12249//16
f 996//31 8196//22 997//22
f 1787//21 7637//1 1788//1
f 7152//31 11022//22 7166//22
f 2120//18 10834//19 12858//19
f 372//18 11132//19 12180//19
f 1138//12 6806//6 6804//6
f 9489//27 12471//24 9488//24
f 9553//19 5317//30 11752//30
f 6009//11 7646//73 11662//73
f 9698//12 11872//6 9704//6
f 8958//2 6602//1 8959//1
f 11598//27 6332//24 1590//24
f 1833//5 12934//5 745//5
f 5270//11 5960//16 7515//16
f 11618//56 5242//18 11628//18
f 8879//23 6951//23 8878//23
f 12892//11 9237//12 12891//12
f 8869//143 10027//144 8868//144
f 11345//145 9399//146 9400//147
f 12331//2 1846//1 10502//1
f 12435//11 9156//16 4858//16
f 1037//7 9788//31 9786//31
f 5511//11 1853//16 5512//16
f 9441//11 5495//12 9442//12
f 2376//22 10853//33 11790//33
f 1242//148 7717//149 9055//148
f 11636//56 13273//18 11640//18
f 8724//32 10741//26 8726//26
f 1828//2 7602//17 1831//17
f 2301//18 8149//19 11108//19
f 7698//91 9230//91 9232//91
f 13143//6 8365//7 429//7
f 5956//31 10429//31 9374//31
f 2543//23 10783//56 12868//56
f 5663//2 1675//1 5664//1
f 9503//7 11722//31 9504//31
f 2679//7 12406//22 2677//22
f 6648//7 10893//31 6649//31
f 4146//150 149//151 113//150
f 11502//18 7903//19 11249//129
f 8470//152 7071//153 7070//152
f 2610//19 7801//19 2611//19
f 9732//6 12555//7 11892//7
f 12519//2 979//1 3474//1
f 11573//39 5661//16 11576//16
f 9450//31 5417//22 1768//22
f 2335//21 8102//1 11493//1
f 5853//24 9291//47 5855//47
f 2031//11 5348//12 9556//12
f 5372//2 2087//1 5373//1
f 8092//11 13302//16 8093//16
f 11160//47 7813//23 2642//23
f 2552//8 12503//20 13263//20
f 13023//6 12511//7 6648//7
f 12265//27 8357//24 13148//24
f 2084//24 10397//47 11727//47
f 9057//24 9379//47 9058//47
f 12638//154 12134//59 7103//154
f 9778//2 3443//1 3439//2
f 8839//26 6931//26 8837//26
f 361//7 8519//155 12184//155
f 205//5 13125//5 13124//5
f 9598//6 8098//7 2355//7
f 9592//31 7820//22 6313//22
f 6245//2 7482//66 6246//66
f 11761//47 12282//23 11769//23
f 5354//11 11728//16 12279//16
f 11928//8 10920//20 11920//20
f 7768//156 6991//157 6990//156
f 9896//56 9893//56 9891//56
f 13304//11 5945//16 7512//16
f 6692//5 11971//158 9879//5
f 12865//5 9200//5 9521//5
f 12627//159 132//160 13089//159
f 11259//27 10733//24 2803//24
f 11794//6 5017//7 2339//7
f 12679//31 4777//22 8615//22
f 5852//11 5659//73 5841//73
f 12782//161 6955//162 6954//161
f 12843//47 10564//23 5763//23
f 12784//163 12081//164 8870//165
f 6185//32 10406//1 2053//1
f 2643//18 8550//19 8547//19
f 12272//11 2030//16 12281//16
f 1021//16 13227//11 13025//11
f 12111//23 12105//23 12109//23
f 11523//56 12710//18 11519//18
f 13021//16 8965//11 13018//11
f 10428//91 12283//91 5323//91
f 8841//26 6946//26 6952//26
f 11899//30 10980//39 11900//39
f 4094//166 12120//167 12121//166
f 11466//24 8081//25 9474//25
f 12736//19 10599//30 2844//30
f 2733//2 13190//17 13289//17
f 11883//47 12712//47 785//47
f 6733//7 9904//31 6735//31
f 976//7 9806//31 9803//31
f 12323//130 11560//1 13158//1
f 10538//2 6028//1 7650//1
f 12083//5 6994//5 9923//5
f 9715//24 6494//47 6471//47
f 1872//30 7620//39 9402//39
f 12005//2 3190//17 12006//17
f 3042//168 10036//169 1434//168
f 4201//90 7259//170 236//90
f 2642//23 7812//18 2643//18
f 5508//2 1860//1 5509//1
f 9977//5 6812//5 6813//5
f 1279//24 6741//47 6739//47
f 2345//18 9601//19 9166//19
f 2842//23 10601//56 12735//56
f 2901//2 10311//1 8384//1
f 10390//171 1322//172 1323//171
f 13112//8 7387//20 7380//20
f 11967//32 8227//1 9828//1
f 9458//20 12896//21 1802//21
f 607//21 13231//1 12237//1
f 13185//173 6755//174 1284//173
f 8913//175 6984//176 6986//175
f 11161//21 12391//1 11162//1
f 10391//172 6998//177 1322//172
f 4933//2 2261//1 4940//1
f 9667//18 11228//19 12879//19
f 13216//2 9672//1 8124//1
f 7192//27 11142//24 7191//24
f 11948//16 3482//11 13022//11
f 11189//27 12386//24 2615//24
f 3240//2 1166//1 11394//1
f 8479//178 128//111 7079//178
f 6071//20 7562//20 9119//20
f 8832//22 6939//22 6958//22
f 586//8 10996//20 7287//20
f 10808//2 8536//1 10809//1
f 11057//2 12248//1 11037//1
f 8896//15 10012//15 8894//15
f 2001//12 6227//6 6225//6
f 6851//24 11373//47 6852//47
f 2387//18 6338//19 6336//19
f 1741//11 5587//12 1742//12
f 5847//22 5835//33 5833//33
f 7748//179 11992//180 11986//179
f 10214//8 12551//20 10215//20
f 8617//20 10778//21 2545//21
f 10221//21 12864//68 12170//32
f 9537//66 5409//17 2111//17
f 6296//39 10807//16 9584//16
f 8909//181 6901//182 6902//181
f 7945//11 2442//16 7946//16
f 5268//2 1965//1 12294//1
f 6345//24 9607//25 6347//25
f 8873//169 12071//183 10036//169
f 4829//11 2389//16 10762//16
f 12648//27 10685//24 8537//24
f 12054//11 8985//73 12009//73
f 7163//30 9097//16 12163//16
f 8914//184 6986//175 6883//184
f 7423//185 1317//186 1288//185
f 12628//187 10140//188 10105//187
f 11497//6 7898//7 12717//7
f 2786//26 7919//66 2793//66
f 1524//6 4391//7 13054//7
f 10304//2 8324//66 10305//66
f 6231//24 13151//23 2015//23
f 11783//11 4884//12 11784//12
f 829//8 8173//20 10202//20
f 4843//11 2400//16 7971//16
f 7305//7 12235//31 10303//31
f 1599//15 11599//73 9331//73
f 11078//38 239//189 12614//189
f 7139//12 3982//7 7140//7
f 11976//6 11430//7 6733//7
f 2450//2 7942//66 9585//66
f 9162//21 4883//1 9588//1
f 8449//190 7222//191 7763//191
f 1224//24 9017//47 9963//47
f 3788//2 10310//26 7306//1
f 5028//2 2352//1 5012//1
f 8145//11 6375//16 8867//16
f 8690//58 4725//18 2482//18
f 9427//27 5191//24 9426//24
f 8636//57 8632//56 8630//192
f 2701//30 8354//16 2694//16
f 9693//33 10910//8 9691//8
f 2291//5 6355//5 9183//5
f 9419//11 11515//12 9418//12
f 2307//2 12496//17 11813//17
f 1134//17 9949//27 9947//27
f 964//5 6682//5 9549//5
f 4741//2 2504//1 4742//1
f 743//22 10977//33 12884//33
f 13135//33 11074//8 7319//8
f 7371//5 13141//5 12666//5
f 2617//2 10676//66 2618//66
f 1746//2 9231//66 11542//66
f 6622//6 3466//7 976//7
f 8681//20 8037//21 8686//21
f 988//56 8161//56 11950//56
f 10183//193 58//194 10178//193
f 8540//5 8539//5 321//5
f 10779//2 2546//1 12437//1
f 10386//195 9929//196 9928//195
f 8582//20 7805//21 2598//21
f 5991//31 12297//22 11650//22
f 9132//7 8074//31 11704//31
f 4157//197 158//198 12122//197
f 13271//27 4747//24 2514//24
f 6400//20 7964//21 9661//21
f 12010//6 3267//7 12017//7
f 9750//27 3675//24 733//24
f 2646//2 11163//66 9651//66
f 467//1 9101//26 8370//2
f 11351//176 6985//152 6984//176
f 2628//21 7518//1 2629//1
f 9061//11 8360//73 9062//73
f 7342//6 12588//7 473//7
f 318//66 11150//66 7176//66
f 11124//65 84//83 80//65
f 12707//2 459//1 3913//1
f 8566//7 10710//31 11168//31
f 576//33 12559//8 577//8
f 12459//11 2487//16 10821//16
f 12433//2 6276//1 10766//1
f 6139//56 8061//18 9492//18
f 13017//6 11381//7 6603//7
f 6124//32 3380//1 938//1
f 8000//11 2511//16 8001//16
f 8720//27 12351//24 2821//24
f 2021//8 6259//20 6255//20
f 10339//47 12848//23 13140//23
f 4138//184 10151//175 10180//184
f 2318//23 8147//56 12979//56
f 12438//11 11194//16 12440//16
f 6965//199 6987//118 6963//199
f 7105//39 10602//15 7104//15
f 9194//20 8103//21 2335//21
f 1188//5 6726//5 6727//5
f 637//12 3777//6 641//6
f 11275//19 10618//30 2834//30
f 2365//2 10854//17 2366//17
f 8890//26 6972//26 11337//26
f 2349//8 9602//20 6316//20
f 11813//17 4973//24 2295//24
f 10983//11 704//16 10984//16
f 12824//11 1233//16 13299//16
f 11896//6 12548//7 724//7
f 11322//26 12095//26 12917//26
f 6241//19 12280//30 2043//30
f 1100//8 6859//20 6857//20
f 4541//2 2671//1 4542//1
f 12717//7 7901//31 2810//31
f 9548//20 8935//21 959//21
f 10297//16 12562//11 615//11
f 11823//17 8106//27 11825//27
f 2698//24 13194//23 2699//23
f 9190//11 9391//16 10421//16
f 9219//11 1650//16 9220//16
f 10427//11 2025//16 5324//16
f 13248//121 10105//187 162//121
f 7471//2 12852//1 10422//1
f 614//32 13232//1 616//1
f 12067//15 1370//15 10052//15
f 4162//54 126//200 12129//54
f 2319//22 6381//33 6368//33
f 10032//56 12802//18 1144//18
f 5796//27 5571//24 1733//24
f 10340//7 7339//31 7337//31
f 5405//91 6202//91 8051//91
f 9171//11 2076//16 5396//16
f 11625//56 5259//18 11622//18
f 9344//15 10627//73 9346//73
f 959//21 8934//1 960//1
f 9088//56 11224//18 1699//18
f 13119//8 7203//20 7201//20
f 8949//91 7037//91 7059//91
f 7333//6 3818//7 567//7
f 2063//8 6211//20 6206//20
f 5930//27 12515//24 992//24
f 7442//2 2045//1 5347//1
f 485//17 12592//27 487//27
f 10230//6 12714//7 11246//6
f 4150//176 7070//152 108//176
f 4397//22 1536//201 11608//202
f 503//12 7368//6 7360//6
f 9275//56 9260//56 9258//56
f 8660//23 229//23 8658//23
f 7782//89 236//90 10266//89
f 6417//27 10751//24 9203//24
f 11758//31 7477//22 6262//22
f 7084//17 7092//27 2896//17
f 9981//56 3135//18 9979//18
f 8917//203 10039//204 1417//203
f 6137//24 8060//47 6138//47
f 5766//24 2877//47 1705//47
f 520//23 11059//56 10349//56
f 13237//2 12237//1 13231//1
f 5794//2 5576//66 1732//66
f 728//30 12549//16 727//16
f 12263//16 11044//205 11043//11
f 6077//58 5434//18 1783//18
f 2796//8 7908//20 8736//9
f 4278//206 300//207 299//208
f 500//18 7352//19 7350//19
f 10689//11 2625//16 7817//16
f 4695//91 8633//91 4808//91
f 11174//19 12397//30 2587//30
f 13188//209 11197//36 293//209
f 1869//22 10519//33 9409//33
f 5140//2 9487//1 8070//1
f 8454//50 10277//184 263//50
f 10634//210 12085//211 12087//210
f 853//56 8178//56 9098//56
f 9989//19 11766//19 12036//19
f 5440//11 1785//16 7631//16
f 6057//56 7554//18 1747//18
f 3049//212 8874//213 6891//214
f 4218//97 267//98 265//97
f 6144//33 6132//33 6130//33
f 10388//22 1347//22 7018//22
f 7291//23 10287//56 7292//56
f 555//18 12612//30 556//30
f 5035//11 2364//16 5034//16
f 367//2 8507//66 7135//66
f 10291//16 3613//11 581//11
f 13278//20 12415//21 13279//21
f 593//1 8285//2 10292//2
f 7364//16 3868//11 7363//11
f 608//11 3617//12 606//12
f 9752//32 11436//1 640//1
f 12629//215 7023//216 7897//215
f 3222//91 12458//91 7986//91
f 397//30 3974//16 398//16
f 11202//22 8019//33 2476//33
f 4900//11 2456//16 4901//16
f 812//24 3558//47 6446//47
f 12692//73 8013//12 2473//12
f 8605//19 7816//19 12664//19
f 341//8 11051//20 10232//20
f 7500//2 6004//1 5231//1
f 998//8 10901//20 11945//20
f 9403//58 5196//18 9414//18
f 10005//26 1484//26 2950//26
f 2535//12 13202//6 2536//6
f 4312//217 1282//218 1313//217
f 9204//24 11507//47 9205//25
f 6844//6 11396//7 9976//7
f 7397//19 10384//19 9074//19
f 7252//23 7256//23 7250//23
f 5900//20 5829//20 5827//20
f 10286//7 11312//31 8778//31
f 8906//219 1438//220 10035//219
f 11210//56 4739//18 2501//18
f 4338//113 6990//156 1319//113
f 3333//91 3334//91 3320//91
f 7409//19 12600//30 10381//30
f 8453//184 7228//175 10277//184
f 11340//121 7419//187 10309//121
f 7116//33 10592//8 10192//8
f 1640//221 7569//82 5816//82
f 12982//12 6406//6 6404//6
f 694//18 6515//19 6507//19
f 12646//39 10813//16 2653//16
f 8908//151 1447//208 12059//151
f 12784//163 10041//122 10042//222
f 6906//223 6905//224 6903//225
f 12796//226 6900//227 1414//226
f 1503//228 10606//229 6892//229
f 12483//91 4893//91 10845//91
f 7784//230 303//231 301//232
f 6237//19 10419//30 6235//30
f 13086//15 12108//15 8939//15
f 5902//7 10562//31 5904//31
f 4455//91 7911//91 7913//91
f 10196//22 11268//33 11266//33
f 7752//233 1297//234 1296//235
f 6895//236 13182//124 1505//124
f 12493//2 2290//1 4968//1
f 7658//11 8812//16 7659//16
f 11892//7 6534//31 6532//31
f 11333//224 9678//237 6905//224
f 12211//46 10609//238 10259//238
f 2754//21 11284//68 8763//68
f 1733//24 2872//47 1734//47
f 2720//12 7826//6 8821//6
f 6978//239 6975//240 6973//241
f 12891//12 5801//6 5799//6
f 2640//27 10687//27 2641//27
f 695//11 8268//16 8248//11
f 7181//39 13170//16 7183//39
f 12861//56 10453//18 2153//18
f 12794//15 6919//15 6921//15
f 13034//39 3366//16 885//16
f 2615//24 12384//47 2614//47
f 8637//21 12444//242 2571//26
f 10176//243 11468//244 13097//245
f 9222//22 10696//33 2725//33
f 12786//240 10077//246 6975//240
f 8493//91 4046//91 8492//91
f 2755//66 4411//17 2756//17
f 1728//8 10488//20 1729//20
f 10067//23 1359//23 8840//23
f 11308//2 7693//66 11306//66
f 368//27 3998//24 369//24
f 1687//247 11230//248 1688//248
f 11559//19 10555//30 1618//30
f 6041//33 5503//8 1848//8
f 4556//2 2684//1 12404//1
f 5888//56 7665//18 1607//18
f 12890//249 12063//250 10046//119
f 4109//251 10162//252 13087//251
f 12026//8 6378//20 6828//20
f 9935//6 9028//6 9932//6
f 4282//28 10387//93 1330//28
f 7853//2 2732//1 7854//1
f 12799//138 12060//75 6915//138
f 10228//7 4045//202 12714//7
f 2069//7 10418//155 11735//155
f 10060//253 10063//253 6956//253
f 935//17 3319//27 926//27
f 7829//11 12768//16 7833//16
f 2581//24 7846//25 11176//25
f 529//23 9104//56 530//56
f 11548//32 10492//1 1717//1
f 10487//2 11552//1 10491//1
f 8499//115 7972//44 12446//115
f 1905//58 13157//18 6005//18
f 6363//31 12266//22 9637//22
f 2281//18 11811//19 9635//19
f 4161//200 127//254 126//200
f 9002//2 13032//1 9003//1
f 2706//12 7836//6 8797//6
f 11091//53 13090//3 111//53
f 1688//248 2879//255 1689//255
f 7792//117 281//256 12225//117
f 5994//27 7540//24 9416//24
f 12307//11 11658//16 12304//16
f 2103//23 6201//56 6199//192
f 5540//91 4730//91 10704//91
f 11020//11 610//16 11018//16
f 10127//22 10267//22 10129//22
f 7687//91 10713//91 8718//91
f 2057//18 12274//30 2058//30
f 2545//21 12437//1 2546//1
f 4200//170 7257//257 7259//170
f 10673//41 254//116 10281//41
f 4123//258 10155//259 7075//260
f 7405//91 8367//91 11046//91
f 4121//52 111//53 146//52
f 7780//136 7214//261 12191//136
f 6770//20 13028//21 9860//21
f 2939//91 3835//91 8125//91
f 12752//2 10698//17 2716//17
f 13289//17 8825//27 8823//27
f 5933//12 5943//6 5931//6
f 7810//91 10702//91 4602//91
f 10525//2 1788//1 7637//1
f 12809//11 12045//16 3281//16
f 8822//11 7828//12 2720//12
f 1666//31 10563//22 5847//22
f 8853//91 7041//91 8851//91
f 9387//24 12285//47 11626//47
f 5995//30 10463//16 5996//16
f 11095//262 7103//154 7102//262
f 2945//15 7005//15 7007//15
f 12390//2 11162//1 12391//1
f 10227//91 4032//91 7180//91
f 4265//263 292//264 291//263
f 4175//265 152//232 151//265
f 1700//30 5553//16 1701//16
f 2199//5 7029//5 535//5
f 2728//47 4592//23 2729//23
f 11956//2 8225//66 9827//66
f 9108//32 10422//1 12852//1
f 12778//266 12057//132 10029//266
f 4306//267 1296//235 1295//268
f 455//2 12598//17 453//17
f 7494//91 9373//91 5236//91
f 414//8 8326//20 10219//20
f 1614//32 5743//26 1613//26
f 10166//269 7076//270 7077//269
f 11622//18 7510//19 11623//19
f 446//17 3924//24 12260//24
f 2955//271 1430//272 9399//146
f 2379//12 8114//6 9611//273
f 10377//19 8369//30 432//30
f 2285//24 8127//25 9630//25
f 12106//5 10119//5 7050//5
f 11826//17 10754//27 11827//27
f 12636//83 83//274 84//83
f 11946//24 3471//47 983//47
f 4642//2 2599//1 4643//1
f 11237//18 8707//19 8705//129
f 4992//2 2322//1 4993//1
f 4922//2 9664//1 4923//1
f 6875//39 12810//16 1101//16
f 6499//20 10955//21 9729//21
f 9838//2 11418//1 3203//2
f 9614//19 8737//30 9175//30
f 9288//39 9220//16 1650//16
f 4249//275 278//135 257//275
f 8443//26 262//49 10245//26
f 2355//7 12488//31 6318//31
f 12269//11 8609//16 4657//16
f 7036//23 7042//23 7058//23
f 1642//11 7571//12 1638//12
f 8675//47 12447//23 2468//23
f 2662//18 7859//19 2673//19
f 5602//11 1753//16 5603//16
f 7797//11 8580//16 7798//16
f 11179//31 10690//22 2621//22
f 6305//33 10772//8 12971//8
f 9556//12 5331//6 2033//6
f 11752//30 5324//16 2025//16
f 12967//24 5342//23 12968//23
f 9100//5 12145//5 14//5
f 9691//8 8206//20 6686//20
f 12401//91 7929//91 4515//91
f 2669//8 7894//20 8569//20
f 4628//2 8592//1 4629//1
f 11903//47 13233//23 6459//23
f 8931//23 12195//23 8929//23
f 7109//31 4435//31 7115//31
f 1783//18 7630//19 11684//19
f 8353//11 2694//16 8354//16
f 2468//23 10806//56 11200//58
f 1557//18 5881//19 1553//19
f 12902//31 10560//22 1610//22
f 7177//20 4033//20 7179//20
f 900//24 3371//47 902//47
f 11087//249 12190//276 268//249
f 737//73 10978//12 741//12
f 6549//32 12547//1 654//1
f 11352//50 6883//184 6882//50
f 2800//32 4467//26 2801//26
f 11085//22 261//22 12205//22
f 1019//18 8185//19 9815//19
f 7148//21 11026//1 389//1
f 4310//277 10088//102 7004//277
f 8775//32 10738//26 2786//26
f 12381//167 13122//278 12226//167
f 8419//2 572//26 6017//1
f 4505//91 4506//91 12413//91
f 4185//78 227//79 225//78
f 1648//248 10476//255 11563//255
f 2062//33 5363//8 2063//8
f 6224//21 7463//1 9550//1
f 7294//6 13245//7 7305//7
f 2528//2 8620//66 8613//66
f 1122//17 8991//27 6814//27
f 1799//24 5447//23 1800//23
f 1536//201 13184//8 12910//8
f 2151//24 5172//47 2152//47
f 6262//22 6252//33 6183//33
f 11423//2 6743//1 12832//1
f 10959//11 649//16 10957//16
f 561//17 8414//27 7331//27
f 8745//8 7882//20 8746//9
f 6040//31 12333//22 1837//22
f 8859//22 12209//22 10136//22
f 8644//30 8007//16 2554//16
f 534//12 8383//6 7312//6
f 9417//8 7533//20 5942//20
f 13015//17 6597//27 6589//27
f 2461//18 7941//19 11206//19
f 1533//8 5926//20 5921//20
f 7165//19 8344//30 7163//30
f 6427//20 4952//21 2279//21
f 12147//7 10714//31 12148//31
f 6736//12 9907//6 6737//6
f 2462//32 4898//1 2463//1
f 1998//20 6220//20 6219//20
f 336//11 2893//73 2892//11
f 8472//151 150//208 149//151
f 3046//279 10023//280 10025//279
f 11060//2 507//1 11061//1
f 10392//281 221//282 249//281
f 2377//31 5049//22 2376//22
f 6791//7 6831//31 6792//31
f 10133//22 174//22 2923//22
f 616//1 13236//2 10304//2
f 8054//91 8090//91 10840//91
f 2153//18 6159//19 6152//19
f 892//2 3379//17 893//17
f 2983//220 1439//283 1438//220
f 2088//2 6171//66 6169//66
f 2048//30 12279//16 11728//16
f 10296//30 11018//16 610//16
f 10730//91 10729//284 7913//91
f 913//30 12814//16 11972//16
f 8137//11 6433//16 4934//16
f 9284//285 9400//147 6967//286
f 7759//287 6999//288 10084//287
f 10000//19 3268//30 1118//30
f 7787//264 7232//289 292//264
f 13046//39 12804//16 13037//16
f 12044//12 8964//6 9991//6
f 12489//11 2332//16 12347//16
f 11263//26 7874//66 12726//66
f 9070//91 12596//91 3914//91
f 11104//290 7065//125 7064//290
f 1794//12 5445//6 1793//6
f 13276//2 10327//1 11075//1
f 6366//27 4956//24 2285//24
f 12819//11 1173//16 3226//16
f 8478//291 7079//178 7080//291
f 7237//199 269//118 7235//199
f 1231//8 9012//20 12000//20
f 4223//292 12226//167 251//166
f 12006//17 6822//27 6780//27
f 4797//2 2561//1 10896//1
f 8579//6 4635//7 2595//7
f 8687//39 4745//16 11221//16
f 1030//8 9079//20 11924//20
f 11090//105 208//106 228//105
f 11925//6 3420//7 1037//7
f 12910//8 10623//20 12912//20
f 553//12 8412//6 552//6
f 2271//8 6359//20 6354//20
f 13213//8 7867//20 13275//9
f 6887//22 10006//22 8927//22
f 11650//22 10449//33 11642//33
f 2751//23 13115//104 5669//293
f 1800//23 6026//56 6024//56
f 12051//294 3040//295 3023//294
f 7412//15 1362//15 10068//15
f 11681//296 7643//21 1765//297
f 6839//17 9024//27 6841//27
f 986//16 13220//11 973//11
f 12340//11 1796//16 5455//16
f 2803//24 10737//47 11255//47
f 1102//1 8957//2 1104//2
f 1267//7 6752//31 6750//31
f 7754//23 13040//23 12699//23
f 7937//22 7091//298 7089//22
f 11385//11 1072//16 11767//16
f 1202//31 9026//22 13045//22
f 8095//91 3942//91 7388//91
f 1252//11 12804//16 2913//11
f 1156//8 13296//21 1165//21
f 7486//2 11638//1 5247//1
f 11488//2 2096//1 5390//1
f 11641//22 7503//8 9106//8
f 11530//299 13074//62 6923//42
f 4073//190 10170//191 10172//191
f 12544//2 654//1 12547//1
f 5932//31 9197//31 9355//31
f 213//45 4181//67 4182//45
f 1690//300 5539//221 1691//221
f 4190//301 4194//302 231//303
f 6632//56 3450//18 1019//18
f 636//11 3778//12 637//12
f 2801//26 4461//66 2802//66
f 3339//2 9828//1 8227//1
f 2805//58 4464//18 11262//18
f 899//17 10946//24 900//24
f 13107//7 7732//155 13105//155
f 11762//2 13152//17 2028//17
f 2113//33 5132//8 2112//8
f 2817//39 10728//15 2813//15
f 12779//304 10029//266 10028//304
f 8742//5 11252//5 12731//5
f 8952//22 10112//22 8950//22
f 2605//6 12388//6 11185//6
f 658//24 6569//47 6565//47
f 8791//17 7722//27 8792//27
f 7020//47 3286//47 1105//47
f 800//21 10189//1 6486//1
f 8777//33 10995//8 586//8
f 11262//18 10731//19 12721//129
f 8930//26 1489//26 2917//26
f 7987//23 7098//23 7096//23
f 11881//56 6491//56 6474//56
f 11528//11 1839//16 12330//16
f 2050//20 5356//20 2051//20
f 11510//27 4945//24 11849//24
f 11111//305 7066//306 142//307
f 10646//70 1284//173 1314//70
f 10647//177 6997//101 6998//177
f 12748//66 4441//17 8791//17
f 2813//15 7900//308 2814//308
f 6697//33 10949//8 6328//8
f 10431//11 5996//16 10463//16
f 13269//66 10925//17 8673//17
f 13106//33 4429//8 12746//8
f 7819//2 2629//1 7518//1
f 2745//17 4605//24 2746//24
f 11217//20 12556//21 2503//21
f 6982//15 10056//15 11324//15
f 1555//24 7700//47 1556//47
f 8838//22 1357//22 7413//22
f 5997//24 9406//25 9404//25
f 8912//152 10081//153 6985//152
f 10302//33 11062//8 10301//8
f 11788//6 7982//7 2425//7
f 6681//17 9849//27 6683//27
f 13251//309 10148//310 10147//309
f 12376//311 7226//22 7264//311
f 11632//20 12839//21 1959//21
f 12801//122 10309//121 10041//122
f 6642//33 12837//8 1000//8
f 2105//30 11742//39 11740//39
f 966//22 3503//33 958//33
f 12502//2 960//1 8934//1
f 1725//30 5574//16 1726//16
f 4326//312 1333//141 1332//312
f 10749//2 2407//1 4841//1
f 5314//2 2011//1 5315//1
f 5936//31 9372//31 9358//31
f 5660//11 11576//16 5661//16
f 2320//20 4994//21 2321//21
f 7638//91 8091//91 10452//91
f 7568//11 5816//82 7569//82
f 6058//27 12310//24 1760//24
f 6442//7 10889//31 6444//31
f 12295//2 1960//1 13154//1
f 12042//6 6709//7 6861//7
f 1157//24 8994//47 9973//47
f 8861//313 6954//161 6957//313
f 9308//56 5699//18 1583//18
f 11130//302 12121//166 12144//314
f 12777//23 7038//23 7260//23
f 6656//8 8195//20 6658//20
f 1040//1 13295//2 1051//2
f 2499//24 4732//47 2500//47
f 918//15 3323//16 3321//11
f 10410//91 7617//91 7619//91
f 6606//8 12816//21 6607//21
f 8591//27 7848//24 2581//24
f 8603//23 10694//56 2632//56
f 13118//56 11119//18 347//18
f 5030//11 2347//16 13215//16
f 11879//24 10999//47 11880//47
f 7664//91 5441//91 7542//91
f 10882//11 10393//16 10881//16
f 8766//19 4610//30 2741//30
f 909//7 6707//31 6705//31
f 11083//118 268//249 269//118
f 7756//103 1301//315 1300//103
f 5810//31 5631//22 11566//22
f 8802//19 7839//30 8800//30
f 10655//23 12222//23 10280//23
f 1618//30 7685//15 1619//15
f 6127//6 5142//7 2119//7
f 12268//222 297//122 296//222
f 7770//316 7004//277 7003//316
f 1739//33 5584//22 5586//33
f 2958//26 10072//26 8886//26
f 9738//66 3665//17 9746//17
f 9887//6 10922//7 891//7
f 1252//11 3148//73 1244//73
f 5646//91 3716//91 5577//91
f 8833//26 11448//26 8835//26
f 9825//47 3336//23 928//23
f 11951//30 13226//16 1021//16
f 11997//11 11407//73 1203//73
f 3170//11 1220//16 3167//16
f 11156//19 4698//19 2654//19
f 10973//47 8336//23 403//23
f 12808//91 11415//317 9021//91
f 717//56 3707//18 718//18
f 6440//11 8306//12 6441//12
f 9748//2 3680//66 732//66
f 12719//5 12722//5 2808//5
f 8292//11 9714//16 8291//16
f 12653//20 4689//21 11161//21
f 8541//58 7861//18 2662//18
f 2507//12 4748//6 11214//6
f 4897//2 2463//1 4898//1
f 891//7 3376//31 895//31
f 9245//19 3740//30 673//30
f 5144//11 13303//16 10832//16
f 5170//11 2146//16 5165//16
f 6340//318 12491//12 2379//12
f 8431//257 212//67 7257//257
f 912//19 12815//30 913//30
f 12972//18 6265//19 6263//19
f 8730//22 12417//33 2823//33
f 8891//319 10079//320 12072//319
f 4364//91 7184//91 5746//91
f 9351//26 6652//66 11616//66
f 10648//321 1324//322 6617//321
f 11979//27 9050//24 1239//24
f 2555//11 4799//12 2548//12
f 1017//33 10891//8 6656//8
f 6414//8 7953//20 6415//20
f 2716//17 11317//27 8818//27
f 11009//11 11855//16 12574//16
f 12003//20 3177//21 1211//21
f 2547//2 9154//66 8623//66
f 6392//27 4920//24 6396//24
f 4129//323 7069//324 13095//323
f 1099//33 3138//8 1100//8
f 8726//26 8723//325 2820//325
f 8899//326 12077//327 10070//326
f 7293//19 11019//30 10296//30
f 687//39 12543//16 685//16
f 4402//26 4030//1 2762//26
f 1082//22 12806//33 13049//33
f 2859//7 7880//31 13281//31
f 4047//22 1770//22 2179//328
f 8741//6 4457//7 2799//7
f 9497//26 11717//66 9498//66
f 1831//17 10506//27 11667//27
f 2232//22 7963//33 6399//33
f 7507//11 5953//16 13155//16
f 10953//11 685//16 12543//16
f 393//7 3971//31 402//31
f 10209//33 11027//8 7147//8
f 2741//30 7659//16 8812//16
f 9251//237 10026//329 9678//237
f 12727//27 4517//24 9204//24
f 6824//8 11403//20 12025//20
f 11147//11 366//16 4004//16
f 403//23 3972//56 404//56
f 664//18 10958//30 6559//30
f 367//2 8505//1 8509//2
f 2807//39 12408//15 8739//15
f 7140//7 3981//31 387//31
f 6782//56 11405//18 11980//18
f 10645//330 1304//331 1303//330
f 2735//12 4606//7 2737//7
f 2373//23 5046//56 2374//192
f 7372//30 3851//16 523//16
f 2774//21 4443//68 12747//32
f 2044//21 5347//1 2045//1
f 2367//20 8117//21 2368//21
f 5992//2 5209//66 5993//66
f 9871//7 3370//31 901//31
f 1791//33 7660//33 1790//33
f 13114//18 2897//19 11242//18
f 8663//6 4895//7 2453//7
f 2405//18 7970//19 12970//19
f 1671//17 5652//27 1676//27
f 9560//19 5344//30 2048//30
f 719//24 3697//47 720//47
f 9911//32 3141//1 1247//1
f 6002//2 5225//17 5998//17
f 1818//2 10537//17 1809//17
f 9959//18 3243//30 9957//30
f 644//30 9210//16 634//16
f 1610//22 5733//332 1611//33
f 383//18 12159//19 7138//19
f 10243//11 3995//73 360//73
f 13027//16 3345//11 13026//11
f 11109//39 4982//16 12875//16
f 1773//30 6087//39 6079//39
f 3986//11 398//16 3974//16
f 1269//17 13042//27 9926//27
f 13255//333 7075//260 7074//333
f 605//7 7288//31 7278//31
f 399//2 11026//1 11451//2
f 9469//73 8047//73 9471//73
f 10211//56 3989//18 383//18
f 12375//234 13044//334 1297//234
f 537//22 11055//8 11346//8
f 7193//5 343//5 7190//5
f 12783//63 1426//335 6976//63
f 2585//2 4627//66 2586//66
f 3966//11 12163//16 9097//16
f 2479//7 4721//22 11203//22
f 13186//142 1340//336 12088//142
f 3962//2 12162//1 11029//1
f 7344//27 3870//27 498//27
f 12665//6 4683//7 2634//7
f 11235//58 2887//18 11237//18
f 6282//11 6274//73 6272//73
f 655//2 6547//66 6545//66
f 9206//58 4507//18 11264//18
f 11203//22 4722//8 2481//8
f 1699//18 10481//30 1700//30
f 2488//11 4729//12 12693//12
f 12986//12 13218//7 833//7
f 1603//74 5729//8 1604//8
f 2664//24 4533//25 2663//25
f 12688//27 8002//77 2567//24
f 2425//7 6310//31 2424//31
f 7375//22 3857//8 522//8
f 6698//7 8211//31 6700//31
f 425//12 3948//7 426//7
f 12193//114 270//115 266//114
f 13301//11 7378//16 12597//16
f 5965//31 12293//22 9398//22
f 1805//20 5463//21 1816//21
f 12922//91 5224//91 7534//91
f 2695//11 13193//12 13288//12
f 8747//32 4519//26 11263//26
f 7406//56 10379//56 7408//56
f 2744//2 12715//17 2745//17
f 10370//19 3935//30 13145//30
f 9072//2 12585//1 8334//2
f 9106//8 11634//20 9107//20
f 3896//11 478//16 12595//16
f 1660//17 12322//24 5853//24
f 6051//19 12329//30 6048//30
f 11703//27 12474//24 6120//24
f 8167//2 2089//1 5398//1
f 10360//11 13241//12 430//12
f 2311//19 4983//19 2312//19
f 1840//30 12330//16 1839//16
f 9872//11 3358//73 881//73
f 9357//33 5235//33 9359//33
f 12974//56 12703//18 2345//18
f 2571//26 4810//66 2566//66
f 1623//31 5819//31 5807//31
f 6498//56 12542//18 694//18
f 4685//11 2636//16 4686//16
f 2183//7 10851//31 11693//31
f 9086//18 3555//30 11886//30
f 11657//2 10457//66 9428//66
f 2207//30 5076//16 11698//16
f 10666//265 301//232 300//207
f 2739//8 4609//21 12763//21
f 8757//27 4490//27 11271//27
f 11251//58 7905//18 11502//18
f 12584//11 12166//16 8329//16
f 484//2 12594//17 485//17
f 408//2 5786//66 5784//66
f 11504//7 10863//31 12981//31
f 4111//337 10159//338 10162//252
f 10365//2 3956//1 12583//2
f 2231//30 10745//39 11834//39
f 10374//56 3927//56 10376//56
f 921//17 12531//24 922//24
f 6222//20 7464//21 6224//21
f 7363//11 9018//12 503//12
f 962//27 8981//24 9854//24
f 12553//2 6467//1 12554//1
f 7483//2 2024//1 5329//1
f 522//8 3846//21 513//21
f 6047//23 5500//56 1858//56
f 4248//15 249//281 248//15
f 942//11 10890//12 943//12
f 6358//91 9324//91 5714//91
f 6847//47 3302//23 6866//23
f 4220//194 10266//89 204//194
f 2331//30 12347//16 2332//16
f 13045//22 6764//33 6762//33
f 11492//2 10848//17 11823//17
f 399//2 11450//17 400//17
f 10855//2 2363//1 5036//1
f 871//11 10914//73 9863//73
f 12895//20 10472//21 1627//21
f 9551//30 7468//16 11751//16
f 12254//2 8374//17 7307//17
f 1273//23 11327//56 9918//56
f 2358//39 5034//16 2364//16
f 4755//2 7448//1 10793//1
f 9641//11 8144//12 2309//12
f 2582//7 4624//22 2578//22
f 11498//339 9125//340 9126//339
f 4084//98 160//341 12119//98
f 2839//66 4501//17 8758//17
f 2485//17 12518//24 8691//24
f 10191//12 7924//7 10190//7
f 560//2 8416//17 561//17
f 2482//18 4724//30 2486//30
f 2685//2 4555//66 11302//66
f 12997//30 3633//16 772//16
f 460//24 9077//47 7407//47
f 8678//17 4733//24 2499//24
f 6599//2 9781//66 6600//66
f 2540//30 10799//16 2539//16
f 10337//33 8352//8 475//8
f 1802//21 7655//1 1803//1
f 519//24 3856//23 520//23
f 12017//7 6810//31 6808//31
f 12154//31 5584//22 22//22
f 484//2 8351//1 12591//2
f 615//11 8286//12 613//12
f 562//47 11072//47 10326//47
f 492//8 11039//20 12247//20
f 523//16 12853//11 514//11
f 9420//7 7532//31 9421//31
f 11445//2 5662//17 1671//17
f 2675//11 10712//12 8565//12
f 4544//11 8570//16 7862//16
f 2010//32 5315//1 2011//1
f 2223//318 4912//12 2224//12
f 2027//27 7457//24 6257//24
f 2634//7 4682//22 2637//22
f 317//27 11148//24 315//24
f 999//32 3474//1 979//1
f 9175//30 5041//86 2378//39
f 18//7 7123//31 7119//31
f 2514//24 8253//47 8627//47
f 6541//31 10961//31 6556//31
f 12659//24 4633//23 2603//23
f 1607//18 10547//19 9323//19
f 9831//19 3329//30 925//30
f 4055//342 12125//343 12101//342
f 4061//257 7087//67 44//257
f 494//39 11041//16 12249//16
f 12252//30 3852//16 7364//16
f 9075//39 13240//16 10380//16
f 570//11 3820//73 568//73
f 1638//12 5630//6 1637//6
f 7328//91 8417//91 3794//284
f 473//7 3893//31 474//31
f 8694//31 8276//31 11220//31
f 712//17 3698//24 719//24
f 13121//201 4034//33 4021//201
f 521//5 10350//5 12251//5
f 1716//24 5797//47 5777//47
f 3882//91 3841//92 10317//91
f 516//12 12605//7 512//7
f 1541//18 4376//30 1542//30
f 1823//12 9434//6 1822//6
f 1646//344 5623//247 1647//247
f 12700//2 13206//17 2485//17
f 10345//23 3872//18 500//18
f 2346//39 13215//16 2347//16
f 9376//2 10441//66 9377//66
f 477//39 12595//16 478//16
f 13140//23 11040//18 11426//18
f 2317//24 10867//23 2318//23
f 7281//19 11012//30 8827//30
f 9880//18 10942//19 11970//19
f 12228//56 3588//18 12230//18
f 2548//12 13205//7 2549//7
f 8943//26 186//26 8945//26
f 10367//27 3918//24 12257//24
f 7166//22 11023//8 414//8
f 11172//18 12271//30 2601//30
f 12684//15 7981//73 12685//73
f 2072//33 5400//8 2073//8
f 358//8 8506//21 354//21
f 1159//56 11399//18 9959//18
f 12961//56 5386//18 2057//18
f 356//7 7196//31 7194//31
f 11663//20 13163//21 1830//21
f 8887//23 13068//23 8889//23
f 1097//2 11429//17 1095//17
f 1841//17 7596//24 1842//24
f 867//21 13222//1 865//1
f 893//17 3378//24 894//24
f 744//8 8260//20 6469//20
f 6441//12 8305//7 9679//7
f 6122//56 5078//18 2206//18
f 9472//18 5063//30 9475//30
f 9574//27 4847//24 9579//24
f 2360//8 10857//21 9169//21
f 7014//2 12886//1 7015//1
f 2202//21 5071//1 2203//1
f 10668//122 11134//121 297//122
f 2206//18 5077//30 2207//30
f 2215//21 5080//1 2216//1
f 9755//27 8402//24 658//24
f 1754//11 6064//73 6062//73
f 956//12 3497//6 955//6
f 2681//11 4558//12 2682//12
f 13293//345 6888//95 6889//345
f 12370//288 7000//346 6999//288
f 13247//79 228//105 227//79
f 613//12 8287//6 585//6
f 13148//24 8355//47 13147//47
f 12564//2 9719//1 12567//1
f 12130//11 11241//12 534//12
f 5928//2 3489//66 991//66
f 8748//15 10718//73 8749//308
f 11086//98 13120//341 267//98
f 11346//8 8386//20 11348//20
f 2592//11 4644//73 2593//73
f 975//30 12516//16 11948//16
f 6140//2 10455//66 6142//66
f 2601//30 7798//16 8580//16
f 6120//24 5079//47 2205//47
f 727//16 3688//11 722//11
f 1801//19 5449//30 11690//30
f 6562//33 3745//8 670//8
f 2789//15 4456//308 11291//308
f 11686//33 5428//8 11685//8
f 11781//56 4849//18 12972//18
f 4194//302 251//166 10273//314
f 13249//175 285//176 7228//175
f 12693//12 4720//7 2479//7
f 6323//33 5038//8 2360//8
f 3812//15 558//11 12243//16
f 6523//18 6511//19 6509//19
f 239//189 4202//347 12614//189
f 1847//2 7599//17 1841//17
f 612//17 11016//27 13133//27
f 8789//31 4413//22 2752//22
f 13259//20 4654//21 2608//21
f 6364//2 4961//66 2293//66
f 2758//23 7710//56 11281//56
f 11506//6 10865//7 11504//7
f 8893//320 10078//87 10079//320
f 6423//18 7841//19 11845//19
f 6396//24 6430//25 6422//25
f 6408//33 4941//33 2278//33
f 11711//12 5156//6 9496//6
f 13113//12 3945//6 416//6
f 9250//348 10027//144 10026//329
f 9485//47 12481//23 2221//23
f 1809//17 13166//24 1810//24
f 5838//6 12319//7 1654//7
f 9442//12 5485//6 1838//6
f 11699//11 10836//12 9477//12
f 2348//11 5029//73 2340//73
f 12616//44 217//349 271//44
f 711//2 8266//17 712//17
f 569//32 6017//1 571//1
f 1720//12 13160//7 1721//7
f 10330//16 3814//15 3816//11
f 350//17 8495//24 338//24
f 9513//32 5398//1 2089//1
f 11878//27 12565//24 11879//24
f 11649//32 12298//26 5989//26
f 13093//11 3786//73 7295//73
f 11536//32 10507//1 5757//1
f 2037//22 6250//33 6248//33
f 2549//7 8009//155 8643//155
f 834//8 3537//21 835//21
f 512//7 12851//22 7375//22
f 5947//24 10445//47 5948//47
f 7088//45 11114//243 10176//243
f 10284//6 3600//7 10286//7
f 8512//47 3782//47 10307//47
f 391//11 11024//12 7139//12
f 9718//12 8317//7 796//7
f 3077//23 1344//23 1346//23
f 5998//17 7538//24 5997//24
f 11846//39 4934//16 6433//16
f 11777//20 4831//21 11771//21
f 11801//33 10765//8 11799//8
f 5957//2 9393//66 5951//66
f 1572//7 5707//155 1573//31
f 5988//47 5178//23 9415//23
f 12920//7 10462//31 12929//31
f 2366//17 12482//24 11797//24
f 12795//150 12059//151 12058//150
f 6389//19 12346//30 2331//30
f 2288//32 4968//1 2290//1
f 9542//22 57//22 9541//22
f 12149//33 4524//8 13213//8
f 12732//73 8753//73 8751//73
f 1645//130 5624//344 1646//344
f 12745//47 8321//23 7291//23
f 11716//8 7520//20 11714//20
f 9140//32 8070//1 9487//1
f 9488//24 12470//25 12957//25
f 2035//12 11763//6 9564//6
f 1274//19 3103//30 13038//30
f 2699//23 9217//56 8795//56
f 579//33 3597//8 580//8
f 1861//2 5507//17 12944//17
f 2705//11 10480//12 2706//12
f 3092//26 195//26 3091//26
f 12231//24 3592//47 12229//47
f 9422//33 5206//8 9417//8
f 10289//39 12579//16 10291//16
f 12052//123 4353//350 1500//350
f 2931//26 188//26 2941//26
f 11475//17 5289//24 11639//24
f 6117//2 9480//66 6119//66
f 1549//8 5680//20 1550//9
f 13026//11 12527//73 11864//73
f 2028//17 5333//27 2029//27
f 967//23 6163//56 6161//56
f 714//17 8245//24 715//24
f 4255//256 215//351 281//256
f 4147//153 113//150 7071//153
f 2869//15 7871//73 11238//308
f 1689//255 2878//300 1690//300
f 9744//5 6533//5 11898//5
f 5790//27 13161//24 1716//24
f 2717//47 4580//23 2718//23
f 1728//8 5572//33 10490//8
f 13001//8 12570//21 800//21
f 1237//2 6725//26 12015//1
f 5967//19 5522//30 1872//30
f 11577//352 5697//15 1579//15
f 6472//18 11002//30 12997//30
f 1012//32 3443//1 1022//1
f 645//12 6544//6 646//6
f 6567//7 12540//22 683//22
f 8573//33 4637//33 2597//33
f 2209//27 11844//27 2220//27
f 9761//11 12546//12 645//12
f 11640//18 12278//30 9392//30
f 2560//32 10896//1 2561//1
f 13010//8 10960//33 8256//8
f 8706//5 2860//5 2866//5
f 724//7 11907//31 9736//31
f 656//27 8251//24 662//24
f 1266//12 3102//7 1267//7
f 1537//32 12364//26 1538//26
f 13261//7 10797//22 2574//22
f 2508//31 12453//22 12697//22
f 6455//33 10886//8 834//8
f 6526//56 9742//56 6530//56
f 6629//6 3454//7 1002//7
f 577//8 12560//21 607//21
f 2447//19 6302//19 6300//19
f 7118//33 13156//8 7120//8
f 1804//2 13167//17 1798//17
f 1752//7 12314//31 11676//31
f 10220//32 3956//1 10357//1
f 13146//56 7400//56 7398//56
f 7322//56 12613//18 555//18
f 2457//11 4899//73 2454//73
f 9256//8 10482//22 5535//8
f 2608//21 10675//1 2616//1
f 9706//6 8282//6 9708//6
f 10972//5 394//5 7160//5
f 11725//39 7433//16 6190//16
f 683//22 11438//33 684//33
f 661//18 10962//30 644//30
f 7377//11 11021//12 425//12
f 9109//23 5523//56 1871//192
f 13019//39 11384//16 13021//16
f 1724//19 13159//30 1725//30
f 1811//18 10539//30 1812//30
f 9515//6 5366//7 2060//7
f 1048//33 10919//8 11928//8
f 12623//353 7068//71 7067//353
f 6094//6 5059//7 2183//7
f 1539//27 4367//24 11612//24
f 6328//8 3359//20 936//20
f 1583//18 5698//129 1578//129
f 9661//21 12410//68 11830//68
f 9371//2 9363//66 9361//66
f 10125//23 7056//23 8858//23
f 9186//11 1726//16 5574//16
f 2286//56 12494//18 2281//18
f 1743//23 5774//56 5772//56
f 1808//6 10542//6 9430//6
f 11472//56 10401//18 2083//18
f 11919//23 3739//56 9246//56
f 7370//2 12608//17 518//17
f 6268//56 12430//18 2405//18
f 2247//33 10753//8 6414//8
f 7315//47 3826//23 544//23
f 7313//17 3828//27 542//27
f 13014//2 3413//17 13015//17
f 9477//12 9482//6 6113//6
f 1830//21 10504//1 6018//1
f 6001//32 7529//1 1901//1
f 6572//17 10966//27 9769//27
f 2621//22 7824//33 8597//33
f 12250//2 3874//66 497//66
f 8586//20 12445//21 8637//21
f 5758//130 5533//344 9254//344
f 5823//39 7549//16 1624//16
f 2282//39 4960//16 2283//16
f 9519//27 5343//24 12967//24
f 12950//2 10524//66 12949//66
f 1053//16 8933//134 2908//11
f 11444//33 5643//8 1656//8
f 10341//5 476//5 480//5
f 7389//8 7392//20 7390//20
f 7590//2 1717//1 10492//1
f 12971//8 10771//21 2433//21
f 2095//11 6180//73 6178//73
f 1632//56 7553//18 5821//18
f 514//11 3848//12 516//12
f 400//17 3968//27 401//27
f 6277//2 12432//17 2384//17
f 2718//23 4582//56 2719//56
f 2279//21 8124//1 9672//1
f 10218//56 3958//56 412//56
f 1597//26 7668//66 12901//66
f 11871//32 7015//1 12886//1
f 716//33 10991//33 13003//33
f 12883//6 5163//7 9503//7
f 989//19 8159//30 12916//30
f 9721//17 13000//27 11884//27
f 2188//8 5058//21 2189//21
f 9158//47 10780//23 2543//23
f 636//11 9210//16 3772//11
f 886//8 3363//20 887//20
f 11239//6 4527//7 12147//7
f 7779//261 260//354 7214//261
f 2002//31 13150//22 12965//22
f 12541//2 697//1 3713//1
f 11112//50 10180//184 10181//50
f 1622//33 10471//33 1621//33
f 811//8 12569//21 11511//21
f 486//32 11037//1 12248//1
f 11482//56 10789//56 12677//56
f 1662//56 5638//18 1663//18
f 1735//19 5579//30 1736//30
f 1523//355 7719//81 5918//81
f 6003//21 5231//1 6004//1
f 1711//56 9268//56 5779//56
f 1713//30 10493//16 1714//16
f 13010//8 6552//20 653//20
f 13280//33 4509//8 8745//8
f 667//7 3746//31 668//31
f 12897//27 5701//24 1581//24
f 2635//39 4686//16 2636//16
f 563//56 8418//18 7335//18
f 1691//221 5538//82 1692//82
f 3084//15 191//15 3082//15
f 2637//22 4681//33 2638//33
f 7776//356 259//357 258//356
f 6757//30 12830//16 6756//16
f 735//19 10974//30 728//30
f 7131//56 11131//18 372//18
f 12927//73 5979//73 5977//73
f 1693//11 11532//73 11538//73
f 6146//21 12302//1 6141//1
f 11869//8 11005//20 11870//20
f 2196//22 8083//33 9129//33
f 1604//8 7670//20 11593//20
f 2759//19 4406//30 8764//30
f 11654//58 5201//18 11656//18
f 11311//33 4608//8 2739//8
f 11778//33 4832//33 11776//33
f 6007//39 12304//16 11658//16
f 9396//31 7504//22 11641//22
f 12241//2 11063//17 8510//17
f 9426//24 5195//47 1896//47
f 2253//11 11832//73 2242//73
f 2677//22 8558//33 8556//33
f 5983//27 7616//27 9413//27
f 4167//358 2007//359 9555//358
f 928//23 6385//56 6383//56
f 11332//15 1368//15 3088//15
f 1712//19 12327//30 1713//30
f 8426//193 204//194 7245//193
f 2093//8 6208//20 6197//20
f 41//5 5//5 6//5
f 2603//23 12270//18 11172//18
f 4064//194 7094//89 58//194
f 835//21 12509//1 11862//1
f 2828//26 4489//66 2829//66
f 4174//208 151//265 150//208
f 1080//17 11372//24 6851//24
f 845//56 3533//18 846//18
f 11875//11 3652//12 11874//12
f 11495//11 2003//16 12276//16
f 1584//8 9332//20 5897//20
f 13048//5 1081//5 6853//5
f 4065//170 44//257 47//170
f 11541//2 5756//66 1703//66
f 2464//2 8676//66 8668//66
f 1736//30 7589//16 1740//16
f 1702//11 5545//12 1694//12
f 9283//2 5648//17 1660//17
f 2598//21 4643//1 2599//1
f 691//17 6519//27 6496//27
f 604//47 12581//47 13131//47
f 2961//22 1432//22 2960//22
f 1678//19 5654//19 1667//19
f 435//11 3920//73 13144//73
f 10658//187 304//360 306//187
f 12926//2 7469//66 12924//66
f 1530//361 4371//7 1540//7
f 1944//24 11621//47 11619//47
f 9370//18 7514//19 11629//19
f 12867//2 4839//66 2402//66
f 9383//6 10423//6 9395//6
f 5192//91 10468//92 5215//91
f 5949//56 5251//18 9370//18
f 5954//12 9369//6 5955//6
f 9375//33 11500//33 11631//33
f 11707//2 5139//66 9490//66
f 1543//32 10624//1 11603//1
f 5934//12 5271//6 5935//6
f 2298//5 12018//5 1164//5
f 8563//39 10725//16 8561//16
f 841//2 3536//17 842//17
f 12262//2 8371//66 12264//66
f 1749//8 5593//33 5595//8
f 2160//23 12462//56 9508//58
f 1035//11 8218//73 13013//73
f 866//11 6703//73 6701//73
f 12019//56 11796//18 10015//18
f 1832//47 7609//23 12935//23
f 11561//300 7572//221 1640//221
f 11890//2 3725//17 691//17
f 11775//24 4836//47 2404//47
f 11474//2 7465//17 11475//17
f 4171//222 148//122 147//222
f 3046//279 1439//283 2982//283
f 9365//11 12921//73 9366//73
f 1999//11 10420//12 2000//12
f 4294//362 13076//362 1298//362
f 9492//18 10826//19 11709//19
f 11624//39 13155//16 5953//16
f 11457//56 7653//18 1811//18
f 925//30 3331//16 13027//16
f 5863//32 10568//26 1562//26
f 9381//5 9382//5 1942//5
f 2959//22 1381//22 2953//22
f 2038//20 5334//21 2044//21
f 1964//21 12294//1 1965//1
f 9141//2 9506//66 9143//66
f 2197//31 8084//22 2196//22
f 2558//23 4791//56 2559//56
f 12746//8 4428//20 12152//20
f 1854//11 7622//73 11672//73
f 5858//361 5708//7 1572//7
f 2324//47 8104//23 2325//23
f 7099//5 9540//5 7097//5
f 8424//363 225//78 10260//363
f 4139//4 74//364 13104//4
f 1844//18 5489//30 1840//30
f 1870//20 10517//20 12938//20
f 5958//39 7515//16 5960//16
f 2086//32 5373//1 2087//1
f 1673//20 5658//21 1674//21
f 898//2 12534//17 899//17
f 2587//30 10680//16 2588//16
f 8750//5 12881//5 2857//5
f 1915//11 10433//73 9424//73
f 4124//365 7072//366 7073//365
f 1073//11 9982//73 6856//73
f 10153//23 10144//23 10142//23
f 1827//11 13162//12 1823//12
f 456//5 457//5 2327//5
f 9423//6 12290//7 9420//7
f 419//32 12585//1 420//1
f 2737//7 4607//155 2738//155
f 11929//11 3419//73 1036//73
f 12260//24 3925//47 449//47
f 10265//367 256//368 216//367
f 2083//18 10400//19 12866//19
f 1560//8 5695//20 1561//20
f 7273//32 3606//1 593//1
f 12767//30 7833//16 12768//16
f 1718//2 5793//66 1719//66
f 9720//2 12563//17 9721//17
f 798//26 10189//1 3569//2
f 1798//17 13168//24 1799//24
f 6048//30 5512//16 1853//16
f 804//30 12574//16 11855//16
f 8481//369 7896//370 10161//369
f 828//33 3541//8 829//8
f 9208//17 11007//27 9683//27
f 12028//33 3220//8 12026//8
f 6134//11 5157//12 11711//12
f 1810//24 7652//47 1815//47
f 5824//2 9279//66 1630//66
f 9414//18 10435//30 9114//30
f 6689//32 13223//1 861//1
f 9530//47 5407//23 2103//23
f 2734//11 4612//12 2735//12
f 872//32 8207//1 6684//1
f 5999//8 5202//20 6000//20
f 11822//11 8656//12 11819//12
f 2489//21 4728//1 2490//1
f 7449//2 4754//66 13272//66
f 3059//22 1365//22 3064//22
f 6842//11 3224//73 1169//73
f 7771//371 242//372 207//371
f 9626//32 4979//1 2306//1
f 3545//11 9681//16 10885//16
f 2503//21 4742//1 2504//1
f 1755//6 12315//7 1752//7
f 8461//340 13088//373 9125//340
f 11517//2 1757//1 5606//1
f 11886//30 3554//16 11887//16
f 11849//24 8131//47 11851//47
f 8673//17 10923//27 2467//27
f 841//2 30//26 12507//1
f 784//30 8291//16 9714//16
f 2299//8 4972//20 2305//20
f 6416//32 4923//1 9664//1
f 847//2 3523//17 9212//17
f 6115//8 5081//21 2215//21
f 9671//2 4946//66 2266//66
f 12615//115 271//44 270//115
f 11339//187 6964//188 7419//187
f 965//47 3504//23 967//23
f 2289//11 4966//12 2287//12
f 9877//6 10915//7 6456//7
f 1586//7 9327//31 5894//31
f 1784//39 7631//16 1785//16
f 1540//7 9336//31 9334//31
f 6432//11 4938//73 2258//73
f 1135//22 6820//33 6802//33
f 4076//301 11130//302 81//303
f 9212//17 3518//27 852//27
f 1842//24 7597//47 9440//47
f 2043//30 12281//16 2030//16
f 2201//20 5072//21 2202//21
f 1625//11 7578//73 1626//73
f 5941//32 10434//1 5940//1
f 6429//33 4949//8 2271//8
f 6055//39 5603//16 1753//16
f 2541//27 10782//27 2542//27
f 6436//19 12575//30 804//30
f 12697//22 8036//33 8682//33
f 9072//2 3938//17 446//17
f 9646//31 10870//22 2319//22
f 9906//19 11432//374 1246//374
f 2353//23 8100//18 6329//18
f 9637//22 4971//8 2299//8
f 3391//11 879//16 3356//16
f 6481//27 11003//24 9715//24
f 11089//3 13128//375 12624//3
f 1177//2 12775//17 6839//17
f 11910//2 8404//66 657//66
f 857//20 13221//21 867//21
f 11876//2 12995//66 11877//66
f 9899//2 13223//1 10948//2
f 2390//11 4828//73 2383//73
f 8686//21 10793//1 7448//1
f 2410//22 9572//33 9570//33
f 5963//12 5281//6 5964//6
f 920//2 3340//17 921//17
f 10459//2 5940//1 10434//1
f 11299//20 4575//21 11300//21
f 12275//11 6190//16 7433//16
f 11685//8 5427//21 1787//21
f 2140//11 5162//73 2141//73
f 4113//140 12116//376 12115//140
f 6258//23 5311//56 2020//56
f 2022//32 5329//1 2024//1
f 6677//2 8157//17 6681//17
f 6166//15 8348//73 6168//73
f 1807//31 10540//22 6014//22
f 1616//23 5741//56 1617//56
f 5149//15 1360//15 3069//15
f 2094//32 5390//1 2096//1
f 8428//22 203//22 7247//22
f 429//7 9071//31 7384//31
f 9875//11 3392//73 878//73
f 556//30 11068//16 12243//16
f 6693//8 6671//20 6665//20
f 7648//11 6008//16 10536//16
f 13130//56 3577//56 7282//56
f 9464//11 12339//12 1794//12
f 1590//24 5713//47 1591//47
f 9390//18 7467//30 9551//30
f 9161//32 7993//1 2527//1
f 2287//12 9662//6 6425//6
f 11370//15 10122//15 10137//15
f 2746//24 12399//47 12766//47
f 11712//11 3498//12 956//12
f 8807//22 4567//33 2693//33
f 2834//30 10616//86 2835//39
f 2697//27 7691//24 2698//24
f 733//24 3677//47 734//47
f 11927//17 3436//27 1025//27
f 1271//47 3099//23 1273//23
f 12030//39 3226//16 1173//16
f 546//30 3823//16 35//16
f 4103//373 13089//159 13088//373
f 2630//47 10691//23 8603//23
f 11304//21 12403//1 2703//1
f 8793//377 4433//23 11295//23
f 13145//30 8329//16 12166//16
f 12668//22 4653//33 2607//33
f 567//7 3817//31 547//31
f 2783//8 4447//10 2784//10
f 7120//8 7498//21 6003//21
f 8615//22 4778//33 2538//33
f 1002//7 3461//31 1001//31
f 8947//23 180//23 8944//23
f 6278//21 4855//1 2421//1
f 894//24 3377//47 896//47
f 977//19 12517//30 975//30
f 948//22 10877//33 6680//33
f 7367//32 11061//1 507//1
f 9266//20 10496//20 1710//20
f 1865//47 10515//23 9109//23
f 11519//18 11442//19 11520//19
f 1512//8 4387//20 1513//20
f 643//8 3776//33 11065//8
f 1047//47 11434//47 6591//47
f 846//18 3534//30 839//30
f 12916//30 3483//16 986//16
f 4075//97 43//190 4073//190
f 2055//2 5351//66 2056//66
f 930//32 13229//1 932//1
f 2147//32 5176//1 2148//1
f 9059//56 10437//18 9390//18
f 873//6 10908//7 6698//7
f 39//47 4016//76 4015//25
f 11771//21 4841//1 2407//1
f 8510//17 3781//27 8511//27
f 1//23 12358//56 10194//56
f 8532//33 4696//8 2652//8
f 8785//27 4425//27 8787//27
f 11840//33 7959//8 11838//8
f 11300//21 4589//1 2714//1
f 11656//18 10464//30 5995//30
f 2721//31 4595//22 9222//22
f 8498//106 2009//378 12455//106
f 11905//32 10989//1 730//1
f 12016//11 6837//73 6826//73
f 528//47 11050//23 529//23
f 952//30 12499//16 12952//16
f 722//11 3687//73 723//73
f 2145//39 5165//16 2146//16
f 11563//255 7573//300 11561//300
f 2576//21 4629//1 8592//1
f 565//30 3801//16 10330//16
f 9397//11 9386//73 9384//73
f 947//31 12500//22 948//22
f 4056//379 12101//342 12100//380
f 3444//11 1010//16 3445//16
f 2384//17 12431//24 6345//24
f 998//8 8196//22 3478//8
f 2761//15 12207//73 11283//73
f 11480//6 4623//7 2582//7
f 6645//2 3452//17 1015//17
f 1592//18 7672//19 11596//19
f 2486//30 10821//16 2487//16
f 12836//381 1004//1 3458//1
f 2657//2 4692//66 2658//66
f 980//2 3475//66 981//66
f 8537//24 4690//23 2660//23
f 6479//2 9717//66 6480//66
f 1009//39 3445//16 1010//16
f 1843//56 5488//18 1844//18
f 13287//31 4566//22 8807//22
f 1651//11 5645//73 1653//73
f 8554//6 4693//7 2650//7
f 1932//33 7490//33 9353//33
f 2015//23 5316//56 9552//56
f 13250//324 7067//353 7069//324
f 5919//27 4395//382 1522//382
f 5909//19 11610//19 9339//19
f 4098//383 9126//339 13079//383
f 12450//11 2653//16 10813//16
f 12941//32 5509//1 1860//1
f 9263//11 5568//12 1720//12
f 868//6 10909//7 869//7
f 836//11 3526//12 12986//12
f 6577//33 3429//8 1030//8
f 13056//384 6889//345 12233//384
f 3417//11 6583//16 10918//16
f 10663//150 298//385 290//150
f 692//47 3723//47 693//47
f 2422//2 4853//66 9575//66
f 726//8 8272//20 729//20
f 2564//6 4814//7 13261//7
f 1039//32 3416//1 1040//1
f 13014//2 1044//386 12524//1
f 10306//27 3579//24 12231//24
f 5989//26 5975//66 5973//66
f 831//11 8308//73 12983//73
f 1959//21 13154//1 1960//1
f 4246//282 222//387 221//282
f 9770//47 3738//23 11919//23
f 1522//382 7717//149 1521//149
f 13116//7 8387//31 7199//155
f 713//2 3711//17 714//17
f 6289//56 10770//18 2427//18
f 12958//58 12468//18 2120//18
f 10312//2 8713//17 7313//17
f 13035//18 3367//19 883//19
f 8700//91 5275//91 9196//91
f 1528//58 10628//18 1541//18
f 1781//24 5433//25 1782//25
f 6107//17 5054//24 11466//24
f 820//47 8301//47 11858//47
f 9579//24 4848//47 11780//47
f 5134//91 5135//91 5208//91
f 7767//157 6748//362 6991//157
f 3401//11 864//15 885//16
f 778//5 780//5 770//5
f 9771//11 10951//73 9773//73
f 1581//24 5700//47 1582//47
f 9697//11 13300//12 9698//12
f 13225//2 6684//1 8207//1
f 916//30 3323//16 917//16
f 7603//2 6018//1 10504//1
f 9819//47 3448//47 1018//47
f 6264//39 4858//16 9156//16
f 9569//6 7966//6 9567//6
f 973//11 3464//73 974//73
f 1707//31 12328//22 1708//22
f 3327//2 938//1 3380//1
f 11264//18 12402//129 12729//129
f 7207//39 13253//15 349//15
f 2085//56 5375//18 2064//18
f 9527//6 5379//7 2069//7
f 1559//7 9834//31 12914//31
f 2568//19 10513//19 8635//388
f 9392//30 10421//16 9391//16
f 11158//11 4684//73 2633//73
f 2073//8 5399//20 2075//20
f 8073//2 2216//1 5080//1
f 7992//2 2527//1 7993//1
f 6668//23 3332//56 924//56
f 2589//11 4630//73 2583//73
f 6944//22 1367//22 3068//22
f 6644//32 3458//1 1004//1
f 5952//11 5264//12 5933//12
f 12976//11 8136//12 12982//12
f 4727//2 2490//1 4728//1
f 3394//15 9875//11 11968//16
f 12953//39 8093//16 13302//16
f 6778//32 3185//1 1201//1
f 851//30 3528//16 849//16
f 869//7 3386//31 856//31
f 1029//7 3430//31 1034//31
f 892//2 13222//1 12535//2
f 8860//246 6957//313 10077//246
f 6257//24 5310//23 6258//23
f 2052//11 5338//12 2035//12
f 2213//11 12472//12 2212//12
f 2268//31 4948//31 2270//31
f 9901//23 10930//56 9903//56
f 11639//24 2881//47 11637//47
f 4087//64 80//65 79//64
f 1237//2 3156//66 1238//66
f 12874//11 2097//16 5384//16
f 1778//7 5430//31 11687//31
f 9297//73 9783//12 1569//12
f 907//33 12528//8 886//8
f 1680//7 10482//22 9255//22
f 9953//39 3232//16 1150//16
f 6106//2 5055//17 6107//17
f 1812//30 10536//16 6008//16
f 4854//2 2421//1 4855//1
f 889//39 13228//16 11968//16
f 11234//26 4521//66 2861//325
f 9378//27 12287//24 9387//24
f 2189//21 5057//1 2190//1
f 2412//6 4846//7 2411//7
f 1663//18 5639//19 1664//19
f 2079//24 5377//47 2080//47
f 9199//11 5358//73 2059//73
f 1744//32 5591//1 1745//1
f 10769//11 9584//16 10807//16
f 8467//366 13087//251 7072//366
f 2077//39 5396//16 2076//16
f 6603//7 11936//31 1061//31
f 1542//30 4374//15 9344//15
f 9192//22 9639//33 2334//33
f 432//30 12597//16 7378//16
f 2193//11 5060//73 2184//73
f 2175//23 8050//56 9466//192
f 1949//39 7512//16 5945//16
f 344//32 12643//26 345//26
f 13050//2 11398//17 1122//17
f 1179//47 9022//47 9975//47
f 2100//73 10535//73 11746//73
f 1084//18 11377//19 1066//19
f 1055//39 3408//16 1053//16
f 1071//39 11767//16 1072//16
f 1534//7 10584//202 11608//202
f 6559//30 10957//16 649//16
f 3700//2 710//1 12557//1
f 946//21 8155//1 6676//1
f 1079//2 3311//1 3310//2
f 2841//47 4496//23 2842//23
f 10015//18 3233//19 1149//19
f 1114//22 3273//33 1116//33
f 3282//11 1101//16 12810//16
f 1104//2 8956//17 1108//17
f 9855//23 10880//56 9843//56
f 1015//17 3446//27 1016//27
f 1196//18 12828//30 6757//30
f 2386//58 7978//18 2387//18
f 2445//24 12426//23 2446//23
f 695//11 6517//73 6504//73
f 323//39 4029//15 325//15
f 2005//22 5309//8 2021//8
f 2343//2 8094//17 2341//17
f 6582//30 10918//16 6583//16
f 2121//39 10832//16 13303//16
f 1657//21 12318//1 1658//1
f 504//31 10352//31 7362//31
f 10293//17 3583//27 12744//27
f 824//32 12507//1 10200//1
f 2836//6 12418//6 2826//6
f 2529//27 12443//24 2530//24
f 544//23 3825//56 545//56
f 2221//23 10843//18 12955//18
f 1162//24 3237//47 1163//47
f 1083//56 11376//18 1084//18
f 9957//30 3242//16 1147//16
f 1141//33 13297//8 6824//8
f 2501//18 4738//19 2502//19
f 1068//27 3303//27 1085//27
f 1215//47 3180//47 1217//47
f 3277//2 1120//1 3278//1
f 4335//362 6616//389 6748//362
f 9184//39 8122//16 9625//16
f 11222//11 4743//12 2497//12
f 2399//39 7971//16 2400//16
f 2169//21 8052//32 6100//32
f 4277//390 293//209 294//390
f 11972//16 12536//11 9872//11
f 6421//58 4926//18 6423//18
f 6607//21 3311//1 1064//1
f 11797//24 2883//47 2344//47
f 2341//17 5026//24 2342//24
f 9188//11 10872//12 6361//12
f 12378//372 243//391 242//372
f 2444//27 12425//24 2445//24
f 9604//11 5015//73 2354//73
f 7429//392 7225//393 7223//392
f 426//7 9095//31 10362//31
f 12930//33 7537//8 5999//8
f 1094//32 13298//1 1102//1
f 4093//167 13101//394 12120//167
f 2497//12 4734//6 2494//6
f 10637//395 1326//396 12092//395
f 1175//32 3218//1 1176//1
f 1569//12 5686//7 1570//7
f 10650//389 6617//321 6616//389
f 9182//18 4957//19 2277//19
f 1836//20 7595//21 1845//21
f 1095//17 11428//27 9986//27
f 1985//5 759//5 806//158
f 2471//30 4717//39 2472//39
f 1130//21 3254//68 9946//68
f 8984//11 1147//16 3242//16
f 2409//20 10774//21 6278//21
f 6078//73 7642//73 6080//73
f 12968//23 5341//56 2042//56
f 505//33 13244//8 506//8
f 518//17 8396//24 519//24
f 2241//31 7958//31 2239//31
f 1154//2 1128//26 8937//1
f 1153//7 8976//31 6835//31
f 810//17 3567//24 812//24
f 1674//21 5664//1 1675//1
f 1654//7 5641//31 1655//31
f 1051//2 9784//66 6594//66
f 7052//15 7028//15 7030//15
f 9976//7 3221//31 1171//31
f 6349//56 8148//18 2301//18
f 1132//397 8999//17 1134//17
f 465//32 3941//1 467//1
f 1108//17 3287//27 1109//27
f 821//56 6439//56 822//56
f 1123//47 3270//23 1124//23
f 1124//23 3269//56 1125//56
f 11568//20 5622//20 1643//20
f 6459//23 9709//56 6460//56
f 3216//398 1177//2 1176//1
f 4151//199 88//118 159//199
f 6069//47 5423//23 1771//23
f 12870//31 12439//22 2524//22
f 9621//7 4819//31 2381//31
f 9169//21 5036//1 2363//1
f 1052//27 12520//24 6585//24
f 9114//30 7502//16 9115//16
f 10301//8 7301//20 7299//20
f 4245//387 7264//311 222//387
f 2356//33 12486//8 2349//8
f 4304//399 1286//128 1285//399
f 11829//66 10756//17 11826//17
f 949//20 8156//21 946//21
f 2309//12 10869//6 2310//6
f 2117//11 5143//73 2118//73
f 8744//318 4499//12 10191//12
f 2682//12 12405//7 2679//7
f 9860//21 11418//1 9837//1
f 1198//20 9009//20 1200//20
f 11991//32 12832//1 6743//1
f 6771//27 11412//24 1224//24
f 13036//30 3356//16 879//16
f 6766//11 12830//16 9795//11
f 836//11 3528//16 3527//11
f 9847//31 12827//22 6768//22
f 8874//213 1477//400 6890//401
f 4295//402 12086//29 12085//211
f 1194//47 3197//23 1195//23
f 2194//2 5067//66 2195//66
f 12925//27 10436//24 9057//24
f 842//17 3529//24 843//24
f 2672//2 7865//66 12650//66
f 2459//24 4888//23 2460//23
f 12763//21 4617//1 2743//1
f 6290//2 8030//66 6293//66
f 2676//20 10571//21 2683//21
f 11914//32 3743//1 32//1
f 6192//31 5411//22 2107//22
f 8552//11 4699//73 2648//73
f 2210//33 10835//8 6115//8
f 670//8 3744//20 671//20
f 12299//2 2148//1 5176//1
f 888//11 3347//73 890//73
f 2470//19 10804//30 2471//30
f 6768//22 3206//33 6769//33
f 11980//18 9007//19 11995//19
f 1862//32 5519//26 1863//26
f 5867//15 9312//73 9304//73
f 1281//18 13290//30 13039//30
f 1074//6 8961//7 1075//7
f 1742//12 5585//6 21//6
f 1272//33 3098//8 11989//8
f 2521//12 7994//6 2523//6
f 11988//6 11409//7 1218//7
f 11406//11 1208//16 9008//16
f 11989//8 8846//20 1275//20
f 13031//2 3174//66 1205//66
f 1601//27 5723//24 1605//24
f 4158//310 12122//197 10148//310
f 12005//2 3185//1 9025//2
f 9938//33 3178//33 1210//33
f 3250//91 8895//91 8979//91
f 1255//22 9032//33 11982//33
f 13025//11 3442//73 1007//73
f 12230//18 3587//19 10290//19
f 2619//2 7818//17 2620//17
f 4559//11 8561//16 10725//16
f 680//6 12539//7 6567//7
f 12944//17 5498//27 1856//27
f 2273//31 4942//31 2272//31
f 2004//31 5306//22 2005//22
f 2627//20 7517//21 2628//21
f 1006//11 3455//73 1003//73
f 1239//24 9049//47 6728//47
f 4299//196 12698//403 9929//196
f 1929//11 5272//12 5934//12
f 2650//7 4694//155 2651//155
f 1221//11 11411//73 1222//73
f 11289//74 4448//8 2783//8
f 1195//23 12829//18 1196//18
f 1097//2 3141//1 3132//2
f 6766//11 3207//12 6767//12
f 1254//31 3126//22 1255//22
f 905//17 10933//27 11974//27
f 1127//318 11397//12 1138//12
f 2435//24 4861//47 2436//47
f 1096//47 3137//47 1098//47
f 6744//2 9040//66 1278//66
f 11710//39 10824//16 6133//16
f 854//19 3521//30 851//30
f 1490//18 4356//30 1491//30
f 6740//5 2509//5 2510//5
f 11627//21 5247//1 11638//1
f 2515//56 4752//18 2516//18
f 7117//2 2896//17 2895//2
f 2868//39 4529//15 2869//15
f 2342//24 5020//23 2353//23
f 1207//39 9008//16 1208//16
f 2520//11 7996//12 2521//12
f 11874//12 8295//7 6476//7
f 1605//24 5724//47 1606//47
f 2473//12 4715//6 2474//6
f 2262//5 2263//5 2233//5
f 2388//39 10762//16 2389//16
f 1167//2 8978//66 9968//66
f 12662//20 4626//21 2576//21
f 6796//11 3163//73 6797//73
f 875//33 3382//8 863//8
f 2505//2 12457//17 8678//17
f 2512//30 8001//16 2511//16
f 12165//11 3953//12 13113//12
f 8487//79 72//105 7101//79
f 13110//12 11032//7 393//7
f 2411//7 13199//22 2410//22
f 1180//56 3211//18 1181//18
f 6866//23 12033//56 1087//56
f 2212//12 8076//7 9132//7
f 532//32 8384//1 10311//1
f 3023//294 10141//109 12051//294
f 2430//11 10768//73 2426//73
f 2591//17 4634//24 12659//24
f 2350//32 5012//1 2352//1
f 2626//39 7817//16 2625//16
f 2590//2 4641//17 2591//17
f 11799//8 10763//20 2391//20
f 12933//19 13165//30 6020//30
f 4786//11 2539//16 10799//16
f 1883//30 5188//39 1874//39
f 666//12 3747//7 667//7
f 2578//22 4625//33 2577//33
f 395//32 11029//1 12162//1
f 8647//24 13204//23 2558//23
f 9679//7 8303//31 9677//31
f 1765//297 13164//26 12947//26
f 746//22 8262//8 744//8
f 12771//22 6981//22 6983//22
f 1028//6 11435//7 1029//7
f 2427//18 9595//19 2428//19
f 1957//5 1958//5 1795//5
f 2914//11 1261//404 6731//16
f 761//39 8297//16 6465//16
f 4422//91 4419//91 10582//91
f 1090//11 3129//73 1091//73
f 6746//11 3116//12 1266//12
f 1769//19 5421//30 1773//30
f 9043//2 1257//1 11425//1
f 1491//30 13181//16 1494//16
f 370//33 3999//8 13119//8
f 5946//11 12288//12 5954//12
f 2067//11 5380//73 2068//73
f 1500//350 7737//20 7128//20
f 12428//11 2252//16 13197//16
f 13279//21 13195//26 2828//26
f 2275//56 8129//18 9182//18
f 12904//265 10045//405 1460//265
f 910//19 10931//30 13036//30
f 8854//22 185//22 11371//22
f 7580//11 1624//16 7549//16
f 5869//26 5702//66 1575//66
f 2933//23 12114//23 8852//23
f 12741//47 4409//23 2758//23
f 4156//406 10147//309 10149//406
f 3083//26 189//26 3085//26
f 9254//344 5530//247 1687//247
f 1268//2 11424//17 1269//17
f 10792//407 11097//408 67//408
f 396//11 3965//12 13110//12
f 2935//26 7045//26 7742//26
f 2397//31 4833//31 2395//31
f 1142//47 2912//47 1143//47
f 67//408 4202//347 237//347
f 1161//27 3236//24 1162//24
f 11093//72 12117//139 10146//72
f 12477//2 2203//1 5071//1
f 756//32 12554//1 6467//1
f 10792//407 4106//409 4105//407
f 2799//7 4470//155 2797//155
f 1620//6 5737//6 1609//6
f 11088//375 245//364 13128//375
f 11077//37 12128//55 12220//37
f 3601//91 5232//91 3603//91
f 558//11 11069//12 553//12
f 1076//20 12807//21 6846//21
f 747//31 3673//22 746//22
f 4189//410 4211//91 4187//91
f 4134//306 7064//290 7066//306
f 1873//73 7618//73 11645//73
f 1232//39 13299//16 1233//16
f 581//11 3612//73 583//73
f 8503//60 116//411 12135//60
f 8657//21 4707//68 2465//68
f 11690//30 5455//16 1796//16
f 12787//115 1461//43 12061//115
f 12043//11 3279//12 12044//12
f 718//18 8270//19 7127//19
f 9798//8 3470//33 3472//8
f 13187//186 1318//112 1317//186
f 833//7 3532//31 844//31
f 9452//2 5604//66 1759//66
f 2940//26 172//26 2929//26
f 4257//412 7223//392 275//412
f 309//22 5097//22 224//22
f 663//56 12545//18 664//18
f 4216//341 7234//52 13120//341
f 1571//22 5688//8 1560//8
f 9528//32 5401//32 2110//32
f 8764//30 4417//15 2761//15
f 13252//44 7090//349 7972//44
f 226//23 5098//23 4281//23
f 6147//39 8349//15 6166//15
f 825//6 12505//7 6442//7
f 2729//23 7832//56 11319//56
f 365//39 4004//16 366//16
f 2172//19 13209//30 2171//30
f 1079//2 3305//17 1080//17
f 2756//17 4410//27 2757//27
f 768//33 8283//8 6488//8
f 2708//31 7834//22 2709//22
f 9674//2 4932//66 2264//66
f 4137//413 108//176 10151//175
f 7300//32 3789//1 7306//1
f 7191//24 4044//47 342//25
f 566//24 3804//47 554//47
f 315//24 12634//47 12201//25
f 8482//370 7897//215 7896//370
f 574//2 7327//66 7325//66
f 1587//33 10548//8 1584//8
f 2830//47 9195//23 2831//23
f 1737//27 12888//27 11550//27
f 9475//30 8089//16 6114//16
f 1851//6 5506//7 1850//7
f 10198//31 12156//31 10862//31
f 5148//26 12070//26 10829//26
f 2606//31 12389//22 12668//22
f 11566//22 5632//33 1636//33
f 4297//414 12087//210 1305//414
f 193//22 2928//22 3081//22
f 3086//23 167//23 166//23
f 471//11 3895//73 472//73
f 10019//11 7716//73 10021//73
f 1925//6 13153//7 12920//7
f 9729//21 3713//1 697//1
f 941//27 3337//27 927//27
f 2665//27 4534//24 2664//24
f 51//5 105//5 10143//5
f 6308//33 12422//8 6297//8
f 11643//20 5183//20 11648//20
f 726//8 3682//33 8271//8
f 3005//415 1428//416 1427//415
f 345//26 4036//66 346//66
f 2171//30 5120//39 2167//39
f 575//27 12854//24 566//24
f 357//33 11136//8 358//8
f 2700//19 10720//30 2701//30
f 863//8 3381//20 862//20
f 673//30 3750//16 672//16
f 6464//31 3664//22 743//22
f 8437//417 12100//380 7032//417
f 1615//24 5735//23 1616//23
f 5749//22 6103//33 6101//33
f 4204//106 209//378 208//106
f 10456//2 6141//1 12302//1
f 700//22 3718//33 701//33
f 4260//378 210//358 209//378
f 2623//6 4665//6 2622//6
f 9995//18 3284//19 1107//19
f 699//7 3719//22 700//22
f 632//18 3780//19 633//19
f 11223//2 2190//1 5057//1
f 4142//418 135//419 134//420
f 8911//153 12058//150 10081//153
f 9203//24 2885//25 2245//25
f 1502//6 10611//236 6895//236
f 8915//421 1417//203 1415//421
f 1780//27 10526//24 1781//24
f 2534//11 4785//12 2535//12
f 10365//2 3919//66 439//66
f 4287//422 7003//316 1312//422
f 4170//198 7032//417 158//198
f 9416//24 5190//25 11651//25
f 6082//5 1774//5 1766//5
f 2259//32 4940//1 2261//1
f 1963//27 12296//24 5947//24
f 8779//39 4438//15 2781//15
f 2339//7 5016//155 2337//155
f 12223//423 1414//226 6899//424
f 4882//91 3909//91 5009//91
f 11365//15 187//15 2942//15
f 9211//5 2790//5 10//5
f 369//24 4000//47 371//47
f 9838//2 11957//17 1193//17
f 7046//21 3278//1 1120//1
f 1049//56 3422//18 1050//18
f 13292//88 10028//304 10030//88
f 7162//47 3959//47 411//47
f 2243//2 4921//66 2236//66
f 491//74 12850//8 492//8
f 3037//96 1475//425 10008//96
f 1875//6 5186//6 1876//6
f 2064//18 5374//19 2065//19
f 741//12 3672//6 742//6
f 11350//133 1421//426 1457//133
f 347//18 4048//19 348//388
f 4574//91 4568//91 4656//91
f 427//33 13238//8 13112//8
f 10615//336 1299//427 1340//336
f 7395//32 3913//1 459//1
f 8910//428 6902//181 1421//426
f 1881//5 6082//5 1880//5
f 6143//27 13211//24 6137//24
f 1242//148 3147//80 1243//80
f 10651//429 291//263 273//429
f 915//19 11382//30 916//30
f 4293//396 1323//171 1326//396
f 606//12 8274//7 605//7
f 2295//24 4974//47 2300//47
f 536//31 3834//22 537//22
f 1240//56 9047//18 6795//18
f 16//5 7057//5 17//5
f 10944//91 10928//91 3369//91
f 4218//97 264//190 8449//190
f 4128//430 7102//262 115//430
f 11328//110 6908//113 1473//110
f 2315//2 6379//66 6371//66
f 1137//31 3262//22 1135//22
f 10207//2 8517//66 7145//66
f 2709//22 4576//33 2710//33
f 4168//378 9555//358 2009//378
f 375//39 13256//16 373//16
f 1158//33 8974//8 1156//8
f 12935//23 7607//56 1824//56
f 1820//22 7604//33 1819//33
f 1230//33 3162//8 1231//8
f 9238//11 1714//16 10493//16
f 2683//21 12404//1 2684//1
f 430//12 3928//7 431//7
f 813//33 3559//8 811//8
f 11696//31 5126//22 5749//22
f 380//27 8513//24 381//24
f 4327//431 1288//185 13044//334
f 4307//22 1307//22 1294//22
f 48//22 11117//22 12137//22
f 10363//56 3933//56 443//56
f 11953//2 3328//17 935//17
f 12257//24 3931//47 442//47
f 783//19 8290//30 784//30
f 1256//20 3124//21 9913//21
f 1211//21 9003//1 13032//1
f 2932//15 177//15 2930//15
f 2580//56 4621//56 2579//56
f 6488//8 9713//20 788//20
f 3695//91 3696//91 3551//91
f 2660//23 4697//56 2661//56
f 381//24 8514//47 382//47
f 2524//22 10787//8 9159//8
f 63//23 4345//23 42//23
f 9779//18 3435//30 11951//30
f 2168//6 5127//6 2176//273
f 2855//352 10719//15 8748//15
f 4125//259 122//432 10155//259
f 1000//8 3459//20 1005//20
f 12960//20 12464//20 9501//296
f 4119//118 87//249 88//118
f 12372//433 4341//434 1341//435
f 1775//6 5418//6 1767//6
f 2954//272 1431//436 1430//272
f 611//2 11017//17 612//17
f 327//31 4018//155 319//155
f 2092//33 5392//8 2093//8
f 8902//327 6968//437 12077//327
f 11511//21 3564//1 817//1
f 968//19 3507//30 952//30
f 2493//33 4736//33 2492//33
f 12497//2 2306//1 4979//1
f 13059//114 12061//115 1453//114
f 7928//91 4493//91 4483//91
f 1031//32 12524//1 1033//1
f 12955//18 5092//19 2217//19
f 4155//254 10149//406 127//254
f 643//8 3770//20 639//20
f 665//11 3748//12 666//12
f 1113//31 3274//22 1114//22
f 10066//5 6950//5 12075//5
f 8864//113 1442//438 6908//113
f 12797//227 10080//439 6900//227
f 12267//440 1332//312 1325//440
f 660//56 11066//18 661//18
f 2937//91 11364//441 2924//91
f 1152//6 11388//7 1153//7
f 8971//91 3109//91 6742//91
f 10335//5 573//5 10334//5
f 1679//6 5527//7 1680//7
f 11118//90 47//170 7095//90
f 1234//32 12015//1 6724//1
f 4261//442 207//371 206//442
f 2321//21 4993//1 2322//1
f 441//33 12601//8 7389//8
f 3078//15 194//15 3079//15
f 11290//7 4454//155 2785//155
f 7790//368 257//275 256//368
f 1863//26 5518//66 1864//66
f 809//2 12571//17 810//17
f 10239//11 4013//73 355//73
f 2013//27 7460//24 6231//24
f 1565//23 13173//18 1568//18
f 2401//11 4842//73 2398//73
f 10653//354 258//356 260//354
f 1816//21 7650//1 6028//1
f 6401//23 4903//56 6403//58
f 2150//27 12300//24 2151//24
f 1481//22 2944//22 1343//22
f 2919//23 1342//23 2946//23
f 2595//7 4636//31 2596//31
f 8120//11 2283//16 4960//16
f 12396//2 2703//1 12403//1
f 1485//15 2926//15 1486//15
f 1155//27 8996//24 1157//24
f 10678//2 2616//1 10675//1
f 10632//127 1303//330 1302//127
f 7775//357 247//443 259//357
f 9654//31 13198//22 2232//22
f 2821//24 4476//25 2822//47
f 340//33 4042//8 341//8
f 5147//22 1371//22 3053//22
f 3045//444 1407//445 1406//444
f 2443//39 7946//16 2442//16
f 5914//33 4389//8 1512//8
f 2070//6 10404//7 2071//7
f 1144//18 12803//30 6815//30
f 9150//24 5378//47 2081//47
f 1262//11 8926//12 6736//12
f 12213//441 3093//91 3094//91
f 7944//2 9588//1 4883//1
f 1548//33 9832//8 1549//8
f 2101//6 5412//6 2108//6
f 1574//8 7676//20 5871//20
f 1647//247 5629//248 1648//248
f 11295//23 13179//56 12750//56
f 325//15 11153//12 10222//12
f 11678//32 5606//1 1757//1
f 4136//446 142//307 143//446
f 5482//11 6021//16 5483//16
f 445//8 3910//20 458//20
f 2230//19 10659//30 2231//30
f 2858//6 4512//7 2859//7
f 2795//58 10589//18 13285//18
f 1250//33 12835//8 1251//8
f 12619//53 12624//3 7233//53
f 1878//27 5177//27 1879//27
f 1943//27 12289//24 1944//24
f 3095//15 168//15 2938//15
f 2316//27 12495//24 2317//24
f 4270//447 10283//40 283//447
f 11455//83 233//274 7270//83
f 1563//27 6609//27 11582//27
f 1570//7 5687//22 1571//22
f 1608//39 12342//15 1599//15
f 1280//56 3106//18 1281//18
f 1568//18 12349//19 9299//19
f 2551//33 4794//8 2552//8
f 10649//322 1325//440 1324//322
f 11096//270 7073//365 7076//270
f 506//8 3865//20 508//20
f 2104//19 12872//30 2105//30
f 8907//206 1460//265 1447//208
f 5821//18 7548//19 1634//19
f 4262//35 206//442 218//35
f 2036//31 5336//22 2037//22
f 4631//11 2588//16 10680//16
f 4916//91 4915//91 4817//91
f 7316//22 3819//8 13138//8
f 4099//448 13079//383 10175//448
f 11139//11 373//16 13256//16
f 3070//26 1375//26 3071//26
f 9730//11 3702//73 703//73
f 5969//19 5180//30 1883//30
f 12566//11 740//15 3633//16
f 2178//20 5118//21 2169//21
f 11769//23 5339//56 2047//56
f 2162//19 5107//19 2163//19
f 6204//17 13149//24 9150//24
f 1593//39 13169//15 1594//15
f 9415//23 5179//56 1882//58
f 1564//47 13174//23 1565//23
f 2434//27 8028//24 2435//24
f 1552//27 5683//24 1555//24
f 10662//151 299//208 298//385
f 4228//152 289//153 287//152
f 5279//91 5298//91 3550//91
f 929//6 3354//7 909//7
f 12791//400 1478//295 1477//400
f 1567//39 5690//39 1566//39
f 748//20 10975//21 9747//21
f 580//8 3596//20 592//20
f 6005//18 5193//19 1908//19
f 2771//5 4//5 2765//5
f 1848//8 5502//20 1859//20
f 9398//22 5300//33 1990//33
f 12856//249 64//250 87//249
f 1585//32 5716//26 1588//26
f 1129//20 3251//21 1130//21
f 4086//341 146//52 160//341
f 2107//22 7447//33 11737//33
f 1594//15 9320//73 5884//73
f 10652//22 273//429 7226//22
f 754//19 12550//30 11899//30
f 3767//91 6570//91 3762//91
f 431//7 7404//31 7402//31
f 2936//22 178//22 2943//22
f 7425//449 1313//217 7012//449
f 1519//39 13183//15 1520//15
f 2723//5 2726//5 2707//5
f 9418//12 5207//7 18//7
f 3066//22 13063//22 8844//22
f 12379//92 10610//91 7764//91
f 2112//8 5131//20 2123//20
f 2170//66 13208//17 2173//17
f 11628//18 5250//19 1954//19
f 12626//160 130//450 132//160
f 4259//358 2039//359 210//358
f 4314//94 1327//451 1328//94
f 3028//91 3030//91 3024//91
f 3072//15 10058//15 3057//15
f 2458//27 12423//24 2459//24
f 2863//32 10550//26 11234//26
f 9159//8 4762//20 2526//20
f 1558//6 12350//7 1559//7
f 1760//24 5598//47 1761//47
f 2098//2 5387//66 2099//66
f 1596//32 5721//26 1597//26
f 1577//32 7674//26 5869//26
f 6090//11 7634//73 9457//73
f 6155//25 5109//23 2160//23
f 1749//8 5596//20 1758//20
f 4268//452 283//447 277//452
f 696//6 3720//7 699//7
f 1251//8 3142//20 1248//20
f 1694//12 5544//6 23//6
f 1845//21 10502//1 1846//1
f 3065//23 1369//23 3058//23
f 12840//91 5628//91 5691//91
f 513//21 12604//1 12253//1
f 2369//397 5047//397 2370//397
f 1613//26 7681//66 11590//66
f 1867//6 12931//6 11647//6
f 2516//18 4753//30 2512//30
f 4112//376 92//453 12116//376
f 13288//12 4565//6 2691//6
f 1588//26 5715//66 1589//66
f 1517//23 4380//56 1518//56
f 6466//11 3623//73 774//73
f 2670//32 4542//1 2671//1
f 9256//8 5534//20 1683//20
f 4172//230 154//231 152//232
f 2481//8 4723//21 2489//21
f 8683//11 12454//12 2507//12
f 3651//91 3653//91 8298//91
f 1165//21 11394//1 1166//1
f 7320//21 11075//1 10327//1
f 13022//11 10899//12 6623//12
f 1516//24 7738//23 1517//23
f 2106//20 5402//20 2109//20
f 2668//33 7893//8 2669//8
f 2862//24 2888//25 2865//25
f 2023//11 5327//12 2001//12
f 2111//17 5406//27 2102//27
f 2433//21 10773//1 6291//1
f 2155//27 5110//27 2159//27
f 3063//23 10053//23 3073//23
f 2371//24 5045//293 2373//23
f 11910//2 11436//1 8407//2
f 313//58 11140//18 7185//18
f 1136//32 8937//1 1131//1
f 7104//15 10603//12 2772//12
f 1868//31 10518//22 1869//22
f 1656//8 10475//21 1657//21
f 2455//39 4901//16 2456//16
f 1181//18 3210//19 1174//19
f 196//5 1372//5 13062//5
f 2569//39 4805//15 12684//15
f 5552//11 1701//16 5553//16
f 706//39 8268//16 7125//16
f 363//32 8522//1 376//1
f 349//15 7211//73 7209//73
f 1627//21 5617//1 1628//1
f 1709//33 12328//22 5558//33
f 9979//18 3134//19 1088//19
f 3051//26 1373//26 3052//26
f 2779//19 4439//19 2780//19
f 1595//6 10551//7 1586//7
f 9746//17 3656//27 752//27
f 2574//22 4811//33 2575//33
f 906//47 10934//23 9901//23
f 306//187 10667//121 10658//187
f 2173//17 6109//27 6092//27
f 2174//47 5123//23 2175//23
f 2763//6 4415//6 2764//6
f 1768//22 5416//33 1764//33
f 2158//32 12480//26 9497//26
f 2224//12 4911//6 2225//6
f 1779//6 5431//7 1778//7
f 705//39 10984//16 704//16
f 3572//11 11887//16 3554//16
f 1532//33 11882//8 1533//8
f 1931//20 5273//21 1964//21
f 7335//18 3793//30 565//30
f 1050//18 12522//30 6582//30
f 2532//19 10790//30 11195//30
f 4229//176 287//152 285//176
f 1763//27 5425//27 1772//27
f 1600//6 12345//7 5902//7
f 2772//12 4431//7 13107//7
f 4070//363 7100//78 62//454
f 351//6 4039//7 13116//7
f 839//30 10885//16 9681//16
f 3090//26 199//26 3089//26
f 12382//153 290//150 289//153
f 2157//6 5104//6 2164//6
f 2460//23 4889//18 2461//18
f 2251//39 13197//16 2252//16
f 8869//143 1434//168 6912//143
f 5750//22 5112//33 2166//33
f 2688//23 4554//18 2689//18
f 448//33 12602//8 445//8
f 2325//23 5002//56 2326//56
f 10636//346 1312//422 7000//346
f 13254//411 7074//333 116//411
f 2752//22 4412//332 2753//332
f 2844//30 4497//39 2845//86
f 1493//104 4358//18 1490//18
f 2747//56 4611//56 2748//56
f 2831//23 2889//56 2833//56
f 1612//27 10557//24 1615//24
f 10192//8 4444//21 2774//21
f 1246//374 12713//455 1508//455
f 1218//7 3181//31 1216//31
f 511//19 3853//30 12252//30
f 2730//19 4590//30 12767//30
f 2837//20 10739//21 2838//21
f 2328//31 13217//22 9192//22
f 2530//24 4760//47 2531//47
f 1579//15 5696//73 1580//73
f 1738//47 10486//23 1743//23
f 8739//15 4458//308 2809//308
f 708//20 12558//21 6513//21
f 4100//298 10175//448 7091//298
f 2948//23 1483//23 2920//23
f 11586//182 1416//456 6901//182
f 1695//33 5543//33 5547//33
f 2788//39 12412//15 2789//15
f 13038//30 11355//16 6731//16
f 2182//33 10849//8 2188//8
f 11334//425 1476//457 1475//425
f 7128//20 4351//84 10014//84
f 2781//15 7725//12 7114//12
f 13054//7 4390//31 1510//31
f 3006//335 1427//415 1426//335
f 1118//30 3281//16 12045//16
f 10013//85 4038//398 13257//2
f 1219//39 3167//16 1220//16
f 11784//12 4874//6 2441//6
f 12359//104 12174//76 8494//76
f 1850//7 5505//31 1849//31
f 1747//18 5600//19 1748//19
f 1503//228 13181//16 10607//228
f 2562//2 4796//66 2556//66
f 971//19 10878//30 950//30
f 1523//355 10624//1 4379//355
f 2078//27 5370//24 2079//24
f 3039//439 1406//444 10080//439
f 5588//11 1740//16 7589//16
f 978//32 10905//1 972//1
f 11342//14 1384//458 12078//14
f 4301//180 9928//195 11992//180
f 409//27 3961//27 410//27
f 12713//455 10019//11 1508//455
f 6892//229 10612//6 1502//6
f 2453//7 4894//155 2452//155
f 1507//6 4399//7 1534//7
f 4292//459 12092//395 1338//459
f 972//1 10905//1 12501//2
f 4148//3 4139//4 13104//4
f 12900//5 12905//5 9215//5
f 9215//5 9216//5 11594//5
f 11292//6 7910//6 7909//7
f 12725//8 7934//8 8727//9
f 12923//11 9190//11 9189//12
f 8920//13 11342//14 12078//14
f 6926//15 6924//15 13065//15
f 5114//11 13093//11 34//15
f 34//15 12131//16 13246//16
f 2900//11 12130//11 35//16
f 6571//2 10964//2 10963//17
f 11426//18 11040//18 10343//19
f 9984//5 9985//5 6858//5
f 9984//5 6858//5 6865//460
f 9987//5 9984//5 6865//460
f 9987//5 6865//460 6867//5
f 6868//5 7019//5 1103//5
f 1103//5 5814//5 5815//5
f 1103//5 5815//5 9276//5
f 6867//5 6868//5 1103//5
f 9987//5 6867//5 1103//5
f 9987//5 1103//5 9276//5
f 9909//5 9987//5 9276//5
f 9909//5 9276//5 12903//5
f 9910//5 9909//5 12903//5
f 9910//5 12903//5 5898//5
f 9910//5 5898//5 5899//5
f 9910//5 5899//5 5828//5
f 11601//5 1547//5 1511//5
f 1511//5 1509//461 5913//5
f 1511//5 5913//5 5915//5
f 5828//5 11601//5 1511//5
f 1511//5 5915//5 11606//5
f 1511//5 11606//5 5910//5
f 6721//5 11975//5 1249//5
f 6720//5 6721//5 1249//5
f 6720//5 1249//5 6734//5
f 11604//5 5906//5 5905//5
f 5905//5 6720//5 6734//5
f 5905//5 6734//5 9914//5
f 9338//5 11604//5 5905//5
f 5908//5 9338//5 5905//5
f 5905//5 9914//5 9910//5
f 5828//5 1511//5 5910//5
f 5828//5 5910//5 5911//5
f 5905//5 9910//5 5828//5
f 5908//5 5905//5 5828//5
f 5828//5 5911//5 11605//5
f 5907//5 5908//5 5828//5
f 12739//20 13177//296 12214//21
f 9041//11 6746//11 6745//16
f 10190//7 7924//7 7923//22
f 12126//23 12632//23 13094//23
f 11612//24 4367//24 10630//25
f 10062//26 1350//26 13077//26
f 8158//2 6677//2 6676//1
f 11819//12 8656//12 8654//6
f 1032//5 9775//5 9776//5
f 1032//5 9776//5 2219//462
f 9198//5 1032//5 2219//462
f 2061//463 11715//5 859//5
f 6116//5 9198//5 2219//462
f 2214//5 6116//5 2219//462
f 11705//5 2214//5 2219//462
f 2211//5 11705//5 2219//462
f 859//5 11726//5 11723//5
f 859//5 11723//5 11724//5
f 859//5 11724//5 2066//5
f 859//5 2066//5 6191//5
f 2061//463 859//5 6191//5
f 2061//463 6191//5 9526//5
f 2061//463 9526//5 11731//5
f 2061//463 11731//5 11734//5
f 2061//463 11734//5 11736//464
f 2061//463 11736//464 6196//5
f 6214//5 11739//5 6176//5
f 6214//5 6176//5 6177//5
f 6213//5 6214//5 6177//5
f 6213//5 6177//5 9149//5
f 6198//5 6213//5 9149//5
f 6198//5 9149//5 6179//5
f 6196//5 6198//5 6179//5
f 6196//5 6179//5 6189//5
f 2061//463 6196//5 6189//5
f 2061//463 6189//5 9522//5
f 11730//5 9512//5 2074//5
f 11730//5 2074//5 9514//5
f 9522//5 11730//5 9514//5
f 9522//5 9514//5 9516//5
f 2061//463 9522//5 9516//5
f 2061//463 9516//5 6173//158
f 11471//5 11729//5 2091//5
f 2091//5 2082//5 827//5
f 827//5 9864//5 6688//5
f 6688//5 6687//5 830//5
f 830//5 11965//5 11966//5
f 830//5 11966//5 919//5
f 827//5 6688//5 830//5
f 11471//5 2091//5 827//5
f 9148//5 11471//5 827//5
f 830//5 919//5 9829//5
f 6170//5 9148//5 827//5
f 6188//5 6170//5 827//5
f 6207//5 6188//5 827//5
f 6319//5 2222//461 12954//5
f 6321//5 6319//5 12954//5
f 6321//5 12954//5 2218//5
f 9596//5 6321//5 2218//5
f 9596//5 2218//5 11706//5
f 6315//5 9596//5 11706//5
f 6315//5 11706//5 9133//5
f 6314//158 6315//5 9133//5
f 6314//158 9133//5 2211//5
f 2351//5 9606//5 6317//5
f 6317//5 6314//158 2211//5
f 6317//5 2211//5 2219//462
f 2351//5 6317//5 2219//462
f 2351//5 2219//462 2061//463
f 11798//5 9612//5 2372//5
f 2372//5 2351//5 2061//463
f 2372//5 2061//463 6173//158
f 9617//5 11798//5 2372//5
f 9615//5 9617//5 2372//5
f 11795//5 9615//5 2372//5
f 11791//465 11795//5 2372//5
f 11791//465 2372//5 6173//158
f 13282//5 13283//5 9609//5
f 9609//5 11791//465 6173//158
f 11695//5 13282//5 9609//5
f 9470//5 11695//5 9609//5
f 9468//5 9470//5 9609//5
f 11465//5 9468//5 9609//5
f 9465//5 11465//5 9609//5
f 6093//5 9465//5 9609//5
f 6093//5 9609//5 6173//158
f 6091//5 6093//5 6173//158
f 6091//5 6173//158 6175//466
f 9467//5 6091//5 6175//466
f 6099//5 9467//5 6175//466
f 6210//5 6102//5 6098//5
f 6098//5 6099//5 6175//466
f 6210//5 6098//5 6175//466
f 6200//467 6210//5 6175//466
f 6200//467 6175//466 6205//5
f 9538//5 6200//467 6205//5
f 9531//5 9538//5 6205//5
f 9539//5 9531//5 6205//5
f 9536//5 9539//5 6205//5
f 11646//461 11738//5 9529//5
f 9529//5 9536//5 6205//5
f 11646//461 9529//5 6205//5
f 11644//5 11646//461 6205//5
f 11644//5 6205//5 6207//5
f 9401//5 11644//5 6207//5
f 5968//5 9401//5 6207//5
f 1751//5 1866//5 5966//5
f 5966//5 5968//5 6207//5
f 1751//5 5966//5 6207//5
f 6052//5 6042//468 1751//5
f 6052//5 1751//5 6207//5
f 11671//5 6052//5 6207//5
f 9445//5 11671//5 6207//5
f 9445//5 6207//5 827//5
f 6049//5 9445//5 827//5
f 6049//5 827//5 830//5
f 1852//5 6049//5 830//5
f 1852//5 830//5 9829//5
f 6050//5 1852//5 9829//5
f 11954//5 6667//5 850//5
f 1857//5 6050//5 9829//5
f 9829//5 11954//5 850//5
f 850//5 6038//5 12942//5
f 29//5 823//5 1857//5
f 10201//5 29//5 1857//5
f 6030//5 6037//5 1722//5
f 6030//5 1722//5 9448//5
f 6029//5 6030//5 9448//5
f 11679//5 12153//5 12849//5
f 6029//5 9448//5 11679//5
f 12942//5 6029//5 11679//5
f 11679//5 12849//5 848//5
f 11679//5 848//5 9213//5
f 850//5 12942//5 11679//5
f 11856//5 10201//5 1857//5
f 6443//5 11856//5 1857//5
f 9829//5 850//5 11679//5
f 11679//5 9213//5 11867//5
f 11679//5 11867//5 9099//5
f 826//5 6443//5 1857//5
f 12984//5 826//5 1857//5
f 9829//5 11679//5 9099//5
f 9829//5 9099//5 9696//5
f 9680//5 12984//5 1857//5
f 9680//5 1857//5 9829//5
f 9829//5 9696//5 12988//5
f 9829//5 12988//5 12987//5
f 840//5 9680//5 9829//5
f 12993//5 840//5 9829//5
f 9829//5 12987//5 832//5
f 12993//5 9829//5 832//5
f 9688//5 12993//5 832//5
f 9688//5 832//5 6453//5
f 9686//5 9688//5 6453//5
f 9686//5 6453//5 6454//5
f 11861//5 9686//5 6454//5
f 9689//5 9690//5 837//5
f 11861//5 6454//5 9689//5
f 9685//5 11861//5 9689//5
f 837//5 10204//5 9684//5
f 9684//5 9685//5 9689//5
f 9920//27 9039//27 9038//24
f 6846//21 12807//21 8959//1
f 11838//8 7959//8 8141//20
f 1075//7 8961//7 8960//22
f 1330//28 12086//29 4283//29
f 13039//30 13290//30 9042//16
f 9431//31 9433//31 7606//22
f 9272//32 10489//32 10491//1
f 9505//33 11721//33 5167//8
f 10469//2 5824//2 1628//1
f 10672//34 4262//35 218//35
f 796//7 8317//7 6484//31
f 6449//33 6451//33 12991//33
f 6456//7 10915//7 6452//31
f 12383//36 10672//34 11196//34
f 8946//22 10595//22 10575//22
f 11077//37 12220//37 240//38
f 12672//39 7802//39 4657//16
f 4271//40 10673//41 10281//41
f 2060//7 5366//7 6186//31
f 8827//30 11012//30 11011//16
f 3032//44 11530//299 6923//42
f 6923//42 1462//5 1461//43
f 2689//18 4554//18 12758//19
f 7168//33 7188//74 10224//33
f 10313//19 11053//19 3824//30
f 6936//26 6934//26 6961//26
f 10222//12 11153//12 11152//6
f 7171//20 10225//296 12862//21
f 8565//12 10712//12 10709//7
f 8800//30 7839//30 10701//16
f 7114//12 7725//12 7110//6
f 12572//32 324//1 4030//1
f 213//45 4182//45 11080//46
f 11316//21 12308//21 7854//1
f 10988//2 9748//2 730//1
f 10292//2 8285//2 8284//17
f 843//24 3529//24 8997//47
f 8921//48 8919//48 13072//48
f 4208//49 8454//50 263//50
f 11107//51 11112//50 10181//50
f 4215//52 12619//53 7233//53
f 12129//54 12128//55 11081//55
f 6215//27 9534//27 5383//24
f 6521//56 9236//56 12841//18
f 8649//20 8020//20 8022//21
f 7158//19 8338//19 12586//30
f 7147//8 11027//8 11025//21
f 9913//21 3124//21 11425//1
f 10380//16 13240//16 11042//15
f 11042//15 3921//11 435//11
f 11343//22 10010//22 12050//22
f 2567//24 8002//77 8003//23
f 7208//5 10206//5 378//5
f 378//5 457//5 12261//5
f 37//5 437//5 417//5
f 378//5 12261//5 37//5
f 7208//5 378//5 37//5
f 37//5 417//5 415//5
f 7202//5 7208//5 37//5
f 362//5 7202//5 37//5
f 12183//5 362//5 37//5
f 7130//5 10242//5 12183//5
f 10205//5 7130//5 12183//5
f 7134//5 10205//5 12183//5
f 7133//5 7134//5 12183//5
f 7133//5 12183//5 37//5
f 7085//5 7133//5 37//5
f 7085//5 37//5 415//5
f 7086//5 7085//5 415//5
f 7086//5 415//5 7153//461
f 8375//158 7086//5 7153//461
f 413//469 7167//5 7385//5
f 8375//158 7153//461 413//469
f 7195//5 8375//158 413//469
f 413//469 7385//5 7386//5
f 413//469 7386//5 10361//5
f 7195//5 413//469 10361//5
f 11207//5 10235//5 10238//5
f 11208//5 11207//5 10238//5
f 11208//5 10238//5 7195//5
f 8669//5 11208//5 7195//5
f 8667//5 8669//5 7195//5
f 353//5 8670//5 9174//5
f 9174//5 8667//5 7195//5
f 353//5 9174//5 7195//5
f 2359//5 12973//5 353//5
f 2359//5 353//5 7195//5
f 2359//5 7195//5 10361//5
f 6327//5 2359//5 10361//5
f 6327//5 10361//5 418//5
f 6326//5 6327//5 418//5
f 9170//5 6326//5 418//5
f 2361//5 9170//5 418//5
f 2361//5 418//5 7379//5
f 7381//5 444//5 421//5
f 421//5 10368//5 7394//5
f 421//5 7394//5 7396//5
f 421//5 7396//5 10372//5
f 10371//5 10373//5 454//5
f 10372//5 10371//5 454//5
f 454//5 1054//5 1045//5
f 1045//5 11926//5 1038//5
f 1045//5 1038//5 1041//5
f 10372//5 454//5 1045//5
f 421//5 10372//5 1045//5
f 1045//5 1041//5 13011//5
f 7381//5 421//5 1045//5
f 7379//5 7381//5 1045//5
f 7379//5 1045//5 13011//5
f 7379//5 13011//5 13012//5
f 7379//5 13012//5 6575//158
f 7379//5 6575//158 6576//5
f 2338//5 9597//5 11792//5
f 8642//5 12690//5 2338//5
f 2338//5 11792//5 11793//5
f 2338//5 11793//5 6324//5
f 2338//5 6324//5 6322//5
f 2338//5 6322//5 6325//5
f 11923//5 9775//5 1032//5
f 1032//5 9198//5 2208//5
f 1032//5 2208//5 6118//5
f 11922//5 11923//5 1032//5
f 6576//5 11922//5 1032//5
f 1032//5 6118//5 9484//5
f 11837//5 2222//461 6319//5
f 1032//5 9484//5 11837//5
f 7379//5 6576//5 1032//5
f 7379//5 1032//5 11837//5
f 11837//5 6319//5 6320//5
f 11837//5 6320//5 6335//5
f 2550//5 9163//5 11198//5
f 8533//5 8535//5 2550//5
f 8531//5 8533//5 2550//5
f 2550//5 11198//5 13262//5
f 2550//5 13262//5 8641//5
f 11165//5 8531//5 2550//5
f 2550//5 8641//5 8642//5
f 2550//5 8642//5 2338//5
f 7379//5 11837//5 6335//5
f 7379//5 6335//5 2357//5
f 7379//5 2357//5 6330//5
f 2361//5 7379//5 6330//5
f 2361//5 6330//5 9605//5
f 2361//5 9605//5 2362//5
f 6325//5 2361//5 2362//5
f 6325//5 2362//5 9599//5
f 2338//5 6325//5 9599//5
f 9606//5 2351//5 2372//5
f 2338//5 9599//5 9606//5
f 2338//5 9606//5 2372//5
f 2338//5 2372//5 9612//5
f 2550//5 2338//5 9612//5
f 2550//5 9612//5 9613//5
f 2550//5 9613//5 2375//5
f 2550//5 2375//5 6341//5
f 2550//5 6341//5 6348//158
f 9610//5 9609//5 13283//5
f 2550//5 6348//158 9610//5
f 2550//5 9610//5 13283//5
f 13283//5 13196//5 2565//5
f 13283//5 2565//5 8584//5
f 13283//5 8584//5 8585//158
f 13283//5 8585//158 2570//5
f 13283//5 2570//5 8638//5
f 13283//5 8638//5 12687//5
f 2550//5 13283//5 12687//5
f 12689//5 2572//5 2649//5
f 2550//5 12687//5 12689//5
f 11165//5 2550//5 12689//5
f 2649//5 8555//5 2647//5
f 8553//5 11165//5 12689//5
f 2649//5 2647//5 8553//5
f 9282//24 7552//24 7550//47
f 9665//58 9668//58 11227//18
f 7357//47 8390//47 8389//23
f 475//8 8352//8 8350//21
f 12317//2 9283//2 1658//1
f 8373//2 12254//2 12253//1
f 354//21 8506//21 8505//1
f 10699//2 12752//2 2714//1
f 8123//11 2289//11 9625//16
f 6585//24 12520//24 9790//47
f 9224//20 10697//20 12308//21
f 8504//59 8503//60 12135//60
f 6571//2 32//1 3743//1
f 13138//8 3819//8 9112//20
f 10332//31 8288//31 10323//31
f 9659//6 11831//6 9657//6
f 7001//23 9924//23 9922//23
f 376//1 8522//1 8521//2
f 8521//2 10207//2 377//61
f 11773//27 10743//27 10742//24
f 3026//62 12783//63 6976//63
f 1837//22 12333//22 7594//33
f 12708//64 11454//65 7269//65
f 13265//27 8200//27 8199//24
f 662//24 8251//24 8249//47
f 5769//21 12325//21 12324//1
f 11918//20 11437//20 8242//21
f 2119//7 5142//7 9493//31
f 6581//56 8190//56 8192//18
f 672//16 3750//16 3749//11
f 1771//23 5423//23 12337//58
f 6605//33 11935//33 12813//8
f 12151//32 12353//32 10597//26
f 4744//11 11222//11 11221//16
f 7317//31 8411//31 8410//22
f 6614//56 6618//56 6626//56
f 9725//21 8242//21 8241//1
f 12769//23 10057//23 1354//23
f 6470//56 6493//56 11001//18
f 1514//26 10621//26 10619//66
f 8645//19 10801//19 10800//30
f 6476//7 8295//7 8293//31
f 6478//33 8294//33 12568//8
f 9802//27 8203//27 8202//24
f 7088//45 7087//67 8485//67
f 2368//21 8117//21 8115//68
f 6490//32 9712//32 12567//1
f 8296//11 6466//11 6465//16
f 10644//69 10646//70 1314//70
f 6483//33 6485//33 3574//8
f 11094//71 11093//72 10146//72
f 11885//11 3572//11 8318//12
f 6798//6 9940//6 9051//7
f 8601//11 10689//11 7527//73
f 3330//2 11953//2 932//1
f 8938//23 12107//23 10577//23
f 8534//32 8544//32 10809//1
f 12723//33 7902//33 7934//8
f 7151//74 11034//74 13239//8
f 1193//17 11957//17 6760//27
f 8809//20 7886//20 10721//21
f 12789//75 11352//50 6882//50
f 338//24 8495//24 8494//76
f 6014//22 10540//22 6022//33
f 10195//19 12357//19 12355//19
f 6767//12 3207//12 12826//6
f 9867//6 9869//6 12537//7
f 9214//47 12846//47 8176//47
f 9618//27 8119//27 5043//77
f 6662//47 6674//47 11380//47
f 6031//47 6033//47 7591//23
f 9726//1 8241//1 8238//26
f 8238//26 8237//2 11890//2
f 903//5 13033//5 9868//5
f 903//5 9868//5 882//5
f 9883//5 903//5 882//5
f 9883//5 882//5 6694//5
f 6713//5 9883//5 6694//5
f 6713//5 6694//5 880//5
f 6712//5 6713//5 880//5
f 6712//5 880//5 6664//5
f 11964//5 6712//5 6664//5
f 11964//5 6664//5 6666//460
f 11964//5 6666//460 934//5
f 6663//5 6661//5 11955//5
f 934//5 6663//5 11955//5
f 934//5 11955//5 933//5
f 11964//5 934//5 933//5
f 11964//5 933//5 931//5
f 870//5 11964//5 931//5
f 870//5 931//5 11863//5
f 6685//5 870//5 11863//5
f 6685//5 11863//5 6719//5
f 6685//5 6719//5 6706//5
f 6706//5 11965//5 830//5
f 830//5 6687//5 904//5
f 830//5 904//5 9900//5
f 9889//5 6690//5 6691//5
f 9865//5 9889//5 6691//5
f 9865//5 6691//5 6702//5
f 9866//5 9865//5 6702//5
f 9866//5 6702//5 7656//5
f 827//5 858//5 12990//5
f 12990//5 9866//5 7656//5
f 12990//5 7656//5 9692//5
f 6699//5 9864//5 827//5
f 874//5 6699//5 827//5
f 827//5 12990//5 9692//5
f 827//5 9692//5 855//5
f 874//5 827//5 855//5
f 874//5 855//5 6685//5
f 9862//5 874//5 6685//5
f 6706//5 830//5 9900//5
f 6706//5 9900//5 11973//5
f 9861//5 9862//5 6685//5
f 13030//5 9861//5 6685//5
f 6706//5 11973//5 908//5
f 6706//5 908//5 9902//5
f 13030//5 6685//5 6706//5
f 6706//5 9902//5 911//5
f 6312//20 7822//20 12427//21
f 5075//11 11699//11 11698//16
f 9878//56 8230//56 3375//18
f 453//17 12598//17 11048//24
f 2652//8 4696//8 8545//20
f 847//2 11862//1 12509//1
f 8691//24 12518//24 8698//25
f 6313//22 7820//22 7821//33
f 8488//78 8487//79 7101//79
f 11360//11 942//11 12952//16
f 10873//11 9188//11 12875//16
f 9854//24 8981//24 8980//23
f 7501//11 9419//11 9115//16
f 1243//80 3147//80 3149//19
f 9899//2 10948//2 3361//17
f 950//30 10878//30 10881//16
f 9857//2 12502//2 10884//66
f 9884//56 10945//56 10950//18
f 11959//31 8163//31 8165//22
f 11182//5 11184//5 11961//5
f 11182//5 11961//5 961//5
f 8610//5 11182//5 961//5
f 8610//5 961//5 9859//5
f 2594//5 12671//5 2612//5
f 2612//5 8610//5 9859//5
f 2612//5 9859//5 969//5
f 12757//5 2594//5 2612//5
f 11307//470 12757//5 2612//5
f 2612//5 969//5 970//5
f 2612//5 970//5 9842//5
f 11305//5 11307//470 2612//5
f 2704//5 11305//5 2612//5
f 2612//5 9842//5 9841//5
f 12751//5 2704//5 2612//5
f 2702//5 12751//5 2612//5
f 2702//5 2612//5 9841//5
f 8808//5 2702//5 9841//5
f 2692//5 8808//5 9841//5
f 13286//5 2692//5 9841//5
f 13286//5 9841//5 951//460
f 2696//5 13286//5 951//460
f 12756//5 2696//5 951//460
f 2678//5 12755//5 12756//5
f 8776//5 11287//5 2678//5
f 8776//5 2678//5 12756//5
f 12756//5 951//460 957//5
f 8774//5 8776//5 12756//5
f 13284//5 8774//5 12756//5
f 13284//5 12756//5 957//5
f 2790//5 2792//5 11288//5
f 11288//5 13284//5 957//5
f 11960//5 11958//5 9851//5
f 11288//5 957//5 11960//5
f 12719//5 2790//5 11288//5
f 12720//5 11254//5 954//5
f 954//5 12719//5 11288//5
f 11288//5 11960//5 9851//5
f 11288//5 9851//5 6162//5
f 11258//461 12720//5 954//5
f 11288//5 6162//5 13029//5
f 11288//5 13029//5 953//5
f 8738//5 11258//461 954//5
f 954//5 11288//5 953//5
f 954//5 953//5 6669//5
f 8735//158 8738//5 954//5
f 8734//5 8735//158 954//5
f 954//5 6669//5 6670//5
f 8734//5 954//5 6670//5
f 9201//5 8734//5 6670//5
f 9201//5 6670//5 9835//5
f 11503//5 9201//5 9835//5
f 9848//461 6679//5 945//5
f 9835//5 9848//461 945//5
f 945//5 11987//5 9939//5
f 9939//5 9937//5 6779//5
f 9939//5 6779//5 6781//5
f 9939//5 6781//5 1223//5
f 9939//5 1223//5 11996//5
f 9939//5 11996//5 11998//5
f 945//5 9939//5 11998//5
f 945//5 11998//5 1209//5
f 945//5 1209//5 9934//5
f 945//5 9934//5 9933//5
f 945//5 9933//5 1197//461
f 945//5 1197//461 6763//5
f 6763//5 6777//5 1199//5
f 1199//5 13260//5 8594//5
f 1199//5 8594//5 8595//5
f 945//5 6763//5 1199//5
f 945//5 1199//5 8595//5
f 945//5 8595//5 2631//5
f 9835//5 945//5 2631//5
f 9835//5 2631//5 8604//5
f 11503//5 9835//5 8604//5
f 11503//5 8604//5 12663//5
f 12718//5 2808//5 8740//5
f 11503//5 12663//5 11180//5
f 12718//5 8740//5 11503//5
f 11250//5 2818//5 12718//5
f 2711//5 8729//5 11250//5
f 2712//5 2711//5 11250//5
f 11250//5 12718//5 11503//5
f 11177//5 8598//5 11159//5
f 11177//5 11159//5 12654//5
f 11178//5 11177//5 12654//5
f 8549//5 8546//5 8799//5
f 11178//5 12654//5 8549//5
f 8600//5 11178//5 8549//5
f 8549//5 8799//5 11298//5
f 8549//5 11298//5 2713//5
f 2624//5 8600//5 8549//5
f 2712//5 11250//5 11503//5
f 8801//5 2712//5 11503//5
f 2624//5 8549//5 2713//5
f 2624//5 2713//5 11301//5
f 11315//5 8801//5 11503//5
f 8817//5 11315//5 11503//5
f 11180//5 2624//5 11301//5
f 11180//5 11301//5 2715//5
f 8817//5 11503//5 11180//5
f 11180//5 2715//5 8816//5
f 9360//20 7493//20 7492//21
f 11195//30 10790//30 12440//16
f 6621//5 9807//5 6615//5
f 6621//5 6615//5 6613//5
f 837//5 6620//5 6621//5
f 29//5 10204//5 837//5
f 6636//5 823//5 29//5
f 6624//470 6636//5 29//5
f 29//5 837//5 6621//5
f 6621//5 6613//5 11947//5
f 6621//5 11947//5 995//5
f 994//5 6624//470 29//5
f 993//5 994//5 29//5
f 29//5 6621//5 995//5
f 13018//11 8965//11 8966//73
f 6297//8 12422//8 8665//20
f 8731//31 12419//31 12420//22
f 12716//2 2744//2 2743//1
f 12179//2 13257//2 4051//17
f 5826//27 9278//27 7552//24
f 6786//18 9015//18 6799//19
f 8006//11 2555//11 2554//16
f 2446//23 12426//23 6285//56
f 6020//30 13165//30 5483//16
f 6235//30 10419//30 12276//16
f 5918//81 7719//81 7720//27
f 8758//17 4501//17 11272//27
f 6578//47 9253//47 8191//47
f 715//24 8245//24 8243//47
f 9778//2 3439//2 13219//17
f 7528//2 5992//2 1901//1
f 11803//32 10764//32 10766//1
f 5805//6 7579//6 11564//6
f 8088//11 2193//11 6114//16
f 11556//32 7575//32 13158//1
f 12334//11 1693//11 1692//82
f 5753//27 5755//27 12706//24
f 1721//7 13160//7 5782//31
f 992//24 12515//24 11941//47
f 6361//12 10872//12 11489//6
f 5865//39 5880//39 6631//15
f 10409//2 2055//2 2053//1
f 7466//2 11474//2 9550//1
f 6203//2 8167//2 8166//17
f 11454//65 11455//83 7270//83
f 11675//5 1751//5 6042//468
f 11675//5 6042//468 12937//5
f 9446//158 11675//5 12937//5
f 9446//158 12937//5 12940//5
f 6063//5 9446//158 12940//5
f 6063//5 12940//5 6045//5
f 11673//5 6063//5 6045//5
f 11673//5 6045//5 6046//5
f 11461//5 11673//5 6046//5
f 11461//5 6046//5 1855//5
f 823//5 6053//5 6054//5
f 6054//5 11461//5 1855//5
f 6032//5 1857//5 823//5
f 6054//5 1855//5 6032//5
f 9798//8 3472//8 9811//20
f 359//5 10235//5 11207//5
f 359//5 11207//5 11205//5
f 359//5 11205//5 11487//5
f 12182//5 359//5 11487//5
f 12182//5 11487//5 8664//5
f 10242//5 7130//5 7132//5
f 10213//5 364//5 10237//5
f 10237//5 10242//5 7132//5
f 10237//5 7132//5 12181//5
f 390//5 10213//5 10237//5
f 390//5 10237//5 12181//5
f 390//5 12181//5 12182//5
f 390//5 12182//5 8664//5
f 390//5 8664//5 8662//5
f 388//5 390//5 8662//5
f 10208//5 388//5 8662//5
f 386//5 385//5 10208//5
f 7341//5 7343//5 386//5
f 2649//5 10382//5 7341//5
f 8555//5 2649//5 7341//5
f 12645//5 8555//5 7341//5
f 11155//5 12645//5 7341//5
f 11155//5 7341//5 386//5
f 8538//5 11155//5 386//5
f 353//5 12973//5 9164//5
f 353//5 9164//5 9165//5
f 8670//5 353//5 9165//5
f 8670//5 9165//5 9597//5
f 6299//5 8670//5 9597//5
f 2338//5 12690//5 13264//5
f 2338//5 13264//5 8628//5
f 6299//5 9597//5 2338//5
f 2451//5 6299//5 2338//5
f 2553//5 9163//5 2550//5
f 2550//5 8535//5 2656//5
f 2550//5 2656//5 11154//5
f 2553//5 2550//5 11154//5
f 2553//5 11154//5 12647//5
f 8646//5 2553//5 12647//5
f 2659//5 8538//5 386//5
f 8646//5 12647//5 2659//5
f 8648//5 8646//5 2659//5
f 2659//5 386//5 10208//5
f 8648//5 2659//5 10208//5
f 2557//5 8648//5 10208//5
f 13266//5 2557//5 10208//5
f 8629//5 13266//5 10208//5
f 8629//5 10208//5 8662//5
f 6307//5 2451//5 2338//5
f 9587//5 6307//5 2338//5
f 8628//5 8629//5 8662//5
f 9587//5 2338//5 8628//5
f 12674//56 12385//56 7800//56
f 9993//56 8954//56 8953//18
f 6869//20 6871//20 3272//21
f 6373//39 6390//39 8867//16
f 11293//24 7917//24 10591//47
f 11390//11 12016//11 1150//16
f 9622//6 10758//6 4820//7
f 12434//2 6290//2 6291//1
f 10014//84 4351//84 4350//85
f 6861//7 6709//7 6710//31
f 10236//6 9144//6 8518//7
f 1619//15 7685//15 7683//73
f 12947//26 13164//26 9120//66
f 7307//17 8374//17 10316//27
f 6815//30 12803//30 9960//86
f 13294//87 13292//88 10030//88
f 7414//15 6970//15 13066//15
f 7319//8 11074//8 11073//21
f 8491//89 11118//90 7095//90
f 10407//91 5352//91 7475//91
f 5353//91 11491//91 7473//92
f 10407//91 7475//91 5353//91
f 12365//93 4314//94 1328//94
f 12790//95 3037//96 10008//96
f 11585//56 7701//56 10570//18
f 6801//5 12024//5 12012//5
f 12012//5 12011//5 6817//5
f 12012//5 6817//5 6819//5
f 6845//5 6801//5 12012//5
f 12012//5 6819//5 6805//5
f 2012//2 5314//2 7462//66
f 12490//2 11492//2 11493//1
f 2058//30 12274//30 5384//16
f 4075//97 4084//98 12119//98
f 12150//26 10597//26 7729//66
f 6329//18 8100//18 8618//19
f 12754//47 7890//47 7889//23
f 6695//33 10927//33 10926//8
f 6445//56 6447//56 12576//18
f 10633//99 7761//100 11937//100
f 12578//2 9207//2 817//1
f 12965//22 13150//22 6229//33
f 7757//102 7756//103 1300//103
f 6795//18 9047//18 6789//19
f 6129//20 6131//20 13212//21
f 13115//104 13114//18 11242//18
f 9510//31 11469//31 13210//22
f 4082//105 8498//106 12455//106
f 8863//107 12800//137 6914//108
f 11329//109 11328//110 1473//110
f 9707//31 8281//31 8279//31
f 922//24 12531//24 10938//23
f 1154//2 8936//2 11401//66
f 8804//5 2604//5 8583//5
f 8804//5 8583//5 2600//5
f 8803//5 8804//5 2600//5
f 8803//5 2600//5 8577//5
f 9151//5 8803//5 8577//5
f 9151//5 8577//5 8578//5
f 8557//158 9151//5 8578//5
f 8557//158 8578//5 11170//5
f 8560//5 8557//158 11170//5
f 8560//5 11170//5 8574//5
f 2602//5 12660//5 1112//5
f 1115//158 12027//5 1170//5
f 2602//5 1112//5 1115//158
f 12657//5 2602//5 1115//158
f 12656//5 12657//5 1115//158
f 12022//5 1178//5 557//5
f 12244//5 12242//5 9634//5
f 12022//5 557//5 12244//5
f 6836//5 12022//5 12244//5
f 12244//5 9634//5 11804//460
f 12244//5 11804//460 2284//5
f 6829//5 6836//5 12244//5
f 1170//5 6829//5 12244//5
f 1170//5 12244//5 2284//5
f 1170//5 2284//5 2267//5
f 2678//5 2680//5 8562//5
f 8796//5 12755//5 2678//5
f 2594//5 12757//5 8794//5
f 8794//5 8796//5 2678//5
f 2678//5 8562//5 11166//5
f 2678//5 11166//5 11473//5
f 2594//5 8794//5 2678//5
f 12669//5 12671//5 2594//5
f 12673//5 12669//5 2594//5
f 2678//5 11473//5 8560//5
f 2678//5 8560//5 8574//5
f 12675//5 12673//5 2594//5
f 2594//5 2678//5 8574//5
f 12675//5 2594//5 8574//5
f 2496//5 8611//5 11188//5
f 11188//5 12675//5 8574//5
f 11188//5 8574//5 8581//5
f 2495//5 2496//5 11188//5
f 8688//5 2495//5 11188//5
f 11188//5 8581//5 11171//5
f 11188//5 11171//5 12658//5
f 8688//5 11188//5 12658//5
f 175//5 9636//5 11807//5
f 175//5 11807//5 2294//5
f 6428//5 175//5 2294//5
f 11814//5 6350//5 2269//5
f 6428//5 2294//5 11814//5
f 6405//5 6428//5 11814//5
f 2269//5 11772//5 2408//158
f 6405//5 11814//5 2269//5
f 2267//5 6405//5 2269//5
f 2269//5 2408//158 11774//5
f 2267//5 2269//5 11774//5
f 8688//5 12658//5 12656//5
f 12696//5 8688//5 12656//5
f 12696//5 12656//5 1115//158
f 11209//5 12696//5 1115//158
f 1170//5 2267//5 11774//5
f 1170//5 11774//5 2403//5
f 11209//5 1115//158 1170//5
f 8679//5 11209//5 1170//5
f 1170//5 2403//5 6267//5
f 1170//5 6267//5 6269//5
f 2498//5 8679//5 1170//5
f 2396//5 11212//5 8680//5
f 8680//5 2498//5 1170//5
f 1170//5 6269//5 12969//5
f 8680//5 1170//5 12969//5
f 9568//5 9566//5 2396//5
f 6271//5 9568//5 2396//5
f 2396//5 8680//5 12969//5
f 6270//5 6271//5 2396//5
f 11107//51 13175//51 128//111
f 13071//23 13061//23 12074//23
f 11607//32 12361//32 10621//26
f 12374//112 4338//113 1319//113
f 7185//18 11140//18 10226//19
f 1520//15 13183//15 12908//73
f 8900//26 8898//26 10069//26
f 9207//2 12578//2 12577//17
f 8500//114 8499//115 12446//115
f 7793//116 7792//117 12225//117
f 11286//27 7918//27 7917//24
f 9202//33 11260//33 10732//8
f 11341//118 12890//249 10046//119
f 10096//22 10098//22 10613//22
f 1538//26 12364//26 7746//66
f 9241//39 9111//39 13246//16
f 7778//23 7267//23 7265//23
f 10051//23 10050//23 12259//23
f 9780//18 10917//18 8215//19
f 2838//21 10739//21 7922//32
f 4165//120 13248//121 162//121
f 12869//19 10784//19 13200//30
f 11828//47 10755//25 12377//23
f 12052//123 1505//124 13182//124
f 6085//31 9123//31 7663//31
f 12395//11 2705//11 11516//16
f 2613//11 12269//11 11186//73
f 2000//12 10420//12 9181//6
f 6623//12 10899//12 8198//6
f 1598//5 1652//5 5839//5
f 1598//5 5839//5 11443//5
f 1598//5 11443//5 11572//5
f 1598//5 11572//5 5831//5
f 1598//5 5831//5 5832//5
f 1598//5 5832//5 1659//5
f 1661//5 5854//5 5892//5
f 1661//5 5892//5 5893//5
f 11571//5 1661//5 5893//5
f 11571//5 5893//5 5895//461
f 1659//5 11571//5 5895//461
f 1659//5 5895//461 5896//471
f 1598//5 1659//5 5896//471
f 1598//5 5896//471 11449//5
f 9294//5 1598//5 11449//5
f 1103//5 5834//5 5846//5
f 11558//5 5814//5 1103//5
f 9281//5 11558//5 1103//5
f 1103//5 5846//5 9294//5
f 1103//5 9294//5 11449//5
f 9280//5 9281//5 1103//5
f 1547//5 11601//5 11591//5
f 1547//5 11591//5 9280//5
f 12907//5 1509//461 1511//5
f 1547//5 9280//5 1103//5
f 5886//470 9317//158 9723//5
f 9741//5 11898//5 6533//5
f 5886//470 9723//5 9741//5
f 5885//472 5886//470 9741//5
f 9741//5 6533//5 13002//5
f 9741//5 13002//5 709//5
f 5885//472 9741//5 709//5
f 5885//472 709//5 6514//5
f 11597//5 5885//472 6514//5
f 11597//5 6514//5 9728//5
f 11597//5 9728//5 6524//5
f 5906//5 11604//5 12907//5
f 1526//5 5906//5 12907//5
f 1526//5 12907//5 1511//5
f 1525//5 1526//5 1511//5
f 11602//5 1525//5 1511//5
f 9348//5 12911//5 1544//5
f 1544//5 11602//5 1511//5
f 9348//5 1544//5 1511//5
f 1546//5 11614//5 9348//5
f 11592//5 11594//5 9216//5
f 9326//5 11592//5 9216//5
f 1546//5 9348//5 1511//5
f 1546//5 1511//5 1547//5
f 5903//5 9326//5 9216//5
f 9216//5 1546//5 1547//5
f 9731//5 707//5 9744//5
f 9731//5 9744//5 9727//5
f 702//5 9731//5 9727//5
f 702//5 9727//5 7126//5
f 702//5 7126//5 31//5
f 702//5 31//5 10203//5
f 6505//5 11893//473 638//5
f 638//5 5818//5 5811//5
f 1635//5 11567//5 5859//461
f 6503//5 6505//5 638//5
f 10203//5 6503//5 638//5
f 5811//5 1635//5 5859//461
f 5811//5 5859//461 5874//5
f 702//5 10203//5 638//5
f 9733//5 702//5 638//5
f 1576//5 5862//5 5864//5
f 5864//5 11617//5 9215//5
f 9215//5 12905//5 5889//5
f 9215//5 5889//5 5901//5
f 1576//5 5864//5 9215//5
f 5870//5 1576//5 9215//5
f 9215//5 5901//5 9322//5
f 9215//5 9322//5 9329//5
f 9311//5 5870//5 9215//5
f 5875//5 9311//5 9215//5
f 5874//5 5875//5 9215//5
f 9733//5 638//5 5811//5
f 6510//5 9733//5 5811//5
f 5903//5 9216//5 1547//5
f 721//5 6510//5 5811//5
f 1602//5 5903//5 1547//5
f 6522//5 721//5 5811//5
f 9330//5 1602//5 1547//5
f 6525//5 6522//5 5811//5
f 9329//5 9330//5 1547//5
f 6524//5 6525//5 5811//5
f 9329//5 1547//5 1103//5
f 9329//5 1103//5 11449//5
f 6524//5 5811//5 5874//5
f 11597//5 6524//5 5874//5
f 9215//5 9329//5 11449//5
f 11449//5 11597//5 5874//5
f 943//12 10890//12 9852//6
f 5925//32 9822//32 5675//26
f 6587//56 9791//56 10917//18
f 11231//27 7876//27 7875//24
f 11103//125 4106//409 12138//126
f 1302//127 1286//128 4303//128
f 13285//18 10589//18 8772//19
f 7654//2 1804//2 1803//1
f 5759//20 5761//20 12325//21
f 481//6 8359//6 8358//7
f 5876//74 6357//74 11806//8
f 10508//130 5758//130 5757//1
f 1515//27 10620//27 4382//131
f 12371//91 7765//91 7766//91
f 7766//91 4296//91 12367//91
f 12371//91 7766//91 12367//91
f 4334//91 12366//91 4308//91
f 4334//91 4308//91 12371//91
f 4316//91 4315//91 4334//91
f 7760//91 4316//91 4334//91
f 4334//91 12371//91 12367//91
f 7760//91 4334//91 12367//91
f 7758//91 7760//91 12367//91
f 7758//91 12367//91 7753//474
f 7747//91 7749//91 4059//91
f 4059//91 4060//91 8486//91
f 4059//91 8486//91 11113//91
f 7747//91 4059//91 11113//91
f 7747//91 11113//91 4066//91
f 12369//91 7747//91 4066//91
f 12369//91 4066//91 4067//91
f 4300//91 12369//91 4067//91
f 4300//91 4067//91 8490//91
f 7755//91 4300//91 8490//91
f 7755//91 8490//91 10184//475
f 7753//474 7755//91 10184//475
f 9543//91 11082//91 12618//91
f 7758//91 7753//474 10184//475
f 9543//91 12618//91 4088//91
f 9543//91 4088//91 8489//91
f 8489//91 9134//91 9135//91
f 9135//91 4083//410 11127//91
f 11127//91 11125//476 4077//91
f 4077//91 4090//92 4089//91
f 4077//91 4089//91 11122//91
f 9135//91 11127//91 4077//91
f 9543//91 8489//91 9135//91
f 10184//475 9543//91 9135//91
f 9135//91 4077//91 11122//91
f 10184//475 9135//91 11122//91
f 10184//475 11122//91 7988//91
f 7758//91 10184//475 7988//91
f 8497//91 8496//91 4085//91
f 8497//91 4085//91 8455//317
f 4120//91 8497//91 8455//317
f 4120//91 8455//317 8456//91
f 4120//91 8456//91 4152//91
f 4152//91 4164//91 8439//91
f 8439//91 8440//91 12617//410
f 12617//410 8420//477 8421//91
f 8421//91 11079//477 8474//91
f 8474//91 4145//91 8473//317
f 8421//91 8474//91 8473//317
f 8439//91 12617//410 8421//91
f 4120//91 4152//91 8439//91
f 4120//91 8439//91 8421//91
f 8421//91 8473//317 11105//91
f 4120//91 8421//91 11105//91
f 11092//91 4120//91 11105//91
f 11092//91 11105//91 4149//91
f 12630//91 11092//91 4149//91
f 12630//91 4149//91 8471//91
f 7988//91 12630//91 8471//91
f 7988//91 8471//91 8483//91
f 7988//91 8483//91 8484//91
f 7988//91 8484//91 4159//91
f 7988//91 4159//91 4160//91
f 7988//91 4160//91 4153//91
f 4101//91 12127//91 12631//91
f 12631//91 9127//91 4169//91
f 4169//91 8438//91 8435//91
f 12631//91 4169//91 8435//91
f 4101//91 12631//91 8435//91
f 4101//91 8435//91 8436//91
f 8477//91 4101//91 8436//91
f 8477//91 8436//91 4132//91
f 4154//91 8477//91 4132//91
f 4154//91 4132//91 8476//91
f 4153//91 4154//91 8476//91
f 4153//91 8476//91 8475//91
f 7988//91 4153//91 8475//91
f 7415//91 8883//441 8885//441
f 8904//91 11338//91 7415//91
f 8903//91 8904//91 7415//91
f 7415//91 8885//441 12793//91
f 8905//91 8903//91 7415//91
f 8905//91 7415//91 12793//91
f 11099//284 4104//91 8451//91
f 11099//284 8451//91 8452//91
f 4180//91 11099//284 8452//91
f 4180//91 8452//91 4219//91
f 4179//91 4180//91 4219//91
f 7783//91 8425//91 4062//91
f 4179//91 4219//91 7783//91
f 4178//91 4179//91 7783//91
f 4178//91 7783//91 4062//91
f 4163//91 4178//91 4062//91
f 4163//91 4062//91 5332//91
f 8433//91 4163//91 5332//91
f 8432//91 8433//91 5332//91
f 8475//91 8432//91 5332//91
f 8905//91 12793//91 2956//91
f 8924//91 8905//91 2956//91
f 10425//478 9252//91 3440//91
f 3440//91 12838//91 3322//91
f 3322//91 8968//91 11383//91
f 3440//91 3322//91 11383//91
f 3440//91 11383//91 3324//91
f 3440//91 3324//91 6386//91
f 10425//478 3440//91 6386//91
f 10425//478 6386//91 9081//479
f 6251//91 10425//478 9081//479
f 6251//91 9081//479 9840//91
f 6251//91 9840//91 8224//91
f 6251//91 8224//91 8223//91
f 3357//91 6718//91 10943//91
f 3357//91 10943//91 8229//91
f 6660//91 3357//91 8229//91
f 6660//91 8229//91 8231//91
f 8228//5 6660//91 8231//91
f 8228//5 8231//91 10947//91
f 8923//91 8924//91 2956//91
f 2970//91 8916//91 8918//91
f 8918//91 8923//91 2956//91
f 8228//5 10947//91 3400//91
f 8228//5 3400//91 3405//91
f 8918//91 2956//91 10641//91
f 2973//91 2970//91 8918//91
f 8881//91 2973//91 8918//91
f 8223//91 8228//5 3405//91
f 8881//91 8918//91 10641//91
f 8882//91 8881//91 10641//91
f 3030//91 3031//91 6907//91
f 12788//91 3030//91 6907//91
f 3393//91 13224//91 9060//91
f 3456//91 8188//91 10396//91
f 3393//91 9060//91 3456//91
f 11963//91 3393//91 3456//91
f 3456//91 10396//91 10413//91
f 10413//91 12273//91 5385//91
f 10413//91 5385//91 7453//91
f 11963//91 3456//91 10413//91
f 3389//91 11963//91 10413//91
f 10413//91 7453//91 7451//91
f 7451//91 5369//92 10399//91
f 7451//91 10399//91 5368//91
f 3389//91 10413//91 7451//91
f 3388//91 3389//91 7451//91
f 7451//91 5368//91 9167//92
f 3388//91 7451//91 9167//92
f 12992//91 3388//91 9167//92
f 12992//91 9167//92 7434//91
f 3404//91 12992//91 7434//91
f 3405//91 3404//91 7434//91
f 12788//91 6907//91 8882//91
f 3027//91 12788//91 8882//91
f 6212//91 7435//91 5364//91
f 5364//91 6044//284 7624//91
f 5364//91 7624//91 7621//91
f 7436//91 6212//91 5364//91
f 10398//91 7436//91 5364//91
f 5364//91 7621//91 7623//91
f 5364//91 7623//91 10521//91
f 10398//91 5364//91 10521//91
f 10398//91 10521//91 5501//91
f 6172//91 10398//91 5501//91
f 6172//91 5501//91 10500//91
f 7434//91 6172//91 10500//91
f 7434//91 10500//91 5499//480
f 3027//91 8882//91 10641//91
f 11529//91 3027//91 10641//91
f 11529//91 10641//91 4285//91
f 3007//91 11529//91 4285//91
f 3007//91 4285//91 4286//91
f 8866//284 3007//91 4286//91
f 8866//284 4286//91 4309//91
f 8865//481 8866//284 4309//91
f 8865//481 4309//91 7769//91
f 13057//91 8865//481 7769//91
f 13057//91 7769//91 4311//476
f 11335//317 3038//477 3022//92
f 3022//92 13057//91 4311//476
f 3022//92 4311//476 10635//91
f 3036//91 11335//317 3022//92
f 11330//284 3050//410 3036//91
f 3047//91 8875//482 11330//284
f 12781//91 3041//483 3047//91
f 12780//91 12781//91 3047//91
f 3047//91 11330//284 3036//91
f 3036//91 3022//92 10635//91
f 3047//91 3036//91 10635//91
f 3021//91 12780//91 3047//91
f 3021//91 3047//91 10635//91
f 3021//91 10635//91 4288//91
f 3020//91 3021//91 4288//91
f 3020//91 4288//91 4289//91
f 3002//91 3020//91 4289//91
f 3002//91 4289//91 7758//91
f 8862//91 3002//91 7758//91
f 3000//91 8862//91 7758//91
f 2999//91 3000//91 7758//91
f 3035//91 2999//91 7758//91
f 2952//91 2998//91 3034//91
f 2952//91 3034//91 3035//91
f 9710//91 2951//91 2952//91
f 3659//91 9710//91 2952//91
f 2952//91 3035//91 7758//91
f 3659//91 2952//91 7758//91
f 10979//91 3659//91 7758//91
f 10979//91 7758//91 7988//91
f 3657//91 10979//91 7988//91
f 3405//91 7434//91 5499//480
f 6034//91 7592//91 7555//91
f 3405//91 5499//480 6034//91
f 3657//91 7988//91 8475//91
f 8264//91 3657//91 8475//91
f 8263//91 8264//91 8475//91
f 10976//284 8263//91 8475//91
f 3661//91 10976//284 8475//91
f 3405//91 6034//91 7555//91
f 3405//91 7555//91 5599//91
f 8299//91 3655//91 9242//92
f 3667//91 8299//91 9242//92
f 3667//91 9242//92 9244//284
f 3668//91 3667//91 9244//284
f 3668//91 9244//284 9740//91
f 7461//91 13230//91 11873//91
f 11873//91 3668//91 9740//91
f 11873//91 9740//91 3661//91
f 5302//91 7461//91 11873//91
f 5301//91 5302//91 11873//91
f 3405//91 5599//91 12311//91
f 5301//91 11873//91 3661//91
f 11750//91 5301//91 3661//91
f 7557//91 5504//91 5524//91
f 5524//91 5985//91 5525//91
f 5524//91 5525//91 7615//91
f 7558//91 7557//91 5524//91
f 5524//91 7615//91 7612//91
f 5524//91 7612//91 7614//91
f 5524//91 7614//91 10516//91
f 10516//91 10520//91 5516//91
f 5516//91 5668//91 7713//91
f 5516//91 7713//91 4398//91
f 5524//91 10516//91 5516//91
f 7558//91 5524//91 5516//91
f 5516//91 4398//91 7714//91
f 5516//91 7714//91 7715//91
f 7558//91 5516//91 7715//91
f 7558//91 7715//91 4401//91
f 10473//91 7558//91 4401//91
f 2891//91 3150//91 10906//91
f 10473//91 4401//91 2891//91
f 5605//91 10473//91 2891//91
f 2891//91 10906//91 10900//91
f 2891//91 10900//91 10902//91
f 6061//91 5605//91 2891//91
f 5597//91 6061//91 2891//91
f 2891//91 10902//91 3479//91
f 2891//91 3479//91 8197//91
f 12311//91 5597//91 2891//91
f 12284//91 11750//91 3661//91
f 5323//91 12283//91 12284//91
f 7481//91 5323//91 12284//91
f 12311//91 2891//91 8197//91
f 12311//91 8197//91 3481//91
f 7481//91 12284//91 3661//91
f 5318//91 7481//91 3661//91
f 12311//91 3481//91 12514//91
f 7454//91 5318//91 3661//91
f 7455//91 7454//91 3661//91
f 3468//91 6627//91 9805//91
f 3465//91 8171//91 3538//91
f 3465//91 3538//91 3539//91
f 3468//91 9805//91 10904//91
f 3467//91 3468//91 10904//91
f 3465//91 3539//91 8172//317
f 3467//91 10904//91 3465//91
f 12514//91 3467//91 3465//91
f 3465//91 8172//317 8174//91
f 12514//91 3465//91 8174//91
f 5312//91 7455//91 3661//91
f 5321//91 5312//91 3661//91
f 12311//91 12514//91 8174//91
f 12311//91 8174//91 10888//91
f 5321//91 3661//91 8475//91
f 5320//91 5321//91 8475//91
f 5319//91 5320//91 8475//91
f 9180//91 5319//91 8475//91
f 9180//91 8475//91 5332//91
f 7458//91 9180//91 5332//91
f 7458//91 5332//91 12876//91
f 7459//91 7458//91 12876//91
f 6260//91 7459//91 12876//91
f 5328//91 10428//91 6260//91
f 7480//91 5328//91 6260//91
f 7480//91 6260//91 12876//91
f 6228//91 7480//91 12876//91
f 6228//91 12876//91 5345//91
f 5325//91 6228//91 5345//91
f 5325//91 5345//91 5346//5
f 6230//91 5325//91 5346//5
f 6221//91 6230//91 5346//5
f 5303//91 7484//91 7485//91
f 7485//91 6221//91 5346//5
f 7485//91 5346//5 7443//91
f 10503//91 7598//91 5303//91
f 5303//91 7485//91 7443//91
f 12332//91 10503//91 5303//91
f 5497//91 12332//91 5303//91
f 5497//91 5303//91 7443//91
f 5496//91 5497//91 7443//91
f 5496//91 7443//91 7476//91
f 11527//91 5496//91 7476//91
f 11527//91 7476//91 6251//91
f 3320//91 5484//91 9444//91
f 9444//91 11527//91 6251//91
f 12311//91 10888//91 3543//91
f 9444//91 6251//91 8223//91
f 6675//91 3320//91 9444//91
f 11379//91 6675//91 9444//91
f 3535//91 8169//91 3362//91
f 3362//91 3383//91 3384//91
f 3362//91 3384//91 9874//91
f 8309//91 3535//91 3362//91
f 8307//91 8309//91 3362//91
f 8307//91 3362//91 9874//91
f 3543//91 8307//91 9874//91
f 3543//91 9874//91 8209//91
f 11379//91 9444//91 8223//91
f 9894//91 11379//91 8223//91
f 12311//91 3543//91 8209//91
f 12311//91 8209//91 8210//317
f 3326//91 9894//91 8223//91
f 3325//91 3326//91 8223//91
f 12311//91 8210//317 3396//91
f 3325//91 8223//91 3405//91
f 3360//91 3325//91 3405//91
f 8232//484 8220//91 12526//91
f 8232//484 12526//91 8222//484
f 8233//284 8232//484 8222//484
f 8221//91 12532//91 10940//91
f 8233//284 8222//484 8221//91
f 8221//91 10940//91 3365//91
f 6672//91 3342//91 10944//91
f 8221//91 3365//91 6672//91
f 8233//284 8221//91 6672//91
f 6672//91 10944//91 3372//91
f 6672//91 3372//91 3373//91
f 10913//91 8233//284 6672//91
f 10913//91 6672//91 3373//91
f 10913//91 3373//91 3390//91
f 10913//91 3390//91 3399//91
f 10913//91 3399//91 8205//91
f 3396//91 10913//91 8205//91
f 3396//91 8205//91 3385//91
f 9870//91 3360//91 3405//91
f 3369//91 10928//91 3368//91
f 3368//91 9870//91 3405//91
f 12311//91 3396//91 3385//91
f 12311//91 3385//91 10911//284
f 8235//91 3369//91 3368//91
f 8234//91 8235//91 3368//91
f 3405//91 12311//91 10911//284
f 3405//91 10911//284 3402//92
f 8234//91 3368//91 3405//91
f 8208//91 8234//91 3405//91
f 3405//91 3402//92 6704//91
f 2620//17 7818//17 10693//27
f 5763//23 10564//23 9694//56
f 5887//56 9325//56 5712//18
f 12798//132 11350//133 1457//133
f 9473//58 8080//58 8079//18
f 2071//7 10404//7 10402//31
f 7354//21 8350//21 8351//1
f 9747//21 10975//21 9739//32
f 8543//39 7860//39 7862//16
f 336//11 2892//11 10554//15
f 5747//134 12344//5 13170//16
f 336//11 10554//15 5747//134
f 27//91 26//91 1545//15
f 1545//15 336//11 5747//134
f 5747//134 13170//16 12176//16
f 12177//15 27//91 1545//15
f 5747//134 12176//16 12177//15
f 7791//135 7780//136 12191//136
f 12800//137 12799//138 6915//138
f 10381//30 12600//30 12599//16
f 7373//19 9103//19 9102//30
f 1562//26 10568//26 6611//66
f 8653//31 10810//31 8021//22
f 8788//47 7727//47 7733//23
f 10308//56 8397//56 8399//18
f 11356//15 13051//15 6876//15
f 11462//139 4113//140 12115//140
f 12277//11 9397//11 11751//16
f 9964//56 9016//56 9015//18
f 10234//6 8528//6 8527//7
f 13007//31 8405//31 6557//31
f 6513//21 12558//21 12557//1
f 9495//31 8057//31 8055//31
f 10827//11 6134//11 6133//16
f 11303//27 10723//27 7891//27
f 11524//2 11541//2 9648//1
f 6920//23 6918//23 10076//23
f 11366//26 12089//26 12096//26
f 5840//6 5842//6 9289//6
f 5590//2 1746//2 1745//1
f 5803//5 5804//5 11545//5
f 5803//5 11545//5 5791//5
f 12893//158 5803//5 5791//5
f 9092//5 5776//5 25//5
f 12893//158 5791//5 9092//5
f 5822//5 12893//158 9092//5
f 25//5 11440//5 11540//5
f 25//5 11540//5 10199//5
f 682//5 11555//5 1629//5
f 11917//5 688//5 682//5
f 6568//5 11917//5 682//5
f 682//5 1629//5 5825//5
f 682//5 5825//5 1631//5
f 681//5 6568//5 682//5
f 681//5 682//5 1631//5
f 681//5 1631//5 11570//5
f 9772//5 681//5 11570//5
f 9772//5 11570//5 1633//5
f 679//5 9772//5 1633//5
f 679//5 1633//5 5822//5
f 679//5 5822//5 9092//5
f 9092//5 25//5 10199//5
f 9092//5 10199//5 10197//5
f 9774//5 679//5 9092//5
f 9092//5 10197//5 10861//5
f 9092//5 10861//5 5760//5
f 9092//5 5760//5 1696//5
f 9092//5 1696//5 1697//5
f 9774//5 9092//5 1697//5
f 9774//5 1697//5 1698//5
f 6506//5 9774//5 1698//5
f 6506//5 1698//5 5754//5
f 6506//5 5754//5 1704//5
f 669//5 578//5 7285//5
f 9305//5 12913//5 6497//5
f 9303//5 9305//5 6497//5
f 1554//5 9303//5 6497//5
f 6896//5 5868//5 5866//5
f 5866//5 1554//5 6497//5
f 6896//5 5866//5 6497//5
f 1504//158 6896//5 6497//5
f 1504//158 6497//5 6508//5
f 6893//5 1504//158 6508//5
f 6893//5 6508//5 6506//5
f 6893//5 6506//5 1704//5
f 669//5 7285//5 7286//5
f 1501//5 6893//5 1704//5
f 6894//5 1501//5 1704//5
f 7190//5 12173//5 1492//5
f 12946//5 12951//5 6082//5
f 9460//5 12946//5 6082//5
f 7190//5 1492//5 10018//158
f 7190//5 10018//158 10016//5
f 9460//5 6082//5 7190//5
f 6068//5 9460//5 7190//5
f 6068//5 7190//5 10016//5
f 6066//5 6068//5 10016//5
f 6066//5 10016//5 10017//5
f 1762//5 6066//5 10017//5
f 1762//5 10017//5 12053//5
f 11682//5 1762//5 12053//5
f 7286//5 13134//5 12239//5
f 7286//5 12239//5 12240//5
f 7286//5 12240//5 10333//5
f 7286//5 10333//5 10322//461
f 669//5 7286//5 10322//461
f 669//5 10322//461 10331//5
f 11680//5 11682//5 12053//5
f 1766//5 9449//5 9451//5
f 9451//5 11680//5 12053//5
f 669//5 10331//5 12238//5
f 1766//5 9451//5 12053//5
f 11683//5 6089//5 1766//5
f 9454//5 11683//5 1766//5
f 7304//5 13132//5 603//5
f 7304//5 603//5 12234//5
f 7303//5 7304//5 12234//5
f 7303//5 12234//5 10298//5
f 609//5 7303//5 10298//5
f 609//5 10298//5 7298//5
f 6076//158 9454//5 1766//5
f 6075//5 6076//158 1766//5
f 12238//5 609//5 7298//5
f 12238//5 7298//5 7280//5
f 12238//5 7280//5 7277//5
f 669//5 12238//5 7277//5
f 6075//5 1766//5 12053//5
f 669//5 7277//5 7279//5
f 7274//5 7290//5 9765//5
f 669//5 7279//5 7274//5
f 9257//5 11688//5 11692//5
f 5771//5 9257//5 11692//5
f 5771//5 11692//5 1789//5
f 5770//5 5771//5 1789//5
f 5770//5 1789//5 12948//5
f 11533//5 5770//5 12948//5
f 7274//5 9765//5 9767//5
f 7274//5 9767//5 9768//5
f 7274//5 9768//5 12889//158
f 7274//5 12889//158 6561//5
f 669//5 7274//5 6561//5
f 669//5 6561//5 6563//5
f 11533//5 12948//5 6075//5
f 5752//5 11533//5 6075//5
f 669//5 6563//5 11913//5
f 669//5 11913//5 13109//5
f 1495//5 11534//5 5751//5
f 11909//5 6527//5 686//5
f 1495//5 5751//5 5752//5
f 9749//5 11909//5 686//5
f 1495//5 5752//5 6075//5
f 731//5 9749//5 686//5
f 1495//5 6075//5 12053//5
f 11906//5 731//5 686//5
f 686//5 1495//5 12053//5
f 669//5 13109//5 674//5
f 674//5 675//5 6531//5
f 674//5 6531//5 6537//5
f 1704//5 669//5 674//5
f 686//5 12053//5 6894//5
f 11906//5 686//5 6894//5
f 674//5 6537//5 6536//5
f 674//5 6536//5 11894//5
f 11906//5 6894//5 1704//5
f 11904//5 11906//5 1704//5
f 674//5 11894//5 11895//5
f 1704//5 674//5 11895//5
f 11897//5 11904//5 1704//5
f 9735//5 11897//5 1704//5
f 1704//5 11895//5 9734//5
f 4325//141 13186//142 12088//142
f 12249//16 11041//16 11036//11
f 11036//11 9061//11 479//15
f 996//31 3480//31 8196//22
f 1787//21 5427//21 7637//1
f 7152//31 7154//31 11022//22
f 2120//18 12468//18 10834//19
f 372//18 11131//18 11132//19
f 1138//12 11397//12 6806//6
f 9489//27 8065//27 12471//24
f 9553//19 11749//19 5317//30
f 6009//11 7648//11 7646//73
f 9698//12 13300//12 11872//6
f 8958//2 6599//2 6602//1
f 11598//27 6333//27 6332//24
f 25//5 5776//5 5778//5
f 25//5 5778//5 9264//5
f 25//5 9264//5 11546//5
f 25//5 11546//5 1715//5
f 11544//461 11545//5 5804//5
f 11544//461 5804//5 5808//5
f 11547//5 11544//461 5808//5
f 11547//5 5808//5 5806//5
f 11547//5 5806//5 12894//5
f 11547//5 12894//5 11554//5
f 682//5 688//5 689//5
f 682//5 689//5 690//5
f 6495//5 6497//5 12913//5
f 11891//5 6495//5 12913//5
f 690//5 11891//5 12913//5
f 682//5 690//5 12913//5
f 11555//5 682//5 12913//5
f 11555//5 12913//5 5923//5
f 11554//5 11555//5 5923//5
f 11554//5 5923//5 5924//5
f 11584//5 5868//5 6896//5
f 11584//5 6896//5 1499//5
f 11584//5 1499//5 7129//5
f 11584//5 7129//5 1498//5
f 11583//5 11584//5 1498//5
f 11583//5 1498//5 1497//5
f 11583//5 1497//5 1496//5
f 11583//5 1496//5 352//5
f 11615//5 11583//5 352//5
f 12175//5 12173//5 7190//5
f 1551//5 11615//5 352//5
f 352//5 12175//5 7190//5
f 7190//5 13117//5 7205//5
f 7190//5 7205//5 7206//5
f 669//5 1704//5 9087//5
f 6025//5 1795//5 578//5
f 11689//5 6025//5 578//5
f 578//5 669//5 9087//5
f 578//5 9087//5 5767//5
f 9462//5 11689//5 578//5
f 9462//5 578//5 5767//5
f 9462//5 5767//5 5768//5
f 9461//5 9462//5 5768//5
f 9461//5 5768//5 11440//5
f 9463//5 9461//5 11440//5
f 9463//5 11440//5 25//5
f 9436//5 9463//5 25//5
f 9436//5 25//5 1715//5
f 9435//5 9436//5 1715//5
f 9435//5 1715//5 1706//5
f 9459//5 9435//5 1706//5
f 11463//5 9459//5 1706//5
f 6084//5 11463//5 1706//5
f 6086//5 6084//5 1706//5
f 1792//5 11691//5 1797//5
f 1792//5 1797//5 6086//5
f 11660//5 1813//5 1792//5
f 11659//5 11660//5 1792//5
f 352//5 7190//5 7206//5
f 352//5 7206//5 11049//158
f 1551//5 352//5 11049//158
f 1551//5 11049//158 7210//5
f 1551//5 7210//5 339//5
f 1551//5 339//5 7198//5
f 1551//5 7198//5 7200//5
f 1551//5 7200//5 10231//5
f 1551//5 10231//5 10233//5
f 10233//5 7193//5 334//5
f 334//5 10229//158 12178//5
f 12178//5 11617//5 5864//5
f 12178//5 5864//5 9302//5
f 10233//5 334//5 12178//5
f 1551//5 10233//5 12178//5
f 12178//5 9302//5 11581//5
f 12178//5 11581//5 5856//5
f 1551//5 12178//5 5856//5
f 1551//5 5856//5 5857//5
f 5924//5 1551//5 5857//5
f 5924//5 5857//5 9298//5
f 11554//5 5924//5 9298//5
f 11554//5 9298//5 9296//5
f 11554//5 9296//5 9300//5
f 11554//5 9300//5 9314//5
f 11554//5 9314//5 11589//461
f 12899//5 5862//5 1576//5
f 11554//5 11589//461 12899//5
f 12899//5 1576//5 12898//5
f 12899//5 12898//5 9306//5
f 11659//5 1792//5 6086//5
f 11456//5 11659//5 6086//5
f 9117//5 11456//5 6086//5
f 6010//5 9117//5 6086//5
f 6010//5 6086//5 1706//5
f 6011//5 6010//5 1706//5
f 1817//5 6011//5 1706//5
f 6015//5 1817//5 1706//5
f 6015//5 1706//5 5800//5
f 6013//5 6015//5 5800//5
f 6013//5 5800//5 6673//5
f 1806//5 6013//5 6673//5
f 759//5 1814//5 11661//5
f 6437//5 11854//5 759//5
f 11857//5 6437//5 759//5
f 759//5 11661//5 9429//5
f 759//5 9429//5 1806//5
f 11857//5 759//5 1806//5
f 11857//5 1806//5 6673//5
f 648//5 819//5 9682//5
f 9682//5 11857//5 6673//5
f 9682//5 6673//5 9265//5
f 9762//5 647//5 648//5
f 648//5 9682//5 9265//5
f 648//5 9265//5 11547//5
f 650//5 9762//5 648//5
f 6560//5 650//5 648//5
f 6560//5 648//5 11547//5
f 11916//5 6560//5 11547//5
f 11554//5 12899//5 9306//5
f 11554//5 9306//5 9307//5
f 11916//5 11547//5 11554//5
f 6554//5 11916//5 11554//5
f 11554//5 9307//5 11587//5
f 11554//5 11587//5 11578//5
f 6546//5 6554//5 11554//5
f 9759//5 6546//5 11554//5
f 11554//5 11578//5 11588//5
f 11588//5 5859//461 11567//5
f 11588//5 11567//5 11557//5
f 11912//5 13009//5 6542//5
f 11911//5 11912//5 6542//5
f 11911//5 6542//5 6555//5
f 6566//5 11911//5 6555//5
f 6566//5 6555//5 652//5
f 6564//5 6566//5 652//5
f 6564//5 652//5 6550//5
f 9760//5 6564//5 6550//5
f 9760//5 6550//5 6553//5
f 9756//5 9760//5 6553//5
f 11588//5 11557//5 1644//5
f 11588//5 1644//5 5844//5
f 651//460 9756//5 6553//5
f 9753//5 651//460 6553//5
f 11554//5 11588//5 5844//5
f 11554//5 5844//5 5845//5
f 9753//5 6553//5 9759//5
f 11554//5 5845//5 9293//5
f 11554//5 9293//5 11575//5
f 12998//5 635//5 9757//5
f 799//5 12998//5 9757//5
f 799//5 9757//5 9758//5
f 6487//5 799//5 9758//5
f 6487//5 9758//5 13008//5
f 794//158 6487//5 13008//5
f 794//158 13008//5 6538//5
f 745//5 9221//5 795//5
f 795//5 794//158 6538//5
f 745//5 795//5 6538//5
f 9432//5 11668//5 1821//5
f 9438//5 9432//5 1821//5
f 11554//5 11575//5 1649//5
f 11554//5 1649//5 1639//5
f 9437//5 9438//5 1821//5
f 1826//5 9437//5 1821//5
f 11554//5 1639//5 11562//5
f 9759//5 11554//5 11562//5
f 9759//5 11562//5 1641//5
f 5817//5 5818//5 638//5
f 9759//5 1641//5 5817//5
f 9753//5 9759//5 5817//5
f 5817//5 638//5 9270//5
f 9753//5 5817//5 9270//5
f 9751//5 9753//5 9270//5
f 9751//5 9270//5 9274//5
f 6540//5 9751//5 9274//5
f 9259//5 9273//5 12936//5
f 6540//5 9274//5 9259//5
f 6538//5 6540//5 9259//5
f 9259//5 12936//5 11665//5
f 9259//5 11665//5 11666//5
f 745//5 6538//5 9259//5
f 1826//5 1821//5 745//5
f 1825//5 1826//5 745//5
f 745//5 9259//5 11666//5
f 745//5 11666//5 1833//5
f 12934//5 1825//5 745//5
f 5270//11 1929//11 5960//16
f 11618//56 11620//56 5242//18
f 8879//23 12076//23 6951//23
f 12892//11 9238//11 9237//12
f 8869//143 6912//143 10027//144
f 11345//145 2955//271 9399//146
f 12331//2 1847//2 1846//1
f 12435//11 6282//11 9156//16
f 1037//7 3420//7 9788//31
f 5511//11 1854//11 1853//16
f 9441//11 11528//11 5495//12
f 2376//22 5049//22 10853//33
f 1242//148 1521//149 7717//149
f 11636//56 8701//56 13273//18
f 8724//32 8728//32 10741//26
f 1828//2 7603//2 7602//17
f 2301//18 8148//18 8149//19
f 5739//91 12831//91 9052//91
f 5739//91 9052//91 9053//91
f 7684//91 5739//91 9053//91
f 11865//91 7684//91 9053//91
f 9341//91 9316//91 5734//91
f 5734//91 11865//91 9053//91
f 9341//91 5734//91 9053//91
f 11611//91 9341//91 9053//91
f 11611//91 9053//91 3143//91
f 4383//91 11611//91 3143//91
f 4383//91 3143//91 9905//91
f 12909//91 4383//91 9905//91
f 12352//481 12909//91 9905//91
f 4378//91 10586//91 5917//91
f 5917//91 12352//481 9905//91
f 4378//91 5917//91 9905//91
f 4392//91 12363//91 4378//91
f 4394//91 4392//91 4378//91
f 4378//91 9905//91 3146//91
f 7718//91 4394//91 4378//91
f 7718//91 4378//91 3146//91
f 4388//91 7718//91 3146//91
f 3144//91 4388//91 3146//91
f 3144//91 3146//91 11362//91
f 9056//91 3144//91 11362//91
f 9056//91 11362//91 11361//91
f 10906//91 3150//91 11431//91
f 11431//91 9056//91 11361//91
f 11431//91 11361//91 3133//91
f 3476//91 10906//91 11431//91
f 3476//91 11431//91 3133//91
f 3476//91 3133//91 9035//91
f 8204//91 3476//91 9035//91
f 8204//91 9035//91 9037//91
f 3473//92 8204//91 9037//91
f 9997//91 11427//91 6860//91
f 3473//92 9037//91 9997//91
f 9805//91 6627//91 6619//91
f 6619//91 3473//92 9997//91
f 9997//91 6860//91 11422//91
f 9997//91 11422//91 6711//91
f 9805//91 6619//91 9997//91
f 10907//91 9805//91 9997//91
f 9997//91 6711//91 3128//91
f 9997//91 3128//91 9033//91
f 9812//91 10907//91 9997//91
f 3462//91 9812//91 9997//91
f 9997//91 9033//91 11421//91
f 3462//91 9997//91 11421//91
f 3490//91 3462//91 11421//91
f 3490//91 11421//91 3283//91
f 9319//91 3490//91 3283//91
f 9319//91 3283//91 12811//91
f 3486//92 9319//91 12811//91
f 3486//92 12811//91 3285//91
f 11942//91 3486//92 3285//91
f 8955//91 10132//91 5642//91
f 11942//91 3285//91 8955//91
f 5642//91 7690//91 7695//91
f 8955//91 5642//91 7695//91
f 8955//91 7695//91 7694//91
f 8955//91 7694//91 5836//91
f 11942//91 8955//91 5836//91
f 11942//91 5836//91 5656//91
f 8160//91 11942//91 5656//91
f 8160//91 5656//91 9290//91
f 8160//91 9290//91 5843//91
f 8160//91 5843//91 9754//91
f 8160//91 9754//91 7698//91
f 7698//91 7696//91 5570//91
f 7698//91 5570//91 5783//91
f 3487//91 8160//91 7698//91
f 7698//91 5783//91 5567//91
f 3465//91 10904//91 9810//91
f 8171//91 3465//91 9810//91
f 8171//91 9810//91 3484//91
f 8170//91 8171//91 3484//91
f 8170//91 3484//91 10903//91
f 8998//91 8170//91 10903//91
f 8998//91 10903//91 3487//91
f 8168//91 8998//91 3487//91
f 8711//91 9233//91 3716//91
f 3716//91 3771//91 6558//91
f 3716//91 6558//91 8406//91
f 8709//91 8711//91 3716//91
f 9261//91 8709//91 3716//91
f 9261//91 3716//91 8406//91
f 5575//91 9261//91 8406//91
f 5575//91 8406//91 11067//91
f 12326//5 5575//91 11067//91
f 9209//91 3565//91 8304//91
f 12326//5 11067//91 9209//91
f 5573//91 12326//5 9209//91
f 9209//91 8304//91 8302//91
f 8302//91 3546//91 11010//91
f 8302//91 11010//91 3556//91
f 8169//91 8168//91 3487//91
f 8179//91 3362//91 8169//91
f 3525//91 8179//91 8169//91
f 6458//91 3525//91 8169//91
f 3530//91 6458//91 8169//91
f 10887//91 3530//91 8169//91
f 10887//91 8169//91 3487//91
f 8302//91 3556//91 6448//91
f 8302//91 6448//91 11008//91
f 10887//91 3487//91 7698//91
f 3524//91 10887//91 7698//91
f 3320//91 11417//91 8177//91
f 7593//91 5484//91 3320//91
f 7564//91 5494//91 5491//91
f 7593//91 3320//91 8177//91
f 7564//91 5491//91 7593//91
f 7563//91 7564//91 7593//91
f 7593//91 8177//91 8175//91
f 7593//91 8175//91 12847//91
f 10484//91 7563//91 7593//91
f 10483//91 10484//91 7593//91
f 7593//91 12847//91 8182//91
f 7593//91 8182//91 8181//91
f 10483//91 7593//91 8181//91
f 8302//91 11008//91 3568//91
f 8302//91 3568//91 10188//91
f 10483//91 8181//91 3524//91
f 6074//91 10483//91 3524//91
f 9209//91 8302//91 10188//91
f 9209//91 10188//91 3570//91
f 9209//91 3570//91 3571//91
f 3571//91 13235//91 2873//91
f 2873//91 5479//91 5480//91
f 5474//91 7605//91 7588//91
f 2873//91 5480//91 5474//91
f 9209//91 3571//91 2873//91
f 5573//91 9209//91 2873//91
f 2873//91 5474//91 7588//91
f 5573//91 2873//91 7588//91
f 9185//91 5573//91 7588//91
f 9185//91 7588//91 5775//91
f 5567//91 9185//91 5775//91
f 5567//91 5775//91 5581//91
f 7561//91 6074//91 3524//91
f 7561//91 3524//91 7698//91
f 7698//91 5567//91 5581//91
f 7698//91 5581//91 12887//410
f 7560//91 7561//91 7698//91
f 9232//91 7560//91 7698//91
f 7698//91 12887//410 9230//91
f 13143//6 8363//6 8365//7
f 5956//31 9368//31 10429//31
f 2543//23 10780//23 10783//56
f 5663//2 11445//2 1675//1
f 9503//7 5163//7 11722//31
f 2679//7 12405//7 12406//22
f 6648//7 12511//7 10893//31
f 4146//150 8472//151 149//151
f 11502//18 7905//18 7903//19
f 8470//152 4147//153 7071//153
f 2610//19 7799//19 7801//19
f 9732//6 11888//6 12555//7
f 12519//2 980//2 979//1
f 11573//39 7697//39 5661//16
f 9450//31 11459//31 5417//22
f 2335//21 8103//21 8102//1
f 5853//24 12322//24 9291//47
f 2031//11 12272//11 5348//12
f 5372//2 2088//2 2087//1
f 8092//11 2213//11 13302//16
f 11160//47 10686//47 7813//23
f 2552//8 4794//8 12503//20
f 13023//6 12512//6 12511//7
f 12265//27 8372//27 8357//24
f 2084//24 5383//24 10397//47
f 9057//24 10436//24 9379//47
f 12638//154 8504//59 12134//59
f 9778//2 1022//1 3443//1
f 8839//26 10047//26 6931//26
f 361//7 8518//7 8519//155
f 7243//5 7236//5 10250//5
f 7243//5 10250//5 305//5
f 7242//5 307//470 7243//5
f 8502//5 7241//472 7242//5
f 7240//5 10256//5 8502//5
f 12197//5 7239//5 7240//5
f 10255//5 12194//5 12197//5
f 10255//5 12197//5 7240//5
f 7240//5 8502//5 7242//5
f 7242//5 7243//5 305//5
f 7242//5 305//5 295//5
f 10255//5 7240//5 7242//5
f 10254//5 10255//5 7242//5
f 7242//5 295//5 288//5
f 10254//5 7242//5 288//5
f 11102//5 10254//5 288//5
f 11102//5 288//5 286//5
f 7229//5 11102//5 286//5
f 7229//5 286//5 244//5
f 284//5 7229//5 244//5
f 284//5 244//5 8659//5
f 246//5 284//5 8659//5
f 12219//485 230//5 234//5
f 10278//5 246//5 8659//5
f 12219//485 234//5 12217//5
f 10246//5 10278//5 8659//5
f 12219//485 12217//5 10272//5
f 10244//5 10246//5 8659//5
f 12219//485 10272//5 10271//158
f 12219//485 10271//158 252//5
f 252//5 12227//5 250//5
f 13123//158 10257//5 10261//5
f 252//5 250//5 13123//158
f 12219//485 252//5 13123//158
f 13123//158 10261//5 10270//5
f 10270//5 7271//5 7272//461
f 7272//461 10262//461 10263//5
f 10263//5 12210//158 7246//461
f 7244//5 125//5 6242//5
f 7272//461 10263//5 7246//461
f 7244//5 6242//5 6240//5
f 10270//5 7272//461 7246//461
f 7244//5 6240//5 6238//5
f 13123//158 10270//5 7246//461
f 7244//5 6238//5 205//5
f 13123//158 7246//461 7244//5
f 8659//5 12219//485 13123//158
f 219//5 12215//5 12216//5
f 219//5 12216//5 223//5
f 8659//5 13123//158 7244//5
f 7255//5 12204//5 10244//5
f 8659//5 7244//5 205//5
f 7251//158 7255//5 10244//5
f 10244//5 8659//5 205//5
f 219//5 223//5 272//5
f 219//5 272//5 7227//5
f 8606//5 7251//158 10244//5
f 10282//5 255//461 8606//5
f 282//5 253//158 10282//5
f 7224//5 10251//5 282//5
f 12221//5 276//158 7224//5
f 12221//5 7224//5 282//5
f 282//5 10282//5 8606//5
f 205//5 219//5 7227//5
f 205//5 7227//5 10252//5
f 12221//5 282//5 8606//5
f 12221//5 8606//5 10244//5
f 7230//5 7231//5 10253//5
f 7230//5 10253//5 274//5
f 10279//5 12221//5 10244//5
f 10279//5 10244//5 205//5
f 10252//5 7230//5 274//5
f 10252//5 274//5 220//472
f 7249//5 10279//5 205//5
f 7248//5 7249//5 205//5
f 205//5 10252//5 220//472
f 205//5 220//472 13125//5
f 13124//5 7248//5 205//5
f 9598//6 8097//6 8098//7
f 9592//31 7947//31 7820//22
f 6245//2 7483//2 7482//66
f 11761//47 12877//47 12282//23
f 5354//11 2052//11 11728//16
f 11928//8 10919//8 10920//20
f 7768//156 7767//157 6991//157
f 9896//56 3318//56 9893//56
f 13304//11 5946//11 5945//16
f 6715//5 9898//5 205//5
f 205//5 6238//5 6239//5
f 205//5 6239//5 2032//5
f 6384//5 6715//5 205//5
f 6716//5 6384//5 205//5
f 205//5 2032//5 11757//5
f 205//5 11757//5 2034//5
f 9824//5 6716//5 205//5
f 9824//5 205//5 2034//5
f 9824//5 2034//5 6182//5
f 9826//5 9824//5 6182//5
f 940//5 9826//5 6182//5
f 6125//5 940//5 6182//5
f 6125//5 6182//5 6184//5
f 6123//486 6125//5 6184//5
f 9777//5 9888//5 9885//5
f 6657//5 9777//5 9885//5
f 6657//5 9885//5 9886//5
f 9818//5 6650//5 1011//5
f 1011//5 6657//5 9886//5
f 1011//5 9886//5 6714//5
f 6646//5 9818//5 1011//5
f 1014//5 6646//5 1011//5
f 1011//5 6714//5 6696//5
f 1014//5 1011//5 6696//5
f 9813//5 1014//5 6696//5
f 9813//5 6696//5 884//5
f 6643//5 9813//5 884//5
f 6643//5 884//5 6123//486
f 6643//5 6123//486 6184//5
f 12860//5 6628//5 9817//5
f 9502//5 12860//5 9817//5
f 9502//5 9817//5 6641//5
f 9142//5 9502//5 6641//5
f 9142//5 6641//5 6640//5
f 859//5 11715//5 2149//5
f 2149//5 9142//5 6640//5
f 2149//5 6640//5 6643//5
f 11739//5 11726//5 859//5
f 859//5 2149//5 6643//5
f 11739//5 859//5 6643//5
f 12963//461 6176//5 11739//5
f 827//5 2082//5 12962//5
f 12962//5 12963//461 11739//5
f 2041//5 6242//5 125//5
f 125//5 9561//5 2054//5
f 2041//5 125//5 2054//5
f 2049//470 2041//5 2054//5
f 9518//5 2049//470 2054//5
f 9517//5 9518//5 2054//5
f 9517//5 2054//5 9565//5
f 9520//5 9517//5 9565//5
f 9520//5 9565//5 9562//5
f 6184//5 9520//5 9562//5
f 6184//5 9562//5 9563//5
f 12962//5 11739//5 6643//5
f 858//5 827//5 12962//5
f 860//5 858//5 12962//5
f 6184//5 9563//5 11770//5
f 11770//5 6249//5 850//5
f 850//5 6667//5 923//5
f 9830//158 11955//5 6661//5
f 11770//5 850//5 923//5
f 923//5 9830//158 6661//5
f 923//5 6661//5 914//5
f 6184//5 11770//5 923//5
f 860//5 12962//5 6643//5
f 9876//5 860//5 6643//5
f 6184//5 923//5 914//5
f 6184//5 914//5 9892//5
f 877//5 9876//5 6643//5
f 876//5 877//5 6643//5
f 6184//5 9892//5 9895//5
f 6643//5 6184//5 9895//5
f 11969//5 876//5 6643//5
f 11969//5 6643//5 9895//5
f 11969//5 9895//5 939//5
f 897//5 11969//5 939//5
f 937//5 9868//5 13033//5
f 897//5 939//5 937//5
f 9879//5 897//5 937//5
f 937//5 13033//5 6692//5
f 6692//5 6690//5 9889//5
f 6692//5 9889//5 9890//5
f 9879//5 937//5 6692//5
f 6692//5 9890//5 11971//158
f 2090//5 2091//5 11729//5
f 2090//5 11729//5 12865//5
f 2074//5 9512//5 9521//5
f 9521//5 2090//5 12865//5
f 9200//5 2074//5 9521//5
f 12627//159 12626//160 132//160
f 11259//27 10734//27 10733//24
f 11794//6 12484//6 5017//7
f 12679//31 13201//31 4777//22
f 5852//11 5660//11 5659//73
f 12782//161 10059//162 6955//162
f 12843//47 10565//47 10564//23
f 8870//165 12785//468 12784//163
f 12784//163 10042//222 12080//487
f 12081//164 10045//405 8871//405
f 12784//163 12080//487 12081//164
f 12081//164 8871//405 8870//165
f 6185//32 9524//32 10406//1
f 2643//18 7812//18 8550//19
f 12272//11 2031//11 2030//16
f 1021//16 13226//16 13227//11
f 12111//23 10114//23 12105//23
f 11523//56 12711//56 12710//18
f 13021//16 11384//16 8965//11
f 10428//91 5328//91 12283//91
f 8841//26 6948//26 6946//26
f 11899//30 12550//30 10980//39
f 4094//166 4093//167 12120//167
f 11466//24 5054//24 8081//25
f 12736//19 10600//19 10599//30
f 2733//2 7853//2 13190//17
f 11883//47 12999//47 12712//47
f 6733//7 11430//7 9904//31
f 976//7 3466//7 9806//31
f 12323//130 1645//130 11560//1
f 10538//2 1818//2 6028//1
f 9412//5 1866//5 1751//5
f 1751//5 11675//5 11674//5
f 9412//5 1751//5 11674//5
f 5982//5 9412//5 11674//5
f 5982//5 11674//5 11677//5
f 5981//5 5982//5 11677//5
f 12939//5 5981//5 11677//5
f 6056//5 6053//5 823//5
f 823//5 6636//5 6637//5
f 823//5 6637//5 11944//5
f 6070//5 6056//5 823//5
f 6070//5 823//5 11944//5
f 6070//5 11944//5 11943//5
f 6059//5 6070//5 11943//5
f 1756//460 6059//5 11943//5
f 9453//5 1756//460 11943//5
f 9453//5 11943//5 9800//91
f 982//5 6615//5 9807//5
f 982//5 9807//5 9804//5
f 9801//5 982//5 9804//5
f 9801//5 9804//5 985//5
f 9800//91 9801//5 985//5
f 9800//91 985//5 5878//5
f 9800//91 5878//5 5877//460
f 9800//91 5877//460 987//5
f 9453//5 9800//91 987//5
f 11738//5 11646//461 9407//5
f 11744//5 11738//5 9407//5
f 6102//5 6210//5 11741//5
f 13282//5 11695//5 2177//5
f 2177//5 6102//5 11741//5
f 2177//5 11741//5 11745//5
f 331//5 13282//5 2177//5
f 7182//5 330//461 331//5
f 1546//5 332//5 7182//5
f 1527//5 11614//5 1546//5
f 9350//5 1527//5 1546//5
f 1546//5 7182//5 331//5
f 2177//5 11745//5 6193//5
f 2177//5 6193//5 11744//5
f 5922//5 9350//5 1546//5
f 5922//5 1546//5 331//5
f 331//5 2177//5 11744//5
f 331//5 11744//5 9407//5
f 5920//5 5922//5 331//5
f 9342//5 5920//5 331//5
f 331//5 9407//5 9408//5
f 331//5 9408//5 12939//5
f 9335//5 9342//5 331//5
f 9343//5 9335//5 331//5
f 12915//5 6620//5 837//5
f 837//5 9690//5 838//5
f 838//5 12849//5 12153//5
f 838//5 12153//5 12155//5
f 12915//5 837//5 838//5
f 990//5 12915//5 838//5
f 838//5 12155//5 6072//5
f 838//5 6072//5 9118//5
f 990//5 838//5 9118//5
f 11949//5 990//5 9118//5
f 11940//5 11949//5 9118//5
f 11940//5 9118//5 9447//5
f 9808//5 11940//5 9447//5
f 5929//5 9808//5 9447//5
f 987//5 5929//5 9447//5
f 987//5 9447//5 11551//5
f 9453//5 987//5 11551//5
f 9343//5 331//5 12939//5
f 9345//5 9343//5 12939//5
f 1529//5 9345//5 12939//5
f 12911//5 9348//5 9347//5
f 9347//5 1529//5 12939//5
f 1531//5 12911//5 9347//5
f 11609//5 1531//5 9347//5
f 9267//5 9448//5 1722//5
f 1722//5 6037//5 6035//5
f 1722//5 6035//5 6036//5
f 5788//5 9267//5 1722//5
f 5773//5 5788//5 1722//5
f 1722//5 6036//5 9439//158
f 1722//5 9439//158 11669//5
f 5789//5 5773//5 1722//5
f 11549//5 5789//5 1722//5
f 11609//5 9347//5 12939//5
f 1535//5 11609//5 12939//5
f 12055//5 1535//5 12939//5
f 10020//5 12055//5 12939//5
f 10020//5 12939//5 11677//5
f 1506//5 10020//5 11677//5
f 1506//5 11677//5 9453//5
f 6723//5 1506//5 9453//5
f 6723//5 9453//5 11551//5
f 6722//5 6723//5 11551//5
f 1245//5 6722//5 11551//5
f 11975//5 6721//5 1245//5
f 11977//5 11975//5 1245//5
f 11977//5 1245//5 11551//5
f 1089//5 11977//5 11551//5
f 13047//5 1089//5 11551//5
f 1093//5 13047//5 11551//5
f 9980//5 1093//5 11551//5
f 6858//5 9985//5 9980//5
f 6864//5 6858//5 9980//5
f 6863//5 6864//5 9980//5
f 1092//5 6863//5 9980//5
f 12041//5 1092//5 9980//5
f 9990//5 12041//5 9980//5
f 9990//5 9980//5 11551//5
f 6873//5 9990//5 11551//5
f 6873//5 11551//5 11543//5
f 6874//5 6873//5 11543//5
f 1106//5 6874//5 11543//5
f 1103//5 7019//5 9994//5
f 9994//5 1106//5 11543//5
f 5834//5 1103//5 9994//5
f 1669//5 5834//5 9994//5
f 5851//5 1669//5 9994//5
f 1665//5 5851//5 9994//5
f 1665//5 9994//5 11543//5
f 1672//5 1665//5 11543//5
f 1668//5 1672//5 11543//5
f 11574//5 1668//5 11543//5
f 11574//5 11543//5 11549//5
f 5765//5 11574//5 11549//5
f 5765//5 11549//5 1722//5
f 1677//158 5765//5 1722//5
f 1598//5 9294//5 1670//5
f 5837//5 5839//5 1652//5
f 1598//5 1670//5 11446//5
f 1598//5 11446//5 12842//5
f 9286//5 5837//5 1652//5
f 1652//5 1598//5 12842//5
f 1652//5 12842//5 1677//158
f 9285//5 9286//5 1652//5
f 9287//5 9285//5 1652//5
f 1652//5 1677//158 1722//5
f 5892//5 5854//5 9295//158
f 5883//5 5892//5 9295//158
f 5883//5 9295//158 9287//5
f 5882//5 5883//5 9287//5
f 6039//5 6038//5 850//5
f 850//5 6249//5 6261//5
f 850//5 6261//5 11768//5
f 1835//5 6039//5 850//5
f 1834//5 1835//5 850//5
f 850//5 11768//5 2046//5
f 1834//5 850//5 2046//5
f 11458//5 1834//5 2046//5
f 11458//5 2046//5 11759//5
f 11670//5 11458//5 11759//5
f 11670//5 11759//5 11760//5
f 11669//5 11670//5 11760//5
f 11669//5 11760//5 2040//5
f 1722//5 11669//5 2040//5
f 9559//5 9561//5 125//5
f 2040//5 9559//5 125//5
f 125//5 7244//5 7254//5
f 125//5 7254//5 238//5
f 11595//5 5882//5 9287//5
f 9723//5 9317//158 11595//5
f 9722//5 9723//5 11595//5
f 698//158 9722//5 11595//5
f 638//5 11893//473 6500//5
f 6500//5 698//158 11595//5
f 6500//5 11595//5 9287//5
f 9270//5 638//5 6500//5
f 5795//5 9270//5 6500//5
f 6500//5 9287//5 1652//5
f 1731//5 5795//5 6500//5
f 1730//5 1731//5 6500//5
f 125//5 238//5 10276//5
f 10276//5 235//5 10791//158
f 10276//5 10791//158 10794//158
f 10276//5 10794//158 10274//461
f 10276//5 10274//461 10275//5
f 125//5 10276//5 10275//5
f 125//5 10275//5 241//5
f 1730//5 6500//5 1652//5
f 9271//5 1730//5 1652//5
f 9271//5 1652//5 1722//5
f 9093//488 9271//5 1722//5
f 125//5 241//5 123//5
f 125//5 123//5 124//5
f 9093//488 1722//5 2040//5
f 5781//489 9093//488 2040//5
f 2040//5 125//5 124//5
f 2040//5 124//5 10156//5
f 9724//5 5781//489 2040//5
f 9262//5 9724//5 2040//5
f 2040//5 10156//5 10157//5
f 10157//5 129//5 13092//5
f 10157//5 13092//5 144//5
f 1727//5 9262//5 2040//5
f 12936//5 9273//5 11553//5
f 2040//5 10157//5 144//5
f 2040//5 144//5 145//5
f 12936//5 11553//5 1727//5
f 1829//5 12936//5 1727//5
f 2040//5 145//5 75//5
f 6019//5 1829//5 1727//5
f 1821//5 11668//5 11664//5
f 11664//5 6019//5 1727//5
f 12123//461 7026//5 7027//5
f 7027//5 10102//5 12102//470
f 12102//470 7024//5 7025//5
f 7025//5 12098//5 12099//5
f 12099//5 10106//5 161//461
f 7025//5 12099//5 161//461
f 7027//5 12102//470 7025//5
f 12123//461 7027//5 7025//5
f 7025//5 161//461 10139//158
f 12123//461 7025//5 10139//158
f 112//5 12123//461 10139//158
f 112//5 10139//158 7061//490
f 110//5 112//5 7061//490
f 7060//5 12139//5 85//5
f 110//5 7061//490 7060//5
f 10152//5 110//5 7060//5
f 7060//5 85//5 86//5
f 7060//5 86//5 10101//5
f 10152//5 7060//5 10101//5
f 10152//5 10101//5 10100//5
f 107//5 10152//5 10100//5
f 107//5 10100//5 10150//5
f 75//5 107//5 10150//5
f 75//5 10150//5 109//5
f 11664//5 1727//5 2040//5
f 1821//5 11664//5 2040//5
f 75//5 109//5 73//5
f 7097//5 9540//5 10177//5
f 75//5 73//5 7097//5
f 745//5 1821//5 2040//5
f 2014//5 6232//5 745//5
f 11754//5 2014//5 745//5
f 12136//5 70//5 71//5
f 71//5 10182//5 78//5
f 78//5 11755//5 2008//5
f 2008//5 7099//5 10185//5
f 10185//5 7063//5 7062//5
f 7062//5 12143//5 12142//5
f 12142//5 98//472 97//5
f 97//5 96//461 13100//158
f 10171//491 10174//5 56//5
f 12142//5 97//5 13100//158
f 7062//5 12142//5 13100//158
f 2008//5 10185//5 7062//5
f 71//5 78//5 2008//5
f 12136//5 71//5 2008//5
f 2008//5 7062//5 13100//158
f 2008//5 13100//158 10171//491
f 12136//5 2008//5 10171//491
f 56//5 7258//5 10269//5
f 13098//5 12136//5 10171//491
f 56//5 10269//5 214//5
f 10171//491 56//5 214//5
f 10258//5 10257//5 13123//158
f 10171//491 214//5 10258//5
f 13098//5 10171//491 10258//5
f 10258//5 13123//158 7221//5
f 13098//5 10258//5 7221//5
f 7220//5 10250//5 7236//5
f 7220//5 7236//5 7218//5
f 7219//5 7220//5 7218//5
f 7219//5 7218//5 7217//5
f 7219//5 7217//5 12189//5
f 7219//5 12189//5 12187//5
f 7221//5 7219//5 12187//5
f 7221//5 12187//5 12188//5
f 7221//5 12188//5 12204//5
f 12204//5 7255//5 7215//5
f 7215//5 7216//158 10247//5
f 10247//5 279//5 280//5
f 280//5 7213//5 12185//5
f 12185//5 12186//5 13127//5
f 280//5 12185//5 13127//5
f 7215//5 10247//5 280//5
f 7215//5 280//5 13127//5
f 12204//5 7215//5 13127//5
f 12204//5 13127//5 7266//5
f 8733//5 12215//5 219//5
f 7221//5 12204//5 7266//5
f 7266//5 8733//5 219//5
f 219//5 205//5 9898//5
f 9898//5 9888//5 9777//5
f 9898//5 9777//5 1023//5
f 7221//5 7266//5 219//5
f 9898//5 1023//5 1024//5
f 9898//5 1024//5 6579//5
f 219//5 9898//5 6579//5
f 219//5 6579//5 1026//5
f 219//5 1026//5 1027//5
f 219//5 1027//5 1020//5
f 219//5 1020//5 11952//5
f 219//5 11952//5 1013//5
f 1008//5 6650//5 9818//5
f 1008//5 9818//5 6633//5
f 13024//5 1008//5 6633//5
f 13024//5 6633//5 6647//5
f 1013//5 13024//5 6647//5
f 1013//5 6647//5 9816//5
f 219//5 1013//5 9816//5
f 219//5 9816//5 9814//5
f 219//5 9814//5 6630//5
f 6630//5 6628//5 12860//5
f 6630//5 12860//5 6154//5
f 6630//5 6154//5 6151//5
f 6630//5 6151//5 6153//5
f 219//5 6630//5 6153//5
f 219//5 6153//5 11708//5
f 11713//5 11715//5 2061//463
f 2219//462 9776//5 1043//5
f 2144//5 11713//5 2061//463
f 2143//5 2144//5 2061//463
f 6584//5 1038//5 11926//5
f 6584//5 11926//5 11933//5
f 6590//5 6584//5 11933//5
f 6590//5 11933//5 9787//5
f 6588//5 6590//5 9787//5
f 6588//5 9787//5 1042//5
f 1046//5 6588//5 1042//5
f 1046//5 1042//5 11921//5
f 1043//5 1046//5 11921//5
f 1043//5 11921//5 11934//5
f 2143//5 2061//463 2219//462
f 2142//5 2143//5 2219//462
f 2219//462 1043//5 11934//5
f 2219//462 11934//5 6592//5
f 12882//5 2142//5 2219//462
f 11708//5 12882//5 2219//462
f 11708//5 2219//462 6592//5
f 219//5 11708//5 6592//5
f 219//5 6592//5 6593//5
f 7221//5 219//5 6593//5
f 7221//5 6593//5 1056//5
f 13098//5 7221//5 1056//5
f 13098//5 1056//5 1057//5
f 49//461 13098//5 1057//5
f 49//461 1057//5 1058//5
f 49//461 1058//5 9793//5
f 11930//5 1045//5 1054//5
f 49//461 9793//5 11930//5
f 49//461 11930//5 1054//5
f 1054//5 454//5 9193//5
f 1054//5 9193//5 9647//5
f 50//158 49//461 1054//5
f 50//158 1054//5 9647//5
f 50//158 9647//5 2336//5
f 45//5 50//158 2336//5
f 45//5 2336//5 2330//5
f 45//5 2330//5 2323//5
f 45//5 2323//5 11824//5
f 45//5 11824//5 6387//5
f 45//5 6387//5 6388//5
f 12792//5 2333//5 378//5
f 378//5 2449//5 11485//5
f 12792//5 378//5 11485//5
f 9649//5 12792//5 11485//5
f 9649//5 11485//5 9586//5
f 6388//5 9649//5 9586//5
f 6388//5 9586//5 9591//5
f 45//5 6388//5 9591//5
f 45//5 9591//5 11789//5
f 13099//5 45//5 11789//5
f 13099//5 11789//5 6284//5
f 374//5 2537//5 8616//5
f 374//5 8616//5 8639//5
f 11785//5 374//5 8639//5
f 11785//5 8639//5 8640//5
f 6301//5 11785//5 8640//5
f 6301//5 8640//5 8624//5
f 6284//5 6301//5 8624//5
f 6284//5 8624//5 8622//5
f 6284//5 8622//5 9157//5
f 9157//5 11193//5 6306//5
f 9157//5 6306//5 6304//5
f 9554//5 11754//5 745//5
f 9153//5 9554//5 745//5
f 6284//5 9157//5 6304//5
f 2423//5 9581//5 2308//5
f 6284//5 6304//5 2423//5
f 6284//5 2423//5 2308//5
f 2308//5 11818//5 6367//5
f 13099//5 6284//5 2308//5
f 13099//5 2308//5 6367//5
f 13099//5 6367//5 6369//5
f 13099//5 6369//5 11815//5
f 13099//5 11815//5 12977//5
f 13099//5 12977//5 6370//5
f 13099//5 6370//5 6372//5
f 12133//5 13099//5 6372//5
f 12133//5 6372//5 9640//5
f 6374//5 2313//5 1062//5
f 1062//5 6809//5 1145//5
f 12024//5 6801//5 6803//5
f 6374//5 1062//5 1145//5
f 6374//5 1145//5 12024//5
f 12978//5 6374//5 12024//5
f 12978//5 12024//5 6803//5
f 9640//5 12978//5 6803//5
f 9153//5 745//5 2040//5
f 6218//5 9153//5 2040//5
f 1126//5 6817//5 12011//5
f 1126//5 12011//5 12013//5
f 6818//5 1126//5 12013//5
f 6818//5 12013//5 12021//5
f 10031//5 6818//5 12021//5
f 9948//5 10031//5 12021//5
f 9951//5 9948//5 12021//5
f 6216//5 6218//5 2040//5
f 1997//5 6216//5 2040//5
f 1160//5 1146//5 6825//5
f 1160//5 6825//5 6827//5
f 9972//5 1160//5 6827//5
f 9972//5 6827//5 6834//5
f 9971//5 9972//5 6834//5
f 9971//5 6834//5 6833//5
f 12021//5 9971//5 6833//5
f 12021//5 6833//5 6962//5
f 9951//5 12021//5 6962//5
f 9951//5 6962//5 9970//5
f 9945//158 9951//5 9970//5
f 9945//158 9970//5 10040//5
f 9967//5 9969//5 170//5
f 1133//5 12049//5 10009//5
f 9967//5 170//5 1133//5
f 10040//5 9967//5 1133//5
f 9945//158 10040//5 1133//5
f 6803//5 9945//158 1133//5
f 9640//5 6803//5 1133//5
f 10003//91 10011//5 10007//5
f 6885//5 312//5 6877//5
f 10003//91 10007//5 6885//5
f 10009//5 10003//91 6885//5
f 6885//5 6877//5 13052//5
f 10009//5 6885//5 13052//5
f 1133//5 10009//5 13052//5
f 1133//5 13052//5 12097//5
f 6226//5 1997//5 2040//5
f 12964//5 6226//5 2040//5
f 28//5 7016//5 7006//5
f 28//5 7006//5 7017//5
f 12090//5 28//5 7017//5
f 12094//5 196//5 10073//492
f 12097//5 12090//5 7017//5
f 12094//5 10073//492 10071//5
f 12097//5 7017//5 12094//5
f 1133//5 12097//5 12094//5
f 10071//5 6969//492 6971//5
f 1133//5 12094//5 10071//5
f 9557//5 12964//5 2040//5
f 2018//5 2017//5 9558//5
f 6247//5 2018//5 9558//5
f 2026//5 6247//5 9558//5
f 2026//5 9558//5 9557//5
f 6256//5 2026//5 9557//5
f 9640//5 1133//5 10071//5
f 10071//5 6971//5 1391//461
f 10071//5 1391//461 1389//5
f 6256//5 9557//5 2040//5
f 6254//5 6256//5 2040//5
f 10071//5 1389//5 1388//5
f 10071//5 1388//5 10033//5
f 12966//5 6254//5 2040//5
f 11756//5 12966//5 2040//5
f 10071//5 10033//5 10034//5
f 10071//5 10034//5 10043//5
f 11748//461 11756//5 2040//5
f 11748//461 2040//5 75//5
f 9545//5 11748//461 75//5
f 9544//5 9545//5 75//5
f 9544//5 75//5 7097//5
f 9546//5 9544//5 7097//5
f 9546//5 7097//5 10177//5
f 2006//5 9546//5 10177//5
f 2006//5 10177//5 10179//5
f 59//5 2019//5 6236//5
f 6236//5 2006//5 10179//5
f 6236//5 10179//5 60//5
f 11993//5 11985//5 46//5
f 7011//5 11993//5 46//5
f 59//5 6236//5 60//5
f 59//5 60//5 61//5
f 7013//5 7011//5 46//5
f 59//5 61//5 12133//5
f 9640//5 10071//5 10043//5
f 10044//5 1441//5 1405//5
f 9640//5 10043//5 10044//5
f 46//5 59//5 12133//5
f 9640//5 10044//5 1405//5
f 12079//5 6904//5 6922//5
f 9640//5 1405//5 12079//5
f 46//5 12133//5 9640//5
f 1329//158 7013//5 46//5
f 1306//5 12093//5 1329//158
f 1306//5 1329//158 46//5
f 9640//5 12079//5 6922//5
f 9640//5 6922//5 1463//5
f 7420//493 1306//5 46//5
f 9640//5 1463//5 1401//5
f 1402//5 6977//5 10086//5
f 9640//5 1401//5 1402//5
f 10089//5 7420//493 46//5
f 9640//5 1402//5 10086//5
f 9640//5 10086//5 10087//5
f 10089//5 46//5 9640//5
f 6596//5 10089//5 9640//5
f 9640//5 10087//5 10097//5
f 12083//5 13075//5 1339//5
f 9640//5 10097//5 12083//5
f 6595//5 6596//5 9640//5
f 1287//5 6595//5 9640//5
f 12083//5 1339//5 12091//5
f 6993//5 1287//5 9640//5
f 6992//5 6993//5 9640//5
f 12083//5 12091//5 12084//158
f 6754//5 6992//5 9640//5
f 10082//5 6639//472 6638//5
f 6638//5 6754//5 9640//5
f 12083//5 12084//158 10090//5
f 10090//5 1321//5 1293//5
f 10090//5 1293//5 7009//5
f 10082//5 6638//5 9640//5
f 6988//5 6989//5 10082//5
f 9931//5 6988//5 10082//5
f 12083//5 10090//5 7009//5
f 7010//5 10092//5 10093//5
f 12083//5 7009//5 7010//5
f 9931//5 10082//5 9640//5
f 9923//5 9931//5 9640//5
f 12083//5 7010//5 10093//5
f 10093//5 1334//5 6996//5
f 10093//5 6996//5 6994//5
f 9923//5 9640//5 12083//5
f 12083//5 10093//5 6994//5
f 9715//24 11003//24 6494//47
f 1872//30 5522//30 7620//39
f 12005//2 9025//2 3190//17
f 3042//168 8873//169 10036//169
f 4201//90 4200//170 7259//170
f 2642//23 7813//23 7812//18
f 5508//2 1861//2 1860//1
f 6960//5 12075//5 12066//5
f 196//5 12094//5 10094//5
f 6960//5 12066//5 196//5
f 6925//5 6960//5 196//5
f 196//5 10094//5 7016//5
f 28//5 12090//5 6877//5
f 196//5 7016//5 28//5
f 13064//5 6925//5 196//5
f 10049//5 6935//5 13064//5
f 6950//5 12069//91 12258//5
f 6943//5 6950//5 12258//5
f 1355//5 6949//5 6943//5
f 1355//5 6943//5 12258//5
f 6940//5 1355//5 12258//5
f 6930//494 13060//5 6938//5
f 6938//5 6940//5 12258//5
f 6938//5 12258//5 10049//5
f 6928//461 6930//494 6938//5
f 6938//5 10049//5 13064//5
f 28//5 6877//5 312//5
f 312//5 6885//5 12196//5
f 12198//5 10007//5 10011//5
f 28//5 312//5 12196//5
f 12198//5 10011//5 12049//5
f 196//5 28//5 12196//5
f 12198//5 12049//5 1133//5
f 12198//5 1133//5 170//5
f 170//5 10104//5 10574//5
f 10594//5 10109//5 10123//5
f 12198//5 170//5 10574//5
f 12196//5 12198//5 10574//5
f 10594//5 10123//5 12104//5
f 12196//5 10574//5 10594//5
f 6928//461 6938//5 13064//5
f 16//5 10048//5 6932//5
f 6928//461 13064//5 196//5
f 16//5 6932//5 6928//461
f 10128//5 7261//5 16//5
f 10128//5 16//5 6928//461
f 196//5 12196//5 10594//5
f 196//5 10594//5 12104//5
f 10128//5 6928//461 196//5
f 7048//5 10128//5 196//5
f 12113//5 10121//5 7050//5
f 12113//5 7050//5 11447//495
f 7048//5 196//5 12104//5
f 10135//492 7047//5 7039//5
f 7039//5 7048//5 12104//5
f 12113//5 11447//495 13083//463
f 7039//5 12104//5 12113//5
f 7055//5 10135//492 7039//5
f 7039//5 12113//5 13083//463
f 13083//463 13080//5 6111//5
f 13083//463 6111//5 9128//5
f 7055//5 7039//5 13083//463
f 538//5 17//5 7055//5
f 11347//5 538//5 7055//5
f 7055//5 13083//463 9128//5
f 7055//5 9128//5 9476//5
f 531//5 11347//5 7055//5
f 7055//5 9476//5 12855//5
f 7055//5 12855//5 11701//5
f 543//5 539//5 540//5
f 9136//5 20//5 543//5
f 9137//5 9136//5 543//5
f 543//5 540//5 541//5
f 543//5 541//5 7314//5
f 6128//5 9137//5 543//5
f 6126//5 6128//5 543//5
f 543//5 7314//5 10315//5
f 543//5 10315//5 10314//5
f 12956//5 6126//5 543//5
f 2122//5 12956//5 543//5
f 2122//5 543//5 10314//5
f 9500//5 12857//5 12859//5
f 12859//5 2122//5 10314//5
f 12859//5 10314//5 10169//5
f 12959//5 9500//5 12859//5
f 2165//5 12959//5 12859//5
f 9511//5 2165//5 12859//5
f 6167//5 9511//5 12859//5
f 11719//5 6148//5 2156//158
f 2180//5 11720//5 11719//5
f 6108//5 2180//5 11719//5
f 11719//5 2156//158 6167//5
f 531//5 7055//5 11701//5
f 531//5 11701//5 11702//5
f 11349//5 531//5 11702//5
f 11349//5 11702//5 2204//5
f 7311//5 11349//5 2204//5
f 6121//5 9486//5 535//5
f 7311//5 2204//5 6121//5
f 7310//5 7311//5 6121//5
f 7310//5 6121//5 535//5
f 533//5 7310//5 535//5
f 175//5 6428//5 11852//5
f 11852//5 6353//5 9624//5
f 11852//5 9624//5 9670//5
f 533//5 535//5 175//5
f 10168//5 533//5 175//5
f 11852//5 9670//5 6424//5
f 11852//5 6424//5 6409//5
f 11719//5 6167//5 12859//5
f 6108//5 11719//5 12859//5
f 9131//5 6108//5 12859//5
f 9131//5 12859//5 10169//5
f 9130//5 9131//5 10169//5
f 11694//5 9130//5 10169//5
f 11694//5 10169//5 10168//5
f 11697//5 11694//5 10168//5
f 175//5 11852//5 6409//5
f 175//5 6409//5 6426//5
f 11697//5 10168//5 175//5
f 6095//5 11697//5 175//5
f 175//5 6426//5 11805//5
f 175//5 11805//5 2280//5
f 15//5 2192//5 6105//5
f 12980//5 2248//5 15//5
f 15//5 6105//5 6095//5
f 6095//5 175//5 2280//5
f 15//5 6095//5 2280//5
f 15//5 2280//5 2265//5
f 15//5 2265//5 11509//5
f 15//5 11509//5 2274//5
f 15//5 2274//5 11850//5
f 15//5 11850//5 2276//5
f 2276//5 9183//5 2292//5
f 2276//5 2292//5 6365//5
f 9673//5 2260//5 11505//5
f 11842//5 9673//5 11505//5
f 11842//5 11505//5 2257//5
f 2238//5 11842//5 2257//5
f 2238//5 2257//5 12980//5
f 11839//5 2238//5 12980//5
f 2276//5 6365//5 9628//5
f 2276//5 9628//5 9629//5
f 11839//5 12980//5 15//5
f 9633//5 9634//5 12242//5
f 9633//5 12242//5 7318//5
f 9629//5 9633//5 7318//5
f 9629//5 7318//5 551//5
f 2240//5 6412//5 6413//5
f 11802//5 2392//5 2240//5
f 2380//5 11802//5 2240//5
f 2240//5 6413//5 9660//5
f 2240//5 9660//5 9656//5
f 11800//5 2380//5 2240//5
f 2382//5 11800//5 2240//5
f 2240//5 9656//5 11839//5
f 2276//5 9629//5 551//5
f 2276//5 551//5 550//5
f 2240//5 11839//5 15//5
f 2276//5 550//5 10319//5
f 10329//5 10334//5 573//5
f 2276//5 10319//5 10329//5
f 6398//5 12975//5 2385//5
f 9653//5 6398//5 2385//5
f 9653//5 2385//5 6346//5
f 11835//5 9653//5 6346//5
f 11835//5 6346//5 9620//461
f 11494//5 11836//5 11833//5
f 11833//5 11835//5 9620//461
f 11833//5 9620//461 6337//5
f 11014//5 11494//5 11833//5
f 12695//470 11199//5 11014//5
f 8674//5 12695//470 11014//5
f 10329//5 573//5 7334//5
f 10329//5 7334//5 7332//5
f 8674//5 11014//5 11833//5
f 2466//5 8674//5 11833//5
f 2466//5 11833//5 6337//5
f 13270//5 2466//5 6337//5
f 13270//5 6337//5 6344//5
f 2477//5 13270//5 6344//5
f 2477//5 6344//5 9619//5
f 2484//5 2475//5 8650//5
f 8650//5 2477//5 9619//5
f 11216//463 2484//5 8650//5
f 11216//463 8650//5 9619//5
f 11216//463 9619//5 9623//5
f 2491//5 11216//463 9623//5
f 12702//5 2491//5 9623//5
f 12701//5 12702//5 9623//5
f 12701//5 9623//5 2382//5
f 11204//461 12701//5 2382//5
f 11204//461 2382//5 2240//5
f 2480//5 11204//461 2240//5
f 2276//5 10329//5 7332//5
f 2276//5 7332//5 13137//5
f 8590//5 13267//5 13268//5
f 8593//5 8590//5 13268//5
f 8593//5 13268//5 8692//5
f 2584//5 8593//5 8692//5
f 2584//5 8692//5 8693//5
f 12141//5 2584//5 8693//5
f 12141//5 8693//5 2478//5
f 12661//5 12141//5 2478//5
f 12661//5 2478//5 12694//5
f 8587//5 12661//5 12694//5
f 8587//5 12694//5 2480//5
f 8587//5 2480//5 2240//5
f 2276//5 13137//5 13136//5
f 2276//5 13136//5 548//5
f 12649//5 11173//5 11478//5
f 12655//5 12649//5 11478//5
f 12655//5 11478//5 8571//5
f 11169//5 12655//5 8571//5
f 11169//5 8571//5 8572//5
f 8568//5 11169//5 8572//5
f 8568//5 8572//5 11479//5
f 8567//5 8568//5 11479//5
f 8567//5 11479//5 8588//5
f 11167//496 8567//5 8588//5
f 11167//496 8588//5 8587//5
f 11167//496 8587//5 2240//5
f 2276//5 548//5 549//5
f 15//5 2276//5 549//5
f 15//5 549//5 559//5
f 15//5 559//5 10328//5
f 15//5 10328//5 7329//5
f 15//5 7329//5 7330//5
f 2240//5 15//5 7330//5
f 2240//5 7330//5 10325//470
f 11167//496 2240//5 10325//470
f 564//5 7336//5 10335//5
f 11167//496 10325//470 564//5
f 564//5 10335//5 7326//5
f 564//5 7326//5 7324//5
f 564//5 7324//5 7321//5
f 11167//496 564//5 7321//5
f 11167//496 7321//5 7323//5
f 10320//5 557//5 1178//5
f 11167//496 7323//5 10320//5
f 10320//5 1178//5 6840//5
f 10320//5 6840//5 9974//5
f 11167//496 10320//5 9974//5
f 11167//496 9974//5 12023//5
f 11167//496 12023//5 12029//5
f 11167//496 12029//5 9977//5
f 2667//497 11167//496 9977//5
f 7169//5 2674//5 9152//5
f 7172//158 7169//5 9152//5
f 7172//158 9152//5 2666//5
f 326//5 7172//158 2666//5
f 11013//5 12169//5 7175//5
f 7178//5 314//5 11013//5
f 12171//5 12573//5 7178//5
f 11282//5 8790//5 12172//5
f 8765//5 11282//5 12172//5
f 12172//5 12171//5 7178//5
f 7178//5 11013//5 7175//5
f 7178//5 7175//5 7174//5
f 8765//5 12172//5 7178//5
f 2760//5 8765//5 7178//5
f 7178//5 7174//5 12200//5
f 7178//5 12200//5 322//5
f 11280//5 2760//5 7178//5
f 11279//5 11280//5 7178//5
f 7178//5 322//5 7187//5
f 7178//5 7187//5 10223//5
f 12740//5 11279//5 7178//5
f 11278//5 12740//5 7178//5
f 11278//5 7178//5 10223//5
f 8762//5 11278//5 10223//5
f 8762//5 10223//5 326//5
f 1188//5 12738//5 8761//5
f 8762//5 326//5 2666//5
f 1188//5 8761//5 8762//5
f 9936//5 1189//5 1188//5
f 9998//5 6759//5 6776//461
f 6776//461 9936//5 1188//5
f 1188//5 8762//5 2666//5
f 1188//5 2666//5 2667//497
f 9998//5 6776//461 1188//5
f 9999//5 9998//5 1188//5
f 1172//5 12027//5 1115//158
f 1115//158 1112//5 10001//5
f 1115//158 10001//5 6870//5
f 6843//5 1172//5 1115//158
f 1168//5 6843//5 1115//158
f 1115//158 6870//5 1119//5
f 1115//158 1119//5 12046//5
f 9977//5 1168//5 1115//158
f 9999//5 1188//5 2667//497
f 9952//5 9999//5 2667//497
f 9977//5 1115//158 12046//5
f 9977//5 12046//5 1121//5
f 9952//5 2667//497 9977//5
f 6813//5 9952//5 9977//5
f 9977//5 1121//5 6812//5
f 1279//24 9038//24 6741//47
f 2345//18 12703//18 9601//19
f 2842//23 4496//23 10601//56
f 2901//2 10312//2 10311//1
f 10390//171 10391//172 1322//172
f 13112//8 13238//8 7387//20
f 11967//32 12530//32 8227//1
f 9458//20 7661//20 12896//21
f 607//21 12560//21 13231//1
f 13185//173 7751//498 6755//174
f 8913//175 11351//176 6984//176
f 11161//21 4689//21 12391//1
f 10391//172 10647//177 6998//177
f 4933//2 9674//2 2261//1
f 9667//18 11227//18 11228//19
f 13216//2 9671//2 9672//1
f 7192//27 11143//27 11142//24
f 11948//16 12516//16 3482//11
f 11189//27 10677//27 12386//24
f 3240//2 1167//2 1166//1
f 8479//178 11106//111 128//111
f 6071//20 6073//20 7562//20
f 8832//22 6941//22 6939//22
f 586//8 10995//8 10996//20
f 10808//2 2657//2 8536//1
f 11057//2 12250//2 12248//1
f 8896//15 1487//15 10012//15
f 2001//12 5327//12 6227//6
f 6851//24 11372//24 11373//47
f 2387//18 7978//18 6338//19
f 1741//11 5588//11 5587//12
f 5847//22 10563//22 5835//33
f 7748//179 4301//180 11992//180
f 10214//8 13239//8 12551//20
f 8617//20 7991//20 10778//21
f 10221//21 12862//21 12864//68
f 9537//66 11732//66 5409//17
f 6296//39 9594//39 10807//16
f 8909//181 11586//182 6901//182
f 7945//11 11783//11 2442//16
f 5268//2 9376//2 1965//1
f 6345//24 12431//24 9607//25
f 8873//169 8892//183 12071//183
f 4829//11 2390//11 2389//16
f 12648//27 12392//27 10685//24
f 12054//11 8984//11 8985//73
f 7163//30 8344//30 9097//16
f 8914//184 8913//175 6986//175
f 7423//185 13187//186 1317//186
f 12628//187 8457//188 10140//188
f 11497//6 7899//6 7898//7
f 2786//26 10738//26 7919//66
f 1524//6 4393//361 4391//7
f 10304//2 13236//2 8324//66
f 6231//24 7460//24 13151//23
f 11783//11 7945//11 4884//12
f 829//8 3541//8 8173//20
f 4843//11 2401//11 2400//16
f 7305//7 13245//7 12235//31
f 1599//15 12342//15 11599//73
f 11078//38 240//38 239//189
f 7139//12 11024//12 3982//7
f 11976//6 11363//6 11430//7
f 2450//2 7944//2 7942//66
f 9162//21 12427//21 4883//1
f 8449//190 264//190 7222//191
f 1224//24 11412//24 9017//47
f 7306//1 3789//1 3788//2
f 3788//2 12241//2 10310//26
f 5028//2 2343//2 2352//1
f 8145//11 9641//11 6375//16
f 8690//58 8699//58 4725//18
f 9427//27 10458//27 5191//24
f 8636//57 8003//23 8632//56
f 2701//30 10720//30 8354//16
f 9693//33 10912//33 10910//8
f 2291//5 9624//5 6353//5
f 6355//5 2292//5 9183//5
f 2291//5 6353//5 6355//5
f 9419//11 7501//11 11515//12
f 2307//2 12497//2 12496//17
f 1134//17 8999//17 9949//27
f 11984//5 6751//5 9927//5
f 11984//5 9927//5 9916//5
f 9921//5 11984//5 9916//5
f 9921//5 9916//5 9917//5
f 1265//5 9921//5 9917//5
f 1265//5 9917//5 1259//5
f 1265//5 1259//5 1260//5
f 1260//5 6732//5 1199//5
f 1199//5 6777//5 11999//5
f 1199//5 11999//5 1213//5
f 1265//5 1260//5 1199//5
f 1264//5 1265//5 1199//5
f 1264//5 1199//5 1213//5
f 1263//5 1264//5 1213//5
f 1214//5 6779//5 9937//5
f 1263//5 1213//5 1214//5
f 1206//5 6740//5 6749//5
f 1206//5 6749//5 1263//5
f 8684//5 11213//5 1206//5
f 2506//5 8684//5 1206//5
f 1206//5 1263//5 1214//5
f 1214//5 9937//5 12002//5
f 1214//5 12002//5 12004//5
f 8685//5 2506//5 1206//5
f 1214//5 12004//5 1212//5
f 1206//5 1214//5 1212//5
f 11215//5 8685//5 1206//5
f 1206//5 1212//5 1204//5
f 1206//5 1204//5 6772//5
f 11215//5 1206//5 6772//5
f 11215//5 6772//5 6775//5
f 11215//5 6775//5 1225//5
f 11215//5 1225//5 1226//5
f 11215//5 1226//5 6783//5
f 2396//5 8625//5 8626//5
f 11211//5 11212//5 2396//5
f 11218//5 11211//5 2396//5
f 2396//5 8626//5 11483//473
f 2396//5 11483//473 11215//5
f 11219//5 11218//5 2396//5
f 11219//5 2396//5 11215//5
f 11219//5 11215//5 6783//5
f 8695//5 11219//5 6783//5
f 9179//5 8695//5 6783//5
f 8611//5 2496//5 9179//5
f 8608//5 8611//5 9179//5
f 8607//5 8608//5 9179//5
f 8607//5 9179//5 6783//5
f 13258//5 8607//5 6783//5
f 11961//5 11184//5 2609//5
f 2609//5 13258//5 6783//5
f 2609//5 6783//5 6785//5
f 9856//5 11961//5 2609//5
f 9856//5 2609//5 6785//5
f 9930//5 11987//5 945//5
f 9856//5 6785//5 9930//5
f 9547//5 9856//5 9930//5
f 945//5 6679//5 6678//5
f 945//5 6678//5 944//5
f 9547//5 9930//5 945//5
f 9851//5 11958//5 9549//5
f 9549//5 9547//5 945//5
f 945//5 944//5 963//5
f 9549//5 945//5 963//5
f 6682//5 9851//5 9549//5
f 9549//5 963//5 964//5
f 4741//2 2505//2 2504//1
f 743//22 3664//22 10977//33
f 13135//33 12610//33 11074//8
f 9645//5 11818//5 2308//5
f 2308//5 9581//5 2432//5
f 2308//5 2432//5 2431//5
f 9644//5 9645//5 2308//5
f 1062//5 2313//5 2314//5
f 2314//5 9644//5 2308//5
f 2314//5 2308//5 2431//5
f 1065//5 1062//5 2314//5
f 12683//5 6604//5 1063//5
f 1063//5 1065//5 2314//5
f 2314//5 2431//5 6292//5
f 1063//5 2314//5 6292//5
f 11484//5 12683//5 1063//5
f 9160//5 11484//5 1063//5
f 1063//5 6292//5 6287//5
f 1063//5 6287//5 6288//5
f 1063//5 6288//5 6294//5
f 1063//5 6294//5 6295//5
f 9160//5 1063//5 6295//5
f 9160//5 6295//5 2429//5
f 9160//5 2429//5 11786//5
f 11787//5 6306//5 11193//5
f 9160//5 11786//5 11787//5
f 2525//5 9160//5 11787//5
f 11787//5 11193//5 2544//5
f 2525//5 11787//5 2544//5
f 12873//5 2525//5 2544//5
f 12873//5 2544//5 12680//5
f 12871//5 12873//5 12680//5
f 12871//5 12680//5 11192//460
f 12682//5 12871//5 11192//460
f 12681//5 12682//5 11192//460
f 2522//5 12681//5 11192//460
f 2522//5 11192//460 11190//5
f 12678//5 2537//5 374//5
f 374//5 11785//5 2437//5
f 374//5 2437//5 2438//5
f 374//5 2438//5 9593//5
f 374//5 9593//5 2440//5
f 374//5 2440//5 2439//5
f 2448//5 2449//5 378//5
f 2439//5 2448//5 378//5
f 378//5 10206//5 379//5
f 378//5 379//5 7144//5
f 374//5 2439//5 378//5
f 378//5 7144//5 7146//5
f 378//5 7146//5 10210//5
f 374//5 378//5 10210//5
f 374//5 10210//5 12158//5
f 374//5 12158//5 7137//5
f 7136//5 364//5 10213//5
f 374//5 7137//5 7136//5
f 374//5 7136//5 10213//5
f 7159//5 7160//5 394//5
f 374//5 10213//5 7159//5
f 7159//5 394//5 10216//5
f 7159//5 10216//5 407//5
f 1199//5 11481//5 12676//5
f 11181//5 13260//5 1199//5
f 11159//5 8598//5 8602//5
f 11159//5 8602//5 11181//5
f 9650//5 11159//5 11181//5
f 1199//5 12676//5 2533//5
f 1199//5 2533//5 2522//5
f 9650//5 11181//5 1199//5
f 9652//5 9650//5 1199//5
f 1199//5 2522//5 11190//5
f 9652//5 1199//5 11190//5
f 2645//5 9652//5 11190//5
f 2645//5 11190//5 11191//5
f 2644//5 2645//5 11191//5
f 2644//5 11191//5 12678//5
f 12652//5 2644//5 12678//5
f 374//5 7159//5 407//5
f 374//5 407//5 12164//5
f 12652//5 12678//5 374//5
f 12651//5 12652//5 374//5
f 374//5 12164//5 5785//5
f 374//5 5785//5 7161//5
f 12667//5 12651//5 374//5
f 12667//5 374//5 7161//5
f 12667//5 7161//5 10217//5
f 12667//5 10217//5 7164//5
f 12667//5 7164//5 406//5
f 12667//5 406//5 405//5
f 12667//5 405//5 13111//5
f 12666//5 12667//5 13111//5
f 12666//5 13111//5 392//5
f 7149//5 7150//5 10972//5
f 7149//5 10972//5 7156//5
f 392//5 7149//5 7156//5
f 392//5 7156//5 7157//5
f 12666//5 392//5 7157//5
f 12666//5 7157//5 12161//5
f 12666//5 12161//5 10212//5
f 8799//5 8546//5 8548//5
f 8798//5 8799//5 8548//5
f 8798//5 8548//5 2639//5
f 11297//5 8798//5 2639//5
f 11297//5 2639//5 12666//5
f 8729//5 2711//5 11296//5
f 8729//5 11296//5 11297//5
f 8721//5 8729//5 11297//5
f 384//5 385//5 386//5
f 386//5 7343//5 10336//5
f 386//5 10336//5 12245//5
f 7141//5 384//5 386//5
f 2819//5 8721//5 11297//5
f 2812//5 2819//5 11297//5
f 10212//5 7141//5 386//5
f 386//5 12245//5 488//5
f 386//5 488//5 489//5
f 2811//461 2812//5 11297//5
f 10212//5 386//5 489//5
f 10212//5 489//5 7348//5
f 12718//5 2818//5 11248//5
f 8824//5 8828//5 2707//5
f 12878//5 12718//5 11248//5
f 12878//5 11248//5 11247//5
f 12878//5 11247//5 11496//5
f 12878//5 11496//5 2816//5
f 12878//5 2816//5 12724//5
f 2707//5 12878//5 12724//5
f 2707//5 12724//5 2811//461
f 10212//5 7348//5 7349//5
f 10212//5 7349//5 10338//461
f 2707//5 2811//461 11297//5
f 8824//5 2707//5 11297//5
f 10212//5 10338//461 490//5
f 483//5 10341//5 9063//5
f 490//5 483//5 9063//5
f 490//5 9063//5 482//5
f 2727//5 8824//5 11297//5
f 2727//5 11297//5 12666//5
f 10212//5 490//5 482//5
f 10212//5 482//5 7338//5
f 8811//5 2727//5 12666//5
f 8810//5 8811//5 12666//5
f 10212//5 7338//5 9064//5
f 10212//5 9064//5 12246//5
f 2731//5 8810//5 12666//5
f 9223//5 2731//5 12666//5
f 10212//5 12246//5 495//5
f 10212//5 495//5 496//158
f 2724//5 9223//5 12666//5
f 11253//5 8819//5 8820//5
f 11253//5 8820//5 2724//5
f 11276//5 12731//5 11253//5
f 11274//5 11276//5 11253//5
f 11253//5 2724//5 12666//5
f 10212//5 496//158 7345//461
f 12666//5 10212//5 7345//461
f 11274//5 11253//5 12666//5
f 12730//5 11274//5 12666//5
f 12666//5 7345//461 7356//5
f 12666//5 7356//5 499//5
f 11270//5 12730//5 12666//5
f 8756//5 11270//5 12666//5
f 12666//5 499//5 7358//5
f 12666//5 7358//5 7351//5
f 8755//5 8756//5 12666//5
f 2827//470 8755//5 12666//5
f 12666//5 7351//5 493//5
f 493//5 13139//5 476//5
f 476//5 10383//5 10382//5
f 2736//5 12760//5 12761//5
f 2736//5 12761//5 11309//5
f 476//5 10382//5 2649//5
f 12666//5 493//5 476//5
f 13277//5 2827//470 12666//5
f 515//5 2824//5 13277//5
f 10348//5 509//5 515//5
f 12251//5 10350//5 10348//5
f 10354//5 12251//5 10348//5
f 10354//5 10348//5 515//5
f 9068//5 10354//5 515//5
f 2649//5 2736//5 11309//5
f 2649//5 11309//5 11310//5
f 2649//5 11310//5 12762//5
f 2649//5 12762//5 2742//5
f 2649//5 2742//5 12764//5
f 2649//5 12764//5 8814//5
f 476//5 2649//5 8814//5
f 476//5 8814//5 8815//5
f 9068//5 515//5 13277//5
f 9069//5 9068//5 13277//5
f 476//5 8815//5 11314//5
f 524//5 9069//5 13277//5
f 7374//5 524//5 13277//5
f 8813//5 2740//5 502//5
f 502//5 501//5 10347//5
f 502//5 10347//5 7359//5
f 8767//5 8813//5 502//5
f 12765//5 8767//5 502//5
f 502//5 7359//5 7361//5
f 502//5 7361//5 10346//5
f 11314//5 12765//5 502//5
f 11314//5 502//5 10346//5
f 11314//5 10346//5 7366//5
f 11314//5 7366//5 7365//5
f 476//5 11314//5 7365//5
f 7374//5 13277//5 12666//5
f 11354//5 7374//5 12666//5
f 476//5 7365//5 517//5
f 7309//5 11354//5 12666//5
f 527//5 7309//5 12666//5
f 12666//5 476//5 517//5
f 7371//5 10351//5 521//5
f 12666//5 517//5 7371//5
f 526//5 527//5 12666//5
f 525//5 526//5 12666//5
f 7371//5 521//5 7376//5
f 13141//5 525//5 12666//5
f 7371//5 7376//5 13141//5
f 2617//2 10678//2 10676//66
f 1746//2 5590//2 9231//66
f 6622//6 9809//6 3466//7
f 8681//20 8035//20 8037//21
f 988//56 3485//56 8161//56
f 10183//193 4064//194 58//194
f 8652//5 2475//5 2484//5
f 2483//5 13267//5 8590//5
f 8652//5 2484//5 2483//5
f 8651//5 8652//5 2483//5
f 2483//5 8590//5 8589//5
f 11175//5 11173//5 12649//5
f 2483//5 8589//5 11175//5
f 8651//5 2483//5 11175//5
f 11175//5 12649//5 11157//5
f 11175//5 11157//5 8540//5
f 12691//468 8651//5 11175//5
f 11014//5 11199//5 11201//5
f 11201//5 12691//468 11175//5
f 11201//5 11175//5 8540//5
f 11013//5 11014//5 11201//5
f 321//5 12169//5 11013//5
f 2674//5 7169//5 320//5
f 321//5 11013//5 11201//5
f 2674//5 320//5 321//5
f 8542//5 2674//5 321//5
f 321//5 11201//5 8540//5
f 8539//5 8542//5 321//5
f 10779//2 2547//2 2546//1
f 10386//195 4299//196 9929//196
f 8582//20 7803//20 7805//21
f 5991//31 7546//31 12297//22
f 9132//7 8076//7 8074//31
f 4157//197 4170//198 158//198
f 13271//27 7998//27 4747//24
f 6400//20 7962//20 7964//21
f 12010//6 8986//6 3267//7
f 9750//27 10970//27 3675//24
f 2646//2 12390//2 11163//66
f 8370//2 12262//2 467//1
f 467//1 3941//1 9101//26
f 11351//176 8912//152 6985//152
f 2628//21 7517//21 7518//1
f 9061//11 11036//11 8360//73
f 7342//6 9065//6 12588//7
f 318//66 12863//66 11150//66
f 11124//65 12636//83 84//83
f 12707//2 455//2 459//1
f 8566//7 10709//7 10710//31
f 576//33 10324//33 12559//8
f 12459//11 2488//11 2487//16
f 12433//2 6277//2 6276//1
f 6139//56 8059//56 8061//18
f 13017//6 8967//6 11381//7
f 6124//32 6659//32 3380//1
f 8000//11 8683//11 2511//16
f 8720//27 8722//27 12351//24
f 2021//8 5309//8 6259//20
f 10339//47 12593//47 12848//23
f 4138//184 4137//413 10151//175
f 2318//23 10867//23 8147//56
f 12438//11 2520//11 11194//16
f 6965//199 11341//118 6987//118
f 7105//39 12356//39 10602//15
f 9194//20 9638//20 8103//21
f 2765//5 12172//5 8790//5
f 12737//5 12738//5 1188//5
f 2765//5 8790//5 12737//5
f 6788//5 6794//5 2765//5
f 1241//5 6788//5 2765//5
f 1188//5 1236//5 9912//5
f 1188//5 9912//5 11978//5
f 1241//5 2765//5 12737//5
f 6727//5 1241//5 12737//5
f 1188//5 11978//5 6726//5
f 6727//5 12737//5 1188//5
f 637//12 3778//12 3777//6
f 11275//19 11512//19 10618//30
f 2365//2 10855//2 10854//17
f 8890//26 13069//26 6972//26
f 2349//8 12486//8 9602//20
f 11813//17 12496//17 4973//24
f 10983//11 9730//11 704//16
f 12824//11 6796//11 1233//16
f 11896//6 10986//6 12548//7
f 11322//26 10095//26 12095//26
f 6241//19 6243//19 12280//30
f 1100//8 3138//8 6859//20
f 4541//2 2672//2 2671//1
f 12717//7 7898//7 7901//31
f 9548//20 9844//20 8935//21
f 10297//16 11011//16 12562//11
f 11823//17 10848//17 8106//27
f 2698//24 7691//24 13194//23
f 9190//11 12923//11 9391//16
f 9219//11 1651//11 1650//16
f 10427//11 2023//11 2025//16
f 13248//121 12628//187 10105//187
f 7471//2 12926//2 12852//1
f 614//32 10997//32 13232//1
f 12067//15 10065//15 1370//15
f 4162//54 4161//200 126//200
f 2319//22 10870//22 6381//33
f 10032//56 12038//56 12802//18
f 5796//27 9234//27 5571//24
f 10340//7 8358//7 7339//31
f 7570//91 5813//91 3696//91
f 7570//91 3696//91 9235//91
f 7576//91 7570//91 9235//91
f 7576//91 9235//91 10981//91
f 7574//91 7576//91 10981//91
f 7574//91 10981//91 3699//91
f 5621//91 7574//91 3699//91
f 5621//91 3699//91 8267//484
f 5625//91 5621//91 8267//484
f 5625//91 8267//484 3690//91
f 6535//91 3701//91 8269//91
f 6535//91 8269//91 10982//91
f 10990//91 6535//91 10982//91
f 10990//91 10982//91 8244//91
f 3691//91 10990//91 8244//91
f 3691//91 8244//91 3710//91
f 3690//91 3691//91 3710//91
f 3690//91 3710//91 10956//91
f 3690//91 10956//91 3712//5
f 3690//91 3712//5 10954//91
f 5625//91 3690//91 10954//91
f 9309//91 5628//91 10479//91
f 5689//91 9309//91 10479//91
f 5689//91 10479//91 10477//91
f 9799//91 5689//91 10477//91
f 9799//91 10477//91 10478//91
f 10569//91 9799//91 10478//91
f 10569//91 10478//91 5625//91
f 7699//91 10569//91 5625//91
f 7699//91 5625//91 10954//91
f 5873//91 7699//91 10954//91
f 5694//91 5873//91 10954//91
f 8246//91 8247//91 3716//91
f 3716//91 7566//91 7565//91
f 3716//91 7565//91 9292//91
f 6502//91 8246//91 3716//91
f 6502//91 3716//91 9292//91
f 6502//91 9292//91 5637//91
f 3714//91 6502//91 5637//91
f 3714//91 5637//91 12316//91
f 10954//91 3714//91 12316//91
f 10954//91 12316//91 5649//91
f 5694//91 10954//91 5649//91
f 3728//91 5691//91 5692//91
f 3726//91 3727//91 3728//91
f 3726//91 3728//91 5692//91
f 3726//91 5692//91 5684//91
f 12538//91 3726//91 5684//91
f 12538//91 5684//91 6608//91
f 12538//91 6608//91 6610//91
f 3676//91 3722//91 8239//91
f 5678//91 5679//91 3676//91
f 9313//91 5678//91 3676//91
f 9313//91 3676//91 8239//91
f 5676//91 9313//91 8239//91
f 5676//91 8239//91 6520//91
f 9833//91 5676//91 6520//91
f 9833//91 6520//91 12538//91
f 9833//91 12538//91 6610//91
f 9833//91 6610//91 5694//91
f 5671//91 9833//91 5694//91
f 5644//91 10474//91 5642//91
f 5642//91 10132//91 3288//91
f 5642//91 3288//91 3289//91
f 5650//91 5644//91 5642//91
f 9823//91 5671//91 5694//91
f 5673//91 7702//91 9823//91
f 4037//91 8523//91 5673//91
f 5673//91 9823//91 5694//91
f 5649//91 5650//91 5642//91
f 5642//91 3289//91 3130//91
f 3130//91 6860//91 11427//91
f 3140//91 12831//91 5739//91
f 3130//91 11427//91 3140//91
f 5642//91 3130//91 3140//91
f 3140//91 5739//91 5740//91
f 5642//91 3140//91 5740//91
f 10604//91 7734//91 7735//91
f 10241//91 8493//91 10604//91
f 4053//91 10241//91 10604//91
f 10604//91 7735//91 4359//91
f 10604//91 4359//91 4049//91
f 7212//91 4053//91 10604//91
f 11141//91 7212//91 10604//91
f 10604//91 4049//91 4050//91
f 11141//91 10604//91 4050//91
f 8388//317 11141//91 4050//91
f 8388//317 4050//91 11121//91
f 11120//91 8388//317 11121//91
f 11120//91 11121//91 4037//91
f 11120//91 4037//91 5673//91
f 11052//91 11120//91 5673//91
f 4040//91 11052//91 5673//91
f 8492//91 4046//91 11145//91
f 11245//91 2894//92 8492//91
f 5748//91 11244//91 11245//91
f 5703//91 5704//91 5748//91
f 11816//91 5703//91 5748//91
f 5748//91 11245//91 8492//91
f 8492//91 11145//91 4035//91
f 8492//91 4035//91 11144//91
f 10552//91 11816//91 5748//91
f 7678//91 10552//91 5748//91
f 8492//91 11144//91 4040//91
f 8492//91 4040//91 5673//91
f 7677//91 7678//91 5748//91
f 11580//91 7677//91 5748//91
f 5748//91 8492//91 5673//91
f 5748//91 5673//91 5694//91
f 10567//91 11580//91 5748//91
f 3692//91 5861//91 10567//91
f 7673//317 9324//91 3692//91
f 7671//92 7673//317 3692//91
f 3692//91 10567//91 5748//91
f 5748//91 5694//91 5649//91
f 5649//91 5642//91 5740//91
f 5649//91 5740//91 10558//91
f 3692//91 5748//91 5649//91
f 5709//91 7671//92 3692//91
f 10546//91 5720//91 9321//91
f 9321//91 5709//91 3692//91
f 3692//91 5649//91 10558//91
f 3692//91 10558//91 10556//91
f 10546//91 9321//91 3692//91
f 5727//91 10546//91 3692//91
f 3692//91 10556//91 5736//91
f 3692//91 5736//91 7680//91
f 5727//91 3692//91 7680//91
f 5727//91 7680//91 7682//91
f 11600//91 5727//91 7682//91
f 5830//91 9316//91 9341//91
f 5731//91 11600//91 7682//91
f 7682//91 5830//91 9341//91
f 7682//91 9341//91 4381//91
f 10561//91 5731//91 7682//91
f 7686//91 10561//91 7682//91
f 7682//91 4381//91 7739//91
f 7682//91 7739//91 4385//91
f 7669//91 7686//91 7682//91
f 7666//91 7669//91 7682//91
f 7682//91 4385//91 4386//91
f 12362//91 10586//91 4378//91
f 4386//91 12362//91 4378//91
f 4378//91 12363//91 4377//91
f 7682//91 4386//91 4378//91
f 7666//91 7682//91 4378//91
f 10553//91 12343//91 7667//91
f 4365//91 10629//91 5746//91
f 7741//91 4365//91 5746//91
f 10553//91 7667//91 7666//91
f 10553//91 7666//91 4378//91
f 4364//91 5927//91 4362//91
f 8051//91 13172//91 13171//91
f 7418//91 6110//91 5116//91
f 4364//91 4362//91 9337//91
f 4364//91 9337//91 10625//91
f 7418//91 5116//91 8051//91
f 7416//91 7418//91 8051//91
f 13171//91 4364//91 10625//91
f 13171//91 10625//91 10626//91
f 7523//91 7416//91 8051//91
f 5168//91 12301//91 5164//91
f 5164//91 7523//91 8051//91
f 13171//91 10626//91 7740//91
f 13171//91 7740//91 7741//91
f 5168//91 5164//91 8051//91
f 5360//91 6181//91 5168//91
f 10403//91 5360//91 5168//91
f 13171//91 7741//91 5746//91
f 5746//91 10553//91 4378//91
f 5746//91 4378//91 4377//91
f 10403//91 5168//91 8051//91
f 10405//91 10403//91 8051//91
f 5746//91 4377//91 10622//91
f 5746//91 10622//91 4373//91
f 10399//91 5369//92 5394//91
f 11486//91 10399//91 5394//91
f 11486//91 5394//91 5395//91
f 5397//91 11486//91 5395//91
f 5397//91 5395//91 9176//91
f 7437//91 5397//91 9176//91
f 7437//91 9176//91 9177//91
f 7439//284 7437//91 9177//91
f 7439//284 9177//91 10405//91
f 5364//91 7435//91 6187//91
f 6187//91 7439//284 10405//91
f 13171//91 5746//91 4373//91
f 7712//91 7713//91 5668//91
f 13171//91 4373//91 7712//91
f 6187//91 10405//91 8051//91
f 7627//91 6044//284 5364//91
f 5364//91 6187//91 8051//91
f 13171//91 7712//91 5668//91
f 5668//91 5516//91 5403//499
f 5403//499 10410//91 11733//91
f 5403//499 11733//91 7444//91
f 13171//91 5668//91 5403//499
f 7555//91 7592//91 10522//91
f 11518//91 7555//91 10522//91
f 11518//91 10522//91 7628//91
f 12309//91 11518//91 7628//91
f 12309//91 7628//91 7625//91
f 6065//91 12309//91 7625//91
f 6065//91 7625//91 7627//91
f 5594//91 6065//91 7627//91
f 5594//91 7627//91 5364//91
f 5504//91 7557//91 12313//91
f 12313//91 5594//91 5364//91
f 8051//91 13171//91 5403//499
f 5403//499 7444//91 7446//92
f 5403//499 7446//92 12338//284
f 12313//91 5364//91 8051//91
f 9533//91 5524//91 5504//91
f 5504//91 12313//91 8051//91
f 8051//91 5403//499 12338//284
f 8051//91 12338//284 6195//91
f 10411//500 9533//91 5504//91
f 6202//91 10411//500 5504//91
f 8051//91 6195//91 10534//91
f 8051//91 10534//91 11743//91
f 6202//91 5504//91 8051//91
f 8051//91 11743//91 5405//91
f 9171//11 9199//11 2076//16
f 11625//56 12286//56 5259//18
f 9344//15 4374//15 10627//73
f 959//21 8935//21 8934//1
f 9088//56 11225//56 11224//18
f 13119//8 3999//8 7203//20
f 10138//91 8951//91 8949//91
f 8949//91 12112//91 2922//91
f 2922//91 11369//91 8948//91
f 8948//91 11364//441 7037//91
f 7059//91 7743//441 10138//91
f 2922//91 8948//91 7037//91
f 7059//91 10138//91 8949//91
f 8949//91 2922//91 7037//91
f 7333//6 8972//6 3818//7
f 2063//8 5363//8 6211//20
f 5930//27 9318//27 12515//24
f 7442//2 11762//2 2045//1
f 485//17 12594//17 12592//27
f 10230//6 10228//7 12714//7
f 4150//176 8470//152 7070//152
f 11608//202 10584//202 4397//22
f 4397//22 4396//201 1536//201
f 503//12 9018//12 7368//6
f 9275//56 8710//56 9260//56
f 8660//23 12709//23 229//23
f 7782//89 4201//90 236//90
f 6417//27 6419//27 10751//24
f 11758//31 7478//31 7477//22
f 7084//17 7082//27 7092//27
f 9981//56 9996//56 3135//18
f 8917//203 8922//204 10039//204
f 6137//24 13211//24 8060//47
f 5766//24 12706//24 2877//47
f 520//23 3856//23 11059//56
f 13237//2 611//2 12237//1
f 5794//2 10487//2 5576//66
f 728//30 10974//30 12549//16
f 11043//11 10360//11 12263//16
f 12263//16 12599//16 11044//205
f 6077//58 10528//58 5434//18
f 2796//8 10732//8 7908//20
f 4278//206 10666//265 300//207
f 500//18 3872//18 7352//19
f 10689//11 8601//11 2625//16
f 11110//91 4135//501 10108//91
f 10108//91 4144//479 4143//91
f 4143//91 8480//91 8465//91
f 8465//91 8464//91 8468//91
f 4143//91 8465//91 8468//91
f 11110//91 10108//91 4143//91
f 4110//91 11110//91 4143//91
f 4110//91 4143//91 8468//91
f 4108//284 4110//91 8468//91
f 4108//284 8468//91 4107//91
f 12625//91 4108//284 4107//91
f 11098//92 12625//91 4107//91
f 8451//91 4104//91 11098//92
f 4199//481 8451//91 11098//92
f 4199//481 11098//92 4107//91
f 8429//91 4199//481 4107//91
f 8429//91 4107//91 8469//91
f 8429//91 8469//91 4126//91
f 4126//91 10167//91 8459//91
f 4126//91 8459//91 8458//91
f 8429//91 4126//91 8458//91
f 8429//91 8458//91 4122//91
f 8429//91 4122//91 4078//91
f 8429//91 4078//91 4079//91
f 8430//91 8429//91 4079//91
f 8430//91 4079//91 4080//91
f 4183//91 8430//91 4080//91
f 4183//91 4080//91 4095//91
f 7764//91 10610//91 10608//502
f 10608//502 4183//91 4095//91
f 10608//502 4095//91 4096//91
f 7762//91 7764//91 10608//502
f 7268//91 4189//410 7762//91
f 4247//91 7268//91 7762//91
f 10608//502 4096//91 10165//91
f 10154//91 11100//91 11101//91
f 11101//91 4115//410 4116//91
f 4116//91 4117//91 4118//91
f 4118//91 4130//91 12633//91
f 12127//91 4101//91 4102//284
f 4116//91 4118//91 12633//91
f 12127//91 4102//284 8460//91
f 11101//91 4116//91 12633//91
f 12127//91 8460//91 4131//91
f 10154//91 11101//91 12633//91
f 12127//91 4131//91 4097//91
f 10165//91 10154//91 12633//91
f 12633//91 12127//91 4097//91
f 4097//91 11499//91 8462//91
f 8462//91 8463//91 7938//91
f 4097//91 8462//91 7938//91
f 10165//91 12633//91 4097//91
f 10165//91 4097//91 7938//91
f 10608//502 10165//91 7938//91
f 10608//502 7938//91 4071//91
f 4276//91 12203//91 4275//91
f 4264//91 4276//91 4275//91
f 4264//91 4275//91 7786//91
f 4263//92 4264//91 7786//91
f 4263//92 7786//91 4242//284
f 7788//91 4263//92 4242//284
f 7788//91 4242//284 4243//91
f 8501//91 4085//91 8496//91
f 8501//91 8496//91 12637//91
f 4072//91 8501//91 12637//91
f 4072//91 12637//91 11129//91
f 4071//91 4072//91 11129//91
f 4071//91 11129//91 11128//91
f 10608//502 4071//91 11128//91
f 10608//502 11128//91 10173//91
f 7762//91 10608//502 10173//91
f 13103//91 9134//91 8489//91
f 10173//91 13103//91 8489//91
f 8489//91 4068//284 4069//91
f 8489//91 4069//91 11116//503
f 10173//91 8489//91 11116//503
f 10173//91 11116//503 11467//5
f 7762//91 10173//91 11467//5
f 10249//91 4269//91 7427//91
f 10670//91 10669//91 10249//91
f 4254//91 4256//91 10670//91
f 7781//91 4253//91 4254//91
f 8442//91 11084//91 7253//91
f 7253//91 7781//91 4254//91
f 4254//91 10670//91 10249//91
f 4254//91 10249//91 7427//91
f 8442//91 7253//91 4254//91
f 4198//91 4207//91 8441//91
f 8442//91 4254//91 7427//91
f 4198//91 8441//91 8442//91
f 4206//91 4205//284 4203//504
f 12621//91 4206//91 4203//504
f 8447//91 12620//476 12621//91
f 12622//91 8448//410 8447//91
f 12379//92 4222//92 12622//91
f 8422//91 8423//91 12379//92
f 4193//91 4184//284 8422//91
f 8445//91 8444//92 4193//91
f 8427//91 10671//91 8445//91
f 8427//91 8445//91 4193//91
f 4193//91 8422//91 12379//92
f 12379//92 12622//91 8447//91
f 8447//91 12621//91 4203//504
f 12379//92 8447//91 4203//504
f 8427//91 4193//91 12379//92
f 8425//91 8427//91 12379//92
f 12379//92 4203//504 4198//91
f 8425//91 12379//92 4198//91
f 8442//91 7427//91 10654//91
f 4062//91 8425//91 4198//91
f 4198//91 8442//91 10654//91
f 4062//91 4198//91 10654//91
f 11477//91 5332//91 4062//91
f 7473//92 11491//91 11477//91
f 7472//91 7473//92 11477//91
f 11115//91 4060//91 4059//91
f 4059//91 7749//91 7426//91
f 7426//91 12366//91 4334//91
f 7426//91 4334//91 12373//91
f 4057//91 11115//91 4059//91
f 7426//91 12373//91 4336//91
f 7426//91 4336//91 4337//91
f 11467//5 4057//91 4059//91
f 4059//91 7426//91 4337//91
f 4059//91 4337//91 10642//317
f 4059//91 10642//317 4339//91
f 4059//91 4339//91 4317//91
f 4059//91 4317//91 4318//91
f 4059//91 4318//91 7424//91
f 4059//91 7424//91 4328//505
f 4059//91 4328//505 4329//91
f 4305//91 4332//410 10643//91
f 10643//91 4331//91 4333//91
f 10643//91 4333//91 10631//91
f 4305//91 10643//91 10631//91
f 4305//91 10631//91 9925//91
f 7750//91 4305//91 9925//91
f 7002//91 4344//284 4324//91
f 4329//91 7750//91 9925//91
f 7002//91 4324//91 7421//91
f 4059//91 4329//91 9925//91
f 7002//91 7421//91 7422//91
f 7002//91 7422//91 4320//91
f 4321//91 4315//91 4316//91
f 7002//91 4320//91 4321//91
f 7002//91 4321//91 4316//91
f 4316//91 4323//91 4322//91
f 4322//91 4319//91 10640//91
f 10640//91 4291//92 10638//91
f 10640//91 10638//91 10614//91
f 4316//91 4322//91 10640//91
f 9925//91 7002//91 4316//91
f 4316//91 10640//91 10614//91
f 10099//91 10641//91 2956//91
f 9925//91 4316//91 10614//91
f 9925//91 10614//91 10099//91
f 4059//91 9925//91 10099//91
f 2956//91 8942//91 11321//91
f 2956//91 11321//91 12918//91
f 11467//5 4059//91 10099//91
f 10099//91 2956//91 12918//91
f 10389//91 7008//91 11367//506
f 10099//91 12918//91 10389//91
f 7762//91 11467//5 10099//91
f 10099//91 10389//91 11367//506
f 10099//91 11367//506 11358//91
f 7762//91 10099//91 11358//91
f 7762//91 11358//91 11357//91
f 4247//91 7762//91 11357//91
f 6879//91 2916//91 6886//91
f 7774//91 4247//91 11357//91
f 11357//91 6879//91 6886//91
f 6886//91 10004//441 11344//91
f 7774//91 11357//91 6886//91
f 7774//91 6886//91 11344//91
f 11344//91 2949//91 9001//91
f 11344//91 9001//91 9711//91
f 8987//91 6807//91 3253//91
f 3253//91 11402//91 3265//91
f 3253//91 3265//91 6811//91
f 6821//91 8987//91 3253//91
f 9711//91 6821//91 3253//91
f 11344//91 9711//91 3253//91
f 7774//91 11344//91 3253//91
f 7472//91 11477//91 4062//91
f 6244//91 7472//91 4062//91
f 5340//91 6244//91 4062//91
f 5350//91 5340//91 4062//91
f 5350//91 4062//91 10654//91
f 5349//91 5350//91 10654//91
f 5349//91 10654//91 4240//91
f 10426//91 5349//91 4240//91
f 10426//91 4240//91 4241//91
f 7479//91 10426//91 4241//91
f 7479//91 4241//91 7772//91
f 5330//483 7479//91 7772//91
f 7475//91 5352//91 5355//91
f 7474//91 7475//91 5355//91
f 7474//91 5355//91 9525//91
f 9252//91 10425//478 11764//91
f 11764//91 7474//91 9525//91
f 11764//91 9525//91 6253//91
f 3437//481 9252//91 11764//91
f 3437//481 11764//91 6253//91
f 3437//481 6253//91 5330//483
f 3438//91 3437//481 5330//483
f 3438//91 5330//483 7772//91
f 3438//91 7772//91 7788//91
f 3438//91 7788//91 4243//91
f 9067//91 3438//91 4243//91
f 9067//91 4243//91 4244//91
f 3434//91 9067//91 4244//91
f 3434//91 4244//91 7773//91
f 5115//91 3434//91 7773//91
f 5115//91 7773//91 7774//91
f 5115//91 7774//91 3253//91
f 12513//91 5115//91 3253//91
f 8993//91 3244//91 8975//91
f 8993//91 8975//91 3228//91
f 8992//484 8993//91 3228//91
f 8992//484 3228//91 6838//91
f 8992//484 6838//91 3235//91
f 3258//91 8992//484 3235//91
f 11392//91 11391//91 2922//91
f 2922//91 8152//91 4969//92
f 11490//91 4980//91 3234//91
f 2922//91 4969//92 11490//91
f 11392//91 2922//91 11490//91
f 3234//91 8971//91 6850//91
f 11392//91 11490//91 3234//91
f 3238//91 11392//91 3234//91
f 3234//91 6850//91 9782//91
f 3234//91 9782//91 3291//91
f 9956//91 3238//91 3234//91
f 11389//91 9956//91 3234//91
f 3234//91 3291//91 3304//476
f 3306//91 12805//91 11374//91
f 3234//91 3304//476 3306//91
f 3235//91 11389//91 3234//91
f 3258//91 3235//91 3234//91
f 3234//91 3306//91 11374//91
f 3234//91 11374//91 3292//91
f 3234//91 3292//91 11375//91
f 11386//91 11387//91 3259//91
f 3234//91 11375//91 11386//91
f 3258//91 3234//91 11386//91
f 3259//91 4996//91 4997//91
f 3258//91 11386//91 3259//91
f 3260//91 3258//91 3259//91
f 3259//91 4997//91 6391//91
f 3259//91 6391//91 8146//91
f 8988//91 3260//91 3259//91
f 6811//91 8988//91 3259//91
f 3259//91 8146//91 4985//91
f 3259//91 4985//91 4986//91
f 3253//91 6811//91 3259//91
f 3253//91 3259//91 4986//91
f 3253//91 4986//91 6380//91
f 3253//91 6380//91 8876//91
f 3253//91 8876//91 10866//91
f 3253//91 10866//91 8143//91
f 6382//91 4989//91 4990//91
f 8143//91 6382//91 4990//91
f 4990//91 5006//91 5007//91
f 5007//91 5008//91 5096//91
f 5096//91 2909//91 8213//91
f 5096//91 8213//91 8214//91
f 4990//91 5007//91 5096//91
f 3253//91 8143//91 4990//91
f 3253//91 4990//91 5096//91
f 5096//91 8214//91 3410//91
f 5096//91 3410//91 3411//91
f 12513//91 3253//91 5096//91
f 5096//91 3411//91 3406//91
f 5096//91 3406//91 9785//91
f 12513//91 5096//91 9785//91
f 12513//91 9785//91 2910//91
f 12513//91 2910//91 12525//91
f 12513//91 12525//91 10921//91
f 3441//91 12513//91 10921//91
f 3441//91 10921//91 3414//91
f 10892//91 3441//91 3414//91
f 10892//91 3414//91 9789//91
f 3431//91 11932//91 3432//91
f 3431//91 3432//91 8217//91
f 3322//91 12838//91 8193//91
f 8968//91 3322//91 8193//91
f 8968//91 8193//91 8194//91
f 8969//91 8968//91 8194//91
f 8969//91 8194//91 3447//91
f 10943//91 6718//91 3346//91
f 3346//91 8969//91 3447//91
f 3346//91 3447//91 10892//91
f 10941//91 10943//91 3346//91
f 9060//91 13224//91 3348//91
f 3348//91 10941//91 3346//91
f 3348//91 3346//91 10892//91
f 8186//91 9060//91 3348//91
f 6635//91 8186//91 3348//91
f 3348//91 10892//91 9789//91
f 3348//91 9789//91 8212//91
f 6635//91 3348//91 8212//91
f 8183//91 6635//91 8212//91
f 8184//91 8183//91 8212//91
f 12510//91 8184//91 8212//91
f 10898//91 12510//91 8212//91
f 10898//91 8212//91 5938//91
f 6655//91 10898//91 5938//91
f 3431//91 8217//91 8216//91
f 3431//91 8216//91 3418//91
f 10396//91 8188//91 8189//91
f 7432//91 10396//91 8189//91
f 7432//91 8189//91 10894//91
f 7430//91 7432//91 10894//91
f 7430//91 10894//91 3460//91
f 5382//91 7430//91 3460//91
f 5382//91 3460//91 9821//91
f 5381//91 5382//91 9821//91
f 5381//91 9821//91 10897//91
f 10415//91 5381//91 10897//91
f 10415//91 10897//91 6655//91
f 5937//91 3431//91 3418//91
f 5937//91 3418//91 3421//91
f 5938//91 5937//91 3421//91
f 5938//91 3421//91 12523//91
f 5938//91 12523//91 11433//91
f 5938//91 11433//91 6598//91
f 5938//91 6598//91 8219//91
f 6655//91 5938//91 8219//91
f 10415//91 6655//91 8219//91
f 10415//91 8219//91 10916//91
f 9078//91 9080//91 3428//91
f 5082//91 8071//91 8072//91
f 3426//91 9078//91 3428//91
f 5082//91 8072//91 5083//91
f 10916//91 3426//91 3428//91
f 5082//91 5083//91 8075//91
f 5082//91 8075//91 5085//91
f 5099//91 8118//91 8116//91
f 5082//91 5085//91 5099//91
f 5099//91 8116//91 5040//91
f 5099//91 5040//91 10852//91
f 5099//91 10852//91 8112//507
f 12273//91 10413//91 9535//91
f 5168//91 6181//91 5389//91
f 5389//91 12273//91 9535//91
f 5389//91 9535//91 5388//91
f 7519//91 12301//91 5168//91
f 7521//91 7519//91 5168//91
f 5389//91 5388//91 7450//91
f 5389//91 7450//91 6209//91
f 5175//91 7521//91 5168//91
f 9507//91 5175//91 5168//91
f 5168//91 5389//91 6209//91
f 5168//91 6209//91 10412//91
f 5168//91 10412//91 10417//91
f 5168//91 10417//91 10414//91
f 5168//91 10414//91 10415//91
f 8109//91 12492//91 5044//91
f 5044//91 5014//91 9603//91
f 5044//91 9603//91 5021//91
f 8109//91 5044//91 5021//91
f 8109//91 5021//91 12487//91
f 8110//91 8109//91 12487//91
f 4893//91 7935//91 7936//91
f 8110//91 12487//91 4893//91
f 5042//91 8110//91 4893//91
f 4893//91 7936//91 8666//91
f 4893//91 8666//91 4892//91
f 6343//91 5042//91 4893//91
f 5051//317 6343//91 4893//91
f 4893//91 4892//91 9583//91
f 4893//91 9583//91 10674//284
f 5051//317 4893//91 10674//284
f 5051//317 10674//284 8672//91
f 10747//91 7940//91 3980//91
f 3980//91 8201//91 9122//91
f 3980//91 9122//91 4798//91
f 12421//91 10747//91 3980//91
f 12421//91 3980//91 4798//91
f 12421//91 4798//91 12504//91
f 8672//91 12421//91 12504//91
f 8672//91 12504//91 8010//91
f 5051//317 8672//91 8010//91
f 5051//317 8010//91 8008//91
f 8113//284 5051//317 8008//91
f 4792//91 13203//91 4695//91
f 8113//284 8008//91 4792//91
f 8113//284 4792//91 4695//91
f 4813//91 4812//91 7979//91
f 4813//91 7979//91 7980//91
f 9507//91 5168//91 10415//91
f 9507//91 10415//91 10916//91
f 5171//91 9507//91 10916//91
f 12844//91 5171//91 10916//91
f 12844//91 10916//91 3428//91
f 5173//91 12844//91 3428//91
f 6160//91 5173//91 3428//91
f 6110//91 7418//91 7522//91
f 7522//91 6160//91 3428//91
f 7522//91 3428//91 5082//91
f 8048//91 6110//91 7522//91
f 8049//91 8048//91 7522//91
f 7522//91 5082//91 5099//91
f 8049//91 7522//91 5099//91
f 5119//91 8049//91 5099//91
f 8044//91 5119//91 5099//91
f 8046//91 8044//91 5099//91
f 10822//91 8046//91 5099//91
f 12460//91 10822//91 5099//91
f 13172//91 8051//91 8053//91
f 4804//91 7688//92 13172//91
f 4803//91 10795//91 4804//91
f 4802//91 4803//91 4804//91
f 13172//91 8053//91 6104//91
f 13172//91 6104//91 12460//91
f 4802//91 4804//91 13172//91
f 8004//91 4802//91 13172//91
f 13172//91 12460//91 5099//91
f 13172//91 5099//91 8112//507
f 4813//91 7980//91 10798//91
f 8004//91 13172//91 8112//507
f 4807//410 8004//91 8112//507
f 4807//410 8112//507 8113//284
f 4808//91 4807//410 8113//284
f 4695//91 4813//91 10798//91
f 4695//91 10798//91 10514//91
f 4808//91 8113//284 4695//91
f 4695//91 10514//91 8633//91
f 11174//19 7850//19 12397//30
f 13188//209 12383//36 11197//36
f 1869//22 10518//22 10519//33
f 5140//2 11707//2 9487//1
f 8454//50 8453//184 10277//184
f 10634//210 4295//402 12085//211
f 853//56 3519//56 8178//56
f 9989//19 12032//19 11766//19
f 5440//11 6090//11 1785//16
f 6057//56 12312//56 7554//18
f 13053//212 1476//457 11336//457
f 3049//212 3048//508 8874//213
f 13053//212 11336//457 3049//212
f 8874//213 6890//401 6891//214
f 6891//214 13053//212 3049//212
f 4218//97 11086//98 267//98
f 6144//33 8056//33 6132//33
f 10388//22 2915//22 1347//22
f 7291//23 8321//23 10287//56
f 555//18 12613//18 12612//30
f 5035//11 9604//11 2364//16
f 367//2 8509//2 8507//66
f 10291//16 12579//16 3613//11
f 13278//20 12416//296 12415//21
f 593//1 3606//1 8285//2
f 7364//16 3852//16 3868//11
f 608//11 11020//11 3617//12
f 9752//32 9763//32 11436//1
f 12629//215 10107//216 7023//216
f 4837//91 6281//91 3217//91
f 3217//91 3810//91 8408//91
f 8408//91 8409//91 8983//91
f 8408//91 8983//91 6376//91
f 4837//91 3217//91 8408//91
f 8408//91 6376//91 6377//91
f 11395//91 12817//91 3222//91
f 8408//91 6377//91 11395//91
f 4837//91 8408//91 11395//91
f 3222//91 3200//91 8040//91
f 4837//91 11395//91 3222//91
f 7969//91 4837//91 3222//91
f 3222//91 8040//91 10816//91
f 3222//91 10816//91 10818//91
f 4844//91 7969//91 3222//91
f 13207//91 7967//91 7986//91
f 7986//91 4844//91 3222//91
f 3222//91 10818//91 4740//91
f 12458//91 13207//91 7986//91
f 3222//91 4740//91 12458//91
f 397//30 12586//30 3974//16
f 11202//22 8021//22 8019//33
f 4900//11 2457//11 2456//16
f 812//24 3567//24 3558//47
f 12692//73 8014//73 8013//12
f 8605//19 10695//19 7816//19
f 341//8 4042//8 11051//20
f 7500//2 6002//2 6004//1
f 998//8 3478//8 10901//20
f 9403//58 9405//58 5196//18
f 10005//26 10002//26 1484//26
f 2535//12 4785//12 13202//6
f 4312//217 4302//218 1282//218
f 9204//24 4517//24 11507//47
f 6844//6 9965//6 11396//7
f 7397//19 7399//19 10384//19
f 7252//23 10264//23 7256//23
f 5900//20 9315//20 5829//20
f 10286//7 3600//7 11312//31
f 8906//219 2983//220 1438//220
f 11210//56 10817//56 4739//18
f 4338//113 7768//156 6990//156
f 6708//91 8220//91 8232//484
f 6708//91 8232//484 3355//91
f 3350//91 6708//91 3355//91
f 3350//91 3355//91 10929//91
f 12529//91 3350//91 10929//91
f 12529//91 10929//91 3351//91
f 3364//91 12529//91 3351//91
f 3364//91 3351//91 10932//91
f 3364//91 10932//91 10935//91
f 10935//91 3383//91 3362//91
f 3362//91 8179//91 8180//91
f 12508//91 11417//91 3320//91
f 3362//91 8180//91 12508//91
f 3364//91 10935//91 3362//91
f 8226//91 3364//91 3362//91
f 3362//91 12508//91 3320//91
f 3320//91 6675//91 10939//91
f 10939//91 10940//91 12532//91
f 10939//91 12532//91 10936//91
f 8226//91 3362//91 3320//91
f 12533//91 8226//91 3320//91
f 10939//91 10936//91 3333//91
f 3334//91 12533//91 3320//91
f 3320//91 10939//91 3333//91
f 7409//19 10378//19 12600//30
f 8453//184 13249//175 7228//175
f 11340//121 11339//187 7419//187
f 7116//33 10186//33 10592//8
f 1640//221 7572//221 7569//82
f 12982//12 8136//12 6406//6
f 694//18 12542//18 6515//19
f 12646//39 8034//39 10813//16
f 8908//151 8907//206 1447//208
f 12784//163 12801//122 10041//122
f 6906//223 11333//224 6905//224
f 12796//226 12797//227 6900//227
f 1503//228 10607//228 10606//229
f 5031//91 9600//91 4009//91
f 5031//91 4009//91 4010//91
f 12485//91 5031//91 4010//91
f 12485//91 4010//91 7197//91
f 12483//91 12485//91 7197//91
f 4012//91 8529//91 3980//91
f 12483//91 7197//91 4012//91
f 4012//91 3980//91 7940//91
f 4012//91 7940//91 7939//91
f 4012//91 7939//91 12424//91
f 4012//91 12424//91 4887//91
f 4012//91 4887//91 8677//91
f 12483//91 4012//91 8677//91
f 12483//91 8677//91 7935//91
f 4893//91 12487//91 5023//91
f 5023//91 8096//91 9172//91
f 4893//91 5023//91 9172//91
f 12483//91 7935//91 4893//91
f 4893//91 9172//91 10845//91
f 10665//509 7785//510 7784//230
f 7784//230 12268//222 296//222
f 303//231 302//317 301//232
f 7784//230 296//222 303//231
f 301//232 10665//509 7784//230
f 6237//19 7456//19 10419//30
f 13086//15 10120//15 12108//15
f 5902//7 12345//7 10562//31
f 10875//91 9850//91 9845//91
f 10875//91 9845//91 3505//91
f 6164//91 10875//91 3505//91
f 6164//91 3505//91 8162//91
f 10874//91 6164//91 8162//91
f 10874//91 8162//91 8164//91
f 10572//91 2906//91 3508//91
f 3508//91 10874//91 8164//91
f 3508//91 8164//91 3499//91
f 4475//91 10572//91 3508//91
f 11257//91 7912//91 4475//91
f 12411//91 11257//91 4475//91
f 4475//91 3508//91 3499//91
f 4475//91 3499//91 3500//91
f 11261//91 12411//91 4475//91
f 4469//91 11261//91 4475//91
f 7907//91 4469//91 4475//91
f 2907//91 10735//91 7906//91
f 7906//91 7907//91 4475//91
f 2907//91 7906//91 4475//91
f 13178//91 7724//91 4423//91
f 8782//91 13178//91 4423//91
f 2907//91 4475//91 3500//91
f 7913//91 2907//91 3500//91
f 10596//91 8782//91 4423//91
f 10596//91 4423//91 7913//91
f 7913//91 3500//91 3491//91
f 4437//91 10596//91 7913//91
f 7111//91 4437//91 7913//91
f 10187//91 7111//91 7913//91
f 4442//91 4434//91 10187//91
f 10590//91 4451//91 4442//91
f 4445//91 10590//91 4442//91
f 3496//91 3501//91 3169//91
f 3169//91 7885//91 7884//91
f 3169//91 7884//91 13191//91
f 10883//91 3496//91 3169//91
f 3494//91 10883//91 3169//91
f 3494//91 3169//91 13191//91
f 3493//91 3494//91 13191//91
f 4569//91 4570//91 4452//91
f 3493//91 13191//91 4569//91
f 10879//91 3493//91 4569//91
f 4569//91 4452//91 4453//91
f 4569//91 4453//91 8784//91
f 3491//91 10879//91 4569//91
f 4445//91 4442//91 10187//91
f 8773//91 4445//91 10187//91
f 7913//91 3491//91 4569//91
f 4569//91 8784//91 7914//91
f 7913//91 4569//91 7914//91
f 4449//91 8773//91 10187//91
f 4449//91 10187//91 7913//91
f 7913//91 7914//91 7915//91
f 7913//91 7915//91 4455//91
f 7911//91 4449//91 7913//91
f 10196//22 7923//22 11268//33
f 7752//233 12375//234 1297//234
f 6895//236 10611//236 13182//124
f 12493//2 6364//2 2290//1
f 7658//11 2734//11 8812//16
f 11892//7 12555//7 6534//31
f 11333//224 9251//237 9678//237
f 12211//46 11080//46 10609//238
f 2754//21 12214//21 11284//68
f 1733//24 5571//24 2872//47
f 2720//12 7828//12 7826//6
f 6978//239 12786//240 6975//240
f 12891//12 9237//12 5801//6
f 2640//27 11164//27 10687//27
f 695//11 7125//16 8268//16
f 7181//39 12176//16 13170//16
f 12861//56 12845//56 10453//18
f 12794//15 10074//15 6919//15
f 13034//39 8236//39 3366//16
f 2615//24 12386//24 12384//47
f 8637//21 12445//21 12444//242
f 10176//243 11114//243 11468//244
f 9222//22 4595//22 10696//33
f 12786//240 8860//246 10077//246
f 8493//91 10241//91 4046//91
f 2755//66 11285//66 4411//17
f 1728//8 10490//8 10488//20
f 10067//23 6933//23 1359//23
f 11308//2 12396//2 7693//66
f 368//27 8508//27 3998//24
f 1687//247 5530//247 11230//248
f 11559//19 10559//19 10555//30
f 6041//33 6043//33 5503//8
f 4556//2 2685//2 2684//1
f 5888//56 5890//56 7665//18
f 12890//249 13058//250 12063//250
f 4109//251 4111//337 10162//252
f 12026//8 3220//8 6378//20
f 9935//6 11408//6 9028//6
f 4282//28 12365//93 10387//93
f 7853//2 2733//2 2732//1
f 12799//138 12789//75 12060//75
f 10228//7 337//202 4045//202
f 2069//7 5379//7 10418//155
f 10060//253 8901//253 10063//253
f 935//17 3328//17 3319//27
f 7829//11 8822//11 12768//16
f 2581//24 7848//24 7846//25
f 529//23 11050//23 9104//56
f 11548//32 10497//32 10492//1
f 10487//2 5794//2 11552//1
f 8499//115 13252//44 7972//44
f 1905//58 7544//58 13157//18
f 6363//31 4970//31 12266//22
f 2281//18 12494//18 11811//19
f 4161//200 4155//254 127//254
f 9002//2 13031//2 13032//1
f 2706//12 10480//12 7836//6
f 11091//53 4148//3 13090//3
f 1688//248 11230//248 2879//255
f 7792//117 4255//256 281//256
f 5994//27 7541//27 7540//24
f 12307//11 9365//11 11658//16
f 2103//23 5407//23 6201//56
f 10819//91 10820//91 10509//91
f 10819//91 10509//91 10511//91
f 4731//91 10819//91 10511//91
f 4731//91 10511//91 7845//91
f 7706//91 7707//91 5540//91
f 4543//91 10727//91 7706//91
f 4403//91 4543//91 7706//91
f 4730//91 4731//91 7845//91
f 4730//91 7845//91 7844//91
f 4403//91 7706//91 5540//91
f 10704//91 8434//91 4537//91
f 4537//91 4403//91 5540//91
f 4730//91 7844//91 10704//91
f 10704//91 4537//91 5540//91
f 11020//11 608//11 610//16
f 10127//22 7049//22 10267//22
f 7093//91 8526//91 7687//91
f 7687//91 7877//91 4522//91
f 7687//91 4522//91 7866//91
f 8719//91 7093//91 7687//91
f 8718//91 8717//91 8719//91
f 7870//91 10715//91 8718//91
f 7869//91 7870//91 8718//91
f 8718//91 8719//91 7687//91
f 7687//91 7866//91 7868//284
f 10713//91 7869//91 8718//91
f 7687//91 7868//284 10713//91
f 2057//18 5386//18 12274//30
f 2545//21 10778//21 12437//1
f 4200//170 8431//257 7257//257
f 10673//41 7793//116 254//116
f 4123//258 4125//259 10155//259
f 7405//91 13242//91 8367//91
f 4121//52 11091//53 111//53
f 7780//136 7779//261 7214//261
f 6770//20 9881//20 13028//21
f 8621//91 4769//91 3122//91
f 3122//91 3121//91 3123//91
f 3122//91 3123//91 9030//91
f 4761//91 8621//91 3122//91
f 12441//91 4761//91 3122//91
f 3122//91 9030//91 9031//91
f 3122//91 9031//91 11420//91
f 10788//91 12441//91 3122//91
f 10788//91 3122//91 11420//91
f 10788//91 11420//91 9908//91
f 4767//91 10788//91 9908//91
f 4767//91 9908//91 3119//91
f 3186//91 4772//284 4773//91
f 4773//91 4767//91 3119//91
f 4773//91 3119//91 8925//511
f 13004//91 3186//91 4773//91
f 3191//91 13004//91 4773//91
f 4773//91 8925//511 3104//91
f 8361//91 3191//91 4773//91
f 8361//91 4773//91 3104//91
f 8361//91 3104//91 11525//91
f 6823//91 8361//91 11525//91
f 11326//91 11325//91 8845//91
f 6823//91 11525//91 11326//91
f 9944//91 3182//91 9004//91
f 9004//91 6823//91 11326//91
f 11326//91 8845//91 6753//91
f 11326//91 6753//91 8848//91
f 9944//91 9004//91 11326//91
f 12008//91 9944//91 11326//91
f 11326//91 8848//91 8849//91
f 11326//91 8849//91 3117//91
f 11404//91 12008//91 11326//91
f 3176//91 11404//91 11326//91
f 3176//91 11326//91 3117//91
f 3175//91 3176//91 3117//91
f 3175//91 3117//91 3118//91
f 6774//91 3175//91 3118//91
f 6774//91 3118//91 3105//91
f 3173//91 6774//91 3105//91
f 8850//91 6742//91 3107//91
f 3173//91 3105//91 8850//91
f 3172//91 3173//91 8850//91
f 3107//91 12451//91 4757//91
f 3172//91 8850//91 3107//91
f 3171//91 3172//91 3107//91
f 3107//91 4757//91 4758//91
f 3107//91 4758//91 4759//91
f 3171//91 3107//91 4759//91
f 3171//91 4759//91 12456//91
f 6800//91 3171//91 12456//91
f 3169//91 9014//512 9013//91
f 11187//91 4656//91 3169//91
f 12387//91 11187//91 3169//91
f 3169//91 9013//91 6800//91
f 12387//91 3169//91 6800//91
f 4652//91 12387//91 6800//91
f 7794//91 4652//91 6800//91
f 7796//91 7794//91 6800//91
f 7796//91 6800//91 12456//91
f 4660//91 7796//91 12456//91
f 4659//91 4660//91 12456//91
f 4658//91 4659//91 12456//91
f 4658//91 12456//91 8255//91
f 4648//91 4658//91 8255//91
f 4648//91 8255//91 8252//91
f 4647//91 4648//91 8252//91
f 4550//91 10679//91 4650//91
f 10682//91 4645//91 4550//91
f 10681//91 10682//91 4550//91
f 4550//91 4650//91 4649//91
f 4550//91 4649//91 4647//91
f 8576//91 10681//91 4550//91
f 8576//91 4550//91 4647//91
f 8576//91 4647//91 8252//91
f 7804//91 8576//91 8252//91
f 7804//91 8252//91 8254//91
f 4638//91 7804//91 8254//91
f 10395//91 4638//91 8254//91
f 7441//91 10395//91 8254//91
f 7441//91 8254//91 7997//91
f 7440//91 7441//91 7997//91
f 10724//91 4639//284 13189//92
f 10722//91 10724//91 13189//92
f 4547//91 10722//91 13189//92
f 4546//91 4547//91 13189//92
f 4442//91 4549//91 4548//91
f 10593//91 4434//91 4442//91
f 10587//91 10593//91 4442//91
f 4442//91 4548//91 7887//91
f 4442//91 7887//91 7888//91
f 7723//91 10587//91 4442//91
f 4423//91 7724//91 7721//91
f 7723//91 4442//91 7888//91
f 4423//91 7721//91 7723//91
f 7731//91 10598//91 4423//91
f 7730//91 7731//91 4423//91
f 4423//91 7723//91 7888//91
f 4423//91 7888//91 4560//91
f 12354//91 7730//91 4423//91
f 12354//91 4423//91 4560//91
f 12354//91 4560//91 12759//91
f 4427//91 12354//91 12759//91
f 4427//91 12759//91 7892//91
f 7728//284 4427//91 7892//91
f 7728//284 7892//91 4546//91
f 10582//91 4421//91 7726//91
f 7726//91 7728//284 4546//91
f 7726//91 4546//91 13189//92
f 10581//91 10582//91 7726//91
f 7703//91 7704//92 10581//91
f 3164//91 3151//91 7703//91
f 9941//91 3164//91 7703//91
f 7703//91 10581//91 7726//91
f 7726//91 13189//92 7809//91
f 9941//91 7703//91 7726//91
f 3159//91 9941//91 7726//91
f 3159//91 7726//91 7809//91
f 6830//91 3159//91 7809//91
f 6832//91 6830//91 7809//91
f 9011//91 6832//91 7809//91
f 3160//91 9011//91 7809//91
f 3208//91 12014//91 3160//91
f 9794//91 3208//91 3160//91
f 9794//91 3160//91 7809//91
f 12825//91 9794//91 7809//91
f 12825//91 7809//91 7440//91
f 3205//91 12825//91 7440//91
f 3205//91 7440//91 7997//91
f 9882//91 3205//91 7997//91
f 12820//91 9029//91 6761//91
f 12823//91 12820//91 6761//91
f 12823//91 6761//91 3202//91
f 3280//91 12823//91 3202//91
f 3280//91 3202//91 11419//91
f 9491//91 3280//91 11419//91
f 9491//91 11419//91 3201//91
f 3200//91 8962//91 8963//91
f 8963//91 9491//91 3201//91
f 8963//91 3201//91 3199//91
f 8038//91 8040//91 3200//91
f 3200//91 8963//91 3199//91
f 4756//91 4751//91 3109//91
f 3109//91 4851//91 4845//91
f 3109//91 4845//91 8063//91
f 7999//91 4756//91 3109//91
f 3109//91 8063//91 6275//91
f 3109//91 6275//91 4857//91
f 7999//91 3109//91 4857//91
f 7999//91 4857//91 7983//91
f 7997//91 7999//91 7983//91
f 7997//91 7983//91 6266//91
f 3200//91 3199//91 9882//91
f 8041//91 8038//91 3200//91
f 10815//91 8041//91 3200//91
f 3200//91 9882//91 7997//91
f 7997//91 6266//91 12436//91
f 7997//91 12436//91 10776//91
f 10814//91 10815//91 3200//91
f 10814//91 3200//91 7997//91
f 8697//91 10814//91 7997//91
f 8275//91 8697//91 7997//91
f 8275//91 7997//91 10776//91
f 8277//91 8275//91 10776//91
f 8277//91 10776//91 10775//91
f 7967//91 13207//91 4737//91
f 4737//91 8277//91 10775//91
f 7967//91 4737//91 10775//91
f 7965//91 7967//91 10775//91
f 7965//91 10775//91 9577//91
f 10760//91 7965//91 9577//91
f 10760//91 9577//91 7984//91
f 7973//91 10760//91 7984//91
f 7985//91 4852//91 3234//91
f 7960//91 7973//91 7984//91
f 7984//91 7985//91 3234//91
f 3234//91 4980//91 4981//91
f 3234//91 4981//91 10871//91
f 7960//91 7984//91 3234//91
f 7961//91 7960//91 3234//91
f 7961//91 3234//91 10871//91
f 4840//91 7961//91 10871//91
f 4840//91 10871//91 8150//91
f 10744//91 4840//91 8150//91
f 10744//91 8150//91 4975//91
f 3217//91 6281//91 4835//91
f 10744//91 4975//91 6352//91
f 3217//91 4835//91 10744//91
f 8126//91 8128//91 3217//91
f 4954//91 8126//91 3217//91
f 3217//91 10744//91 6352//91
f 11812//91 4954//91 3217//91
f 8121//91 11812//91 3217//91
f 8153//91 8152//91 2922//91
f 2922//91 13085//91 2939//91
f 2939//91 8941//506 7031//91
f 8153//91 2922//91 2939//91
f 11353//91 8153//91 2939//91
f 7031//91 13291//91 3087//91
f 4978//91 11353//91 2939//91
f 2939//91 7031//91 3087//91
f 3832//91 9479//91 5066//91
f 3832//91 5066//91 12475//91
f 4977//91 4978//91 2939//91
f 12498//91 4977//91 2939//91
f 3832//91 12475//91 5070//91
f 3832//91 5070//91 12478//91
f 6352//91 12498//91 2939//91
f 4959//91 8121//91 3217//91
f 4959//91 3217//91 6352//91
f 4958//91 4959//91 6352//91
f 6407//91 4958//91 6352//91
f 8134//91 6407//91 6352//91
f 10860//91 8134//91 6352//91
f 10860//91 6352//91 2939//91
f 6360//91 10860//91 2939//91
f 3087//91 3832//91 12478//91
f 3087//91 12478//91 8085//91
f 8151//91 6360//91 2939//91
f 8132//91 4962//91 8151//91
f 4963//91 8132//91 8151//91
f 3087//91 8085//91 8082//91
f 3087//91 8082//91 5069//91
f 4964//91 4963//91 8151//91
f 10858//91 4964//91 8151//91
f 2939//91 3087//91 5069//91
f 2939//91 5069//91 9483//91
f 9663//410 10858//91 8151//91
f 6411//91 9663//410 8151//91
f 2939//91 9483//91 5074//91
f 2939//91 5074//91 12473//91
f 6411//91 8151//91 2939//91
f 11809//91 6411//91 2939//91
f 2939//91 12473//91 8077//91
f 8078//91 10837//91 3835//91
f 2939//91 8077//91 8078//91
f 8125//91 11809//91 2939//91
f 3835//91 4951//91 8125//91
f 2939//91 8078//91 3835//91
f 12752//2 10699//2 10698//17
f 13289//17 13190//17 8825//27
f 5933//12 5264//12 5943//6
f 9066//91 11035//91 3861//91
f 3861//91 8033//91 8031//91
f 3861//91 8031//91 10684//92
f 3892//91 9066//91 3861//91
f 12589//91 3892//91 3861//91
f 3861//91 10684//92 4691//91
f 12589//91 3861//91 4691//91
f 3894//91 12589//91 4691//91
f 3894//91 4691//91 12393//91
f 3888//91 3894//91 12393//91
f 3888//91 12393//91 4702//91
f 3889//91 3888//91 4702//91
f 3889//91 4702//91 4703//91
f 3875//91 11038//91 3891//5
f 3875//91 3891//5 3889//91
f 4704//91 10812//91 4695//91
f 4695//91 13203//91 4800//91
f 4695//91 4800//91 4801//91
f 4703//91 4704//91 4695//91
f 3889//91 4703//91 4695//91
f 4695//91 4801//91 4790//91
f 3889//91 4695//91 4790//91
f 3875//91 3889//91 4790//91
f 3875//91 4790//91 10802//91
f 3873//91 3875//91 10802//91
f 3873//91 10802//91 4788//91
f 4789//91 8201//91 3980//91
f 3980//91 3978//91 3979//91
f 3980//91 3979//91 8339//91
f 4788//91 4789//91 3980//91
f 4788//91 3980//91 8339//91
f 4788//91 8339//91 8341//91
f 4788//91 8341//91 3985//91
f 4788//91 3985//91 11138//91
f 3873//91 4788//91 11138//91
f 3873//91 11138//91 12641//91
f 7347//91 3873//91 12641//91
f 7347//91 12641//91 3973//91
f 7347//91 3973//91 8337//91
f 8337//91 3970//91 11033//91
f 8337//91 11033//91 3964//91
f 8337//91 3964//91 11452//91
f 12587//91 3967//91 4688//91
f 8337//91 11452//91 12587//91
f 7347//91 8337//91 12587//91
f 12587//91 4688//91 7497//91
f 12587//91 7497//91 7495//91
f 7347//91 12587//91 7495//91
f 7347//91 7495//91 7814//91
f 8391//91 7347//91 7814//91
f 8391//91 7814//91 10688//91
f 3869//91 8391//91 10688//91
f 3869//91 10688//91 12291//91
f 8392//91 3869//91 12291//91
f 8392//91 12291//91 7810//91
f 3840//91 3882//91 7353//91
f 7353//91 8392//91 7810//91
f 3840//91 7353//91 7810//91
f 7825//91 4598//91 3840//91
f 7827//91 7825//91 3840//91
f 4679//91 4680//91 4663//91
f 4663//91 4664//91 7524//513
f 7526//91 4671//91 4577//91
f 4663//91 7524//513 7526//91
f 4678//91 4679//91 4663//91
f 4677//91 4678//91 4663//91
f 4663//91 7526//91 4577//91
f 3188//91 7838//91 12394//91
f 3188//91 12394//91 11318//91
f 4677//91 4663//91 4577//91
f 3188//91 11318//91 4587//91
f 3188//91 4587//91 4588//91
f 8551//91 4677//91 4577//91
f 4577//91 3188//91 4588//91
f 4577//91 4588//91 10495//91
f 7811//91 8551//91 4577//91
f 7827//91 3840//91 7810//91
f 4596//91 7827//91 7810//91
f 7810//91 7811//91 4577//91
f 4577//91 10495//91 10494//91
f 10702//91 4578//91 10700//91
f 4577//91 10494//91 10702//91
f 4597//91 4596//91 7810//91
f 4603//91 4597//91 7810//91
f 7810//91 4577//91 10702//91
f 10702//91 10700//91 8826//91
f 10702//91 8826//91 4601//91
f 4602//91 4603//91 7810//91
f 10702//91 4601//91 4602//91
f 10525//2 12950//2 1788//1
f 12809//11 12043//11 12045//16
f 8822//11 7829//11 7828//12
f 1666//31 5655//31 10563//22
f 8853//91 10268//514 7041//91
f 9387//24 12287//24 12285//47
f 5995//30 10464//30 10463//16
f 11095//262 12638//154 7103//154
f 2945//15 1348//15 7005//15
f 12390//2 2646//2 11162//1
f 4024//91 11149//91 10706//91
f 10706//91 12644//284 7180//91
f 7180//91 9147//91 8530//91
f 8525//91 11151//91 4028//91
f 8525//91 4028//91 12642//91
f 7180//91 8530//91 8525//91
f 4024//91 10706//91 7180//91
f 12635//91 4024//91 7180//91
f 7180//91 8525//91 12642//91
f 7180//91 12642//91 10227//91
f 4032//91 12635//91 7180//91
f 4265//263 7787//264 292//264
f 4175//265 4176//509 152//232
f 1700//30 10481//30 5553//16
f 6112//5 6111//5 13080//5
f 7029//5 7050//5 10117//515
f 6112//5 13080//5 7029//5
f 2200//5 6112//5 7029//5
f 7029//5 10117//515 10576//5
f 10576//5 175//5 535//5
f 535//5 9486//5 11700//5
f 535//5 11700//5 2198//5
f 7029//5 10576//5 535//5
f 2199//5 2200//5 7029//5
f 535//5 2198//5 2199//5
f 2728//47 4593//47 4592//23
f 11956//2 3327//2 8225//66
f 9108//32 11633//32 10422//1
f 12778//266 12798//132 12057//132
f 4306//267 7752//233 1296//235
f 455//2 12707//2 12598//17
f 5450//91 5451//91 7581//91
f 5450//91 7581//91 7582//91
f 5446//91 5450//91 7582//91
f 5446//91 7582//91 5554//91
f 7657//91 5446//91 5554//91
f 2876//91 11226//91 3684//91
f 7657//91 5554//91 2876//91
f 7657//91 2876//91 3684//91
f 7657//91 3684//91 11908//91
f 6027//91 7657//91 11908//91
f 6027//91 11908//91 3683//91
f 6027//91 3683//91 10985//91
f 6027//91 10985//91 10987//91
f 6027//91 10987//91 3689//91
f 6027//91 3689//91 3679//91
f 10543//91 6027//91 3679//91
f 5236//91 5444//91 9124//91
f 7489//92 9196//91 5236//91
f 7491//91 7489//92 5236//91
f 5236//91 9124//91 5453//91
f 5236//91 5453//91 5454//91
f 5261//91 5257//91 7509//91
f 9394//91 5261//91 7509//91
f 9394//91 7509//91 7511//91
f 5256//92 9394//91 7511//91
f 5256//92 7511//91 5248//91
f 10444//516 5256//92 5248//91
f 5146//91 5150//91 5253//91
f 5145//91 5146//91 5253//91
f 5145//91 5253//91 5254//91
f 5161//91 5145//91 5254//91
f 5161//91 5254//91 7513//91
f 5160//91 5161//91 7513//91
f 5160//91 7513//91 10443//91
f 10454//91 5160//91 10443//91
f 10454//91 10443//91 10444//516
f 5153//92 10454//91 10444//516
f 5154//91 5153//92 10444//516
f 3784//91 10825//91 5155//91
f 5154//91 10444//516 5248//91
f 3784//91 5155//91 5154//91
f 3791//91 3784//91 5154//91
f 7302//91 3791//91 5154//91
f 3601//91 8401//91 7302//91
f 5962//91 7488//91 3601//91
f 5269//91 5962//91 3601//91
f 3601//91 7302//91 5154//91
f 3601//91 5154//91 5248//91
f 3598//91 9364//91 5246//91
f 11439//91 6574//91 3598//91
f 11439//91 3598//91 5246//91
f 11439//91 5246//91 7487//91
f 8258//91 11439//91 7487//91
f 8258//91 7487//91 5234//91
f 5269//91 3601//91 5248//91
f 5269//91 5248//91 5249//284
f 5269//91 5249//284 10440//91
f 5269//91 10440//91 10442//91
f 7505//91 5269//91 10442//91
f 7505//91 10442//91 5274//91
f 7506//91 7505//91 5274//91
f 5236//91 5454//91 12341//410
f 5236//91 12341//410 10543//91
f 7506//91 5274//91 7491//91
f 10438//91 7506//91 7491//91
f 10969//91 10971//91 3676//91
f 3676//91 10965//91 3741//91
f 3676//91 3741//91 3742//91
f 6529//517 10969//91 3676//91
f 6529//517 3676//91 3742//91
f 9743//410 6529//517 3742//91
f 3679//91 9743//410 3742//91
f 3679//91 3742//91 8257//91
f 3679//91 8257//91 8258//91
f 3679//91 8258//91 5234//91
f 10543//91 3679//91 5234//91
f 5236//91 10543//91 5234//91
f 9373//91 10438//91 7491//91
f 5236//91 5234//91 7494//91
f 9373//91 7491//91 5236//91
f 414//8 11023//8 8326//20
f 1614//32 5744//32 5743//26
f 10166//269 11096//270 7076//270
f 11622//18 5259//18 7510//19
f 446//17 3938//17 3924//24
f 2955//271 2954//272 1430//272
f 2379//12 12491//12 8114//6
f 10377//19 8368//19 8369//30
f 2285//24 4956//24 8127//25
f 10113//5 10111//5 175//5
f 175//5 10576//5 182//5
f 10119//5 10117//515 7050//5
f 175//5 182//5 10119//5
f 7043//492 10115//5 12106//5
f 10123//5 10109//5 7044//5
f 7044//5 7043//492 12106//5
f 10121//5 10123//5 7044//5
f 10113//5 175//5 10119//5
f 10121//5 7044//5 12106//5
f 12106//5 10113//5 10119//5
f 7050//5 10121//5 12106//5
f 11826//17 10756//17 10754//27
f 12636//83 11126//274 83//274
f 11946//24 8202//24 3471//47
f 4642//2 2590//2 2599//1
f 11237//18 2887//18 8707//19
f 4992//2 2315//2 2322//1
f 4922//2 2243//2 9664//1
f 6875//39 12812//39 12810//16
f 6499//20 6501//20 10955//21
f 9838//2 9837//1 11418//1
f 9614//19 8111//19 8737//30
f 9288//39 7567//39 9220//16
f 4249//275 7791//135 278//135
f 8443//26 4208//49 262//49
f 2355//7 8098//7 12488//31
f 12269//11 2613//11 8609//16
f 7036//23 7034//23 7042//23
f 1642//11 7568//11 7571//12
f 8675//47 10924//25 12447//23
f 2662//18 7861//18 7859//19
f 5602//11 1754//11 1753//16
f 7797//11 2592//11 8580//16
f 11179//31 7525//31 10690//22
f 6305//33 6309//33 10772//8
f 9556//12 5348//12 5331//6
f 11752//30 5317//30 5324//16
f 12967//24 5343//24 5342//23
f 9100//5 2782//5 12145//5
f 9691//8 10910//8 8206//20
f 12401//91 12413//91 7929//91
f 7929//91 10740//91 4515//91
f 2669//8 7893//8 7894//20
f 4628//2 2585//2 8592//1
f 11903//47 9243//47 13233//23
f 8931//23 12199//23 12195//23
f 7109//31 4436//31 4435//31
f 1783//18 5434//18 7630//19
f 8353//11 2695//11 2694//16
f 2468//23 12447//23 10806//56
f 1557//18 10570//18 5881//19
f 12902//31 11866//31 10560//22
f 7177//20 328//20 4033//20
f 900//24 10946//24 3371//47
f 11087//249 12192//250 12190//276
f 737//73 3658//73 10978//12
f 6549//32 6551//32 12547//1
f 11352//50 8914//184 6883//184
f 2800//32 4468//32 4467//26
f 11085//22 4209//22 261//22
f 1019//18 3450//18 8185//19
f 7148//21 11025//21 11026//1
f 4310//277 7757//102 10088//102
f 8775//32 8783//32 10738//26
f 12381//167 4221//394 13122//278
f 6017//1 6016//5 8419//2
f 8419//2 574//2 572//26
f 572//26 571//1 6017//1
f 10394//91 8769//91 10353//91
f 10394//91 10353//91 7369//91
f 4614//484 10394//91 7369//91
f 4614//484 7369//91 3867//91
f 4614//484 3867//91 11056//5
f 4614//484 11056//5 8393//317
f 4613//91 4614//484 8393//317
f 3861//91 12398//91 12400//91
f 4701//91 8033//91 3861//91
f 4700//91 4701//91 3861//91
f 3861//91 12400//91 4615//91
f 3861//91 4615//91 4616//91
f 4700//91 3861//91 4616//91
f 4700//91 4616//91 7852//91
f 8026//91 4700//91 7852//91
f 8026//91 7852//91 7851//91
f 8023//91 8026//91 7851//91
f 8023//91 7851//91 10708//91
f 4695//91 10812//91 8024//91
f 8024//91 8023//91 10708//91
f 8024//91 10708//91 7856//91
f 4813//91 4695//91 8024//91
f 4804//91 10795//91 4812//91
f 4813//91 8024//91 7856//91
f 4804//91 4812//91 4813//91
f 7687//91 7688//92 4804//91
f 4520//91 7877//91 7687//91
f 7687//91 4804//91 4813//91
f 4813//91 7856//91 7855//91
f 7687//91 4813//91 7855//91
f 4520//91 7687//91 7855//91
f 4520//91 7855//91 7858//91
f 8715//91 4520//91 7858//91
f 8715//91 7858//91 4613//91
f 8714//91 8715//91 4613//91
f 8714//91 4613//91 8393//317
f 8718//91 10715//91 8708//91
f 8708//91 8714//91 8393//317
f 8708//91 8393//317 8394//91
f 10740//91 8718//91 8708//91
f 10717//91 4515//91 10740//91
f 10716//91 10717//91 10740//91
f 10740//91 8708//91 8394//91
f 11058//91 8395//91 13243//91
f 8394//91 11058//91 13243//91
f 8394//91 13243//91 3855//91
f 7879//91 10716//91 10740//91
f 7878//91 7879//91 10740//91
f 8394//91 3855//91 3847//91
f 8394//91 3847//91 12606//91
f 7881//91 7878//91 10740//91
f 7881//91 10740//91 8394//91
f 8394//91 12606//91 3850//91
f 7881//91 8394//91 3850//91
f 7883//91 7881//91 3850//91
f 7883//91 3850//91 9105//92
f 7873//91 7883//91 9105//92
f 7873//91 9105//92 3838//91
f 7872//91 7873//91 3838//91
f 3839//91 3841//92 3840//91
f 11508//91 7872//91 3838//91
f 3838//91 3839//91 3840//91
f 3840//91 7932//91 7930//91
f 3849//91 7920//91 7921//91
f 3840//91 7930//91 3849//91
f 12413//91 11508//91 3838//91
f 7928//91 7929//91 12413//91
f 4495//91 12414//91 7928//91
f 4494//91 4495//91 7928//91
f 3838//91 3840//91 3849//91
f 3849//91 7921//91 4503//91
f 3838//91 3849//91 4503//91
f 7925//91 4494//91 7928//91
f 7925//91 7928//91 12413//91
f 12413//91 3838//91 4503//91
f 12413//91 4503//91 11269//91
f 7927//91 7925//91 12413//91
f 4506//91 7927//91 12413//91
f 12413//91 11269//91 4505//91
f 4185//78 13247//79 227//79
f 1648//248 5629//248 10476//255
f 2062//33 5365//33 5363//8
f 6224//21 7464//21 7463//1
f 7294//6 7296//6 13245//7
f 2528//2 7992//2 8620//66
f 1122//17 11398//17 8991//27
f 1799//24 13168//24 5447//23
f 1536//201 4396//201 13184//8
f 2151//24 12300//24 5172//47
f 6262//22 7477//22 6252//33
f 11423//2 6744//2 6743//1
f 10959//11 9761//11 649//16
f 561//17 8416//17 8414//27
f 8745//8 4509//8 7882//20
f 6040//31 9443//31 12333//22
f 10136//22 12212//22 8859//22
f 8859//22 8856//22 12209//22
f 8644//30 10800//30 8007//16
f 534//12 11241//12 8383//6
f 9417//8 5206//8 7533//20
f 13015//17 3413//17 6597//27
f 2461//18 4889//18 7941//19
f 1533//8 11882//8 5926//20
f 7165//19 8345//19 8344//30
f 6427//20 11808//20 4952//21
f 12147//7 4527//7 10714//31
f 6736//12 8926//12 9907//6
f 2462//32 4891//32 4898//1
f 1998//20 5305//20 6220//20
f 336//11 335//73 2893//73
f 8472//151 4174//208 150//208
f 3046//279 2972//280 10023//280
f 11060//2 7370//2 507//1
f 10392//281 4246//282 221//282
f 2377//31 5050//31 5049//22
f 6791//7 9051//7 6831//31
f 10133//22 10118//22 174//22
f 616//1 13232//1 13236//2
f 8054//91 6158//91 8090//91
f 2153//18 10453//18 6159//19
f 892//2 12535//2 3379//17
f 2983//220 2982//283 1439//283
f 2088//2 5372//2 6171//66
f 2048//30 5344//30 12279//16
f 10296//30 11019//30 11018//16
f 4460//91 10735//91 2907//91
f 7913//91 7912//91 11257//91
f 7913//91 11257//91 4466//91
f 10736//91 4460//91 2907//91
f 10736//91 2907//91 7913//91
f 7913//91 4466//91 10730//91
f 10729//284 10736//91 7913//91
f 913//30 12815//30 12814//16
f 8137//11 6432//11 6433//16
f 6967//286 6968//437 9284//285
f 9284//285 11345//145 9400//147
f 7759//287 12370//288 6999//288
f 10000//19 12821//19 3268//30
f 7787//264 12202//289 7232//289
f 13046//39 9036//39 12804//16
f 12044//12 3279//12 8964//6
f 12489//11 11822//11 2332//16
f 11263//26 4519//26 7874//66
f 9070//91 8330//91 12596//91
f 11104//290 11103//125 7065//125
f 1794//12 12339//12 5445//6
f 13276//2 560//2 10327//1
f 6366//27 9631//27 4956//24
f 12819//11 6842//11 1173//16
f 8478//291 8479//178 7079//178
f 7237//199 11083//118 269//118
f 1231//8 3162//8 9012//20
f 4223//292 12381//167 12226//167
f 12006//17 3190//17 6822//27
f 4797//2 2562//2 2561//1
f 8579//6 10683//6 4635//7
f 8687//39 8039//39 4745//16
f 1030//8 3429//8 9079//20
f 11090//105 4204//106 208//106
f 11925//6 5939//6 3420//7
f 12910//8 13184//8 10623//20
f 553//12 11069//12 8412//6
f 2271//8 4949//8 6359//20
f 13213//8 4524//8 7867//20
f 6887//22 6884//22 10006//22
f 11650//22 12297//22 10449//33
f 5667//15 5666//22 5665//23
f 5665//23 4016//76 38//76
f 2751//23 2750//23 2749//22
f 5665//23 38//76 2751//23
f 5669//293 5667//15 5665//23
f 13115//104 11243//104 5669//293
f 2751//23 2749//22 13115//104
f 5669//293 5665//23 2751//23
f 1800//23 5447//23 6026//56
f 12051//294 1478//295 3040//295
f 7412//15 6929//15 1362//15
f 11681//296 7644//20 7643//21
f 6839//17 12775//17 9024//27
f 986//16 3483//16 13220//11
f 12340//11 9464//11 1796//16
f 2803//24 10733//24 10737//47
f 1102//1 13298//1 8957//2
f 1267//7 3102//7 6752//31
f 7754//23 12368//23 13040//23
f 7937//22 4100//298 7091//298
f 11385//11 1073//11 1072//16
f 1202//31 9027//31 9026//22
f 3960//91 4779//91 7990//91
f 3960//91 7990//91 7989//91
f 11137//91 8515//91 3960//91
f 12160//91 11137//91 3960//91
f 3960//91 7989//91 4776//91
f 8011//91 8012//91 4663//91
f 8011//91 4663//91 4680//91
f 4687//91 4688//91 3967//91
f 8011//91 4680//91 4687//91
f 8011//91 4687//91 3967//91
f 8011//91 3967//91 3957//91
f 4776//91 8011//91 3957//91
f 4776//91 3957//91 8346//91
f 3997//91 12160//91 3960//91
f 4776//91 8346//91 11030//91
f 4776//91 11030//91 8342//91
f 3996//91 3997//91 3960//91
f 3960//91 4776//91 8342//91
f 3960//91 8342//91 5787//91
f 3996//91 3960//91 5787//91
f 3996//91 5787//91 11028//91
f 9145//91 3996//91 11028//91
f 9145//91 11028//91 3977//91
f 3994//91 9145//91 3977//91
f 3994//91 3977//91 12552//91
f 8520//91 3994//91 12552//91
f 3969//91 11033//91 3970//91
f 8520//91 12552//91 3969//91
f 8520//91 3969//91 3970//91
f 8520//91 3970//91 12168//91
f 12640//91 8520//91 12168//91
f 12640//91 12168//91 3975//91
f 12640//91 3975//91 3983//91
f 3984//91 3978//91 3980//91
f 12640//91 3983//91 3984//91
f 7204//91 12640//91 3984//91
f 3984//91 3980//91 8529//91
f 3984//91 8529//91 4014//91
f 3984//91 4014//91 12639//91
f 3984//91 12639//91 11133//91
f 7204//91 3984//91 11133//91
f 7204//91 11133//91 4002//91
f 7204//91 4002//91 7143//91
f 7204//91 7143//91 11135//91
f 3993//91 7204//91 11135//91
f 3993//91 11135//91 4005//91
f 3993//91 4005//91 4007//91
f 4008//91 4009//91 9600//91
f 3993//91 4007//91 4008//91
f 3991//91 3993//91 4008//91
f 4008//91 9600//91 2882//91
f 4008//91 2882//91 12704//91
f 3991//91 4008//91 12704//91
f 3901//91 3987//91 8516//91
f 8364//91 3922//91 3901//91
f 8364//91 3901//91 8516//91
f 8364//91 8516//91 3991//91
f 8362//91 8364//91 3991//91
f 10846//92 9172//91 8096//91
f 10846//92 8096//91 8099//91
f 5037//91 10846//92 8099//91
f 5037//91 8099//91 10844//91
f 10856//91 5037//91 10844//91
f 10856//91 10844//91 8619//91
f 5033//91 10856//91 8619//91
f 5033//91 8619//91 5019//92
f 5032//91 5033//91 5019//92
f 5032//91 5019//92 8101//91
f 5025//91 5032//91 8101//91
f 12704//91 5025//91 8101//91
f 8330//91 9070//91 3934//91
f 8332//91 8330//91 3934//91
f 8332//91 3934//91 8362//91
f 8328//91 8332//91 8362//91
f 10847//91 9603//91 5014//91
f 5014//91 3912//91 12603//91
f 8095//91 10847//91 5014//91
f 3911//91 7405//91 11046//91
f 3911//91 11046//91 11045//91
f 7411//91 3911//91 11045//91
f 7411//91 11045//91 8335//91
f 8328//91 8362//91 3991//91
f 3936//91 8328//91 3991//91
f 12603//91 7411//91 8335//91
f 12603//91 8335//91 3937//91
f 3954//91 3936//91 3991//91
f 3954//91 3991//91 12704//91
f 12582//91 3954//91 12704//91
f 7155//91 12582//91 12704//91
f 7155//91 12704//91 8101//91
f 3944//91 7155//91 8101//91
f 3944//91 8101//91 10531//91
f 3949//91 3944//91 10531//91
f 8325//91 3949//91 10531//91
f 8327//91 8325//91 10531//91
f 3955//91 8327//91 10531//91
f 3914//91 12596//91 12256//91
f 12256//91 3955//91 10531//91
f 12256//91 10531//91 5027//91
f 7393//91 3914//91 12256//91
f 3939//91 3940//91 8366//91
f 8366//91 7393//91 12256//91
f 8366//91 12256//91 5027//91
f 3917//91 3939//91 8366//91
f 8367//91 13242//91 3915//91
f 3915//91 3917//91 8366//91
f 8367//91 3915//91 8366//91
f 3929//91 8367//91 8366//91
f 3930//91 3929//91 8366//91
f 3950//284 3930//91 8366//91
f 3952//91 3950//284 8366//91
f 3952//91 8366//91 5027//91
f 9096//91 3952//91 5027//91
f 9094//91 9096//91 5027//91
f 9094//91 5027//91 8095//91
f 3946//91 9094//91 8095//91
f 5014//91 12603//91 3937//91
f 5014//91 3937//91 3942//91
f 7388//91 3946//91 8095//91
f 8095//91 5014//91 3942//91
f 1252//11 13037//16 12804//16
f 1156//8 8974//8 13296//21
f 7486//2 9371//2 11638//1
f 11488//2 2098//2 2096//1
f 11641//22 7504//22 7503//8
f 11530//299 3026//62 13074//62
f 4073//190 43//190 10170//191
f 12544//2 655//2 654//1
f 5932//31 5944//31 9197//31
f 213//45 212//67 4181//67
f 1690//300 2878//300 5539//221
f 232//301 233//274 4191//274
f 4190//301 4192//158 4194//302
f 232//301 4191//274 4190//301
f 4194//302 10273//314 231//303
f 231//303 232//301 4190//301
f 6632//56 6634//56 3450//18
f 636//11 3772//11 3778//12
f 2801//26 4467//26 4461//66
f 3339//2 920//2 9828//1
f 2805//58 4462//58 4464//18
f 899//17 12534//17 10946//24
f 13107//7 4431//7 7732//155
f 11762//2 7442//2 13152//17
f 2113//33 9494//33 5132//8
f 2817//39 7904//39 10728//15
f 12779//304 12778//266 10029//266
f 8732//5 2824//5 515//5
f 515//5 12734//5 2840//5
f 515//5 2840//5 8760//5
f 8732//5 515//5 8760//5
f 8732//5 8760//5 11277//5
f 8752//5 8732//5 11277//5
f 8752//5 11277//5 2843//5
f 11252//5 11253//5 12731//5
f 12731//5 8752//5 2843//5
f 8742//5 8743//5 11252//5
f 12731//5 2843//5 8742//5
f 8952//22 10116//22 10112//22
f 2605//6 4655//6 12388//6
f 658//24 8402//24 6569//47
f 8791//17 4441//17 7722//27
f 7020//47 10131//47 3286//47
f 800//21 12570//21 10189//1
f 8777//33 11313//33 10995//8
f 11262//18 4464//18 10731//19
f 8930//26 311//26 1489//26
f 7987//23 11123//23 7098//23
f 11881//56 10998//56 6491//56
f 11528//11 9441//11 1839//16
f 2050//20 5357//20 5356//20
f 11510//27 11847//27 4945//24
f 11111//305 4134//306 7066//306
f 10646//70 13185//173 1284//173
f 10647//177 10633//99 6997//101
f 12748//66 10588//397 4441//17
f 2813//15 10728//15 7900//308
f 6697//33 6717//33 10949//8
f 10431//11 1915//11 5996//16
f 13269//66 12449//66 10925//17
f 13106//33 4430//33 4429//8
f 7819//2 2619//2 2629//1
f 2745//17 12715//17 4605//24
f 11217//20 8278//20 12556//21
f 6982//15 6980//15 10056//15
f 1555//24 5683//24 7700//47
f 8838//22 1358//22 1357//22
f 5997//24 7538//24 9406//25
f 8912//152 8911//153 10081//153
f 10302//33 12236//33 11062//8
f 11788//6 10767//6 7982//7
f 6681//17 8157//17 9849//27
f 13251//309 4158//310 10148//310
f 12376//311 10652//22 7226//22
f 11632//20 11501//20 12839//21
f 12801//122 11340//121 10309//121
f 6642//33 9820//33 12837//8
f 2105//30 12872//30 11742//39
f 966//22 8165//22 3503//33
f 12502//2 9857//2 960//1
f 1725//30 13159//30 5574//16
f 4326//312 4325//141 1333//141
f 10749//2 12867//2 2407//1
f 5314//2 2012//2 2011//1
f 5936//31 10439//31 9372//31
f 5660//11 5852//11 11576//16
f 2320//20 4991//20 4994//21
f 5537//91 7586//91 10533//91
f 5537//91 10533//91 11460//91
f 5429//91 10512//91 11531//91
f 5537//91 11460//91 7641//91
f 5429//91 11531//91 5537//91
f 10523//91 5437//91 5429//91
f 10523//91 5429//91 5537//91
f 5537//91 7641//91 6088//91
f 10523//91 5537//91 6088//91
f 5432//91 10523//91 6088//91
f 5432//91 6088//91 10532//91
f 10448//91 12335//91 10527//91
f 10527//91 5432//91 10532//91
f 10448//91 10527//91 10532//91
f 10446//91 10448//91 10532//91
f 10446//91 10532//91 12336//284
f 5182//91 10446//91 12336//284
f 5182//91 12336//284 7638//91
f 5976//91 5182//91 7638//91
f 7639//91 9121//91 10605//91
f 9411//91 5976//91 7638//91
f 7638//91 7639//91 10605//91
f 8091//91 10450//91 7516//91
f 8091//91 7516//91 5972//91
f 7638//91 10605//91 8091//91
f 10452//91 9411//91 7638//91
f 8091//91 5972//91 10452//91
f 7568//11 1642//11 5816//82
f 6058//27 6060//27 12310//24
f 6442//7 12505//7 10889//31
f 12295//2 5957//2 1960//1
f 12042//6 9034//6 6709//7
f 1157//24 8996//24 8994//47
f 8861//313 12782//161 6954//161
f 9308//56 7679//56 5699//18
f 11130//302 4094//166 12121//166
f 7260//23 7262//23 12777//23
f 12777//23 7040//23 7038//23
f 7038//23 192//15 7260//23
f 6656//8 10891//8 8195//20
f 1040//1 3416//1 13295//2
f 2499//24 4733//24 4732//47
f 3321//11 888//11 918//15
f 918//15 917//16 3323//16
f 5524//91 9533//91 10410//91
f 10410//91 5403//499 5516//91
f 5516//91 10520//91 5515//91
f 10410//91 5516//91 5515//91
f 5985//91 5524//91 10410//91
f 9249//91 5985//91 10410//91
f 10410//91 5515//91 12932//92
f 10410//91 12932//92 7617//91
f 7619//91 9249//91 10410//91
f 6606//8 12813//8 12816//21
f 8591//27 10510//27 7848//24
f 8603//23 10691//23 10694//56
f 13118//56 11146//58 11119//18
f 5030//11 2348//11 2347//16
f 11879//24 12565//24 10999//47
f 10850//91 12479//91 11054//91
f 11054//91 8376//91 3827//91
f 5429//91 5437//91 5438//91
f 5429//91 5438//91 7635//91
f 10850//91 11054//91 3827//91
f 5429//91 7635//91 7636//91
f 5429//91 7636//91 10529//91
f 5052//91 10850//91 3827//91
f 8087//91 5052//91 3827//91
f 7629//91 12335//91 10448//91
f 7629//91 10448//91 5185//91
f 5441//91 7629//91 5185//91
f 5441//91 5185//91 7545//91
f 5980//91 10450//91 8091//91
f 8091//91 5128//91 12305//91
f 8091//91 12305//91 5189//91
f 7545//91 5980//91 8091//91
f 8086//91 8087//91 3827//91
f 5541//91 5056//91 8086//91
f 5204//91 5133//91 5541//91
f 7535//91 5203//91 5204//91
f 5211//91 7535//91 5204//91
f 5541//91 8086//91 3827//91
f 5210//91 5211//91 5204//91
f 5204//91 5541//91 3827//91
f 5441//91 7545//91 8091//91
f 8091//91 5189//91 7543//91
f 8091//91 7543//91 5194//91
f 5204//91 3827//91 5429//91
f 5204//91 5429//91 10529//91
f 5204//91 10529//91 7632//91
f 5204//91 7632//91 7633//91
f 5204//91 7633//91 7664//91
f 5210//91 5204//91 7664//91
f 5441//91 8091//91 5194//91
f 7542//91 5210//91 7664//91
f 5441//91 5194//91 7542//91
f 10882//11 11712//11 10393//16
f 8766//19 8768//19 4610//30
f 909//7 3354//7 6707//31
f 11083//118 11087//249 268//249
f 7756//103 12372//433 1301//315
f 5810//31 5812//31 5631//22
f 8802//19 7837//19 7839//30
f 10655//23 7428//23 12222//23
f 1618//30 10555//30 7685//15
f 6127//6 6135//6 5142//7
f 12268//222 10668//122 297//122
f 7770//316 4310//277 7004//277
f 1739//33 22//22 5584//22
f 2958//26 10075//26 10072//26
f 9738//66 3666//66 3665//17
f 9887//6 8970//6 10922//7
f 1252//11 2913//11 3148//73
f 7689//91 7690//91 5642//91
f 5642//91 10474//91 12320//91
f 5642//91 12320//91 5640//91
f 10566//91 7689//91 5642//91
f 5651//91 10566//91 5642//91
f 5651//91 5642//91 5640//91
f 5570//91 7696//91 9695//91
f 9695//91 5651//91 5640//91
f 9695//91 5640//91 5849//91
f 5569//91 5570//91 9695//91
f 5578//91 5569//91 9695//91
f 9695//91 5849//91 5646//91
f 5647//91 7566//91 3716//91
f 5578//91 9695//91 5646//91
f 5646//91 5647//91 3716//91
f 3716//91 9233//91 5577//91
f 5577//91 5578//91 5646//91
f 8833//26 13084//26 11448//26
f 9825//47 9839//47 3336//23
f 11951//30 3435//30 13226//16
f 11997//11 11406//11 11407//73
f 3170//11 1221//11 1220//16
f 11156//19 8032//19 4698//19
f 10973//47 12167//47 8336//23
f 5536//91 10512//91 5429//91
f 5429//91 3827//91 8376//91
f 5429//91 8376//91 8377//91
f 9227//91 5536//91 5429//91
f 5429//91 8377//91 3829//91
f 10533//91 7586//91 7587//91
f 7645//91 10533//91 7587//91
f 7645//91 7587//91 8703//91
f 5415//91 7645//91 8703//91
f 5415//91 8703//91 8704//91
f 10605//91 9121//91 5414//91
f 5414//91 5415//91 8704//91
f 5414//91 8704//91 5529//91
f 10604//91 10605//91 5414//91
f 4355//91 7734//91 10604//91
f 4361//91 4355//91 10604//91
f 10604//91 5414//91 5529//91
f 10604//91 5529//91 7610//91
f 10604//91 7610//91 7611//91
f 10604//91 7611//91 5532//91
f 4361//91 10604//91 5532//91
f 4361//91 5532//91 5531//91
f 4360//91 4361//91 5531//91
f 4360//91 5531//91 9225//91
f 4349//91 4360//91 9225//91
f 4349//91 9225//91 9227//91
f 4349//91 9227//91 5429//91
f 8380//91 11054//91 12479//91
f 8380//91 12479//91 6097//91
f 8379//5 8380//91 6097//91
f 8379//5 6097//91 5061//91
f 11240//91 8379//5 5061//91
f 11240//91 5061//91 5062//91
f 5541//91 5133//91 5135//91
f 5135//91 13214//91 6136//91
f 5135//91 6136//91 8062//91
f 5056//91 5541//91 5135//91
f 8108//91 5056//91 5135//91
f 5135//91 8062//91 5136//91
f 8108//91 5135//91 5136//91
f 8107//91 8108//91 5136//91
f 8107//91 5136//91 10833//91
f 5065//91 8107//91 10833//91
f 5065//91 10833//91 5138//91
f 5065//91 5138//91 12469//91
f 4348//91 4349//91 5429//91
f 4347//91 4348//91 5429//91
f 8064//91 8066//91 5128//91
f 5128//91 8091//91 8090//91
f 8090//91 6158//91 11718//91
f 8090//91 11718//91 5101//91
f 8064//91 5128//91 8090//91
f 5130//91 8064//91 8090//91
f 8090//91 5101//91 12463//410
f 8090//91 12463//410 12465//91
f 12469//91 5130//91 8090//91
f 5065//91 12469//91 8090//91
f 5065//91 8090//91 12465//91
f 5064//91 5065//91 12465//91
f 5064//91 12465//91 5113//91
f 10838//91 5064//91 5113//91
f 10838//91 5113//91 11470//91
f 10838//91 11470//91 8347//91
f 10838//91 8347//91 5106//284
f 10838//91 5106//284 6150//91
f 12461//91 8054//91 10840//91
f 6150//91 12461//91 10840//91
f 10839//91 10660//284 4904//91
f 10840//91 10839//91 4904//91
f 10838//91 6150//91 10840//91
f 10840//91 4904//91 4905//91
f 10840//91 4905//91 4906//91
f 10838//91 10840//91 4906//91
f 10838//91 4906//91 12409//91
f 5062//91 10838//91 12409//91
f 4909//91 4908//91 2886//91
f 5062//91 12409//91 4909//91
f 2886//91 4930//91 4931//91
f 2886//91 4931//91 11229//91
f 7702//91 5673//91 8523//91
f 6651//91 7702//91 8523//91
f 6653//91 6651//91 8523//91
f 5682//91 6653//91 8523//91
f 5682//91 8523//91 8524//91
f 3676//91 5679//91 5681//91
f 5681//91 5682//91 8524//91
f 5681//91 8524//91 7736//91
f 10965//91 3676//91 5681//91
f 10967//91 10965//91 5681//91
f 5681//91 7736//91 4352//91
f 5681//91 4352//91 12360//91
f 5681//91 12360//91 4354//91
f 5681//91 4354//91 4347//91
f 10967//91 5681//91 4347//91
f 4909//91 2886//91 11229//91
f 4909//91 11229//91 2884//91
f 10967//91 4347//91 5429//91
f 9248//91 10967//91 5429//91
f 4909//91 2884//91 9669//91
f 4909//91 9669//91 4928//91
f 3598//91 6574//91 9084//91
f 8315//91 7289//91 3598//91
f 7276//91 8315//91 3598//91
f 3598//91 9084//91 9085//91
f 3598//91 9085//91 10968//91
f 8316//91 7276//91 3598//91
f 3605//91 8316//91 3598//91
f 3598//91 10968//91 9083//91
f 3605//91 3598//91 9083//91
f 3604//91 3605//91 9083//91
f 3604//91 9083//91 9082//91
f 8319//284 3604//91 9082//91
f 8319//284 9082//91 9248//91
f 3584//91 8319//284 9248//91
f 4909//91 4928//91 6420//91
f 4909//91 6420//91 10752//91
f 3584//91 9248//91 5429//91
f 8140//91 4917//91 8138//91
f 8140//91 8138//91 4935//91
f 8142//91 8140//91 4935//91
f 8142//91 4935//91 7842//91
f 10752//91 8142//91 7842//91
f 10752//91 7842//91 7840//91
f 3602//91 3616//91 10992//91
f 3618//91 3602//91 10992//91
f 3618//91 10992//91 3614//91
f 3619//91 3618//91 3614//91
f 3619//91 3614//91 3580//91
f 3582//91 3619//91 3580//91
f 3582//91 3580//91 3581//91
f 3594//91 3582//91 3581//91
f 3594//91 3581//91 10288//91
f 11015//91 3594//91 10288//91
f 11015//91 10288//91 3584//91
f 12580//91 11015//91 3584//91
f 4909//91 10752//91 7840//91
f 4909//91 7840//91 7950//91
f 12580//91 3584//91 5429//91
f 4909//91 7950//91 6431//91
f 4909//91 6431//91 7949//91
f 3620//91 3608//91 3589//91
f 3591//91 3620//91 3589//91
f 3591//91 3589//91 3590//91
f 8323//91 3591//91 3590//91
f 8323//91 3590//91 7284//91
f 8322//92 8323//91 7284//91
f 8322//92 7284//91 12580//91
f 8313//91 8322//92 12580//91
f 5062//91 4909//91 7949//91
f 5062//91 7949//91 6395//91
f 5062//91 6395//91 12429//91
f 7951//91 7952//91 4916//91
f 5062//91 12429//91 7951//91
f 11240//91 5062//91 7951//91
f 4916//91 4818//91 7975//91
f 11240//91 7951//91 4916//91
f 3837//91 11240//91 4916//91
f 8313//91 12580//91 5429//91
f 10759//91 4709//91 12448//91
f 10759//91 12448//91 4708//91
f 10757//91 10759//91 4708//91
f 3601//91 9089//91 9090//91
f 11064//91 8401//91 3601//91
f 3787//91 11064//91 3601//91
f 3601//91 9090//91 12561//91
f 3601//91 12561//91 3586//91
f 3787//91 3601//91 3586//91
f 3787//91 3586//91 10295//91
f 10300//91 3787//91 10295//91
f 10300//91 10295//91 8312//91
f 8398//91 10300//91 8312//91
f 8398//91 8312//91 8313//91
f 8398//91 8313//91 5429//91
f 8015//284 4710//91 10707//91
f 10707//91 10706//91 11149//91
f 10707//91 11149//91 4026//91
f 4716//91 8015//284 10707//91
f 4716//91 10707//91 4026//91
f 4716//91 4026//91 4027//91
f 10811//284 4716//91 4027//91
f 10811//284 4027//91 4017//92
f 4706//91 10811//284 4017//92
f 7189//91 11151//91 8525//91
f 4706//91 4017//92 7189//91
f 4706//91 7189//91 8525//91
f 8525//91 7706//91 10727//91
f 8525//91 10727//91 4545//91
f 4705//91 4706//91 8525//91
f 8398//91 5429//91 3829//91
f 3783//91 8398//91 3829//91
f 3783//91 3829//91 8712//91
f 9110//91 3783//91 8712//91
f 9110//91 8712//91 3830//91
f 3779//91 9110//91 3830//91
f 3779//91 3830//91 8385//91
f 8400//91 3779//91 8385//91
f 8400//91 8385//91 3833//92
f 7297//91 8400//91 3833//92
f 7297//91 3833//92 8381//91
f 3785//284 7297//91 8381//91
f 3792//91 3785//284 8381//91
f 3784//91 3791//91 3792//91
f 5151//91 10825//91 3784//91
f 5158//91 5151//91 3784//91
f 3784//91 3792//91 8381//91
f 3784//91 8381//91 8382//91
f 8525//91 4545//91 4531//91
f 8525//91 4531//91 4532//91
f 4705//91 8525//91 4532//91
f 4705//91 4532//91 10544//91
f 3076//91 8058//91 12467//91
f 6927//91 12774//518 3076//91
f 3076//91 12467//91 5158//91
f 4705//91 10544//91 7863//91
f 4705//91 7863//91 7864//91
f 3076//91 5158//91 3784//91
f 4705//91 7864//91 12407//91
f 4705//91 12407//91 10726//91
f 3055//91 3074//519 6937//91
f 13070//441 3056//91 3055//91
f 3054//5 8831//91 6959//91
f 6959//91 13070//441 3055//91
f 3055//91 6937//91 9228//441
f 6959//91 3055//91 9228//441
f 12068//91 3054//5 6959//91
f 11331//91 8880//91 12068//91
f 3067//91 6945//5 11331//91
f 2956//91 8843//91 12770//91
f 12770//91 3067//91 11331//91
f 12068//91 6959//91 9228//441
f 2956//91 12770//91 11331//91
f 11331//91 12068//91 9228//441
f 11331//91 9228//441 6927//91
f 8942//91 2956//91 11331//91
f 6879//91 11367//506 7008//91
f 7008//91 8942//91 11331//91
f 7008//91 11331//91 6927//91
f 2916//91 6879//91 7008//91
f 8853//91 12776//91 2916//91
f 10130//91 10268//514 8853//91
f 8853//91 2916//91 7008//91
f 4708//91 4705//91 10726//91
f 4708//91 10726//91 7895//91
f 4535//91 4543//91 4403//91
f 4403//91 4537//91 8434//91
f 4403//91 8434//91 7843//91
f 10711//520 4535//91 4403//91
f 4538//91 10711//520 4403//91
f 4403//91 7843//91 7806//91
f 4403//91 7806//91 7808//91
f 4538//91 4403//91 7808//91
f 7895//91 4538//91 7808//91
f 10130//91 8853//91 7008//91
f 3094//91 3093//91 7263//91
f 10130//91 7008//91 6927//91
f 8855//91 3094//91 7263//91
f 7263//91 10130//91 6927//91
f 7263//91 6927//91 3076//91
f 8857//91 8855//91 7263//91
f 7263//91 3076//91 3784//91
f 8857//91 7263//91 3784//91
f 7041//91 12213//441 10126//91
f 10126//91 8857//91 3784//91
f 8851//91 7041//91 10126//91
f 8951//91 10138//91 8851//91
f 12110//91 8951//91 8851//91
f 13085//91 2922//91 12112//91
f 7031//91 8941//506 10134//91
f 10134//91 13085//91 12112//91
f 10134//91 12112//91 12110//91
f 7053//521 7031//91 10134//91
f 8836//92 7053//521 10134//91
f 10134//91 12110//91 8851//91
f 8836//92 10134//91 8851//91
f 3087//91 13291//91 8834//91
f 8836//92 8851//91 10126//91
f 3832//91 3087//91 8834//91
f 8834//91 8836//92 10126//91
f 7895//91 7808//91 4632//91
f 7895//91 4632//91 4622//91
f 8834//91 10126//91 3784//91
f 10837//91 9479//91 3832//91
f 3832//91 8834//91 3784//91
f 3832//91 3784//91 8382//91
f 3835//91 10837//91 3832//91
f 4950//91 4951//91 3835//91
f 11848//91 4950//91 3835//91
f 3835//91 3832//91 8382//91
f 3835//91 8382//91 3837//91
f 10859//91 11848//91 3835//91
f 8130//91 10859//91 3835//91
f 3835//91 3837//91 4916//91
f 4943//91 8130//91 3835//91
f 4962//91 8132//91 4943//91
f 9632//91 4962//91 4943//91
f 4708//91 7895//91 4622//91
f 4708//91 4622//91 7849//91
f 4708//91 7849//91 7847//91
f 4620//91 10509//91 10820//91
f 4708//91 7847//91 4620//91
f 4708//91 4620//91 10820//91
f 4708//91 10820//91 4718//91
f 4708//91 4718//91 4719//91
f 4708//91 4719//91 4726//512
f 10757//91 4708//91 4726//512
f 10757//91 4726//512 8042//91
f 10757//91 8042//91 8043//91
f 10757//91 8043//91 8289//91
f 7977//91 10757//91 8289//91
f 7977//91 8289//91 10803//91
f 7975//91 7977//91 10803//91
f 7975//91 10803//91 8017//91
f 9632//91 4943//91 3835//91
f 3810//91 3217//91 8128//91
f 8128//91 9632//91 3835//91
f 4916//91 7975//91 8017//91
f 3808//91 3810//91 8128//91
f 3807//91 3808//91 8128//91
f 8018//91 4730//91 5540//91
f 10581//91 7704//92 12206//91
f 10581//91 12206//91 7711//91
f 8016//91 8018//91 5540//91
f 8017//91 8016//91 5540//91
f 7707//91 10581//91 7711//91
f 7707//91 7711//91 7708//91
f 4916//91 8017//91 5540//91
f 7707//91 7708//91 7709//91
f 7707//91 7709//91 10583//91
f 5540//91 7707//91 10583//91
f 5540//91 10583//91 10578//284
f 3807//91 8128//91 3835//91
f 8413//91 3807//91 3835//91
f 5540//91 10578//284 10580//91
f 5540//91 10580//91 4404//91
f 9113//91 8413//91 3835//91
f 11076//91 3815//91 3822//91
f 3822//91 9113//91 3835//91
f 4916//91 5540//91 4404//91
f 4916//91 4404//91 4405//91
f 11070//91 11076//91 3822//91
f 8973//91 11070//91 3822//91
f 4916//91 4405//91 13176//284
f 13176//284 7703//91 3151//91
f 13176//284 3151//91 6790//91
f 12611//410 8973//91 3822//91
f 12609//91 12611//410 3822//91
f 13176//284 6790//91 3153//91
f 13176//284 3153//91 9048//91
f 12609//91 3822//91 3835//91
f 3806//91 12609//91 3835//91
f 4916//91 13176//284 9048//91
f 4916//91 9048//91 3155//91
f 3805//91 3806//91 3835//91
f 3809//91 3805//91 3835//91
f 4916//91 3155//91 12833//91
f 12833//91 12014//91 3208//91
f 12833//91 3208//91 3209//91
f 3809//91 3835//91 4916//91
f 2902//91 3809//91 4916//91
f 12833//91 3209//91 3195//91
f 12833//91 3195//91 3196//91
f 3798//91 2902//91 4916//91
f 8415//91 3798//91 4916//91
f 12833//91 3196//91 9029//91
f 9029//91 12820//91 12822//91
f 9029//91 12822//91 8989//91
f 4916//91 12833//91 9029//91
f 11071//91 8415//91 4916//91
f 9020//284 3795//284 11071//91
f 9020//284 11071//91 4916//91
f 4916//91 9029//91 8989//91
f 4916//91 8989//91 8990//91
f 3803//91 9020//284 4916//91
f 4916//91 8990//91 3276//91
f 4916//91 3276//91 12808//91
f 6872//91 8962//91 3200//91
f 3200//91 3222//91 12817//91
f 3200//91 12817//91 3223//91
f 6872//91 3200//91 3223//91
f 6872//91 3223//91 9966//91
f 11859//91 6872//91 9966//91
f 11859//91 9966//91 3225//91
f 11860//91 11859//91 3225//91
f 11860//91 3225//91 11416//91
f 8983//91 8409//91 3813//91
f 8982//91 8983//91 3813//91
f 8982//91 3813//91 3802//91
f 3214//91 8982//91 3802//91
f 3214//91 3802//91 3803//91
f 9023//91 3214//91 3803//91
f 12808//91 11860//91 11416//91
f 12808//91 11416//91 11413//91
f 9023//91 3803//91 4916//91
f 9021//91 9023//91 4916//91
f 12808//91 11413//91 11415//317
f 9021//91 4916//91 12808//91
f 717//56 3709//56 3707//18
f 6440//11 11009//11 8306//12
f 9748//2 10988//2 3680//66
f 12719//5 954//5 11254//5
f 12719//5 11254//5 2806//158
f 2808//5 12718//5 12719//5
f 12719//5 2806//158 12722//5
f 8292//11 11875//11 9714//16
f 12653//20 7496//20 4689//21
f 8541//58 10545//58 7861//18
f 2507//12 12454//12 4748//6
f 4897//2 2464//2 2463//1
f 891//7 10922//7 3376//31
f 9245//19 9247//19 3740//30
f 5144//11 2117//11 13303//16
f 5170//11 2140//11 2146//16
f 6340//318 6342//318 12491//12
f 8431//257 4181//67 212//67
f 912//19 3338//19 12815//30
f 12972//18 4849//18 6265//19
f 8730//22 12420//22 12417//33
f 8891//319 8893//320 10079//320
f 5746//91 10629//91 7744//91
f 5746//91 7744//91 7745//91
f 7184//91 5745//91 5746//91
f 5670//91 2898//284 7184//91
f 4364//91 13171//91 5670//91
f 4369//91 5927//91 4364//91
f 5746//91 7745//91 4369//91
f 4364//91 5670//91 7184//91
f 5746//91 4369//91 4364//91
f 9351//26 5675//26 6652//66
f 10648//321 10649//322 1324//322
f 11979//27 12834//27 9050//24
f 2555//11 8006//11 4799//12
f 1017//33 3449//33 10891//8
f 6414//8 10753//8 7953//20
f 2716//17 10698//17 11317//27
f 11009//11 6440//11 11855//16
f 12003//20 12007//20 3177//21
f 2547//2 10779//2 9154//66
f 6392//27 6394//27 4920//24
f 4129//323 13250//324 7069//324
f 1099//33 3136//33 3138//8
f 8726//26 10741//26 8723//325
f 8899//326 8902//327 12077//327
f 7293//19 3585//19 11019//30
f 687//39 6516//39 12543//16
f 11265//398 7113//15 7112//26
f 7112//26 7117//2 2895//2
f 4525//26 4511//91 4498//26
f 7112//26 2895//2 4525//26
f 2832//398 2825//91 11265//398
f 11265//398 7112//26 4525//26
f 4498//26 4485//5 4459//26
f 11265//398 4525//26 4498//26
f 2798//26 2815//5 2832//398
f 2832//398 11265//398 4498//26
f 4459//26 4463//15 11526//26
f 2832//398 4498//26 4459//26
f 12146//61 2804//91 2798//26
f 2798//26 2832//398 4459//26
f 11526//26 4418//15 4414//26
f 2798//26 4459//26 11526//26
f 7121//26 12//91 12146//61
f 12146//61 2798//26 11526//26
f 4414//26 4408//15 4402//26
f 12146//61 11526//26 4414//26
f 2762//26 7122//15 7121//26
f 7121//26 12146//61 4414//26
f 4402//26 4019//91 4030//1
f 7121//26 4414//26 4402//26
f 4030//1 324//1 2762//26
f 2762//26 7121//26 4402//26
f 1082//22 8960//22 12806//33
f 2859//7 4512//7 7880//31
f 4618//522 4816//15 5095//523
f 5095//523 5102//15 5103//523
f 5424//22 4357//22 4047//22
f 5095//523 5103//523 5424//22
f 4023//22 4618//522 5095//523
f 13121//201 4021//201 4023//22
f 316//22 13121//201 4023//22
f 316//22 4023//22 5095//523
f 2469//524 316//22 5095//523
f 2469//524 5095//523 5424//22
f 2229//22 2469//524 5424//22
f 4047//22 4045//202 337//202
f 2229//22 5424//22 4047//22
f 6083//525 2161//15 2179//328
f 2179//328 2229//22 4047//22
f 4047//22 337//202 1770//22
f 1770//22 6083//525 2179//328
f 8741//6 11256//6 4457//7
f 9497//26 12480//26 11717//66
f 1831//17 7602//17 10506//27
f 2232//22 13198//22 7963//33
f 7507//11 5952//11 5953//16
f 10953//11 9771//11 685//16
f 393//7 11032//7 3971//31
f 10209//33 8340//33 11027//8
f 2741//30 4610//30 7659//16
f 9251//237 9250//348 10026//329
f 12727//27 4518//27 4517//24
f 6824//8 13297//8 11403//20
f 11147//11 10239//11 366//16
f 403//23 8336//23 3972//56
f 664//18 12545//18 10958//30
f 367//2 36//1 8505//1
f 2807//39 4465//39 12408//15
f 7140//7 3982//7 3981//31
f 6782//56 9005//56 11405//18
f 10645//330 4330//331 1304//331
f 2735//12 4612//12 4606//7
f 2373//23 5045//293 5046//56
f 7372//30 9102//30 3851//16
f 2774//21 4444//21 4443//68
f 2044//21 5334//21 5347//1
f 2367//20 5048//526 8117//21
f 5992//2 7528//2 5209//66
f 9871//7 12537//7 3370//31
f 1791//33 7662//33 7660//33
f 13114//18 333//19 2897//19
f 8663//6 8671//6 4895//7
f 2405//18 12430//18 7970//19
f 1671//17 5662//17 5652//27
f 9560//19 11476//19 5344//30
f 719//24 3698//24 3697//47
f 9911//32 9054//32 3141//1
f 6002//2 7500//2 5225//17
f 1818//2 10538//2 10537//17
f 9959//18 11399//18 3243//30
f 644//30 10962//30 9210//16
f 1610//22 10560//22 5733//332
f 383//18 3989//18 12159//19
f 10243//11 11139//11 3995//73
f 13027//16 3331//16 3345//11
f 11109//39 4976//39 4982//16
f 1773//30 5421//30 6087//39
f 3986//11 391//11 398//16
f 1269//17 11424//17 13042//27
f 13255//333 4123//258 7075//260
f 605//7 8274//7 7288//31
f 399//2 389//1 11026//1
f 9469//73 8045//73 8047//73
f 10211//56 3988//56 3989//18
f 12375//234 4327//431 13044//334
f 537//22 3834//22 11055//8
f 7190//5 334//5 7193//5
f 343//5 13117//5 7190//5
f 12783//63 3006//335 1426//335
f 2585//2 4628//2 4627//66
f 3966//11 396//11 12163//16
f 2479//7 4720//7 4721//22
f 13186//142 10615//336 1340//336
f 3962//2 408//2 12162//1
f 7344//27 7346//27 3870//27
f 12665//6 12292//6 4683//7
f 11235//58 8716//58 2887//18
f 6282//11 12435//11 6274//73
f 655//2 12544//2 6547//66
f 9206//58 4508//58 4507//18
f 11203//22 4721//22 4722//8
f 1699//18 11224//18 10481//30
f 2488//11 12459//11 4729//12
f 12986//12 3526//12 13218//7
f 1603//74 5730//33 5729//8
f 2664//24 4534//24 4533//25
f 12688//27 8005//27 8002//77
f 2425//7 7982//7 6310//31
f 7375//22 12851//22 3857//8
f 6698//7 10908//7 8211//31
f 425//12 11021//12 3948//7
f 12193//114 12615//115 270//115
f 13301//11 7377//11 7378//16
f 5965//31 9389//31 12293//22
f 1805//20 5462//20 5463//21
f 10465//91 10468//92 12305//91
f 5128//91 12303//91 5197//91
f 5128//91 5197//91 5198//483
f 10465//91 12305//91 5128//91
f 10467//91 10465//91 5128//91
f 5128//91 5198//483 7539//91
f 10467//91 5128//91 7539//91
f 5200//91 10467//91 7539//91
f 5200//91 7539//91 5226//91
f 5199//91 5200//91 5226//91
f 5199//91 5226//91 7499//91
f 5227//91 5199//91 7499//91
f 5227//91 7499//91 5230//91
f 10432//91 5227//91 5230//91
f 10432//91 5230//91 5213//91
f 5228//284 10432//91 5213//91
f 7124//91 10460//91 5133//91
f 5228//284 5213//91 7124//91
f 7531//91 5228//284 7124//91
f 7124//91 5133//91 5204//91
f 5204//91 5203//91 10461//92
f 5204//91 10461//92 5221//91
f 7531//91 7124//91 5204//91
f 7530//92 7531//91 5204//91
f 7530//92 5204//91 5221//91
f 7534//91 7530//92 5221//91
f 12922//91 5217//91 5216//91
f 7534//91 5221//91 12922//91
f 12922//91 5216//91 5224//91
f 2695//11 8353//11 13193//12
f 8747//32 4513//32 4519//26
f 7406//56 9076//56 10379//56
f 2744//2 12716//2 12715//17
f 10370//19 8333//19 3935//30
f 9072//2 420//1 12585//1
f 9106//8 7503//8 11634//20
f 3896//11 471//11 478//16
f 1660//17 5648//17 12322//24
f 6051//19 10501//19 12329//30
f 11703//27 12476//27 12474//24
f 8167//2 6203//2 2089//1
f 10360//11 11043//11 13241//12
f 2311//19 4984//19 4983//19
f 1840//30 5489//30 12330//16
f 9872//11 12536//11 3358//73
f 9357//33 5237//33 5235//33
f 12974//56 12705//56 12703//18
f 2571//26 12444//242 4810//66
f 1623//31 11565//31 5819//31
f 6498//56 8240//56 12542//18
f 4685//11 11158//11 2636//16
f 2183//7 5059//7 10851//31
f 9086//18 12576//18 3555//30
f 11657//2 10459//2 10457//66
f 2207//30 5077//30 5076//16
f 10666//265 10665//509 301//232
f 2739//8 4608//8 4609//21
f 8757//27 7931//27 4490//27
f 11251//58 10573//56 7905//18
f 12584//11 12165//11 12166//16
f 484//2 12591//2 12594//17
f 408//2 3962//2 5786//66
f 11504//7 10865//7 10863//31
f 4111//337 8466//338 10159//338
f 10365//2 10357//1 3956//1
f 2231//30 10659//30 10745//39
f 10374//56 11047//56 3927//56
f 921//17 3340//17 12531//24
f 6222//20 6233//20 7464//21
f 7363//11 3868//11 9018//12
f 962//27 3495//27 8981//24
f 12553//2 6479//2 6467//1
f 7483//2 6245//2 2024//1
f 522//8 3857//8 3846//21
f 6047//23 7591//23 5500//56
f 4248//15 10392//281 249//281
f 942//11 11360//11 10890//12
f 9328//91 5720//91 10546//91
f 9328//91 10546//91 5725//91
f 5718//91 9328//91 5725//91
f 5891//91 12343//91 10553//91
f 5718//91 5725//91 5891//91
f 9333//91 5718//91 5891//91
f 10553//91 5748//91 5704//91
f 5704//91 5703//91 7675//91
f 5704//91 7675//91 5706//91
f 9333//91 5891//91 10553//91
f 10549//91 9333//91 10553//91
f 10553//91 5704//91 5706//91
f 10553//91 5706//91 6356//91
f 10549//91 10553//91 6356//91
f 6358//91 5861//91 3692//91
f 10549//91 6356//91 6358//91
f 6334//91 10549//91 6358//91
f 6358//91 3692//91 9324//91
f 5714//91 6334//91 6358//91
f 6847//47 6849//47 3302//23
f 4220//194 7782//89 10266//89
f 2331//30 12346//30 12347//16
f 13045//22 9026//22 6764//33
f 11492//2 12490//2 10848//17
f 399//2 11451//2 11450//17
f 10855//2 2365//2 2363//1
f 871//11 3391//11 10914//73
f 12895//20 10470//20 10472//21
f 9551//30 7467//30 7468//16
f 12254//2 8373//2 8374//17
f 1273//23 3099//23 11327//56
f 2358//39 5024//39 5034//16
f 4755//2 7449//2 7448//1
f 9641//11 8145//11 8144//12
f 2582//7 4623//7 4624//22
f 11498//339 8461//340 9125//340
f 4084//98 4086//341 160//341
f 2839//66 4502//66 4501//17
f 2485//17 13206//17 12518//24
f 10191//12 4499//12 7924//7
f 560//2 13276//2 8416//17
f 2482//18 4725//18 4724//30
f 2685//2 4556//2 4555//66
f 12997//30 11002//30 3633//16
f 460//24 11048//24 9077//47
f 8678//17 12457//17 4733//24
f 6599//2 8958//2 9781//66
f 2540//30 13200//30 10799//16
f 10337//33 12590//33 8352//8
f 1802//21 12896//21 7655//1
f 519//24 8396//24 3856//23
f 12017//7 3267//7 6810//31
f 12154//31 10485//31 5584//22
f 484//2 7355//1 8351//1
f 615//11 12562//11 8286//12
f 562//47 3797//47 11072//47
f 492//8 12850//8 11039//20
f 523//16 3851//16 12853//11
f 9420//7 12290//7 7532//31
f 11445//2 5663//2 5662//17
f 2675//11 4544//11 10712//12
f 4544//11 2675//11 8570//16
f 2010//32 5304//32 5315//1
f 2223//318 10746//318 4912//12
f 2027//27 5322//27 7457//24
f 2634//7 4683//7 4682//22
f 317//27 4025//27 11148//24
f 999//32 3477//32 3474//1
f 9175//30 8737//30 5041//86
f 18//7 5207//7 7123//31
f 2514//24 4747//24 8253//47
f 6541//31 6543//31 10961//31
f 12659//24 4634//24 4633//23
f 1607//18 7665//18 10547//19
f 9831//19 10937//19 3329//30
f 4055//342 4054//343 12125//343
f 4061//257 8485//67 7087//67
f 494//39 3871//39 11041//16
f 12252//30 3853//30 3852//16
f 9075//39 10385//39 13240//16
f 570//11 3816//11 3820//73
f 1638//12 7571//12 5630//6
f 3800//91 3815//91 11076//91
f 3800//91 11076//91 9116//91
f 11071//91 3795//284 7328//91
f 7328//91 3800//91 9116//91
f 7328//91 9116//91 8417//91
f 3794//284 11071//91 7328//91
f 473//7 12588//7 3893//31
f 8694//31 8696//31 8276//31
f 712//17 8266//17 3698//24
f 13121//201 329//33 4034//33
f 521//5 10351//5 10350//5
f 1716//24 13161//24 5797//47
f 10353//91 8769//91 12398//91
f 12398//91 3861//91 11035//91
f 12398//91 11035//91 3887//91
f 3866//91 10353//91 12398//91
f 10356//91 3866//91 12398//91
f 12398//91 3887//91 10344//91
f 10356//91 12398//91 10344//91
f 3864//91 10356//91 10344//91
f 3860//91 3864//91 10344//91
f 3859//91 3860//91 10344//91
f 3859//91 10344//91 3885//91
f 13243//91 8395//91 3858//91
f 3858//91 3859//91 3885//91
f 3858//91 3885//91 3883//91
f 12607//91 13243//91 3858//91
f 3845//91 12607//91 3858//91
f 3845//91 3858//91 3883//91
f 3843//91 3845//91 3883//91
f 3843//91 3883//91 3879//91
f 3844//91 3843//91 3879//91
f 3890//91 3891//5 11038//91
f 3844//91 3879//91 3890//91
f 3890//91 11038//91 3880//91
f 3890//91 3880//91 7340//91
f 3890//91 7340//91 3877//91
f 3890//91 3877//91 3878//91
f 3844//91 3890//91 3878//91
f 3844//91 3878//91 3881//91
f 3844//91 3881//91 3882//91
f 3882//91 3840//91 3841//92
f 10317//91 3844//91 3882//91
f 516//12 3848//12 12605//7
f 1541//18 10628//18 4376//30
f 1823//12 13162//12 9434//6
f 1646//344 5624//344 5623//247
f 12700//2 4727//2 13206//17
f 10345//23 8389//23 3872//18
f 2346//39 5018//39 13215//16
f 9376//2 5268//2 10441//66
f 477//39 3886//39 12595//16
f 13140//23 12848//23 11040//18
f 2317//24 12495//24 10867//23
f 7281//19 7283//19 11012//30
f 9880//18 3375//18 10942//19
f 12228//56 8314//56 3588//18
f 2548//12 4799//12 13205//7
f 8943//26 10110//26 186//26
f 10367//27 12255//27 3918//24
f 7166//22 11022//22 11023//8
f 11172//18 12270//18 12271//30
f 12684//15 4805//15 7981//73
f 2072//33 5359//33 5400//8
f 358//8 11136//8 8506//21
f 1159//56 8995//56 11399//18
f 12961//56 7452//56 5386//18
f 356//7 8527//7 7196//31
f 11663//20 5475//20 13163//21
f 8887//23 13067//23 13068//23
f 1097//2 3132//2 11429//17
f 1841//17 7599//17 7596//24
f 867//21 13221//21 13222//1
f 893//17 3379//17 3378//24
f 744//8 8262//8 8260//20
f 6441//12 8306//12 8305//7
f 6122//56 9478//56 5078//18
f 9472//18 8079//18 5063//30
f 9574//27 9576//27 4847//24
f 2360//8 5038//8 10857//21
f 7014//2 11876//2 12886//1
f 2202//21 5072//21 5071//1
f 10668//122 10667//121 11134//121
f 2206//18 5078//18 5077//30
f 2215//21 5081//21 5080//1
f 9755//27 8403//27 8402//24
f 1754//11 5602//11 6064//73
f 956//12 3498//12 3497//6
f 2681//11 4559//11 4558//12
f 13293//345 12790//95 6888//95
f 12370//288 10636//346 7000//346
f 13247//79 11090//105 228//105
f 613//12 8286//12 8287//6
f 13148//24 8357//24 8355//47
f 12564//2 9720//2 9719//1
f 12130//11 2900//11 11241//12
f 5928//2 12501//2 3489//66
f 8748//15 10719//15 10718//73
f 11086//98 4216//341 13120//341
f 11346//8 11055//8 8386//20
f 2592//11 7797//11 4644//73
f 975//30 12517//30 12516//16
f 6140//2 10456//2 10455//66
f 2601//30 12271//30 7798//16
f 6120//24 12474//24 5079//47
f 727//16 12549//16 3688//11
f 1801//19 5448//19 5449//30
f 6562//33 6573//33 3745//8
f 2789//15 12412//15 4456//308
f 11686//33 10530//33 5428//8
f 11781//56 10777//56 4849//18
f 4194//302 4223//292 251//166
f 13249//175 4229//176 285//176
f 12693//12 4729//12 4720//7
f 6323//33 9173//33 5038//8
f 12243//16 11068//16 3812//15
f 3812//15 3811//11 558//11
f 6523//18 12841//18 6511//19
f 239//189 237//347 4202//347
f 1847//2 12331//2 7599//17
f 612//17 11017//17 11016//27
f 8789//31 7705//31 4413//22
f 13259//20 7795//20 4654//21
f 6364//2 12493//2 4961//66
f 2758//23 4409//23 7710//56
f 11506//6 8139//6 10865//7
f 8893//320 13294//87 10078//87
f 6423//18 4926//18 7841//19
f 6396//24 4920//24 6430//25
f 6408//33 6410//33 4941//33
f 11711//12 5157//12 5156//6
f 13113//12 3953//12 3945//6
f 9250//348 8868//144 10027//144
f 9485//47 11843//47 12481//23
f 1809//17 10537//17 13166//24
f 5838//6 5848//6 12319//7
f 9442//12 5495//12 5485//6
f 11699//11 5075//11 10836//12
f 2348//11 5030//11 5029//73
f 12616//44 4210//349 217//349
f 711//2 3700//2 8266//17
f 569//32 3821//32 6017//1
f 1720//12 5568//12 13160//7
f 3816//11 570//11 10330//16
f 10330//16 3801//16 3814//15
f 350//17 4051//17 8495//24
f 9513//32 9178//32 5398//1
f 11878//27 12994//27 12565//24
f 11649//32 10447//32 12298//26
f 13093//11 5114//11 3786//73
f 11536//32 9226//32 10507//1
f 2037//22 5336//22 6250//33
f 2549//7 13205//7 8009//155
f 834//8 10886//8 3537//21
f 512//7 12605//7 12851//22
f 5947//24 12296//24 10445//47
f 7088//45 4058//45 11114//243
f 10284//6 9091//6 3600//7
f 8512//47 10299//47 3782//47
f 391//11 3986//11 11024//12
f 9718//12 8318//12 8317//7
f 1346//23 4340//23 3077//23
f 3077//23 2947//23 1344//23
f 1344//23 1345//15 1346//23
f 5998//17 5225//17 7538//24
f 11846//39 4927//39 4934//16
f 11777//20 7974//20 4831//21
f 11801//33 7976//33 10765//8
f 5957//2 12295//2 9393//66
f 1572//7 5708//7 5707//155
f 5988//47 9410//25 5178//23
f 12920//7 13153//7 10462//31
f 2366//17 10854//17 12482//24
f 12795//150 8908//151 12059//151
f 6389//19 9642//19 12346//30
f 2288//32 4967//32 4968//1
f 9542//22 4063//22 57//22
f 12149//33 4526//33 4524//8
f 12732//73 10617//73 8753//73
f 1645//130 12323//130 5624//344
f 12745//47 8320//47 8321//23
f 11716//8 5167//8 7520//20
f 9140//32 8068//32 8070//1
f 9488//24 12471//24 12470//25
f 2035//12 5338//12 11763//6
f 1274//19 3101//19 3103//30
f 2699//23 13194//23 9217//56
f 579//33 3615//33 3597//8
f 1861//2 5508//2 5507//17
f 2705//11 12395//11 10480//12
f 3092//26 200//26 195//26
f 12231//24 3579//24 3592//47
f 9422//33 5212//33 5206//8
f 10289//39 10294//39 12579//16
f 12052//123 13180//123 4353//350
f 2931//26 173//26 188//26
f 11475//17 7465//17 5289//24
f 6117//2 8073//2 9480//66
f 1549//8 9832//8 5680//20
f 13026//11 3345//11 12527//73
f 2028//17 13152//17 5333//27
f 967//23 3504//23 6163//56
f 714//17 3711//17 8245//24
f 4255//256 4231//351 215//351
f 4147//153 4146//150 113//150
f 2869//15 4529//15 7871//73
f 1689//255 2879//255 2878//300
f 9744//5 707//5 6533//5
f 5790//27 5792//27 13161//24
f 2717//47 4581//47 4580//23
f 1728//8 1723//33 5572//33
f 13001//8 3574//8 12570//21
f 12015//1 3157//2 1237//2
f 6725//26 6724//1 12015//1
f 5967//19 5984//19 5522//30
f 11577//352 11579//352 5697//15
f 6472//18 11001//18 11002//30
f 1012//32 3453//32 3443//1
f 645//12 12546//12 6544//6
f 6567//7 12539//7 12540//22
f 8573//33 8575//33 4637//33
f 2209//27 9481//27 11844//27
f 9761//11 10959//11 12546//12
f 11640//18 13273//18 12278//30
f 2560//32 4795//32 10896//1
f 13010//8 659//33 10960//33
f 8706//5 9191//472 7//5
f 2860//5 11233//5 11236//5
f 2860//5 11236//5 2866//5
f 8706//5 7//5 2860//5
f 724//7 12548//7 11907//31
f 656//27 6548//27 8251//24
f 1266//12 3116//12 3102//7
f 1537//32 4370//32 12364//26
f 13261//7 4814//7 10797//22
f 2508//31 12452//31 12453//22
f 6455//33 6457//33 10886//8
f 6526//56 6528//56 9742//56
f 6629//6 6654//6 3454//7
f 577//8 12559//8 12560//21
f 2447//19 6286//19 6302//19
f 7118//33 5214//33 13156//8
f 1804//2 7654//2 13167//17
f 1752//7 12315//7 12314//31
f 10220//32 3951//32 3956//1
f 13146//56 8356//56 7400//56
f 7322//56 9019//56 12613//18
f 2457//11 4900//11 4899//73
f 9256//8 9255//22 10482//22
f 2608//21 4654//21 10675//1
f 9706//6 10993//6 8282//6
f 10972//5 7150//5 394//5
f 11725//39 7431//39 7433//16
f 683//22 12540//22 11438//33
f 661//18 11066//18 10962//30
f 7377//11 13301//11 11021//12
f 9109//23 10515//23 5523//56
f 13019//39 11378//39 11384//16
f 1724//19 2871//19 13159//30
f 1811//18 7653//18 10539//30
f 9515//6 7438//6 5366//7
f 1048//33 3423//33 10919//8
f 12623//353 11094//71 7068//71
f 6094//6 6096//6 5059//7
f 1539//27 4368//27 4367//24
f 6328//8 10949//8 3359//20
f 1583//18 5699//18 5698//129
f 9661//21 7964//21 12410//68
f 9371//2 7486//2 9363//66
f 10125//23 7054//23 7056//23
f 9186//11 9263//11 1726//16
f 2286//56 4955//56 12494//18
f 1743//23 10486//23 5774//56
f 1808//6 7647//6 10542//6
f 11472//56 9168//56 10401//18
f 11919//23 3738//23 3739//56
f 7370//2 11060//2 12608//17
f 6268//56 6280//56 12430//18
f 2247//33 10864//33 10753//8
f 7315//47 8378//47 3826//23
f 7313//17 8713//17 3828//27
f 13014//2 3412//2 3413//17
f 9477//12 10836//12 9482//6
f 1830//21 13163//21 10504//1
f 6001//32 7536//32 7529//1
f 6572//17 10963//17 10966//27
f 2621//22 10690//22 7824//33
f 12250//2 11057//2 3874//66
f 8586//20 10796//526 12445//21
f 5758//130 10508//130 5533//344
f 5823//39 7547//39 7549//16
f 2282//39 4953//39 4960//16
f 9519//27 10408//27 5343//24
f 12950//2 10525//2 10524//66
f 2908//11 11929//11 1053//16
f 1053//16 3408//16 8933//134
f 11444//33 12321//33 5643//8
f 480//5 9063//5 10341//5
f 10341//5 10383//5 476//5
f 476//5 13139//5 480//5
f 7389//8 12601//8 7392//20
f 7590//2 1718//2 1717//1
f 12971//8 10772//8 10771//21
f 2095//11 12874//11 6180//73
f 1632//56 7551//56 7553//18
f 514//11 12853//11 3848//12
f 400//17 11450//17 3968//27
f 6277//2 12433//2 12432//17
f 2718//23 4580//23 4582//56
f 2279//21 4952//21 8124//1
f 10218//56 11031//56 3958//56
f 1597//26 5721//26 7668//66
f 11871//32 11004//32 7015//1
f 716//33 3708//33 10991//33
f 12883//6 7417//6 5163//7
f 989//19 3488//19 8159//30
f 9721//17 12563//17 13000//27
f 2188//8 10849//8 5058//21
f 9158//47 10781//47 10780//23
f 636//11 634//16 9210//16
f 886//8 12528//8 3363//20
f 11239//6 4528//6 4527//7
f 7779//261 10653//354 260//354
f 2002//31 5326//31 13150//22
f 12541//2 713//2 697//1
f 11112//50 4138//184 10180//184
f 1622//33 5610//33 10471//33
f 811//8 3559//8 12569//21
f 486//32 3876//32 11037//1
f 11482//56 12442//56 10789//56
f 1662//56 5636//56 5638//18
f 1735//19 5580//19 5579//30
f 1523//355 4379//355 7719//81
f 6003//21 7498//21 5231//1
f 1711//56 5798//56 9268//56
f 1713//30 12327//30 10493//16
f 13010//8 8256//8 6552//20
f 13280//33 4510//33 4509//8
f 667//7 3747//7 3746//31
f 12897//27 11817//27 5701//24
f 2635//39 4676//39 4686//16
f 563//56 3796//56 8418//18
f 1691//221 5539//221 5538//82
f 3084//15 197//15 191//15
f 2637//22 4682//22 4681//33
f 7776//356 7775//357 259//357
f 6757//30 12828//30 12830//16
f 735//19 3678//19 10974//30
f 7131//56 7142//56 11131//18
f 12927//73 10451//73 5979//73
f 1693//11 12334//11 11532//73
f 6146//21 13212//21 12302//1
f 11869//8 12568//8 11005//20
f 2196//22 8084//22 8083//33
f 1604//8 5729//8 7670//20
f 2759//19 4407//388 4406//30
f 11654//58 10466//58 5201//18
f 11311//33 7857//33 4608//8
f 11778//33 10761//33 4832//33
f 6007//39 12306//39 12304//16
f 9396//31 10424//31 7504//22
f 12241//2 3788//2 11063//17
f 9426//24 5191//24 5195//47
f 2253//11 12428//11 11832//73
f 2677//22 12406//22 8558//33
f 5983//27 7613//527 7616//27
f 4167//358 4166//359 2007//359
f 928//23 3336//23 6385//56
f 11332//15 12065//15 1368//15
f 1712//19 9269//19 12327//30
f 8426//193 4220//194 204//194
f 2093//8 5392//8 6208//20
f 2849//5 2850//5 502//5
f 502//5 2740//5 12760//5
f 2736//5 2649//5 2572//5
f 502//5 12760//5 2736//5
f 2848//5 2849//5 502//5
f 2857//5 2847//5 2848//5
f 11233//5 2860//5 2857//5
f 11232//5 11233//5 2857//5
f 2857//5 2848//5 502//5
f 2736//5 2572//5 8631//5
f 2857//5 502//5 2736//5
f 2864//5 11232//5 2857//5
f 2864//5 2857//5 2736//5
f 2736//5 8631//5 8634//5
f 2736//5 8634//5 2563//5
f 13274//465 2864//5 2736//5
f 2867//461 13274//465 2736//5
f 2736//5 2563//5 12686//5
f 2573//5 8584//5 2565//5
f 2736//5 12686//5 2573//5
f 2867//461 2736//5 2573//5
f 2565//5 13196//5 13096//5
f 2867//461 2573//5 2565//5
f 6//5 2867//461 2565//5
f 2565//5 13096//5 7083//5
f 7083//5 40//5 41//5
f 41//5 7//5 9191//472
f 41//5 9191//472 2870//5
f 2565//5 7083//5 41//5
f 6//5 2565//5 41//5
f 41//5 2870//5 5//5
f 2603//23 4633//23 12270//18
f 4064//194 8491//89 7094//89
f 835//21 3537//21 12509//1
f 2828//26 13195//26 4489//66
f 4174//208 4175//265 151//265
f 1080//17 3305//17 11372//24
f 845//56 3531//56 3533//18
f 11875//11 8292//11 3652//12
f 11495//11 1999//11 2003//16
f 1584//8 10548//8 9332//20
f 6853//5 12040//5 13048//5
f 13048//5 12031//5 1081//5
f 4065//170 4061//257 44//257
f 11541//2 11524//2 5756//66
f 2464//2 4897//2 8676//66
f 1736//30 5579//30 7589//16
f 1702//11 5552//11 5545//12
f 9283//2 12317//2 5648//17
f 2598//21 7805//21 4643//1
f 691//17 3725//17 6519//27
f 604//47 3593//47 12581//47
f 2961//22 1382//22 1432//22
f 1678//19 5653//19 5654//19
f 435//11 3921//11 3920//73
f 10658//187 7238//360 304//360
f 12926//2 7471//2 7469//66
f 1530//361 4372//528 4371//7
f 1944//24 12289//24 11621//47
f 9370//18 5251//18 7514//19
f 12867//2 10749//2 4839//66
f 9383//6 9385//6 10423//6
f 5215//91 5216//91 5217//91
f 5192//91 12305//91 10468//92
f 5215//91 5217//91 5192//91
f 5949//56 5252//56 5251//18
f 5954//12 12288//12 9369//6
f 9375//33 10430//33 11500//33
f 11707//2 5140//2 5139//66
f 1543//32 4375//32 10624//1
f 5934//12 5272//12 5271//6
f 8614//5 11481//5 1199//5
f 1199//5 6732//5 8446//5
f 1199//5 8446//5 1253//5
f 8614//5 1199//5 1253//5
f 8614//5 1253//5 6738//5
f 6604//5 12683//5 8612//5
f 8612//5 8614//5 6738//5
f 8612//5 6738//5 9915//5
f 1060//5 6604//5 8612//5
f 1059//5 1060//5 8612//5
f 8612//5 9915//5 11981//5
f 8612//5 11981//5 1258//5
f 1070//5 1059//5 8612//5
f 1069//5 1070//5 8612//5
f 8612//5 1258//5 6729//5
f 1069//5 8612//5 6729//5
f 13020//5 1069//5 6729//5
f 13020//5 6729//5 6730//5
f 12040//5 6853//5 12034//5
f 12034//5 13020//5 6730//5
f 6747//5 9927//5 6751//5
f 12034//5 6730//5 6747//5
f 9978//5 12040//5 12034//5
f 6855//5 9978//5 12034//5
f 12034//5 6747//5 6751//5
f 12034//5 6751//5 1270//5
f 6854//5 6855//5 12034//5
f 6854//5 12034//5 1270//5
f 6854//5 1270//5 11990//5
f 12037//5 6854//5 11990//5
f 12037//5 11990//5 1276//5
f 12035//5 12037//5 1276//5
f 12035//5 1276//5 1277//5
f 9988//5 12035//5 1277//5
f 9919//5 11983//5 2418//5
f 9988//5 1277//5 9919//5
f 1086//5 9988//5 9919//5
f 9919//5 2418//5 6273//5
f 9919//5 6273//5 11782//5
f 1086//5 9919//5 11782//5
f 1086//5 11782//5 9580//5
f 6848//5 1086//5 9580//5
f 6848//5 9580//5 9571//5
f 6601//5 6848//5 9571//5
f 6601//5 9571//5 2420//5
f 1067//5 6601//5 2420//5
f 6279//5 9578//5 2269//5
f 1067//5 2420//5 6279//5
f 1067//5 6279//5 2269//5
f 2269//5 6350//5 9187//5
f 2269//5 9187//5 2302//5
f 1078//5 1067//5 2269//5
f 12031//5 13048//5 1077//5
f 12031//5 1077//5 1078//5
f 9797//5 12031//5 1078//5
f 2269//5 2302//5 2303//5
f 2269//5 2303//5 2304//5
f 9797//5 1078//5 2269//5
f 1062//5 1065//5 9796//5
f 9796//5 9797//5 2269//5
f 9796//5 2269//5 2304//5
f 6809//5 1062//5 9796//5
f 1140//5 6809//5 9796//5
f 9796//5 2304//5 2296//5
f 9796//5 2296//5 2297//5
f 1139//5 1140//5 9796//5
f 1148//5 1139//5 9796//5
f 9796//5 2297//5 2298//5
f 9958//5 1148//5 9796//5
f 6825//5 1146//5 9958//5
f 1151//5 6825//5 9958//5
f 9627//5 9636//5 175//5
f 10111//5 10115//5 7043//492
f 9627//5 175//5 10111//5
f 11810//5 9627//5 10111//5
f 10111//5 7043//492 7035//5
f 13081//5 7044//5 10109//5
f 11810//5 10111//5 7035//5
f 13081//5 10109//5 10104//5
f 11810//5 7035//5 13081//5
f 1151//5 9958//5 9796//5
f 9962//5 1151//5 9796//5
f 11810//5 13081//5 10104//5
f 10104//5 170//5 9969//5
f 10104//5 9969//5 12018//5
f 2298//5 11810//5 10104//5
f 9962//5 9796//5 2298//5
f 9954//5 9962//5 2298//5
f 2298//5 10104//5 12018//5
f 1164//5 9954//5 2298//5
f 8563//39 4553//39 10725//16
f 841//2 12506//2 3536//17
f 12262//2 8370//2 8371//66
f 1749//8 1750//33 5593//33
f 2160//23 5109//23 12462//56
f 1035//11 3417//11 8218//73
f 866//11 3401//11 6703//73
f 12019//56 11393//56 11796//18
f 1832//47 10505//47 7609//23
f 11561//300 7573//300 7572//221
f 11890//2 8237//2 3725//17
f 11775//24 10742//24 4836//47
f 11474//2 7466//2 7465//17
f 4171//222 4165//120 148//122
f 3046//279 10025//279 1439//283
f 9365//11 12307//11 12921//73
f 1999//11 11495//11 10420//12
f 4294//362 10639//362 13076//362
f 9492//18 8061//18 10826//19
f 11624//39 5258//39 13155//16
f 11457//56 7651//56 7653//18
f 925//30 3329//30 3331//16
f 5863//32 5872//32 10568//26
f 2132//5 2131//5 582//5
f 582//5 1946//5 1947//5
f 582//5 1947//5 1948//5
f 582//5 1948//5 11630//5
f 582//5 11630//5 1950//5
f 2132//5 582//5 1950//5
f 2132//5 1950//5 1951//5
f 1355//5 2127//5 2126//5
f 2126//5 2132//5 1951//5
f 2126//5 1951//5 1938//5
f 11635//5 1966//5 12919//5
f 9356//5 11635//5 12919//5
f 9356//5 12919//5 1930//5
f 9352//5 9356//5 1930//5
f 1355//5 2126//5 1938//5
f 1355//5 1938//5 1939//5
f 9352//5 1930//5 1933//5
f 9354//5 9352//5 1933//5
f 1355//5 1939//5 1940//529
f 1355//5 1940//529 1941//5
f 9354//5 1933//5 1355//5
f 1934//5 9354//5 1355//5
f 1934//5 1355//5 1941//5
f 1935//5 1934//5 1941//5
f 1935//5 1941//5 9381//5
f 1962//5 1961//5 1942//5
f 1942//5 1935//5 9381//5
f 9382//5 1962//5 1942//5
f 2959//22 1390//22 1381//22
f 2038//20 5335//20 5334//21
f 1964//21 5273//21 12294//1
f 9141//2 12299//2 9506//66
f 2197//31 5073//31 8084//22
f 2558//23 13204//23 4791//56
f 12746//8 4429//8 4428//20
f 1854//11 5511//11 7622//73
f 5858//361 5860//361 5708//7
f 2324//47 8105//47 8104//23
f 7099//5 2008//5 9540//5
f 8424//363 4185//78 225//78
f 4139//4 4140//364 74//364
f 1844//18 5488//18 5489//30
f 1870//20 5517//20 10517//20
f 5958//39 5961//39 7515//16
f 2086//32 5362//32 5373//1
f 1673//20 5657//20 5658//21
f 898//2 13225//2 12534//17
f 2587//30 12397//30 10680//16
f 11514//5 12734//5 515//5
f 515//5 509//5 510//5
f 510//5 501//5 502//5
f 502//5 2850//5 2851//5
f 502//5 2851//5 2852//5
f 515//5 510//5 502//5
f 11514//5 515//5 502//5
f 11514//5 502//5 2852//5
f 11267//5 11514//5 2852//5
f 11267//5 2852//5 2853//5
f 9//5 11267//5 2853//5
f 9//5 2853//5 2854//5
f 8//5 9//5 2854//5
f 8//5 2854//5 12728//5
f 2846//5 8//5 12728//5
f 2846//5 12728//5 2856//5
f 2857//5 11252//5 8743//5
f 8743//5 2846//5 2856//5
f 2857//5 8743//5 2856//5
f 12881//5 2847//5 2857//5
f 2857//5 2856//5 8750//5
f 1915//11 10431//11 10433//73
f 4124//365 8467//366 7072//366
f 1073//11 11385//11 9982//73
f 10153//23 10164//23 10144//23
f 1827//11 5482//11 13162//12
f 436//5 437//5 37//5
f 37//5 12261//5 428//5
f 37//5 428//5 7382//5
f 436//5 37//5 7382//5
f 436//5 7382//5 7383//5
f 10369//5 436//5 7383//5
f 10369//5 7383//5 433//5
f 10364//5 10369//5 433//5
f 10364//5 433//5 7391//5
f 440//5 10364//5 7391//5
f 440//5 7391//5 7401//460
f 10366//5 440//5 7401//460
f 438//460 10366//5 7401//460
f 422//5 438//460 7401//460
f 422//5 7401//460 469//5
f 7385//5 7167//5 424//5
f 7385//5 424//5 422//5
f 423//5 7385//5 422//5
f 423//5 422//5 469//5
f 434//5 423//5 469//5
f 434//5 469//5 470//5
f 13142//5 434//5 470//5
f 450//5 13142//5 470//5
f 10375//5 450//5 470//5
f 447//5 10375//5 470//5
f 9073//5 447//5 470//5
f 10368//5 421//5 444//5
f 7403//5 10368//5 444//5
f 7403//5 444//5 9073//5
f 10359//5 7403//5 9073//5
f 10358//5 10359//5 9073//5
f 10358//5 9073//5 470//5
f 466//5 10358//5 470//5
f 468//5 466//5 470//5
f 468//5 470//5 464//5
f 463//5 468//5 464//5
f 463//5 464//5 451//5
f 462//5 463//5 451//5
f 461//5 462//5 451//5
f 454//5 10373//5 461//5
f 2329//5 9193//5 454//5
f 11821//5 2329//5 454//5
f 454//5 461//5 451//5
f 11821//5 454//5 451//5
f 378//5 2333//5 2327//5
f 2327//5 11821//5 451//5
f 2327//5 451//5 452//5
f 457//5 378//5 2327//5
f 2327//5 452//5 456//5
f 9423//6 5229//6 12290//7
f 419//32 3943//32 12585//1
f 2737//7 4606//7 4607//155
f 11929//11 2908//11 3419//73
f 12260//24 3924//24 3925//47
f 10265//367 7790//368 256//368
f 2083//18 10401//18 10400//19
f 1560//8 5688//8 5695//20
f 7273//32 7275//32 3606//1
f 12767//30 4590//30 7833//16
f 1718//2 7590//2 5793//66
f 9720//2 12564//2 12563//17
f 3569//2 809//2 798//26
f 798//26 6486//1 10189//1
f 1798//17 13167//17 13168//24
f 6048//30 12329//30 5512//16
f 804//30 12575//30 12574//16
f 8481//369 8482//370 7896//370
f 828//33 3542//33 3541//8
f 9208//17 12577//17 11007//27
f 12028//33 12818//33 3220//8
f 6134//11 10827//11 5157//12
f 1810//24 13166//24 7652//47
f 5824//2 10469//2 9279//66
f 9414//18 5196//18 10435//30
f 6689//32 9873//32 13223//1
f 9530//47 9532//530 5407//23
f 2734//11 7658//11 4612//12
f 872//32 3398//32 8207//1
f 5999//8 7537//8 5202//20
f 11822//11 12489//11 8656//12
f 2489//21 4723//21 4728//1
f 7449//2 4755//2 4754//66
f 3059//22 1366//22 1365//22
f 6842//11 12819//11 3224//73
f 7771//371 12378//372 242//372
f 9626//32 8154//32 4979//1
f 3545//11 831//11 9681//16
f 2503//21 12556//21 4742//1
f 1755//6 5601//6 12315//7
f 8461//340 4103//373 13088//373
f 11517//2 9452//2 1757//1
f 11886//30 3555//30 3554//16
f 11849//24 4945//24 8131//47
f 8673//17 10925//17 10923//27
f 12507//1 12506//2 841//2
f 30//26 10200//1 12507//1
f 784//30 8290//30 8291//16
f 2299//8 4971//8 4972//20
f 6416//32 4924//32 4923//1
f 847//2 3522//2 3523//17
f 6115//8 10835//8 5081//21
f 9671//2 13216//2 4946//66
f 12615//115 12616//44 271//44
f 11339//187 6966//188 6964//188
f 965//47 3502//47 3504//23
f 2289//11 8123//11 4966//12
f 9877//6 11962//6 10915//7
f 1586//7 10551//7 9327//31
f 1784//39 5435//39 7631//16
f 1540//7 4371//7 9336//31
f 6432//11 8137//11 4938//73
f 1135//22 3262//22 6820//33
f 82//301 83//274 11126//274
f 4076//301 4081//158 11130//302
f 82//301 11126//274 4076//301
f 11130//302 12144//314 81//303
f 81//303 82//301 4076//301
f 9212//17 3523//17 3518//27
f 1842//24 7596//24 7597//47
f 2043//30 12280//30 12281//16
f 2201//20 5068//20 5072//21
f 1625//11 7580//11 7578//73
f 5941//32 5223//32 10434//1
f 6429//33 8135//33 4949//8
f 6055//39 7556//39 5603//16
f 2541//27 9155//27 10782//27
f 6436//19 6438//19 12575//30
f 12697//22 12453//22 8036//33
f 9072//2 8334//2 3938//17
f 9646//31 10868//31 10870//22
f 9906//19 3149//19 11432//374
f 2353//23 5020//23 8100//18
f 9637//22 12266//22 4971//8
f 3391//11 871//11 879//16
f 6481//27 9716//27 11003//24
f 11089//3 11088//375 13128//375
f 1177//2 3215//2 12775//17
f 11910//2 8407//2 8404//66
f 857//20 3387//20 13221//21
f 11876//2 7014//2 12995//66
f 9899//2 861//1 13223//1
f 2390//11 4829//11 4828//73
f 8686//21 8037//21 10793//1
f 2410//22 13199//22 9572//33
f 5963//12 9189//12 5281//6
f 920//2 3339//2 3340//17
f 10459//2 11657//2 5940//1
f 11299//20 10703//20 4575//21
f 12275//11 2067//11 6190//16
f 11685//8 5428//8 5427//21
f 2140//11 5170//11 5162//73
f 4113//140 4112//376 12116//376
f 6258//23 5310//23 5311//56
f 2022//32 5308//32 5329//1
f 6677//2 8158//2 8157//17
f 6166//15 8349//15 8348//73
f 1807//31 10541//31 10540//22
f 1616//23 5735//23 5741//56
f 5149//15 1361//15 1360//15
f 2094//32 5391//32 5390//1
f 8428//22 4177//22 203//22
f 429//7 8365//7 9071//31
f 9875//11 12521//11 3392//73
f 556//30 12612//30 11068//16
f 6693//8 10926//8 6671//20
f 7648//11 6009//11 6008//16
f 13130//56 3578//56 3577//56
f 9464//11 12340//11 12339//12
f 1590//24 6332//24 5713//47
f 9390//18 10437//18 7467//30
f 9161//32 10786//32 7993//1
f 2287//12 4966//12 9662//6
f 11370//15 10124//15 10122//15
f 2746//24 4605//24 12399//47
f 11712//11 10882//11 3498//12
f 8807//22 4566//22 4567//33
f 2834//30 10618//30 10616//86
f 2697//27 7692//27 7691//24
f 733//24 3675//24 3677//47
f 11927//17 13219//17 3436//27
f 1271//47 13043//47 3099//23
f 12030//39 11414//39 3226//16
f 546//30 3824//30 3823//16
f 4103//373 12627//159 13089//159
f 2630//47 10692//47 10691//23
f 11304//21 10721//21 12403//1
f 8793//377 4440//377 4433//23
f 13145//30 3935//30 8329//16
f 12668//22 12389//22 4653//33
f 567//7 3818//7 3817//31
f 2783//8 4448//8 4447//10
f 7120//8 13156//8 7498//21
f 8615//22 4777//22 4778//33
f 1002//7 3454//7 3461//31
f 8947//23 10103//23 180//23
f 6278//21 10774//21 4855//1
f 894//24 3378//24 3377//47
f 977//19 3469//19 12517//30
f 948//22 12500//22 10877//33
f 7367//32 10355//32 11061//1
f 9266//20 10498//20 10496//20
f 1865//47 5526//530 10515//23
f 11519//18 12710//18 11442//19
f 1512//8 4389//8 4387//20
f 643//8 642//33 3776//33
f 1047//47 3425//47 11434//47
f 846//18 3533//18 3534//30
f 12916//30 8159//30 3483//16
f 4075//97 12118//97 43//190
f 2055//2 10409//2 5351//66
f 930//32 3344//32 13229//1
f 2147//32 5169//32 5176//1
f 9059//56 9380//56 10437//18
f 873//6 3397//6 10908//7
f 39//47 38//76 4016//76
f 11771//21 4831//21 4841//1
f 8510//17 11063//17 3781//27
f 1//23 7733//23 12358//56
f 8532//33 8025//33 4696//8
f 8785//27 4426//27 4425//27
f 11840//33 7957//33 7959//8
f 11300//21 4575//21 4589//1
f 11656//18 5201//18 10464//30
f 2721//31 4594//31 4595//22
f 8498//106 4168//378 2009//378
f 11905//32 8273//32 10989//1
f 12016//11 11390//11 6837//73
f 528//47 3842//47 11050//23
f 952//30 3507//30 12499//16
f 722//11 3688//11 3687//73
f 2145//39 5166//39 5165//16
f 11563//255 10476//255 7573//300
f 2576//21 4626//21 4629//1
f 565//30 3793//30 3801//16
f 9397//11 12277//11 9386//73
f 947//31 9853//31 12500//22
f 4056//379 4055//342 12101//342
f 3444//11 1006//11 1010//16
f 2384//17 12432//17 12431//24
f 998//8 997//22 8196//22
f 2761//15 4417//15 12207//73
f 11480//6 7807//6 4623//7
f 6645//2 12836//381 3452//17
f 1592//18 5712//18 7672//19
f 2486//30 4724//30 10821//16
f 3458//1 3457//91 12836//381
f 12836//381 6645//2 1004//1
f 2657//2 10808//2 4692//66
f 980//2 12519//2 3475//66
f 8537//24 10685//24 4690//23
f 6479//2 12553//2 9717//66
f 1009//39 3451//39 3445//16
f 1843//56 5487//56 5488//18
f 13287//31 13192//31 4566//22
f 1651//11 9219//11 5645//73
f 8554//6 8027//6 4693//7
f 1932//33 5243//33 7490//33
f 2015//23 13151//23 5316//56
f 13250//324 12623//353 7067//353
f 5919//27 7720//27 4395//382
f 5909//19 9340//19 11610//19
f 4098//383 11498//339 9126//339
f 12450//11 8552//11 2653//16
f 12941//32 7626//32 5509//1
f 9263//11 9186//11 5568//12
f 868//6 3403//6 10909//7
f 836//11 3527//11 3526//12
f 6577//33 11931//33 3429//8
f 13056//384 13293//345 6889//345
f 3417//11 1035//11 6583//16
f 10663//150 10662//151 298//385
f 692//47 3724//47 3723//47
f 2422//2 4854//2 4853//66
f 726//8 8271//8 8272//20
f 2564//6 4815//361 4814//7
f 1039//32 3415//32 3416//1
f 12524//1 3412//2 13014//2
f 1044//386 1033//1 12524//1
f 10306//27 3595//27 3579//24
f 5989//26 12298//26 5975//66
f 831//11 3545//11 8308//73
f 1959//21 12839//21 13154//1
f 4246//282 4245//387 222//387
f 9770//47 3737//47 3738//23
f 1522//382 4395//382 7717//149
f 13116//7 4039//7 8387//31
f 713//2 12541//2 3711//17
f 6289//56 9589//56 10770//18
f 12958//58 5129//58 12468//18
f 10312//2 2901//2 8713//17
f 13035//18 10950//18 3367//19
f 5241//91 5253//91 5150//91
f 5150//91 8058//91 3076//91
f 12774//518 6937//91 3074//519
f 12774//518 3074//519 3075//91
f 5241//91 5150//91 3076//91
f 5240//91 5241//91 3076//91
f 3076//91 12774//518 3075//91
f 3056//91 13070//441 8829//91
f 3076//91 3075//91 3056//91
f 5239//410 5240//91 3076//91
f 5239//410 3076//91 3056//91
f 5239//410 3056//91 8829//91
f 5244//91 5239//410 8829//91
f 8831//91 3054//5 10830//5
f 5244//91 8829//91 8831//91
f 5265//91 5244//91 8831//91
f 8831//91 10830//5 10828//91
f 5265//91 8831//91 10828//91
f 10828//91 12068//91 8880//91
f 8877//91 6945//5 3067//91
f 10828//91 8880//91 8877//91
f 5265//91 10828//91 8877//91
f 8877//91 3067//91 6953//91
f 5265//91 8877//91 6953//91
f 8843//91 2956//91 11323//91
f 10061//91 2905//91 9388//91
f 8843//91 11323//91 10061//91
f 5266//91 5265//91 6953//91
f 6953//91 8843//91 10061//91
f 10061//91 9388//91 5282//91
f 10061//91 5282//91 5291//91
f 5266//91 6953//91 10061//91
f 5257//91 5261//91 5266//91
f 5262//91 5257//91 5266//91
f 5266//91 10061//91 5291//91
f 5266//91 5291//91 5292//91
f 7508//91 5262//91 5266//91
f 5263//91 7508//91 5266//91
f 5266//91 5292//91 5293//91
f 5266//91 5293//91 2880//91
f 9196//91 5263//91 5266//91
f 5276//91 7470//91 5236//91
f 8702//92 5285//91 5275//91
f 5275//91 5276//91 5236//91
f 9196//91 5266//91 2880//91
f 5275//91 5236//91 9196//91
f 8700//91 8702//92 5275//91
f 9196//91 2880//91 8700//91
f 1528//58 4366//58 10628//18
f 1781//24 10526//24 5433//25
f 6107//17 5055//17 5054//24
f 820//47 11006//47 8301//47
f 9579//24 4847//24 4848//47
f 5220//91 12303//91 5128//91
f 5128//91 8066//91 5141//91
f 5128//91 5141//91 8067//91
f 5219//91 5220//91 5128//91
f 5218//91 5219//91 5128//91
f 5218//91 5128//91 8067//91
f 5133//91 10460//91 5208//91
f 5208//91 5218//91 8067//91
f 5208//91 8067//91 8069//91
f 5135//91 5133//91 5208//91
f 5134//91 13214//91 5135//91
f 5208//91 8069//91 5134//91
f 7767//157 4335//362 6748//362
f 885//16 3366//16 3401//11
f 3401//11 866//11 864//15
f 786//5 11522//531 6475//5
f 786//5 6475//5 791//5
f 793//5 786//5 791//5
f 793//5 791//5 789//5
f 792//5 793//5 789//5
f 792//5 789//5 769//5
f 790//5 792//5 769//5
f 790//5 769//5 771//5
f 6489//5 790//5 771//5
f 778//5 765//5 776//5
f 6489//5 771//5 778//5
f 13006//5 9700//5 787//5
f 787//5 6489//5 778//5
f 778//5 776//5 777//5
f 778//5 777//5 779//5
f 13006//5 787//5 778//5
f 770//5 13006//5 778//5
f 778//5 779//5 780//5
f 9771//11 10953//11 10951//73
f 1581//24 5701//24 5700//47
f 9697//11 12566//11 13300//12
f 13225//2 898//2 6684//1
f 916//30 11382//30 3323//16
f 7603//2 1828//2 6018//1
f 9819//47 8187//47 3448//47
f 6264//39 4850//39 4858//16
f 9569//6 7968//6 7966//6
f 973//11 13220//11 3464//73
f 1707//31 5802//31 12328//22
f 3327//2 11956//2 938//1
f 11264//18 4507//18 12402//129
f 7207//39 10240//39 13253//15
f 2085//56 5376//56 5375//18
f 9527//6 10416//6 5379//7
f 1559//7 12350//7 9834//31
f 2568//19 4809//19 10513//19
f 9392//30 12278//30 10421//16
f 11158//11 4685//11 4684//73
f 2073//8 5400//8 5399//20
f 8073//2 6117//2 2216//1
f 7992//2 2528//2 2527//1
f 6668//23 10938//23 3332//56
f 2589//11 4631//11 4630//73
f 6944//22 6942//22 1367//22
f 6644//32 10895//32 3458//1
f 5952//11 7507//11 5264//12
f 12976//11 8120//11 8136//12
f 4727//2 12700//2 2490//1
f 11968//16 13228//16 3394//15
f 3394//15 12521//11 9875//11
f 12953//39 10841//39 8093//16
f 6778//32 9010//32 3185//1
f 851//30 3521//30 3528//16
f 869//7 10909//7 3386//31
f 1029//7 11435//7 3430//31
f 892//2 865//1 13222//1
f 8860//246 8861//313 6957//313
f 6257//24 7457//24 5310//23
f 2052//11 5354//11 5338//12
f 2213//11 8092//11 12472//12
f 2268//31 4947//31 4948//31
f 9901//23 10934//23 10930//56
f 11639//24 5289//24 2881//47
f 4087//64 11124//65 80//65
f 1237//2 3157//2 3156//66
f 12874//11 2095//11 2097//16
f 1778//7 5431//7 5430//31
f 9297//73 9310//73 9783//12
f 907//33 3352//33 12528//8
f 1680//7 5527//7 10482//22
f 9953//39 9955//39 3232//16
f 6106//2 11223//2 5055//17
f 1812//30 10539//30 10536//16
f 4854//2 2422//2 2421//1
f 889//39 3374//39 13228//16
f 11234//26 10550//26 4521//66
f 9378//27 5267//27 12287//24
f 2189//21 5058//21 5057//1
f 2412//6 4856//6 4846//7
f 1663//18 5638//18 5639//19
f 2079//24 5370//24 5377//47
f 9199//11 9171//11 5358//73
f 1744//32 5592//32 5591//1
f 10769//11 2430//11 9584//16
f 8467//366 4109//251 13087//251
f 2077//39 5367//39 5396//16
f 6603//7 11381//7 11936//31
f 1542//30 4376//30 4374//15
f 9192//22 13217//22 9639//33
f 432//30 8369//30 12597//16
f 2193//11 8088//11 5060//73
f 2175//23 5123//23 8050//56
f 1949//39 5255//39 7512//16
f 344//32 4041//32 12643//26
f 13050//2 3277//2 11398//17
f 1179//47 3213//47 9022//47
f 2100//73 5404//73 10535//73
f 1084//18 11376//18 11377//19
f 1055//39 3409//39 3408//16
f 1071//39 11765//39 11767//16
f 1534//7 4399//7 10584//202
f 6559//30 10958//30 10957//16
f 3700//2 711//2 710//1
f 946//21 8156//21 8155//1
f 1079//2 1064//1 3311//1
f 2841//47 11273//47 4496//23
f 10015//18 11796//18 3233//19
f 1114//22 3274//22 3273//33
f 3282//11 1090//11 1101//16
f 1104//2 8957//2 8956//17
f 9855//23 8980//23 10880//56
f 1015//17 3452//17 3446//27
f 1196//18 12829//18 12828//30
f 2386//58 9608//58 7978//18
f 2445//24 12425//24 12426//23
f 695//11 8248//11 6517//73
f 323//39 4031//39 4029//15
f 2005//22 5306//22 5309//8
f 2343//2 5028//2 8094//17
f 6582//30 12522//30 10918//16
f 2121//39 5137//39 10832//16
f 1657//21 10475//21 12318//1
f 504//31 3863//31 10352//31
f 10293//17 8284//17 3583//27
f 824//32 3540//32 12507//1
f 2836//6 8754//6 12418//6
f 2529//27 4768//27 12443//24
f 544//23 3826//23 3825//56
f 2221//23 12481//23 10843//18
f 1162//24 3236//24 3237//47
f 1083//56 3294//56 11376//18
f 9957//30 3243//30 3242//16
f 1141//33 3266//33 13297//8
f 2501//18 4739//18 4738//19
f 1068//27 3290//27 3303//27
f 1215//47 3179//47 3180//47
f 3277//2 13050//2 1120//1
f 4335//362 10650//389 6616//389
f 9184//39 8133//39 8122//16
f 11222//11 4744//11 4743//12
f 2399//39 4838//39 7971//16
f 2169//21 5118//21 8052//32
f 4277//390 13188//209 293//209
f 11972//16 12814//16 12536//11
f 6421//58 4919//58 4926//18
f 6607//21 12816//21 3311//1
f 11797//24 12482//24 2883//47
f 2341//17 8094//17 5026//24
f 9188//11 10873//11 10872//12
f 12378//372 4239//391 243//391
f 2444//27 7943//27 12425//24
f 9604//11 5035//11 5015//73
f 7429//392 10248//393 7225//393
f 426//7 3948//7 9095//31
f 12930//33 5205//33 7537//8
f 1094//32 3131//32 13298//1
f 4093//167 13102//394 13101//394
f 2497//12 4743//12 4734//6
f 10637//395 4293//396 1326//396
f 1175//32 3219//32 3218//1
f 1569//12 9783//12 5686//7
f 10650//389 10648//321 6617//321
f 9182//18 8129//18 4957//19
f 1836//20 5490//20 7595//21
f 1095//17 11429//17 11428//27
f 2018//5 2019//5 59//5
f 59//5 11901//5 6462//5
f 59//5 6462//5 6463//5
f 2017//5 2018//5 59//5
f 745//5 6232//5 2016//5
f 2016//5 2017//5 59//5
f 59//5 6463//5 9701//5
f 59//5 9701//5 12885//5
f 745//5 2016//5 59//5
f 797//5 9221//5 745//5
f 803//5 797//5 745//5
f 739//461 11902//5 13005//5
f 739//461 13005//5 750//5
f 738//5 739//461 750//5
f 738//5 750//5 751//5
f 749//5 738//5 751//5
f 749//5 751//5 9703//5
f 12885//5 749//5 9703//5
f 59//5 12885//5 9703//5
f 802//5 803//5 745//5
f 745//5 59//5 9703//5
f 745//5 9703//5 9702//5
f 745//5 9702//5 12996//5
f 745//5 12996//5 6468//5
f 802//5 745//5 6468//5
f 802//5 6468//5 755//5
f 801//5 802//5 755//5
f 775//5 776//5 765//5
f 801//5 755//5 775//5
f 815//5 801//5 775//5
f 775//5 765//5 766//5
f 775//5 766//5 767//5
f 814//5 815//5 775//5
f 814//5 775//5 767//5
f 814//5 767//5 757//5
f 6435//5 814//5 757//5
f 6435//5 757//5 758//5
f 6434//5 6435//5 758//5
f 635//5 12998//5 12985//5
f 11912//5 9757//5 635//5
f 647//5 13009//5 11912//5
f 819//5 648//5 647//5
f 818//5 819//5 647//5
f 647//5 11912//5 635//5
f 635//5 12985//5 6434//5
f 647//5 635//5 6434//5
f 11853//5 818//5 647//5
f 816//5 11853//5 647//5
f 6473//5 6475//5 762//5
f 762//5 1969//5 1970//5
f 762//5 1970//5 1971//5
f 782//5 6473//5 762//5
f 782//5 762//5 1971//5
f 782//5 1971//5 1972//5
f 781//5 782//5 1972//5
f 781//5 1972//5 6223//5
f 781//5 6223//5 1991//5
f 1993//5 1995//5 1988//5
f 781//5 1991//5 1993//5
f 1993//5 1988//5 1994//5
f 1993//5 1994//5 1992//5
f 1993//5 1992//5 1975//5
f 1993//5 1975//5 1976//5
f 781//5 1993//5 1976//5
f 781//5 1976//5 1977//5
f 758//5 781//5 1977//5
f 758//5 1977//5 1978//5
f 816//5 647//5 6434//5
f 9675//5 816//5 6434//5
f 6434//5 758//5 1978//5
f 6434//5 1978//5 1984//5
f 9676//5 9675//5 6434//5
f 808//5 9676//5 6434//5
f 6434//5 1984//5 1985//5
f 1986//5 1973//5 1792//5
f 807//461 808//5 6434//5
f 807//461 6434//5 1985//5
f 1985//5 1986//5 1792//5
f 1792//5 1813//5 1814//5
f 759//5 11854//5 805//5
f 1792//5 1814//5 759//5
f 806//158 807//461 1985//5
f 759//5 805//5 806//158
f 1985//5 1792//5 759//5
f 2471//30 10804//30 4717//39
f 1130//21 3251//21 3254//68
f 8984//11 12054//11 1147//16
f 2409//20 9573//20 10774//21
f 6078//73 5420//73 7642//73
f 12968//23 5342//23 5341//56
f 505//33 3862//33 13244//8
f 518//17 12608//17 8396//24
f 2241//31 9658//31 7958//31
f 8937//1 8936//2 1154//2
f 1128//26 1131//1 8937//1
f 1153//7 11388//7 8976//31
f 810//17 12571//17 3567//24
f 1674//21 5658//21 5664//1
f 1654//7 12319//7 5641//31
f 1051//2 13295//2 9784//66
f 7052//15 7051//15 7028//15
f 9976//7 11396//7 3221//31
f 6349//56 6351//56 8148//18
f 1132//397 9000//397 8999//17
f 465//32 3916//32 3941//1
f 1108//17 8956//17 3287//27
f 821//56 8300//56 6439//56
f 1123//47 3271//47 3270//23
f 1124//23 3270//23 3269//56
f 11568//20 7577//20 5622//20
f 6459//23 13233//23 9709//56
f 1176//1 3218//1 3216//398
f 3216//398 3215//2 1177//2
f 4151//199 4119//118 88//118
f 6069//47 7640//25 5423//23
f 12870//31 7995//31 12439//22
f 9621//7 4820//7 4819//31
f 9169//21 10857//21 5036//1
f 1052//27 3407//27 12520//24
f 9114//30 10435//30 7502//16
f 10301//8 11062//8 7301//20
f 4245//387 12376//311 7264//311
f 2356//33 5022//33 12486//8
f 4304//399 4303//128 1286//128
f 11829//66 4910//66 10756//17
f 949//20 10876//20 8156//21
f 2309//12 8144//12 10869//6
f 2117//11 5144//11 5143//73
f 8744//318 7926//318 4499//12
f 2682//12 4558//12 12405//7
f 9860//21 13028//21 11418//1
f 1198//20 6765//20 9009//20
f 11991//32 8847//32 12832//1
f 6771//27 6773//27 11412//24
f 13036//30 10931//30 3356//16
f 6766//11 6756//16 12830//16
f 836//11 849//16 3528//16
f 9847//31 3204//31 12827//22
f 8874//213 12791//400 1477//400
f 4295//402 4283//29 12086//29
f 1194//47 3198//47 3197//23
f 2194//2 12477//2 5067//66
f 12925//27 5286//27 10436//24
f 842//17 3536//17 3529//24
f 2672//2 4541//2 7865//66
f 2459//24 12423//24 4888//23
f 12763//21 4609//21 4617//1
f 6290//2 12434//2 8030//66
f 2676//20 8559//20 10571//21
f 11914//32 8259//32 3743//1
f 6192//31 6194//31 5411//22
f 8552//11 12450//11 4699//73
f 2210//33 5084//33 10835//8
f 670//8 3745//8 3744//20
f 12299//2 9141//2 2148//1
f 888//11 3321//11 3347//73
f 2470//19 10805//19 10804//30
f 6768//22 12827//22 3206//33
f 11980//18 11405//18 9007//19
f 1862//32 5520//32 5519//26
f 5867//15 6631//15 9312//73
f 1281//18 3106//18 13290//30
f 1074//6 9983//6 8961//7
f 1742//12 5587//12 5585//6
f 1272//33 3100//33 3098//8
f 2521//12 7996//12 7994//6
f 11988//6 11410//6 11409//7
f 11406//11 11997//11 1208//16
f 11989//8 3098//8 8846//20
f 13031//2 9002//2 3174//66
f 1601//27 5722//27 5723//24
f 4158//310 4157//197 12122//197
f 12005//2 1201//1 3185//1
f 9938//33 9943//33 3178//33
f 3231//91 8975//91 3244//91
f 3231//91 3244//91 3246//91
f 3230//91 3231//91 3246//91
f 3230//91 3246//91 3247//91
f 3241//5 3230//91 3247//91
f 3241//5 3247//91 11400//91
f 3241//5 11400//91 3227//91
f 3255//91 11402//91 3253//91
f 8979//91 3241//5 3227//91
f 3255//91 3253//91 6807//91
f 3255//91 6807//91 3264//91
f 8979//91 3227//91 3255//91
f 3255//91 3264//91 9961//91
f 3255//91 9961//91 3257//91
f 8979//91 3255//91 3257//91
f 8979//91 3257//91 2911//91
f 2922//91 11391//91 8977//91
f 8979//91 2911//91 12039//91
f 2922//91 8977//91 8979//91
f 8928//91 8932//91 2922//91
f 10004//441 6886//91 8928//91
f 9001//91 2949//91 8895//91
f 8895//91 10004//441 8928//91
f 8928//91 2922//91 8979//91
f 8979//91 12039//91 9950//91
f 3250//91 9001//91 8895//91
f 8979//91 9950//91 3250//91
f 8895//91 8928//91 8979//91
f 1255//22 3126//22 9032//33
f 13025//11 13227//11 3442//73
f 12230//18 3588//18 3587//19
f 2619//2 7819//2 7818//17
f 4559//11 2681//11 8561//16
f 680//6 10952//6 12539//7
f 12944//17 5507//17 5498//27
f 2273//31 4965//31 4942//31
f 2004//31 5307//31 5306//22
f 2627//20 7823//20 7517//21
f 1006//11 3444//11 3455//73
f 1239//24 9050//24 9049//47
f 4299//196 4298//403 12698//403
f 1929//11 5270//11 5272//12
f 2650//7 4693//7 4694//155
f 1221//11 3170//11 11411//73
f 11289//74 7916//74 4448//8
f 1195//23 3197//23 12829//18
f 1097//2 1247//1 3141//1
f 6766//11 9795//11 3207//12
f 1254//31 3127//31 3126//22
f 905//17 3361//17 10933//27
f 1127//318 3256//318 11397//12
f 2435//24 8028//24 4861//47
f 1096//47 3139//47 3137//47
f 6744//2 11423//2 9040//66
f 11710//39 5152//39 10824//16
f 854//19 3520//19 3521//30
f 1490//18 4358//18 4356//30
f 2513//5 8625//5 2396//5
f 2396//5 9566//5 11779//5
f 2513//5 2396//5 11779//5
f 2519//5 2513//5 11779//5
f 2519//5 11779//5 2394//5
f 2518//5 2519//5 2394//5
f 2406//5 11772//5 2269//5
f 2518//5 2394//5 2406//5
f 2517//5 2518//5 2406//5
f 2406//5 2269//5 9578//5
f 2406//5 9578//5 2413//5
f 2406//5 2413//5 2414//5
f 2406//5 2414//5 2419//5
f 2406//5 2419//5 2415//5
f 2406//5 2415//5 2416//5
f 2517//5 2406//5 2416//5
f 2417//5 2418//5 11983//5
f 2517//5 2416//5 2417//5
f 2517//5 2417//5 11983//5
f 6740//5 1206//5 11213//5
f 2517//5 11983//5 6740//5
f 2510//5 2517//5 6740//5
f 6740//5 11213//5 2509//5
f 11627//21 7492//21 5247//1
f 2515//56 4746//56 4752//18
f 7117//2 7084//17 2896//17
f 2868//39 4530//39 4529//15
f 2342//24 5026//24 5020//23
f 1207//39 9006//39 9008//16
f 2520//11 12438//11 7996//12
f 11874//12 3652//12 8295//7
f 1605//24 5723//24 5724//47
f 2473//12 8013//12 4715//6
f 6402//5 11836//5 11494//5
f 11720//5 2180//5 2181//5
f 11720//5 2181//5 2187//5
f 2228//5 6402//5 11494//5
f 2228//5 11494//5 11720//5
f 11720//5 2187//5 2186//5
f 11720//5 2186//5 2185//5
f 2227//5 2228//5 11720//5
f 2226//5 2227//5 11720//5
f 11720//5 2185//5 2191//158
f 11720//5 2191//158 2192//5
f 2235//5 2226//5 11720//5
f 2234//5 2235//5 11720//5
f 2234//5 11720//5 2192//5
f 12975//5 6398//5 2233//5
f 2233//5 2234//5 2192//5
f 15//5 2248//5 2249//5
f 15//5 2249//5 2250//5
f 2393//5 12975//5 2233//5
f 2240//5 2392//5 2393//5
f 6412//5 2240//5 2393//5
f 2192//5 15//5 2250//5
f 2192//5 2250//5 6397//5
f 6412//5 2393//5 2233//5
f 12880//5 6412//5 2233//5
f 2192//5 6397//5 6393//5
f 2192//5 6393//5 2237//5
f 2246//5 12880//5 2233//5
f 9666//5 2246//5 2233//5
f 2233//5 2192//5 2237//5
f 2233//5 2237//5 2244//5
f 2256//5 9666//5 2233//5
f 6418//5 2256//5 2233//5
f 2233//5 2244//5 2254//5
f 2233//5 2254//5 2255//5
f 2263//5 6418//5 2233//5
f 2260//5 9673//5 2263//5
f 2233//5 2255//5 2262//5
f 2262//5 2260//5 2263//5
f 2388//39 6339//39 10762//16
f 1167//2 3240//2 8978//66
f 12662//20 10705//20 4626//21
f 6796//11 12824//11 3163//73
f 875//33 3395//33 3382//8
f 2505//2 4741//2 12457//17
f 2512//30 4753//30 8001//16
f 12165//11 12584//11 3953//12
f 8487//79 4082//105 72//105
f 13110//12 3965//12 11032//7
f 2411//7 4846//7 13199//22
f 1180//56 3212//56 3211//18
f 6866//23 3302//23 12033//56
f 2212//12 12472//12 8076//7
f 532//32 3831//32 8384//1
f 3023//294 11329//109 10141//109
f 2430//11 10769//11 10768//73
f 2591//17 4641//17 4634//24
f 2350//32 5013//32 5012//1
f 2626//39 7815//39 7817//16
f 2590//2 4642//2 4641//17
f 11799//8 10765//8 10763//20
f 12933//19 7608//19 13165//30
f 4786//11 2534//11 2539//16
f 1883//30 5180//30 5188//39
f 666//12 3748//12 3747//7
f 2578//22 4624//22 4625//33
f 395//32 3976//32 11029//1
f 8647//24 8199//24 13204//23
f 9679//7 8305//7 8303//31
f 1765//297 7643//21 13164//26
f 746//22 3673//22 8262//8
f 12771//22 13078//22 6981//22
f 1028//6 3433//6 11435//7
f 2427//18 10770//18 9595//19
f 13041//5 1331//5 1315//5
f 1315//5 1316//5 12093//5
f 12093//5 1306//5 1308//461
f 12093//5 1308//461 1309//5
f 13041//5 1315//5 12093//5
f 13041//5 12093//5 1309//5
f 1292//5 1293//5 1321//5
f 13041//5 1309//5 1292//5
f 13041//5 1292//5 1321//5
f 1321//5 1320//5 11938//5
f 13041//5 1321//5 11938//5
f 1291//5 13041//5 11938//5
f 1291//5 11938//5 10085//5
f 1337//5 10086//5 6977//5
f 1337//5 6977//5 10037//158
f 1336//5 1337//5 10037//158
f 1336//5 10037//158 12232//461
f 1335//468 1336//5 12232//461
f 1471//5 1469//5 1474//5
f 1335//468 12232//461 1471//5
f 10091//5 1335//468 1471//5
f 1471//5 1474//5 6880//5
f 6880//5 6881//5 1468//5
f 1468//5 1480//532 1479//5
f 1479//5 12047//472 12048//5
f 1479//5 12048//5 1470//5
f 6880//5 1468//5 1479//5
f 10091//5 1471//5 6880//5
f 10091//5 6880//5 1479//5
f 1479//5 1470//5 1472//5
f 10091//5 1479//5 1472//5
f 1311//5 10091//5 1472//5
f 1311//5 1472//5 6911//5
f 1310//5 1311//5 6911//5
f 1310//5 6911//5 1429//5
f 10085//5 1310//5 1429//5
f 10085//5 1429//5 6909//5
f 10085//5 6909//5 1443//5
f 10085//5 1443//5 1444//5
f 10085//5 1444//5 1464//5
f 59//5 46//5 11985//5
f 736//5 11901//5 59//5
f 6461//5 736//5 59//5
f 59//5 11985//5 1283//5
f 59//5 1283//5 1289//5
f 6461//5 59//5 1289//5
f 6461//5 1289//5 1290//5
f 13005//5 11902//5 753//461
f 6461//5 1290//5 1291//5
f 13006//5 13005//5 753//461
f 6461//5 1291//5 10085//5
f 13006//5 753//461 6461//5
f 773//5 9700//5 13006//5
f 773//5 13006//5 6461//5
f 6461//5 10085//5 1464//5
f 6461//5 1464//5 1465//5
f 9705//5 773//5 6461//5
f 764//5 9705//5 6461//5
f 6461//5 1465//5 1466//533
f 6461//5 1466//533 1467//461
f 764//5 6461//5 1467//461
f 764//5 1467//461 1395//5
f 763//5 764//5 1395//5
f 763//5 1395//5 1396//5
f 11521//5 763//5 1396//5
f 11521//5 1396//5 1397//5
f 1445//461 1446//5 6916//5
f 6916//5 6917//5 1459//470
f 1459//470 1410//5 1400//5
f 1400//5 1450//5 1448//5
f 1448//5 1449//5 1451//461
f 1400//5 1448//5 1451//461
f 6916//5 1459//470 1400//5
f 1445//461 6916//5 1400//5
f 1400//5 1451//461 1398//158
f 1445//461 1400//5 1398//158
f 1397//5 1445//461 1398//158
f 1397//5 1398//158 1456//534
f 1397//5 1456//534 1455//5
f 762//5 6475//5 11522//531
f 1979//5 1969//5 762//5
f 1982//5 1979//5 762//5
f 762//5 11522//531 760//5
f 762//5 760//5 11521//5
f 12064//5 6922//5 6904//5
f 12064//5 6904//5 1454//5
f 1452//5 12064//5 1454//5
f 1452//5 1454//5 1399//5
f 12062//5 1452//5 1399//5
f 12062//5 1399//5 1408//5
f 1455//5 12062//5 1408//5
f 1409//5 1433//5 6913//5
f 1455//5 1408//5 1409//5
f 1988//5 1995//5 1996//5
f 1987//158 1988//5 1996//5
f 1987//158 1996//5 1989//5
f 1983//5 1987//158 1989//5
f 1983//5 1989//5 1980//5
f 1792//5 1973//5 1974//5
f 1792//5 1974//5 1983//5
f 1795//5 11691//5 1792//5
f 7285//5 578//5 1795//5
f 587//5 7285//5 1795//5
f 1795//5 1792//5 1983//5
f 12239//5 13134//5 618//5
f 617//5 12239//5 618//5
f 617//5 618//5 619//5
f 598//5 617//5 619//5
f 598//5 619//5 599//5
f 597//158 598//5 599//5
f 597//158 599//5 588//535
f 603//5 13132//5 596//536
f 596//536 597//158 588//535
f 602//5 603//5 596//536
f 601//486 602//5 596//536
f 601//486 596//536 588//535
f 1397//5 1455//5 1409//5
f 1409//5 6913//5 1435//5
f 1409//5 1435//5 1379//5
f 9765//5 7290//5 594//5
f 9766//5 9765//5 594//5
f 9766//5 594//5 595//5
f 678//5 9766//5 595//5
f 678//5 595//5 600//5
f 677//486 678//5 600//5
f 677//486 600//5 601//486
f 6531//5 675//5 676//5
f 677//486 601//486 588//535
f 6531//5 676//5 677//486
f 6527//5 6531//5 677//486
f 6527//5 677//486 588//535
f 1686//5 11534//5 1495//5
f 1685//5 1686//5 1495//5
f 686//5 6527//5 588//535
f 1685//5 1495//5 686//5
f 1684//5 1685//5 686//5
f 11535//5 1684//5 686//5
f 1682//5 11535//5 686//5
f 1681//5 1682//5 686//5
f 11539//5 1681//5 686//5
f 11539//5 686//5 588//535
f 11688//5 9257//5 11537//5
f 11537//5 11539//5 588//535
f 1776//5 11688//5 11537//5
f 1777//5 1776//5 11537//5
f 1777//5 11537//5 588//535
f 9455//5 1777//5 588//535
f 9456//5 9455//5 588//535
f 1766//5 6089//5 1786//5
f 1786//5 9456//5 588//535
f 1786//5 588//535 589//5
f 11653//5 1766//5 1786//5
f 1900//5 11653//5 1786//5
f 1890//472 1900//5 1786//5
f 1889//5 1890//472 1786//5
f 1889//5 1786//5 589//5
f 1926//5 1889//5 589//5
f 9367//5 1926//5 589//5
f 1923//5 9367//5 589//5
f 11655//536 11652//490 1906//5
f 1907//5 11655//536 1906//5
f 1907//5 1906//5 6006//5
f 1909//5 1907//5 6006//5
f 1909//5 6006//5 1921//5
f 1920//5 1909//5 1921//5
f 1397//5 1409//5 1379//5
f 1422//5 1403//461 1458//5
f 1422//5 1458//5 1411//5
f 1411//5 1412//158 1413//461
f 1411//5 1413//461 13055//5
f 1422//5 1411//5 13055//5
f 1422//5 13055//5 12056//461
f 1422//5 12056//461 1420//537
f 1422//5 1420//537 1418//5
f 1440//5 1405//5 1441//5
f 1440//5 1441//5 10022//5
f 6897//5 1440//5 10022//5
f 6897//5 10022//5 10024//5
f 6898//5 6897//5 10024//5
f 6898//5 10024//5 1419//5
f 1418//5 6898//5 1419//5
f 1418//5 1419//5 1404//5
f 1422//5 1418//5 1404//5
f 1423//5 6974//158 1385//5
f 1422//5 1404//5 1423//5
f 1422//5 1423//5 1385//5
f 1385//5 1386//5 1383//5
f 1383//5 1377//465 1378//5
f 1385//5 1383//5 1378//5
f 1379//5 1422//5 1385//5
f 1920//5 1921//5 1923//5
f 1922//5 1920//5 1923//5
f 1924//5 1922//5 1923//5
f 1899//5 1924//5 1923//5
f 1899//5 1923//5 589//5
f 1892//5 1899//5 589//5
f 1891//5 1892//5 589//5
f 1914//5 9425//5 1913//5
f 1913//5 1891//5 589//5
f 1914//5 1913//5 589//5
f 1893//5 1914//5 589//5
f 1893//5 589//5 590//5
f 20//5 1893//5 590//5
f 20//5 590//5 591//5
f 538//5 540//5 539//5
f 12132//5 17//5 538//5
f 33//5 12132//5 538//5
f 33//5 538//5 539//5
f 9240//5 33//5 539//5
f 20//5 591//5 13129//5
f 9240//5 539//5 543//5
f 9239//5 9240//5 543//5
f 1379//5 1385//5 1378//5
f 1397//5 1379//5 1378//5
f 9239//5 543//5 20//5
f 631//5 9239//5 20//5
f 630//5 631//5 20//5
f 629//5 630//5 20//5
f 629//5 20//5 13129//5
f 582//5 627//5 628//5
f 628//5 629//5 13129//5
f 628//5 13129//5 10285//5
f 1946//5 582//5 628//5
f 1961//5 1962//5 5950//5
f 5950//5 1946//5 628//5
f 5950//5 628//5 10285//5
f 1937//5 1961//5 5950//5
f 1936//5 1937//5 5950//5
f 5950//5 10285//5 584//5
f 5950//5 584//5 587//5
f 1945//5 1936//5 5950//5
f 1945//5 5950//5 587//5
f 1397//5 1378//5 1392//5
f 1393//5 1424//158 1425//470
f 11521//5 1397//5 1392//5
f 1393//5 1425//470 1391//461
f 11521//5 1392//5 1393//5
f 762//5 11521//5 1393//5
f 1393//5 1391//461 6971//5
f 1393//5 6971//5 1394//5
f 762//5 1393//5 1394//5
f 1380//538 6969//492 10071//5
f 1955//5 1945//5 587//5
f 1380//538 10071//5 1436//5
f 1437//5 10073//492 196//5
f 1394//5 1380//538 1436//5
f 1436//5 1437//5 196//5
f 196//5 1351//5 1387//5
f 1436//5 196//5 1387//5
f 1966//5 11635//5 1967//5
f 5959//5 1966//5 1967//5
f 5959//5 1967//5 1968//5
f 1953//158 5959//5 1968//5
f 1953//158 1968//5 1955//5
f 1952//5 1953//158 1955//5
f 1394//5 1436//5 1387//5
f 1394//5 1387//5 1349//5
f 762//5 1394//5 1349//5
f 10054//5 13062//5 6947//5
f 762//5 1349//5 10054//5
f 1982//5 762//5 10054//5
f 6947//5 6949//5 1355//5
f 1982//5 10054//5 6947//5
f 1982//5 6947//5 1355//5
f 1355//5 1933//5 1927//5
f 1981//5 1982//5 1355//5
f 1980//5 1981//5 1355//5
f 1980//5 1355//5 1927//5
f 1952//5 1955//5 587//5
f 11453//5 1952//5 587//5
f 1983//5 1980//5 1927//5
f 1983//5 1927//5 1928//5
f 11453//5 587//5 1795//5
f 9362//5 11453//5 1795//5
f 1983//5 1928//5 1956//5
f 1983//5 1956//5 1957//5
f 1958//5 9362//5 1795//5
f 1795//5 1983//5 1957//5
f 6731//16 11355//16 2914//11
f 2914//11 1262//11 1261//404
f 761//39 11441//39 8297//16
f 4420//91 4421//91 10582//91
f 4423//91 10598//91 4424//91
f 4423//91 4424//91 4422//91
f 4419//91 4420//91 10582//91
f 10582//91 4423//91 4422//91
f 1090//11 3282//11 3129//73
f 6746//11 9041//11 3116//12
f 1769//19 5422//19 5421//30
f 11425//1 9044//91 9043//2
f 9043//2 1268//2 1257//1
f 1491//30 4356//30 13181//16
f 370//33 4001//33 3999//8
f 5946//11 13304//11 12288//12
f 2067//11 12275//11 5380//73
f 1500//350 4353//350 7737//20
f 12428//11 2253//11 2252//16
f 13279//21 12415//21 13195//26
f 2275//56 4944//56 8129//18
f 12904//265 8871//405 10045//405
f 910//19 3353//19 10931//30
f 11371//22 3096//22 8854//22
f 8854//22 12103//22 185//22
f 7580//11 1625//11 1624//16
f 5869//26 7674//26 5702//66
f 2933//23 184//23 12114//23
f 12741//47 10579//47 4409//23
f 4156//406 13251//309 10147//309
f 3083//26 190//26 189//26
f 9254//344 5533//344 5530//247
f 1268//2 9043//2 11424//17
f 10792//407 4105//407 11097//408
f 396//11 3966//11 3965//12
f 2935//26 183//26 7045//26
f 2397//31 4834//31 4833//31
f 1142//47 3249//47 2912//47
f 67//408 11097//408 4202//347
f 1161//27 3239//27 3236//24
f 11093//72 11462//139 12117//139
f 12477//2 2194//2 2203//1
f 756//32 8261//32 12554//1
f 10792//407 12138//126 4106//409
f 2799//7 4457//7 4470//155
f 1620//6 5738//6 5737//6
f 11088//375 8661//364 245//364
f 11077//37 11081//55 12128//55
f 3610//91 3608//91 3620//91
f 3610//91 3620//91 3609//91
f 3611//91 3610//91 3609//91
f 3611//91 3609//91 3607//91
f 3616//91 3602//91 3603//91
f 3603//91 3611//91 3607//91
f 3599//91 9089//91 3601//91
f 3603//91 3607//91 3599//91
f 7289//91 3616//91 3603//91
f 9364//91 3598//91 7289//91
f 5233//91 9364//91 7289//91
f 3603//91 3599//91 3601//91
f 5233//91 7289//91 3603//91
f 3601//91 7488//91 5232//91
f 5232//91 5233//91 3603//91
f 558//11 3811//11 11069//12
f 1076//20 3293//20 12807//21
f 747//31 3663//31 3673//22
f 4196//91 4207//91 4198//91
f 4196//91 4198//91 4197//91
f 4195//91 4196//91 4197//91
f 4195//91 4197//91 4227//91
f 10657//91 4195//91 4227//91
f 10657//91 4227//91 4213//91
f 10656//91 10657//91 4213//91
f 10656//91 4213//91 9045//91
f 4226//91 10656//91 9045//91
f 4226//91 9045//91 9046//91
f 10664//91 4224//478 4225//91
f 4225//91 4226//91 9046//91
f 10664//91 4225//91 9046//91
f 4280//92 4279//477 10664//91
f 4273//91 4274//539 4280//92
f 4267//91 4272//91 4273//91
f 4233//91 4266//92 4267//91
f 4233//91 4267//91 4273//91
f 4273//91 4280//92 10664//91
f 4273//91 10664//91 9046//91
f 4232//91 4233//91 4273//91
f 4232//91 4273//91 9046//91
f 4232//91 9046//91 4217//91
f 4212//91 4232//91 4217//91
f 4212//91 4217//91 8450//91
f 4214//91 4212//91 8450//91
f 7777//91 4234//284 4235//91
f 4235//91 4237//91 4238//91
f 4238//91 4252//284 4251//91
f 4251//91 7789//91 4250//91
f 4230//92 7253//91 11084//91
f 4251//91 4250//91 4230//92
f 4235//91 4238//91 4251//91
f 7777//91 4235//91 4251//91
f 4251//91 4230//92 11084//91
f 7777//91 4251//91 11084//91
f 4214//91 8450//91 4189//410
f 4188//91 4214//91 4189//410
f 7268//91 7777//91 11084//91
f 4189//410 7268//91 11084//91
f 4187//91 4188//91 4189//410
f 4189//410 11084//91 4211//91
f 4134//306 11104//290 7064//290
f 1873//73 5521//73 7618//73
f 1232//39 3152//39 13299//16
f 581//11 3613//11 3612//73
f 8503//60 13254//411 116//411
f 8657//21 8022//21 4707//68
f 11690//30 5449//30 5455//16
f 12787//115 3032//44 1461//43
f 12043//11 12809//11 3279//12
f 718//18 3707//18 8270//19
f 9798//8 984//33 3470//33
f 13187//186 12374//112 1318//112
f 833//7 13218//7 3532//31
f 9452//2 11517//2 5604//66
f 2940//26 181//26 172//26
f 4257//412 7429//392 7223//392
f 224//22 308//22 309//22
f 309//22 4346//22 5097//22
f 5097//22 4186//22 224//22
f 663//56 8250//56 12545//18
f 4216//341 4215//52 7234//52
f 1571//22 5687//22 5688//8
f 9528//32 7445//32 5401//32
f 8764//30 4406//30 4417//15
f 13252//44 4091//349 7090//349
f 4281//23 310//23 226//23
f 226//23 12380//23 5098//23
f 6147//39 6149//39 8349//15
f 825//6 3544//6 12505//7
f 2729//23 4592//23 7832//56
f 365//39 4003//39 4004//16
f 2172//19 5124//19 13209//30
f 1079//2 3310//2 3305//17
f 2756//17 4411//17 4410//27
f 768//33 8280//33 8283//8
f 2708//31 7835//31 7834//22
f 9674//2 4933//2 4932//66
f 4137//413 4150//176 108//176
f 7300//32 3790//32 3789//1
f 7191//24 11142//24 4044//47
f 566//24 12854//24 3804//47
f 315//24 11148//24 12634//47
f 8482//370 12629//215 7897//215
f 574//2 8419//2 7327//66
f 1587//33 5719//33 10548//8
f 2830//47 7933//47 9195//23
f 1737//27 5583//27 12888//27
f 9475//30 5063//30 8089//16
f 1851//6 5510//6 5506//7
f 10198//31 7584//31 12156//31
f 5148//26 1364//26 12070//26
f 2606//31 4651//31 12389//22
f 11566//22 5631//22 5632//33
f 4297//414 10634//210 12087//210
f 193//22 171//22 2928//22
f 202//23 3080//23 3086//23
f 3086//23 2934//23 167//23
f 166//23 202//23 3086//23
f 471//11 3896//11 3895//73
f 10019//11 10585//11 7716//73
f 1925//6 5222//6 13153//7
f 9729//21 10955//21 3713//1
f 941//27 3341//27 3337//27
f 2665//27 4540//27 4534//24
f 10160//5 137//540 138//5
f 138//5 7022//5 7021//541
f 138//5 7021//541 141//470
f 10158//5 10160//5 138//5
f 93//461 136//470 10158//5
f 93//461 10158//5 138//5
f 138//5 141//470 94//5
f 93//461 138//5 94//5
f 106//5 93//461 94//5
f 106//5 94//5 95//461
f 106//5 95//461 69//5
f 68//5 10791//158 235//5
f 106//5 69//5 68//5
f 106//5 68//5 235//5
f 211//5 7258//5 56//5
f 106//5 235//5 211//5
f 119//5 106//5 211//5
f 10174//5 85//5 12139//5
f 10174//5 12139//5 65//5
f 119//5 211//5 56//5
f 120//5 7078//5 121//5
f 10174//5 65//5 66//5
f 52//5 53//472 165//5
f 10174//5 66//5 52//5
f 120//5 121//5 119//5
f 118//5 120//5 119//5
f 56//5 10174//5 52//5
f 52//5 165//5 163//5
f 163//5 164//158 114//5
f 52//5 163//5 114//5
f 117//5 118//5 119//5
f 117//5 119//5 56//5
f 52//5 114//5 101//461
f 52//5 101//461 133//5
f 13091//5 117//5 56//5
f 55//5 13091//5 56//5
f 7081//5 129//5 10157//5
f 7081//5 10157//5 131//5
f 10163//5 7081//5 131//5
f 10163//5 131//5 99//5
f 54//5 55//5 56//5
f 77//5 54//5 56//5
f 133//5 10163//5 99//5
f 133//5 99//5 100//5
f 76//5 77//5 56//5
f 10145//5 76//5 56//5
f 133//5 100//5 139//5
f 139//5 7033//158 157//5
f 157//5 155//158 156//5
f 157//5 156//5 140//542
f 133//5 139//5 157//5
f 10145//5 56//5 52//5
f 89//5 90//5 10143//5
f 10143//5 10145//5 52//5
f 133//5 157//5 140//542
f 51//5 104//461 102//5
f 52//5 133//5 140//542
f 51//5 102//5 103//5
f 52//5 140//542 51//5
f 91//5 89//5 10143//5
f 10143//5 52//5 51//5
f 51//5 103//5 105//5
f 105//5 91//5 10143//5
f 6308//33 9582//33 12422//8
f 11643//20 5184//20 5183//20
f 726//8 725//33 3682//33
f 3005//415 3004//543 1428//416
f 345//26 12643//26 4036//66
f 2171//30 13209//30 5120//39
f 575//27 3799//27 12854//24
f 357//33 4011//33 11136//8
f 2700//19 9218//19 10720//30
f 863//8 3382//8 3381//20
f 673//30 3740//30 3750//16
f 6464//31 8265//31 3664//22
f 8437//417 4056//379 12100//380
f 1615//24 10557//24 5735//23
f 5749//22 5126//22 6103//33
f 4204//106 4260//378 209//378
f 10456//2 6140//2 6141//1
f 700//22 3719//22 3718//33
f 4260//378 4259//358 210//358
f 2623//6 4670//6 4665//6
f 9995//18 8953//18 3284//19
f 699//7 3720//7 3719//22
f 632//18 8399//18 3780//19
f 11223//2 6106//2 2190//1
f 4142//418 4141//418 135//419
f 8911//153 12795//150 12058//150
f 9203//24 10751//24 2885//25
f 1502//6 10612//6 10611//236
f 8915//421 8917//203 1417//203
f 1780//27 5436//27 10526//24
f 2534//11 4786//11 4785//12
f 10365//2 12583//2 3919//66
f 4287//422 7770//316 7003//316
f 4170//198 8437//417 7032//417
f 9416//24 7540//24 5190//25
f 1917//5 9425//5 1914//5
f 1917//5 1914//5 1916//5
f 1898//5 1917//5 1916//5
f 1898//5 1916//5 1918//5
f 1897//5 1898//5 1918//5
f 1897//5 1918//5 1919//5
f 11655//536 1897//5 1919//5
f 11655//536 1919//5 1894//5
f 11655//536 1894//5 1887//469
f 11652//490 11655//536 1887//469
f 19//5 1893//5 20//5
f 20//5 9136//5 9139//5
f 20//5 9139//5 2124//5
f 13108//5 19//5 20//5
f 1895//5 13108//5 20//5
f 20//5 2124//5 2125//5
f 20//5 2125//5 2116//5
f 1912//5 1895//5 20//5
f 1911//5 1912//5 20//5
f 1911//5 20//5 2116//5
f 1910//5 1911//5 2116//5
f 1910//5 2116//5 2115//5
f 1888//158 1910//5 2115//5
f 2114//5 12857//5 9500//5
f 1888//158 2115//5 2114//5
f 1887//469 1888//158 2114//5
f 2114//5 9500//5 2154//461
f 2114//5 2154//461 9499//461
f 11652//490 1887//469 2114//5
f 11652//490 2114//5 9499//461
f 1904//540 11652//490 9499//461
f 1904//540 9499//461 6156//5
f 9509//5 6148//5 11719//5
f 11719//5 1881//5 12928//5
f 11719//5 12928//5 5978//158
f 6165//5 9509//5 11719//5
f 6156//5 6165//5 11719//5
f 11719//5 5978//158 5990//461
f 11719//5 5990//461 1877//5
f 1904//540 6156//5 11719//5
f 1904//540 11719//5 1877//5
f 1904//540 1877//5 1884//5
f 1903//5 1904//540 1884//5
f 1885//5 1886//5 6082//5
f 1903//5 1884//5 1885//5
f 1766//5 11653//5 1902//5
f 1903//5 1885//5 6082//5
f 1766//5 1902//5 1903//5
f 6081//5 9449//5 1766//5
f 6082//5 12951//5 1774//5
f 1774//5 6081//5 1766//5
f 1766//5 1903//5 6082//5
f 2259//32 4939//32 4940//1
f 1963//27 5260//27 12296//24
f 8779//39 8781//39 4438//15
f 2339//7 5017//7 5016//155
f 12223//423 12796//226 1414//226
f 3122//91 4886//91 6303//91
f 3122//91 6303//91 4877//91
f 4871//91 4872//91 3122//91
f 4871//91 3122//91 4877//91
f 4871//91 4877//91 4876//91
f 4870//91 4871//91 4876//91
f 4870//91 4876//91 4875//91
f 4866//91 4870//91 4875//91
f 4866//91 4875//91 4881//91
f 4865//91 4866//91 4881//91
f 4882//91 3901//91 3922//91
f 4865//91 4881//91 4882//91
f 4864//91 4865//91 4882//91
f 4882//91 3922//91 3923//91
f 4882//91 3923//91 3899//91
f 4863//91 4864//91 4882//91
f 4869//484 4863//91 4882//91
f 4882//91 3899//91 3900//91
f 4882//91 3900//91 3897//91
f 4868//91 4869//484 4882//91
f 4882//91 3897//91 3898//91
f 4882//91 3898//91 3909//91
f 3904//91 3940//91 3939//91
f 3904//91 3939//91 3902//91
f 3909//91 3904//91 3902//91
f 3909//91 3902//91 3903//91
f 3259//91 9590//91 4862//91
f 3259//91 4862//91 8029//91
f 3259//91 8029//91 4868//91
f 4996//91 3259//91 4868//91
f 3909//91 3903//91 3908//91
f 3909//91 3908//91 3905//91
f 4996//91 4868//91 4882//91
f 4995//91 4996//91 4882//91
f 2899//91 12603//91 3912//91
f 3912//91 5014//91 5044//91
f 5044//91 12492//91 8118//91
f 5099//91 5085//91 5086//91
f 5099//91 5086//91 5087//91
f 5044//91 8118//91 5099//91
f 3912//91 5044//91 5099//91
f 5099//91 5087//91 5088//91
f 3912//91 5099//91 5088//91
f 2899//91 3912//91 5088//91
f 4988//91 4995//91 4882//91
f 5006//91 4990//91 4989//91
f 4989//91 4988//91 4882//91
f 5091//91 8071//91 5082//91
f 3428//91 9080//91 11932//91
f 3431//91 5937//91 2909//91
f 3428//91 11932//91 3431//91
f 5091//91 5082//91 3428//91
f 5090//91 5091//91 3428//91
f 3431//91 2909//91 5096//91
f 5089//91 5090//91 3428//91
f 5094//91 5089//91 3428//91
f 5094//91 3428//91 3431//91
f 5093//91 5094//91 3431//91
f 5096//91 5008//91 5000//91
f 10842//91 5093//91 3431//91
f 5005//91 5006//91 4989//91
f 5004//91 5005//91 4989//91
f 5088//91 10842//91 3431//91
f 5003//91 5004//91 4989//91
f 2899//91 5088//91 3431//91
f 9643//91 5003//91 4989//91
f 2899//91 3431//91 5096//91
f 3907//91 2899//91 5096//91
f 3906//91 3907//91 5096//91
f 3906//91 5096//91 5000//91
f 3905//91 3906//91 5000//91
f 3905//91 5000//91 4998//91
f 9643//91 4989//91 4882//91
f 5001//91 9643//91 4882//91
f 3909//91 3905//91 4998//91
f 3909//91 4998//91 8655//91
f 5011//91 5001//91 4882//91
f 5010//91 5011//91 4882//91
f 3909//91 8655//91 5009//91
f 5009//91 5010//91 4882//91
f 11365//15 13082//15 187//15
f 1235//5 1236//5 1188//5
f 1188//5 1189//5 1187//5
f 1188//5 1187//5 1182//5
f 12001//5 1235//5 1188//5
f 12001//5 1188//5 1182//5
f 12001//5 1182//5 1183//5
f 9942//5 12001//5 1183//5
f 9942//5 1183//5 1184//5
f 6793//5 9942//5 1184//5
f 6793//5 1184//5 1185//5
f 11994//5 6759//5 9998//5
f 11994//5 9998//5 1117//5
f 1192//5 11994//5 1117//5
f 1192//5 1117//5 1110//5
f 1191//5 1192//5 1110//5
f 1191//5 1110//5 1111//5
f 1190//5 1191//5 1111//5
f 9992//5 10001//5 1112//5
f 1190//5 1111//5 9992//5
f 1186//5 1190//5 9992//5
f 1112//5 12660//5 2604//5
f 1186//5 9992//5 1112//5
f 1185//5 1186//5 1112//5
f 1112//5 2604//5 8804//5
f 1112//5 8804//5 2686//5
f 6793//5 1185//5 1112//5
f 6793//5 1112//5 2686//5
f 6793//5 2686//5 2687//5
f 1229//5 6793//5 2687//5
f 1229//5 2687//5 8805//5
f 1228//5 1229//5 8805//5
f 1228//5 8805//5 8806//5
f 2765//5 6794//5 1227//5
f 1227//5 1228//5 8806//5
f 2690//5 2680//5 2678//5
f 1227//5 8806//5 2690//5
f 10193//5 2765//5 1227//5
f 2769//5 10193//5 1227//5
f 1227//5 2690//5 2678//5
f 2678//5 11287//5 2794//5
f 2678//5 2794//5 12743//5
f 2768//5 2769//5 1227//5
f 2//5 2768//5 1227//5
f 1227//5 2678//5 12743//5
f 1227//5 12743//5 2787//5
f 2767//461 2//5 1227//5
f 2766//490 2767//461 1227//5
f 1227//5 2787//5 8771//472
f 1227//5 8771//472 9211//5
f 3//5 2766//490 1227//5
f 14//5 7107//5 13//5
f 14//5 13//5 3//5
f 8780//5 9100//5 14//5
f 12749//5 8780//5 14//5
f 14//5 3//5 1227//5
f 12749//5 14//5 1227//5
f 2778//5 12749//5 1227//5
f 2777//5 2778//5 1227//5
f 2776//5 2777//5 1227//5
f 2775//5 2776//5 1227//5
f 11294//5 2775//5 1227//5
f 11294//5 1227//5 9211//5
f 2773//5 11294//5 9211//5
f 2791//5 2792//5 2790//5
f 11//5 2773//5 9211//5
f 9211//5 2791//5 2790//5
f 2790//5 12145//5 2782//5
f 10//5 11//5 9211//5
f 2790//5 2782//5 10//5
f 369//24 3998//24 4000//47
f 9838//2 3203//2 11957//17
f 7046//21 3272//21 3278//1
f 1049//56 3424//56 3422//18
f 13292//88 12779//304 10028//304
f 7162//47 8343//47 3959//47
f 2243//2 4922//2 4921//66
f 491//74 3884//74 12850//8
f 3037//96 11334//425 1475//425
f 1875//6 5187//273 5186//6
f 2064//18 5375//18 5374//19
f 741//12 10978//12 3672//6
f 11350//133 8910//428 1421//426
f 347//18 11119//18 4048//19
f 4549//91 4442//91 4451//91
f 4451//91 4452//91 4570//91
f 4451//91 4570//91 4571//91
f 4551//91 4549//91 4451//91
f 4552//91 4551//91 4451//91
f 4451//91 4571//91 4564//91
f 4552//91 4451//91 4564//91
f 4552//91 4564//91 4563//91
f 4552//91 4563//91 4561//91
f 4557//91 4552//91 4561//91
f 4557//91 4561//91 4562//91
f 4640//91 4639//284 10724//91
f 4550//91 4645//91 4646//91
f 4646//91 4640//91 10724//91
f 4557//91 4562//91 4572//91
f 4646//91 10724//91 4557//91
f 4656//91 10679//91 4550//91
f 4550//91 4646//91 4557//91
f 4557//91 4572//91 4573//484
f 4557//91 4573//484 4574//91
f 4656//91 4550//91 4557//91
f 7885//91 3169//91 4656//91
f 4568//91 7885//91 4656//91
f 4656//91 4557//91 4574//91
f 427//33 3947//33 13238//8
f 10615//336 4343//427 1299//427
f 7395//32 7410//32 3913//1
f 8910//428 8909//181 6902//181
f 5986//5 12928//5 1881//5
f 6082//5 1886//5 5974//158
f 6082//5 5974//158 5987//461
f 5970//461 5986//5 1881//5
f 6082//5 5987//461 1880//5
f 1880//5 5970//461 1881//5
f 6143//27 5159//27 13211//24
f 1242//148 9055//148 3147//80
f 10651//429 4265//263 291//263
f 915//19 3335//19 11382//30
f 4293//396 10390//171 1323//171
f 606//12 3617//12 8274//7
f 2295//24 4973//24 4974//47
f 536//31 3836//31 3834//22
f 1240//56 3154//56 9047//18
f 582//5 2131//5 2130//5
f 582//5 2130//5 2133//5
f 626//5 627//5 582//5
f 625//5 626//5 582//5
f 582//5 2133//5 2134//5
f 582//5 2134//5 2135//158
f 622//5 625//5 582//5
f 623//5 622//5 582//5
f 582//5 2135//158 2136//5
f 623//5 582//5 2136//5
f 624//5 623//5 2136//5
f 624//5 2136//5 2137//5
f 621//5 624//5 2137//5
f 621//5 2137//5 2138//460
f 17//5 12132//5 620//5
f 620//5 621//5 2138//460
f 620//5 2138//460 2139//5
f 7057//5 7055//5 17//5
f 17//5 620//5 2139//5
f 17//5 2139//5 2129//5
f 17//5 2129//5 2128//5
f 17//5 2128//5 2127//5
f 1355//5 6940//5 12073//5
f 13060//5 6930//494 10048//5
f 1355//5 12073//5 13060//5
f 7047//5 10135//492 12208//5
f 13060//5 10048//5 16//5
f 2127//5 1355//5 13060//5
f 7261//5 7047//5 12208//5
f 2127//5 13060//5 16//5
f 16//5 7261//5 12208//5
f 16//5 12208//5 7057//5
f 17//5 2127//5 16//5
f 10944//91 3342//91 10928//91
f 4218//97 265//97 264//190
f 4128//430 11095//262 7102//262
f 11328//110 8864//113 6908//113
f 2315//2 4992//2 6379//66
f 1137//31 3263//31 3262//22
f 10207//2 8521//2 8517//66
f 2709//22 7834//22 4576//33
f 4168//378 4167//358 9555//358
f 375//39 3990//39 13256//16
f 1158//33 3245//33 8974//8
f 12935//23 7609//23 7607//56
f 1820//22 7606//22 7604//33
f 1230//33 3158//33 3162//8
f 9238//11 12892//11 1714//16
f 2683//21 10571//21 12404//1
f 430//12 13241//12 3928//7
f 813//33 3557//33 3559//8
f 11696//31 10823//31 5126//22
f 380//27 3992//27 8513//24
f 4327//431 7423//185 1288//185
f 4307//22 4290//22 1307//22
f 48//22 4342//22 11117//22
f 10363//56 8331//56 3933//56
f 11953//2 3330//2 3328//17
f 12257//24 3918//24 3931//47
f 783//19 6492//19 8290//30
f 1256//20 3125//20 3124//21
f 1211//21 3177//21 9003//1
f 2932//15 176//15 177//15
f 2580//56 4619//56 4621//56
f 6488//8 8283//8 9713//20
f 5589//91 7588//91 7605//91
f 5589//91 7605//91 5476//91
f 5494//91 7564//91 5589//91
f 5493//91 5494//91 5589//91
f 5589//91 5476//91 5477//91
f 5492//91 5493//91 5589//91
f 5303//91 7598//91 5486//91
f 5486//91 5492//91 5589//91
f 5486//91 5589//91 5477//91
f 7484//91 5303//91 5486//91
f 13230//91 7461//91 7484//91
f 3674//91 13230//91 7484//91
f 5486//91 5477//91 5481//91
f 7484//91 5486//91 5481//91
f 3671//91 3674//91 7484//91
f 3670//91 3671//91 7484//91
f 7484//91 5481//91 7600//91
f 7484//91 7600//91 7601//91
f 3669//91 3670//91 7484//91
f 7484//91 7601//91 5470//91
f 7484//91 5470//91 5471//91
f 3669//91 7484//91 5471//91
f 3669//91 5471//91 5472//91
f 3635//91 3669//91 5472//91
f 3635//91 5472//91 5473//91
f 3635//91 5473//91 5478//91
f 5478//91 5479//91 2873//91
f 2873//91 13235//91 3575//410
f 2873//91 3575//410 3576//91
f 11000//91 8298//91 3632//91
f 3631//91 11000//91 3632//91
f 3631//91 3632//91 3630//91
f 3629//91 3631//91 3630//91
f 3629//91 3630//91 3628//91
f 3627//91 3629//91 3628//91
f 3627//91 3628//91 3626//91
f 3636//91 3627//91 3626//91
f 3636//91 3626//91 3635//91
f 3634//91 3636//91 3635//91
f 5478//91 2873//91 3576//91
f 5478//91 3576//91 3573//284
f 3634//91 3635//91 5478//91
f 3634//91 5478//91 3573//284
f 3634//91 3573//284 8311//91
f 3625//91 3634//91 8311//91
f 8310//91 11010//91 3546//91
f 3625//91 8311//91 8310//91
f 3624//91 3625//91 8310//91
f 8310//91 3546//91 3547//91
f 8310//91 3547//91 3560//91
f 3624//91 8310//91 3560//91
f 3624//91 3560//91 3548//91
f 3644//91 3624//91 3548//91
f 3644//91 3548//91 3549//91
f 3643//544 3644//91 3549//91
f 3643//544 3549//91 3561//91
f 3643//544 3561//91 3562//91
f 3647//91 3648//91 3641//91
f 3646//91 3647//91 3641//91
f 3646//91 3641//91 3642//91
f 3640//91 3646//91 3642//91
f 3640//91 3642//91 3643//544
f 2904//545 3640//91 3643//544
f 2904//545 3643//544 3562//91
f 3566//91 8304//91 3565//91
f 3565//91 9209//91 3758//91
f 3769//91 3768//91 3767//91
f 3566//91 3565//91 3758//91
f 3758//91 3769//91 3767//91
f 3758//91 3767//91 3763//91
f 13234//91 3566//91 3758//91
f 3553//92 13234//91 3758//91
f 3758//91 3763//91 3764//91
f 3758//91 3764//91 3757//91
f 3552//91 3553//92 3758//91
f 3552//91 3758//91 3757//91
f 3552//91 3757//91 3751//91
f 3563//91 3552//91 3751//91
f 3563//91 3751//91 3752//91
f 3562//91 3563//91 3752//91
f 3562//91 3752//91 3753//91
f 3562//91 3753//91 3754//91
f 8299//91 3621//91 3622//91
f 2951//91 9710//91 3655//91
f 3655//91 8299//91 3622//91
f 3655//91 3622//91 10994//91
f 2975//91 3645//317 2951//91
f 2951//91 3655//91 10994//91
f 2951//91 10994//91 3637//91
f 2974//91 2975//91 2951//91
f 11338//91 8904//91 2974//91
f 11338//91 2974//91 2951//91
f 2951//91 3637//91 3638//91
f 2951//91 3638//91 3639//91
f 3060//284 11338//91 2951//91
f 8883//441 7415//91 2962//91
f 3060//284 2951//91 3639//91
f 2957//91 8883//441 2962//91
f 2962//91 3060//284 3639//91
f 2962//91 3639//91 2903//91
f 2956//91 12793//91 2957//91
f 2957//91 2962//91 2903//91
f 2957//91 2903//91 2904//545
f 11323//91 2956//91 2957//91
f 3062//91 11323//91 2957//91
f 3061//91 3062//91 2957//91
f 2905//91 10061//91 3061//91
f 3550//91 2905//91 3061//91
f 3061//91 2957//91 2904//545
f 3061//91 2904//545 3562//91
f 3550//91 3061//91 3562//91
f 3550//91 3562//91 3754//91
f 3761//91 3762//91 6570//91
f 3761//91 6570//91 3765//91
f 3760//91 3761//91 3765//91
f 3760//91 3765//91 3773//91
f 3760//91 3773//91 3774//484
f 3760//91 3774//484 3775//91
f 3759//91 3760//91 3775//91
f 9764//91 3771//91 3716//91
f 3775//91 9764//91 3716//91
f 3716//91 8247//91 6518//91
f 3716//91 6518//91 3715//91
f 3759//91 3775//91 3716//91
f 3759//91 3716//91 3715//91
f 3705//91 8269//91 3701//91
f 3759//91 3715//91 3705//91
f 3756//91 3759//91 3705//91
f 3705//91 3701//91 11889//91
f 3705//91 11889//91 3703//91
f 3756//91 3705//91 3703//91
f 3756//91 3703//91 3704//91
f 3755//92 3756//91 3704//91
f 3755//92 3704//91 6512//91
f 3754//91 3755//92 6512//91
f 3695//91 9235//91 3696//91
f 3754//91 6512//91 3695//91
f 3551//91 5466//91 7649//91
f 10499//284 5560//91 3551//91
f 5557//91 10499//284 3551//91
f 3551//91 7649//91 6023//91
f 3550//91 3754//91 3695//91
f 3696//91 5565//91 5566//91
f 3551//91 6023//91 3550//91
f 3696//91 5566//91 5557//91
f 3551//91 3550//91 3695//91
f 3696//91 5557//91 3551//91
f 2660//23 4690//23 4697//56
f 381//24 8513//24 8514//47
f 2524//22 12439//22 10787//8
f 63//23 4092//23 4345//23
f 9779//18 8192//18 3435//30
f 2168//6 5121//6 5127//6
f 2855//352 4516//39 10719//15
f 4125//259 4127//432 122//432
f 1000//8 12837//8 3459//20
f 12960//20 12466//20 12464//20
f 4119//118 12856//249 87//249
f 1341//435 1301//315 12372//433
f 12372//433 4284//470 4341//434
f 1775//6 5419//273 5418//6
f 2954//272 2984//436 1431//436
f 611//2 13237//2 11017//17
f 327//31 4020//31 4018//155
f 2092//33 5393//33 5392//8
f 8902//327 9284//285 6968//437
f 11511//21 12569//21 3564//1
f 968//19 3506//19 3507//30
f 2493//33 4735//33 4736//33
f 12497//2 2307//2 2306//1
f 13059//114 12787//115 12061//115
f 4784//91 4779//91 3960//91
f 8515//91 3987//91 3901//91
f 4784//91 3960//91 8515//91
f 4783//91 4784//91 8515//91
f 3901//91 4882//91 10748//91
f 3901//91 10748//91 4880//91
f 4782//91 4783//91 8515//91
f 8515//91 3901//91 4880//91
f 8515//91 4880//91 4879//91
f 8515//91 4879//91 4873//91
f 8515//91 4873//91 7948//91
f 8515//91 7948//91 10750//91
f 4885//91 4886//91 3122//91
f 8515//91 10750//91 4885//91
f 4782//91 8515//91 4885//91
f 4885//91 3122//91 4769//91
f 4885//91 4769//91 4770//91
f 4782//91 4885//91 4770//91
f 4782//91 4770//91 10785//91
f 4775//91 4782//91 10785//91
f 4775//91 10785//91 4763//91
f 4774//91 4775//91 4763//91
f 4774//91 4763//91 4764//91
f 4781//91 4774//91 4764//91
f 4781//91 4764//91 4765//91
f 4780//91 4781//91 4765//91
f 4771//91 4772//284 3186//91
f 4780//91 4765//91 4771//91
f 4663//91 8012//91 4787//91
f 4787//91 4780//91 4771//91
f 4771//91 3186//91 3192//91
f 4771//91 3192//91 3193//91
f 4663//91 4787//91 4771//91
f 4662//91 4664//91 4663//91
f 4661//91 4662//91 4663//91
f 4771//91 3193//91 3194//91
f 4771//91 3194//91 3189//91
f 4661//91 4663//91 4771//91
f 4675//91 4661//91 4771//91
f 4674//91 4675//91 4771//91
f 4673//91 4674//91 4771//91
f 4673//91 4771//91 3189//91
f 4667//91 4673//91 3189//91
f 4666//91 4667//91 3189//91
f 4668//91 4666//91 3189//91
f 4668//91 3189//91 3187//484
f 4669//91 4668//91 3187//484
f 4672//91 4669//91 3187//484
f 4577//91 4671//91 4672//91
f 3188//91 4577//91 4672//91
f 4672//91 3187//484 3184//91
f 3188//91 4672//91 3184//91
f 3183//91 3182//91 9944//91
f 7838//91 3188//91 3184//91
f 3184//91 3183//91 9944//91
f 3184//91 9944//91 3165//91
f 4583//91 7838//91 3184//91
f 4583//91 3184//91 3165//91
f 3166//91 9014//512 3169//91
f 4583//91 3165//91 3166//91
f 3166//91 3169//91 3501//91
f 3510//91 9845//91 9850//91
f 3166//91 3501//91 3510//91
f 3166//91 3510//91 9850//91
f 3166//91 9850//91 3509//91
f 3166//91 3509//91 3511//91
f 3166//91 3511//91 3512//91
f 3166//91 3512//91 3513//91
f 4583//91 3166//91 3513//91
f 4583//91 3513//91 3514//91
f 4583//91 3514//91 3515//91
f 4586//91 4583//91 3515//91
f 4586//91 3515//91 3516//91
f 4586//91 3516//91 3517//91
f 3517//91 2906//91 10572//91
f 3517//91 10572//91 4477//91
f 4586//91 3517//91 4477//91
f 4586//91 4477//91 4478//91
f 4585//91 4586//91 4478//91
f 4585//91 4478//91 4479//91
f 4584//91 4585//91 4479//91
f 4584//91 4479//91 4480//91
f 10700//91 4578//91 4579//91
f 4579//91 4584//91 4480//91
f 4579//91 4480//91 4481//91
f 7831//91 10700//91 4579//91
f 7830//91 7831//91 4579//91
f 7830//91 4579//91 4481//91
f 4600//91 7830//91 4481//91
f 4600//91 4481//91 4482//91
f 3840//91 4598//91 4599//91
f 4599//91 4600//91 4482//91
f 4599//91 4482//91 4471//91
f 7932//91 3840//91 4599//91
f 2890//91 7932//91 4599//91
f 4599//91 4471//91 4472//91
f 2890//91 4599//91 4472//91
f 11513//91 2890//91 4472//91
f 11513//91 4472//91 4473//91
f 4487//91 11513//91 4473//91
f 4474//91 4475//91 7912//91
f 4486//91 4487//91 4473//91
f 4473//91 4474//91 7912//91
f 7928//91 12414//91 4500//91
f 4500//91 7920//91 3849//91
f 3849//91 7930//91 4488//91
f 3849//91 4488//91 4491//91
f 7928//91 4500//91 3849//91
f 4473//91 7912//91 7928//91
f 4486//91 4473//91 7928//91
f 7928//91 3849//91 4491//91
f 7928//91 4491//91 4492//91
f 4484//91 4486//91 7928//91
f 4483//91 4484//91 7928//91
f 7928//91 4492//91 4493//91
f 1031//32 3427//32 12524//1
f 12955//18 10843//18 5092//19
f 4155//254 4156//406 10149//406
f 643//8 11065//8 3770//20
f 665//11 3749//11 3748//12
f 1113//31 3275//31 3274//22
f 12075//5 6960//5 6935//5
f 6935//5 10049//5 10066//5
f 10066//5 12069//91 6950//5
f 12075//5 6935//5 10066//5
f 8864//113 3001//438 1442//438
f 12797//227 3039//439 10080//439
f 12267//440 4326//312 1332//312
f 660//56 3766//56 11066//18
f 11369//91 2922//91 8932//91
f 2921//91 6886//91 2916//91
f 11369//91 8932//91 2921//91
f 2925//91 11369//91 2921//91
f 2921//91 2916//91 12776//91
f 2937//91 10138//91 7743//441
f 2921//91 12776//91 2937//91
f 2924//91 2925//91 2921//91
f 2937//91 7743//441 11364//441
f 11364//441 8948//91 2924//91
f 2924//91 2921//91 2937//91
f 1152//6 3229//6 11388//7
f 3121//91 3122//91 4872//91
f 3121//91 4872//91 4859//91
f 3120//91 3121//91 4859//91
f 4860//91 9590//91 3259//91
f 3120//91 4859//91 4860//91
f 3114//91 3120//91 4860//91
f 3259//91 11387//91 3312//91
f 3259//91 3312//91 3315//91
f 8845//91 11325//91 3097//91
f 3115//91 8845//91 3097//91
f 3115//91 3097//91 3114//91
f 3113//91 3115//91 3114//91
f 4860//91 3259//91 3315//91
f 4860//91 3315//91 3316//91
f 3113//91 3114//91 4860//91
f 3112//92 3113//91 4860//91
f 4860//91 3316//91 3317//91
f 4860//91 3317//91 3314//91
f 4860//91 3314//91 3313//91
f 3112//92 4860//91 3313//91
f 3112//92 3313//91 3299//91
f 3112//92 3299//91 3298//91
f 3111//91 3112//92 3298//91
f 3296//91 11374//91 12805//91
f 3111//91 3298//91 3296//91
f 3296//91 12805//91 3295//91
f 3296//91 3295//91 3297//91
f 3296//91 3297//91 3307//91
f 3296//91 3307//91 3308//91
f 3111//91 3296//91 3308//91
f 3111//91 3308//91 3309//91
f 3110//92 3111//91 3309//91
f 3110//92 3309//91 3300//91
f 12451//91 3107//91 6742//91
f 6742//91 3110//92 3300//91
f 6742//91 3300//91 3301//91
f 4749//91 12451//91 6742//91
f 3109//91 4751//91 4750//91
f 4750//91 4749//91 6742//91
f 6742//91 3301//91 8971//91
f 8971//91 3234//91 4852//91
f 8971//91 4852//91 4851//91
f 3109//91 4750//91 6742//91
f 8971//91 4851//91 3109//91
f 10335//5 7336//5 573//5
f 1679//6 5528//6 5527//7
f 11118//90 4065//170 47//170
f 1234//32 3161//32 12015//1
f 4261//442 7771//371 207//371
f 2321//21 4994//21 4993//1
f 441//33 3932//33 12601//8
f 3078//15 201//15 194//15
f 11290//7 7909//7 4454//155
f 7790//368 4249//275 257//275
f 1863//26 5519//26 5518//66
f 809//2 3569//2 12571//17
f 10239//11 11147//11 4013//73
f 2013//27 5313//27 7460//24
f 1565//23 13174//23 13173//18
f 2401//11 4843//11 4842//73
f 10653//354 7776//356 258//356
f 1816//21 5463//21 7650//1
f 6401//23 12377//23 4903//56
f 2150//27 5174//27 12300//24
f 1481//22 2918//22 2944//22
f 2919//23 1482//23 1342//23
f 2595//7 4635//7 4636//31
f 8120//11 12976//11 2283//16
f 12396//2 11308//2 2703//1
f 1485//15 2927//15 2926//15
f 1155//27 3248//27 8996//24
f 10678//2 2617//2 2616//1
f 10632//127 10645//330 1303//330
f 7775//357 4236//443 247//443
f 9654//31 7955//31 13198//22
f 2821//24 12351//24 4476//25
f 340//33 4043//74 4042//8
f 5147//22 1363//22 1371//22
f 3045//444 3033//445 1407//445
f 2443//39 4878//39 7946//16
f 5914//33 5916//33 4389//8
f 2070//6 5361//6 10404//7
f 1144//18 12802//18 12803//30
f 9150//24 13149//24 5378//47
f 1262//11 2914//11 8926//12
f 12213//441 7041//91 3093//91
f 7944//2 2450//2 9588//1
f 1548//33 5672//33 9832//8
f 2101//6 5413//6 5412//6
f 1574//8 11806//8 7676//20
f 1647//247 5623//247 5629//248
f 11295//23 4433//23 13179//56
f 325//15 4029//15 11153//12
f 11678//32 7559//32 5606//1
f 4136//446 11111//305 142//307
f 5482//11 1827//11 6021//16
f 445//8 12602//8 3910//20
f 2230//19 10661//19 10659//30
f 2858//6 4514//6 4512//7
f 2795//58 4446//58 10589//18
f 1250//33 3145//33 12835//8
f 12619//53 11089//3 12624//3
f 1878//27 5181//27 5177//27
f 1943//27 5245//27 12289//24
f 3095//15 169//15 168//15
f 2316//27 4987//27 12495//24
f 4270//447 4271//40 10283//40
f 11455//83 4191//274 233//274
f 1563//27 5693//27 6609//27
f 1570//7 5686//7 5687//22
f 1608//39 5726//39 12342//15
f 1280//56 3108//56 3106//18
f 1568//18 13173//18 12349//19
f 2551//33 4793//33 4794//8
f 10649//322 12267//440 1325//440
f 11096//270 4124//365 7073//365
f 506//8 13244//8 3865//20
f 2104//19 5408//19 12872//30
f 8907//206 12904//265 1460//265
f 5821//18 7553//18 7548//19
f 4262//35 4261//442 206//442
f 2036//31 5337//31 5336//22
f 4631//11 2589//11 2588//16
f 4817//91 4818//91 4916//91
f 4916//91 7952//91 4925//91
f 4916//91 4925//91 4936//91
f 4709//91 10759//91 4830//91
f 4714//91 12448//91 4709//91
f 4713//91 4714//91 4709//91
f 4709//91 4830//91 4824//91
f 4709//91 4824//91 4823//91
f 4713//91 4709//91 4823//91
f 4713//91 4823//91 4822//91
f 4713//91 4822//91 4821//91
f 10707//91 4710//91 4711//91
f 10660//284 10839//91 10707//91
f 4902//91 10660//284 10707//91
f 10707//91 4711//91 4712//284
f 10707//91 4712//284 4713//91
f 4913//91 4902//91 10707//91
f 7956//91 4913//91 10707//91
f 7956//91 10707//91 4713//91
f 7954//91 7956//91 4713//91
f 7954//91 4713//91 4821//91
f 2886//91 4908//91 4907//91
f 4907//91 7954//91 4821//91
f 4907//91 4821//91 4825//91
f 2886//91 4907//91 4825//91
f 2886//91 4825//91 4826//91
f 4930//91 2886//91 4826//91
f 4930//91 4826//91 4827//91
f 4929//91 4930//91 4827//91
f 4916//91 4936//91 4937//91
f 4937//91 8138//91 4917//91
f 4937//91 4917//91 4915//91
f 4929//91 4827//91 4817//91
f 4914//91 4929//91 4817//91
f 4916//91 4937//91 4915//91
f 4915//91 4914//91 4817//91
f 7316//22 8410//22 3819//8
f 4099//448 4098//383 13079//383
f 11139//11 10243//11 373//16
f 3070//26 1376//26 1375//26
f 9730//11 10983//11 3702//73
f 5969//19 5971//19 5180//30
f 3633//16 3654//91 12566//11
f 12566//11 9697//11 740//15
f 740//15 772//16 3633//16
f 2178//20 5125//296 5118//21
f 11769//23 12282//23 5339//56
f 2162//19 5108//19 5107//19
f 6204//17 8166//17 13149//24
f 1593//39 5710//39 13169//15
f 9415//23 5178//23 5179//56
f 1564//47 5685//47 13174//23
f 2434//27 4867//27 8028//24
f 1552//27 5674//27 5683//24
f 10662//151 4278//206 299//208
f 4228//152 12382//153 289//153
f 5465//284 5466//91 3551//91
f 3551//91 5560//91 5555//91
f 3551//91 5555//91 5556//91
f 5464//91 5465//284 3551//91
f 5464//91 3551//91 5556//91
f 5464//91 5556//91 5561//91
f 5464//91 5561//91 5562//91
f 5464//91 5562//91 5563//91
f 5458//91 5464//91 5563//91
f 5458//91 5563//91 2874//91
f 5459//92 5458//91 2874//91
f 5459//92 2874//91 2875//91
f 3696//91 5813//91 5633//91
f 3696//91 5633//91 5634//91
f 5565//91 3696//91 5634//91
f 5565//91 5634//91 5635//91
f 5564//91 5565//91 5635//91
f 5564//91 5635//91 5626//91
f 5559//92 5564//91 5626//91
f 5627//91 5628//91 5548//91
f 5559//92 5626//91 5627//91
f 2875//91 5559//92 5627//91
f 5548//91 5820//91 5609//91
f 2875//91 5627//91 5548//91
f 5459//92 2875//91 5548//91
f 5548//91 5609//91 5618//91
f 5548//91 5618//91 5619//91
f 5460//91 5459//92 5548//91
f 5548//91 5619//91 5620//91
f 5548//91 5620//91 5614//91
f 5608//91 5615//91 3728//91
f 3728//91 3727//91 3729//91
f 3728//91 3729//91 3730//91
f 5607//91 5608//91 3728//91
f 5613//91 5607//91 3728//91
f 3728//91 3730//91 3733//91
f 3728//91 3733//91 3732//91
f 5613//91 3728//91 3732//91
f 5613//91 3732//91 3731//91
f 5614//91 5613//91 3731//91
f 5614//91 3731//91 3734//91
f 3550//91 6023//91 5456//91
f 9388//91 2905//91 3550//91
f 5280//91 9388//91 3550//91
f 3550//91 5456//91 5457//91
f 3550//91 5457//91 5467//91
f 6234//91 5280//91 3550//91
f 5299//91 6234//91 3550//91
f 3550//91 5467//91 5468//91
f 3550//91 5468//91 5469//91
f 5298//91 5299//91 3550//91
f 5548//91 5614//91 3734//91
f 5548//91 3734//91 3735//91
f 5548//91 3735//91 3736//91
f 3721//91 3722//91 3676//91
f 3736//91 3721//91 3676//91
f 3676//91 10971//91 3681//91
f 3676//91 3681//91 3685//91
f 5548//91 3736//91 3676//91
f 5548//91 3676//91 3685//91
f 3686//91 3684//91 11226//91
f 5548//91 3685//91 3686//91
f 3686//91 11226//91 5542//91
f 3686//91 5542//91 5549//91
f 5285//91 8702//92 5294//91
f 5290//91 5285//91 5294//91
f 5290//91 5294//91 5295//91
f 5296//91 5290//91 5295//91
f 3686//91 5549//91 5550//91
f 5548//91 3686//91 5550//91
f 5548//91 5550//91 5551//91
f 5548//91 5551//91 5546//91
f 5548//91 5546//91 5762//91
f 5548//91 5762//91 12157//91
f 5460//91 5548//91 12157//91
f 5460//91 12157//91 7583//91
f 5460//91 7583//91 7585//91
f 7585//91 7581//91 5451//91
f 7585//91 5451//91 5452//91
f 7585//91 5452//91 5442//91
f 7585//91 5442//91 5443//91
f 5460//91 7585//91 5443//91
f 5444//91 5236//91 7470//91
f 5460//91 5443//91 5444//91
f 5461//91 5460//91 5444//91
f 5444//91 7470//91 5287//91
f 5444//91 5287//91 5288//91
f 5469//91 5461//91 5444//91
f 5296//91 5295//91 5298//91
f 5297//91 5296//91 5298//91
f 3550//91 5469//91 5444//91
f 5444//91 5288//91 5277//91
f 3550//91 5444//91 5277//91
f 5284//91 5297//91 5298//91
f 5283//91 5284//91 5298//91
f 3550//91 5277//91 5278//91
f 5279//91 5283//91 5298//91
f 3550//91 5278//91 5279//91
f 929//6 3343//6 3354//7
f 12791//400 3040//295 1478//295
f 1567//39 12348//39 5690//39
f 748//20 3662//20 10975//21
f 580//8 3597//8 3596//20
f 6005//18 13157//18 5193//19
f 4//5 7107//5 14//5
f 2765//5 10193//5 2770//5
f 2765//5 2770//5 2771//5
f 4//5 14//5 2765//5
f 1848//8 5503//8 5502//20
f 9398//22 12293//22 5300//33
f 12856//249 4074//250 64//250
f 1585//32 5717//32 5716//26
f 1129//20 3252//20 3251//21
f 4086//341 4121//52 146//52
f 2107//22 5411//22 7447//33
f 1594//15 13169//15 9320//73
f 10652//22 10651//429 273//429
f 754//19 3660//19 12550//30
f 3767//91 3768//91 6570//91
f 431//7 3928//7 7404//31
f 2936//22 179//22 178//22
f 7425//449 4312//217 1313//217
f 1519//39 4384//39 13183//15
f 2726//5 8819//5 11253//5
f 11253//5 12878//5 2707//5
f 2707//5 8828//5 11320//5
f 2707//5 11320//5 2722//5
f 2726//5 11253//5 2707//5
f 2707//5 2722//5 2723//5
f 9418//12 11515//12 5207//7
f 3066//22 1353//22 13063//22
f 12379//92 8423//91 10610//91
f 2112//8 5132//8 5131//20
f 2170//66 5117//66 13208//17
f 11628//18 5242//18 5250//19
f 12626//160 4133//450 130//450
f 4259//358 4258//359 2039//359
f 4314//94 4313//451 1327//451
f 3013//284 6979//91 2969//91
f 3015//91 3013//284 2969//91
f 3003//317 3016//91 3015//91
f 2998//91 2952//91 2995//91
f 2995//91 3003//317 3015//91
f 3015//91 2969//91 2978//284
f 2995//91 3015//91 2978//284
f 2997//91 2998//91 2995//91
f 2996//284 2997//91 2995//91
f 2995//91 2978//284 2979//91
f 2981//91 8916//91 2970//91
f 2979//91 2981//91 2970//91
f 2979//91 2970//91 12224//91
f 2994//91 2996//284 2995//91
f 2993//91 2994//91 2995//91
f 2979//91 12224//91 2980//91
f 2979//91 2980//91 2989//91
f 2963//91 2993//91 2995//91
f 2986//91 2987//91 2963//91
f 3012//92 2985//477 2986//91
f 3010//91 3011//539 3012//92
f 2977//91 3009//91 3010//91
f 2964//91 2976//91 2977//91
f 2964//91 2977//91 3010//91
f 3010//91 3012//92 2986//91
f 2986//91 2963//91 2995//91
f 2979//91 2989//91 2990//91
f 2991//91 2992//410 3017//91
f 2979//91 2990//91 2991//91
f 3010//91 2986//91 2995//91
f 2966//91 2964//91 3010//91
f 2966//91 3010//91 2995//91
f 2979//91 2991//91 3017//91
f 3017//91 3018//91 3019//284
f 3019//284 2988//91 2968//91
f 2965//91 3044//91 8872//91
f 3017//91 3019//284 2968//91
f 2965//91 8872//91 3043//91
f 2979//91 3017//91 2968//91
f 2965//91 3043//91 3008//91
f 2995//91 2979//91 2968//91
f 2965//91 3008//91 3028//91
f 2995//91 2968//91 2965//91
f 2967//91 2966//91 2995//91
f 3025//91 2967//91 2995//91
f 2995//91 2965//91 3028//91
f 3029//91 3031//91 3030//91
f 3025//91 2995//91 3028//91
f 3028//91 3029//91 3030//91
f 3024//91 3025//91 3028//91
f 3072//15 1352//15 10058//15
f 2458//27 4896//27 12423//24
f 2863//32 4523//32 10550//26
f 9159//8 10787//8 4762//20
f 1558//6 5677//6 12350//7
f 1760//24 12310//24 5598//47
f 2098//2 11488//2 5387//66
f 1596//32 5728//32 5721//26
f 1577//32 5705//32 7674//26
f 6090//11 5440//11 7634//73
f 6155//25 6157//25 5109//23
f 1749//8 5595//8 5596//20
f 4268//452 4270//447 283//447
f 696//6 3717//6 3720//7
f 1251//8 12835//8 3142//20
f 1694//12 5545//12 5544//6
f 1845//21 7595//21 10502//1
f 3065//23 1356//23 1369//23
f 5820//91 5548//91 5628//91
f 5628//91 9309//91 5691//91
f 5691//91 3728//91 5615//91
f 5691//91 5615//91 5616//91
f 5611//91 5820//91 5628//91
f 5612//91 5611//91 5628//91
f 5691//91 5616//91 12840//91
f 12840//91 5612//91 5628//91
f 513//21 3846//21 12604//1
f 2369//397 5039//66 5047//397
f 1613//26 5743//26 7681//66
f 1867//6 5514//6 12931//6
f 2516//18 4752//18 4753//30
f 4112//376 4114//453 92//453
f 13288//12 13193//12 4565//6
f 1588//26 5716//26 5715//66
f 1517//23 7738//23 4380//56
f 6466//11 8296//11 3623//73
f 2670//32 4539//32 4542//1
f 9256//8 5535//8 5534//20
f 4176//509 4173//5 4172//230
f 4172//230 4171//222 147//222
f 154//231 153//91 152//232
f 4172//230 147//222 154//231
f 152//232 4176//509 4172//230
f 2481//8 4722//8 4723//21
f 8683//11 8000//11 12454//12
f 8298//91 11000//91 3649//91
f 3649//91 3648//91 3647//91
f 3649//91 3647//91 3650//91
f 3621//91 8299//91 8298//91
f 8298//91 3649//91 3650//91
f 8298//91 3650//91 3651//91
f 3653//91 3621//91 8298//91
f 1165//21 13296//21 11394//1
f 7320//21 11073//21 11075//1
f 13022//11 3482//11 10899//12
f 1516//24 4382//131 7738//23
f 2106//20 5410//296 5402//20
f 2668//33 4536//33 7893//8
f 2862//24 7875//24 2888//25
f 2023//11 10427//11 5327//12
f 2111//17 5409//17 5406//27
f 2433//21 10771//21 10773//1
f 2155//27 5100//27 5110//27
f 3063//23 10055//23 10053//23
f 2371//24 5043//77 5045//293
f 11910//2 640//1 11436//1
f 313//58 4022//58 11140//18
f 1136//32 3261//32 8937//1
f 7104//15 10602//15 10603//12
f 1868//31 5513//31 10518//22
f 1656//8 5643//8 10475//21
f 2455//39 4890//39 4901//16
f 1181//18 3211//18 3210//19
f 12066//5 6943//5 6949//5
f 12066//5 6949//5 1372//5
f 13062//5 10054//5 1351//5
f 196//5 12066//5 1372//5
f 13062//5 1351//5 196//5
f 2569//39 4806//39 4805//15
f 5552//11 1702//11 1701//16
f 706//39 3706//39 8268//16
f 363//32 4006//32 8522//1
f 349//15 13253//15 7211//73
f 1627//21 10472//21 5617//1
f 1709//33 1708//22 12328//22
f 9979//18 3135//18 3134//19
f 3051//26 1374//26 1373//26
f 2779//19 4432//19 4439//19
f 1595//6 5711//6 10551//7
f 9746//17 3665//17 3656//27
f 2574//22 10797//22 4811//33
f 906//47 3349//47 10934//23
f 306//187 11134//121 10667//121
f 2173//17 13208//17 6109//27
f 2174//47 5122//530 5123//23
f 2763//6 4416//6 4415//6
f 1768//22 5417//22 5416//33
f 2158//32 5111//32 12480//26
f 2224//12 4912//12 4911//6
f 1779//6 5439//6 5431//7
f 705//39 3694//39 10984//16
f 3572//11 11885//11 11887//16
f 1532//33 4363//33 11882//8
f 1931//20 5238//20 5273//21
f 7335//18 8418//18 3793//30
f 1050//18 3422//18 12522//30
f 2532//19 4766//19 10790//30
f 4229//176 4228//152 287//152
f 1763//27 5426//27 5425//27
f 1600//6 5732//6 12345//7
f 2772//12 10603//12 4431//7
f 4070//363 8488//78 7100//78
f 351//6 4052//6 4039//7
f 839//30 3534//30 10885//16
f 3090//26 198//26 199//26
f 12382//153 10663//150 290//150
f 2157//6 5105//273 5104//6
f 2460//23 4888//23 4889//18
f 2251//39 4918//39 13197//16
f 8869//143 3042//168 1434//168
f 5750//22 13210//22 5112//33
f 2688//23 7889//23 4554//18
f 448//33 3926//33 12602//8
f 2325//23 8104//23 5002//56
f 10636//346 4287//422 1312//422
f 13254//411 13255//333 7074//333
f 2752//22 4413//22 4412//332
f 2844//30 10599//30 4497//39
f 1493//104 12359//104 4358//18
f 2747//56 4604//56 4611//56
f 2831//23 9195//23 2889//56
f 1612//27 5742//27 10557//24
f 10192//8 10592//8 4444//21
f 1246//374 11432//374 12713//455
f 1218//7 11409//7 3181//31
f 511//19 3854//19 3853//30
f 2730//19 4591//19 4590//30
f 2837//20 4504//20 10739//21
f 2328//31 4999//31 13217//22
f 2530//24 12443//24 4760//47
f 1579//15 5697//15 5696//73
f 1738//47 5582//47 10486//23
f 8739//15 12408//15 4458//308
f 708//20 3693//20 12558//21
f 4100//298 4099//448 10175//448
f 2948//23 1488//23 1483//23
f 11586//182 2971//456 1416//456
f 1695//33 24//33 5543//33
f 2788//39 4450//39 12412//15
f 13038//30 3103//30 11355//16
f 2182//33 5053//33 10849//8
f 11334//425 11336//457 1476//457
f 7128//20 7737//20 4351//84
f 2781//15 4438//15 7725//12
f 13054//7 4391//7 4390//31
f 3006//335 3005//415 1427//415
f 1118//30 3268//30 3281//16
f 13257//2 12179//2 10013//85
f 10013//85 4350//85 4038//398
f 1219//39 3168//39 3167//16
f 11784//12 4884//12 4874//6
f 12359//104 1493//104 12174//76
f 1850//7 5506//7 5505//31
f 1747//18 7554//18 5600//19
f 1503//228 1494//16 13181//16
f 2562//2 4797//2 4796//66
f 971//19 3492//19 10878//30
f 1523//355 11603//1 10624//1
f 2078//27 5371//27 5370//24
f 3039//439 3045//444 1406//444
f 5588//11 1741//11 1740//16
f 978//32 3463//32 10905//1
f 11342//14 3014//458 1384//458
f 4301//180 10386//195 9928//195
f 409//27 3963//27 3961//27
f 12713//455 10585//11 10019//11
f 6892//229 10606//229 10612//6
f 2453//7 4895//7 4894//155
f 1507//6 4400//6 4399//7
f 4292//459 10637//395 12092//395
