# Blender 4.1.0
# www.blender.org
mtllib marker_v2_13_vis.mtl
o Experiment_Scenario_-_ArUco_ID13_v3-1
v 0.040496 0.039201 -0.081720
v 0.040819 0.039108 -0.081720
v 0.040892 0.033584 -0.081720
v 0.033035 0.041827 -0.081720
v 0.033202 0.044675 -0.081720
v 0.035696 0.046456 -0.081720
v 0.037847 0.045599 -0.081720
v 0.038241 0.048496 -0.081720
v 0.037847 0.044920 -0.081720
v 0.038241 0.041827 -0.081720
v 0.033035 0.048496 -0.081720
v 0.033202 0.048234 -0.081720
v 0.033202 0.048496 -0.081720
v 0.033202 0.045354 -0.081720
v 0.035220 0.046794 -0.081720
v 0.033202 0.048913 -0.081720
v 0.033035 0.049414 -0.081720
v 0.033787 0.048496 -0.081720
v 0.035696 0.047134 -0.081720
v 0.037605 0.048496 -0.081720
v 0.037847 0.048668 -0.081720
v 0.038241 0.049414 -0.081720
v 0.037847 0.048496 -0.081720
v 0.037847 0.047989 -0.081720
v 0.036171 0.046794 -0.081720
v 0.049505 0.034988 -0.081720
v 0.046774 0.036659 -0.081720
v 0.049505 0.038326 -0.081720
v 0.046170 0.036371 -0.081720
v 0.049505 0.034334 -0.081720
v 0.049552 0.033584 -0.081720
v 0.049505 0.038979 -0.081720
v 0.049552 0.041827 -0.081720
v 0.043148 0.040570 -0.081720
v 0.046063 0.040570 -0.081720
v 0.043037 0.040253 -0.081720
v 0.044507 0.039264 -0.081720
v 0.042874 0.039959 -0.081720
v 0.043148 0.036942 -0.081720
v 0.041153 0.039070 -0.081720
v 0.041490 0.039089 -0.081720
v 0.045149 0.038497 -0.081720
v 0.048217 0.041071 -0.081720
v 0.046170 0.036942 -0.081720
v 0.043148 0.036371 -0.081720
v 0.041818 0.039164 -0.081720
v 0.042128 0.039292 -0.081720
v 0.042413 0.039471 -0.081720
v 0.042665 0.039696 -0.081720
v 0.039486 0.040054 -0.081720
v 0.039680 0.039780 -0.081720
v 0.038241 0.033584 -0.081720
v 0.039918 0.039541 -0.081720
v 0.040192 0.039347 -0.081720
v 0.039227 0.041351 -0.081720
v 0.039208 0.041015 -0.081720
v 0.039246 0.040681 -0.081720
v 0.039339 0.040357 -0.081720
v 0.039402 0.044367 -0.081720
v 0.040710 0.045925 -0.081720
v 0.040710 0.043010 -0.081720
v 0.039610 0.042275 -0.081720
v 0.039431 0.041990 -0.081720
v 0.039302 0.041679 -0.081720
v 0.040392 0.042899 -0.081720
v 0.040097 0.042736 -0.081720
v 0.039834 0.042526 -0.081720
v 0.038636 0.045011 -0.081720
v 0.041210 0.048078 -0.081720
v 0.047316 0.041827 -0.081720
v 0.049552 0.048496 -0.081720
v 0.042729 0.042375 -0.081720
v 0.042514 0.042591 -0.081720
v 0.043017 0.044367 -0.081720
v 0.041711 0.043010 -0.081720
v 0.041711 0.045925 -0.081720
v 0.041998 0.042912 -0.081720
v 0.042268 0.042771 -0.081720
v 0.045149 0.043645 -0.081720
v 0.044507 0.042878 -0.081720
v 0.042909 0.042130 -0.081720
v 0.043050 0.041860 -0.081720
v 0.046063 0.041572 -0.081720
v 0.043148 0.041572 -0.081720
v -0.042216 0.033584 -0.081720
v -0.033881 0.032835 -0.081720
v -0.042216 0.024445 -0.081720
v -0.033881 0.024445 -0.081720
v -0.042216 -0.008978 -0.081720
v -0.033881 -0.008978 -0.081720
v -0.042216 -0.050689 -0.081720
v -0.033881 -0.034006 -0.081720
v -0.008847 -0.050689 -0.081720
v -0.017193 -0.034006 -0.081720
v -0.008847 -0.008978 -0.081720
v -0.017193 -0.008978 -0.081720
v -0.008847 0.024445 -0.081720
v -0.017193 0.024445 -0.081720
v -0.008847 0.033584 -0.081720
v -0.017193 0.032743 -0.081720
v -0.000499 -0.017319 -0.081720
v 0.016181 -0.017319 -0.081720
v 0.033035 -0.008978 -0.081720
v 0.016181 -0.034006 -0.081720
v 0.033035 -0.050689 -0.081720
v -0.000499 -0.034006 -0.081720
v 0.032868 0.016055 -0.081720
v -0.000499 0.016055 -0.081720
v -0.000499 -0.000638 -0.081720
v 0.049552 -0.050689 -0.081720
v 0.040892 -0.050689 -0.081720
v 0.049552 -0.008978 -0.081720
v 0.040892 -0.008978 -0.081720
v 0.049552 0.024445 -0.081720
v 0.040892 0.024445 -0.081720
v 0.038241 -0.050689 -0.081720
v 0.038241 -0.008978 -0.081720
v 0.038241 0.024445 -0.081720
v 0.033035 0.024445 -0.081720
v 0.033035 0.033584 -0.081720
v 0.040892 0.048496 -0.081720
v 0.049552 0.049414 -0.081720
v 0.040892 0.049414 -0.081720
v 0.043784 0.045011 -0.081720
v 0.032868 -0.000638 -0.081720
v -0.008847 0.041828 -0.081720
v -0.008847 0.048496 -0.081720
v -0.008847 0.049414 -0.081720
v -0.042216 0.041828 -0.081720
v -0.042216 0.048496 -0.081720
v -0.042216 0.049414 -0.081720
v -0.050551 -0.050689 -0.081720
v -0.050551 -0.008978 -0.081720
v -0.050551 0.024445 -0.081720
v -0.050551 0.033584 -0.081720
v -0.050551 0.041828 -0.081720
v -0.050551 0.048496 -0.081720
v -0.050551 0.049414 -0.081720
v -0.041709 0.044032 -0.076715
v -0.041709 0.045044 -0.076715
v -0.041709 0.044032 -0.077666
v -0.041709 0.045044 -0.077666
v -0.041108 0.043865 -0.077666
v -0.041108 0.043865 -0.080719
v -0.040776 0.043710 -0.080719
v -0.041228 0.043910 -0.076715
v -0.041228 0.043910 -0.077666
v -0.040776 0.043710 -0.076715
v -0.041709 0.038110 -0.077666
v -0.041709 0.038110 -0.076715
v -0.041228 0.038233 -0.077666
v -0.041228 0.038233 -0.076715
v -0.041108 0.038277 -0.077666
v -0.040776 0.038432 -0.076715
v -0.041108 0.038277 -0.080719
v -0.040361 0.043438 -0.076715
v -0.040361 0.043438 -0.080719
v -0.039997 0.043103 -0.076715
v -0.039997 0.043103 -0.080719
v -0.039693 0.042712 -0.076715
v -0.039693 0.042712 -0.080719
v -0.039458 0.042276 -0.076715
v -0.039458 0.042276 -0.080719
v -0.039297 0.041808 -0.076715
v -0.039297 0.041808 -0.080719
v -0.039216 0.041319 -0.076715
v -0.039216 0.041319 -0.080719
v -0.039216 0.040824 -0.076715
v -0.039216 0.040824 -0.080719
v -0.039297 0.040335 -0.076715
v -0.039297 0.040335 -0.080719
v -0.039458 0.039867 -0.076715
v -0.039458 0.039867 -0.080719
v -0.039693 0.039431 -0.076715
v -0.039693 0.039431 -0.080719
v -0.039997 0.039040 -0.076715
v -0.039997 0.039040 -0.080719
v -0.040361 0.038704 -0.076715
v -0.040361 0.038704 -0.080719
v -0.040776 0.038432 -0.080719
v -0.041709 0.037099 -0.076715
v -0.041709 0.037099 -0.077666
v -0.041043 0.037241 -0.076715
v -0.041108 0.037222 -0.077666
v -0.041043 0.044902 -0.080719
v -0.041108 0.044921 -0.080719
v -0.041108 0.044921 -0.077666
v -0.041043 0.044902 -0.076715
v -0.040411 0.044650 -0.076715
v -0.040411 0.044650 -0.080719
v -0.039832 0.044293 -0.076715
v -0.039832 0.044293 -0.080719
v -0.039321 0.043845 -0.076715
v -0.039321 0.043845 -0.080719
v -0.038893 0.043316 -0.076715
v -0.038893 0.043316 -0.080719
v -0.038561 0.042723 -0.076715
v -0.038561 0.042723 -0.080719
v -0.038334 0.042082 -0.076715
v -0.038334 0.042082 -0.080719
v -0.038219 0.041411 -0.076715
v -0.038219 0.041411 -0.080719
v -0.038219 0.040732 -0.076715
v -0.038219 0.040732 -0.080719
v -0.038334 0.040061 -0.076715
v -0.038334 0.040061 -0.080719
v -0.038561 0.039420 -0.076715
v -0.038561 0.039420 -0.080719
v -0.038893 0.038827 -0.076715
v -0.038893 0.038827 -0.080719
v -0.039321 0.038297 -0.076715
v -0.039321 0.038297 -0.080719
v -0.039832 0.037849 -0.076715
v -0.039832 0.037849 -0.080719
v -0.040411 0.037493 -0.076715
v -0.040411 0.037493 -0.080719
v -0.041043 0.037241 -0.080719
v -0.041108 0.037222 -0.080719
v -0.041709 -0.039386 -0.076715
v -0.041709 -0.038374 -0.076715
v -0.041709 -0.039386 -0.077666
v -0.041709 -0.038374 -0.077666
v -0.041108 -0.039553 -0.077666
v -0.041108 -0.039553 -0.080719
v -0.040776 -0.039709 -0.080719
v -0.041228 -0.039508 -0.076715
v -0.041228 -0.039508 -0.077666
v -0.040776 -0.039709 -0.076715
v -0.041709 -0.045308 -0.077666
v -0.041709 -0.045308 -0.076715
v -0.041228 -0.045185 -0.077666
v -0.041228 -0.045185 -0.076715
v -0.041108 -0.045141 -0.077666
v -0.040776 -0.044986 -0.076715
v -0.041108 -0.045141 -0.080719
v -0.040361 -0.039980 -0.076715
v -0.040361 -0.039980 -0.080719
v -0.039997 -0.040315 -0.076715
v -0.039997 -0.040315 -0.080719
v -0.039693 -0.040707 -0.076715
v -0.039693 -0.040707 -0.080719
v -0.039458 -0.041142 -0.076715
v -0.039458 -0.041142 -0.080719
v -0.039297 -0.041610 -0.076715
v -0.039297 -0.041610 -0.080719
v -0.039216 -0.042099 -0.076715
v -0.039216 -0.042099 -0.080719
v -0.039216 -0.042594 -0.076715
v -0.039216 -0.042594 -0.080719
v -0.039297 -0.043083 -0.076715
v -0.039297 -0.043083 -0.080719
v -0.039458 -0.043551 -0.076715
v -0.039458 -0.043551 -0.080719
v -0.039693 -0.043987 -0.076715
v -0.039693 -0.043987 -0.080719
v -0.039997 -0.044378 -0.076715
v -0.039997 -0.044378 -0.080719
v -0.040361 -0.044715 -0.076715
v -0.040361 -0.044715 -0.080719
v -0.040776 -0.044986 -0.080719
v -0.041709 -0.046319 -0.076715
v -0.041709 -0.046319 -0.077666
v -0.041043 -0.046177 -0.076715
v -0.041108 -0.046196 -0.077666
v -0.041043 -0.038516 -0.080719
v -0.041108 -0.038497 -0.080719
v -0.041108 -0.038497 -0.077666
v -0.041043 -0.038516 -0.076715
v -0.040412 -0.038769 -0.076715
v -0.040412 -0.038769 -0.080719
v -0.039833 -0.039125 -0.076715
v -0.039833 -0.039125 -0.080719
v -0.039321 -0.039573 -0.076715
v -0.039321 -0.039573 -0.080719
v -0.038894 -0.040102 -0.076715
v -0.038894 -0.040102 -0.080719
v -0.038561 -0.040696 -0.076715
v -0.038561 -0.040696 -0.080719
v -0.038334 -0.041336 -0.076715
v -0.038334 -0.041336 -0.080719
v -0.038219 -0.042007 -0.076715
v -0.038219 -0.042007 -0.080719
v -0.038219 -0.042687 -0.076715
v -0.038219 -0.042687 -0.080719
v -0.038334 -0.043357 -0.076715
v -0.038334 -0.043357 -0.080719
v -0.038561 -0.043998 -0.076715
v -0.038561 -0.043998 -0.080719
v -0.038894 -0.044592 -0.076715
v -0.038894 -0.044592 -0.080719
v -0.039321 -0.045121 -0.076715
v -0.039321 -0.045121 -0.080719
v -0.039833 -0.045570 -0.076715
v -0.039833 -0.045570 -0.080719
v -0.040412 -0.045925 -0.076715
v -0.040412 -0.045925 -0.080719
v -0.041043 -0.046177 -0.080719
v -0.041108 -0.046196 -0.080719
v -0.041909 -0.038435 -0.080719
v -0.048381 0.049414 -0.080719
v -0.050551 0.049414 -0.080719
v -0.050551 0.044983 -0.080719
v -0.036043 0.049414 -0.080719
v -0.041909 0.049414 -0.080719
v -0.041909 0.044983 -0.080719
v 0.040909 0.024445 -0.080719
v 0.049552 0.024445 -0.080719
v 0.042375 0.037240 -0.080719
v 0.049552 0.037160 -0.080719
v 0.043007 0.037493 -0.080719
v 0.044526 0.038826 -0.080719
v 0.044857 0.039419 -0.080719
v 0.045084 0.040061 -0.080719
v 0.049552 0.044982 -0.080719
v 0.043007 0.044650 -0.080719
v 0.043587 0.044293 -0.080719
v 0.044097 0.043845 -0.080719
v 0.044526 0.043316 -0.080719
v 0.044857 0.042723 -0.080719
v 0.045084 0.042081 -0.080719
v 0.045199 0.041411 -0.080719
v 0.045199 0.040731 -0.080719
v 0.044097 0.038297 -0.080719
v 0.043587 0.037849 -0.080719
v 0.040909 0.049414 -0.080719
v 0.041710 0.045044 -0.080719
v 0.042375 0.044902 -0.080719
v 0.049552 0.049414 -0.080719
v 0.042190 0.043910 -0.080719
v 0.041710 0.044032 -0.080719
v 0.041710 0.038110 -0.080719
v 0.044202 0.040824 -0.080719
v 0.044202 0.041319 -0.080719
v 0.042643 0.038432 -0.080719
v 0.041710 0.037099 -0.080719
v 0.041710 0.037160 -0.080719
v 0.040909 0.037160 -0.080719
v 0.040909 0.044982 -0.080719
v 0.041710 0.044982 -0.080719
v 0.042190 0.038232 -0.080719
v 0.043960 0.042276 -0.080719
v 0.043725 0.042712 -0.080719
v 0.043422 0.043103 -0.080719
v 0.043725 0.039430 -0.080719
v 0.043422 0.039040 -0.080719
v 0.043057 0.038704 -0.080719
v 0.043960 0.039867 -0.080719
v 0.044121 0.040335 -0.080719
v 0.044121 0.041808 -0.080719
v 0.043057 0.043438 -0.080719
v 0.042643 0.043710 -0.080719
v 0.042190 -0.039508 -0.080719
v 0.041710 -0.039386 -0.080719
v 0.041710 -0.045308 -0.080719
v 0.041710 -0.046319 -0.080719
v 0.040909 -0.050689 -0.080719
v 0.040909 -0.038436 -0.080719
v 0.044202 -0.042594 -0.080719
v 0.044202 -0.042099 -0.080719
v 0.042643 -0.044986 -0.080719
v 0.042190 -0.045186 -0.080719
v 0.042375 -0.038516 -0.080719
v 0.043006 -0.038769 -0.080719
v 0.049552 -0.038436 -0.080719
v 0.043586 -0.039125 -0.080719
v 0.044097 -0.039573 -0.080719
v 0.044525 -0.040102 -0.080719
v 0.044857 -0.040696 -0.080719
v 0.045084 -0.041337 -0.080719
v 0.045084 -0.043357 -0.080719
v 0.049552 -0.050689 -0.080719
v 0.045199 -0.042688 -0.080719
v 0.045199 -0.042007 -0.080719
v 0.044857 -0.043999 -0.080719
v 0.044525 -0.044592 -0.080719
v 0.044097 -0.045121 -0.080719
v 0.043586 -0.045570 -0.080719
v 0.043006 -0.045925 -0.080719
v 0.042375 -0.046178 -0.080719
v 0.043960 -0.041142 -0.080719
v 0.043725 -0.040707 -0.080719
v 0.043422 -0.040315 -0.080719
v 0.043725 -0.043988 -0.080719
v 0.043422 -0.044378 -0.080719
v 0.043057 -0.044715 -0.080719
v 0.043960 -0.043551 -0.080719
v 0.044121 -0.043083 -0.080719
v 0.044121 -0.041610 -0.080719
v 0.043057 -0.039980 -0.080719
v 0.042643 -0.039709 -0.080719
v 0.049552 -0.036190 -0.080719
v 0.040909 -0.036190 -0.080719
v 0.041710 -0.038374 -0.080719
v 0.041710 -0.038436 -0.080719
v -0.042710 -0.045308 -0.080719
v -0.042710 -0.046319 -0.080719
v -0.041909 -0.050689 -0.080719
v -0.042710 -0.038435 -0.080719
v -0.042710 -0.039386 -0.080719
v -0.043189 -0.045185 -0.080719
v -0.043642 -0.039709 -0.080719
v -0.046198 -0.042007 -0.080719
v -0.048382 -0.038435 -0.080719
v -0.046198 -0.042687 -0.080719
v -0.048382 -0.050689 -0.080719
v -0.046083 -0.041336 -0.080719
v -0.045857 -0.040696 -0.080719
v -0.045524 -0.040102 -0.080719
v -0.045202 -0.042099 -0.080719
v -0.045202 -0.042594 -0.080719
v -0.043374 -0.046177 -0.080719
v -0.044006 -0.045925 -0.080719
v -0.044585 -0.045570 -0.080719
v -0.045097 -0.045121 -0.080719
v -0.045524 -0.044592 -0.080719
v -0.045097 -0.039573 -0.080719
v -0.044585 -0.039125 -0.080719
v -0.044006 -0.038769 -0.080719
v -0.045857 -0.043998 -0.080719
v -0.046083 -0.043357 -0.080719
v -0.044725 -0.043987 -0.080719
v -0.044420 -0.044378 -0.080719
v -0.044725 -0.040707 -0.080719
v -0.044420 -0.040315 -0.080719
v -0.044057 -0.039980 -0.080719
v -0.045120 -0.043083 -0.080719
v -0.044960 -0.043551 -0.080719
v -0.044057 -0.044715 -0.080719
v -0.043642 -0.044986 -0.080719
v -0.044960 -0.041142 -0.080719
v -0.045120 -0.041610 -0.080719
v -0.042710 -0.038374 -0.080719
v -0.041909 -0.036190 -0.080719
v -0.043374 -0.038516 -0.080719
v -0.042710 0.044983 -0.080719
v -0.042710 0.044032 -0.080719
v -0.043189 0.038233 -0.080719
v -0.042710 0.038110 -0.080719
v -0.043642 0.043710 -0.080719
v -0.045201 0.041319 -0.080719
v -0.045201 0.040824 -0.080719
v -0.044725 0.039431 -0.080719
v -0.044420 0.039040 -0.080719
v -0.044725 0.042712 -0.080719
v -0.044420 0.043103 -0.080719
v -0.044056 0.043438 -0.080719
v -0.045120 0.040335 -0.080719
v -0.044960 0.039867 -0.080719
v -0.044057 0.038704 -0.080719
v -0.043642 0.038432 -0.080719
v -0.044960 0.042276 -0.080719
v -0.045120 0.041808 -0.080719
v -0.042710 0.045044 -0.080719
v -0.043374 0.044902 -0.080719
v -0.048381 0.044983 -0.080719
v -0.048381 0.037160 -0.080719
v -0.046198 0.040732 -0.080719
v -0.046198 0.041411 -0.080719
v -0.046083 0.042082 -0.080719
v -0.045857 0.042723 -0.080719
v -0.045524 0.043316 -0.080719
v -0.045096 0.043845 -0.080719
v -0.044585 0.037849 -0.080719
v -0.045096 0.038297 -0.080719
v -0.045524 0.038827 -0.080719
v -0.044585 0.044293 -0.080719
v -0.044006 0.044650 -0.080719
v -0.045857 0.039420 -0.080719
v -0.046083 0.040061 -0.080719
v -0.042710 0.037160 -0.080719
v -0.041909 0.037160 -0.080719
v -0.042710 0.037099 -0.080719
v -0.041909 0.024445 -0.080719
v -0.043374 0.037241 -0.080719
v 0.035037 0.024445 -0.080719
v 0.024524 0.024445 -0.080719
v 0.024524 0.016055 -0.080719
v 0.032868 0.016055 -0.080719
v 0.032868 -0.000638 -0.080719
v 0.035037 -0.008978 -0.080719
v 0.024524 -0.008978 -0.080719
v -0.000499 0.016055 -0.080719
v -0.008847 0.024445 -0.080719
v -0.000499 -0.000638 -0.080719
v -0.008847 -0.008978 -0.080719
v 0.024524 -0.000638 -0.080719
v -0.033881 0.024445 -0.080719
v -0.033881 0.032835 -0.080719
v -0.036043 0.037160 -0.080719
v -0.008847 0.037160 -0.080719
v -0.036043 0.024445 -0.080719
v -0.036043 -0.008978 -0.080719
v -0.033881 -0.008978 -0.080719
v -0.033881 -0.034006 -0.080719
v -0.036043 -0.036190 -0.080719
v -0.017193 -0.034006 -0.080719
v -0.008847 -0.036190 -0.080719
v -0.017193 -0.008978 -0.080719
v 0.035037 0.044982 -0.080719
v 0.035037 0.049414 -0.080719
v 0.024524 0.044982 -0.080719
v 0.024524 0.049414 -0.080719
v -0.008847 0.044982 -0.080719
v -0.008847 0.049414 -0.080719
v -0.036043 0.044982 -0.080719
v 0.040108 0.038277 -0.080719
v 0.040108 0.037221 -0.080719
v 0.035037 0.037160 -0.080719
v 0.040044 0.037240 -0.080719
v 0.037220 0.040731 -0.080719
v 0.037220 0.041411 -0.080719
v 0.037894 0.043316 -0.080719
v 0.038322 0.043845 -0.080719
v 0.038833 0.044293 -0.080719
v 0.039412 0.044650 -0.080719
v 0.039412 0.037493 -0.080719
v 0.038833 0.037849 -0.080719
v 0.038322 0.038297 -0.080719
v 0.037894 0.038826 -0.080719
v 0.037562 0.039419 -0.080719
v 0.037335 0.040061 -0.080719
v 0.037335 0.042081 -0.080719
v 0.037562 0.042723 -0.080719
v 0.039776 0.043710 -0.080719
v 0.040108 0.043865 -0.080719
v 0.040108 0.044921 -0.080719
v 0.040044 0.044902 -0.080719
v 0.038998 0.039040 -0.080719
v 0.039361 0.038704 -0.080719
v 0.039776 0.038432 -0.080719
v 0.038998 0.043103 -0.080719
v 0.038694 0.042712 -0.080719
v 0.038694 0.039430 -0.080719
v 0.039362 0.043438 -0.080719
v 0.038459 0.042276 -0.080719
v 0.038298 0.041808 -0.080719
v 0.038217 0.041319 -0.080719
v 0.038217 0.040824 -0.080719
v 0.038298 0.040335 -0.080719
v 0.038459 0.039867 -0.080719
v 0.024524 0.037160 -0.080719
v -0.043189 0.043910 -0.080719
v -0.017193 0.032743 -0.080719
v 0.040909 -0.008978 -0.080719
v 0.049552 -0.008978 -0.080719
v -0.000499 -0.034006 -0.080719
v -0.000499 -0.017319 -0.080719
v 0.016181 -0.017319 -0.080719
v 0.024524 -0.036190 -0.080719
v 0.035036 -0.036190 -0.080719
v 0.016181 -0.034006 -0.080719
v -0.017193 0.024445 -0.080719
v -0.048382 -0.036190 -0.080719
v -0.041909 -0.008978 -0.080719
v -0.048381 -0.008978 -0.080719
v -0.048381 0.024445 -0.080719
v -0.044006 0.037493 -0.080719
v -0.036043 -0.038436 -0.080719
v -0.008847 -0.038436 -0.080719
v 0.024524 -0.038436 -0.080719
v 0.035036 -0.038436 -0.080719
v 0.040108 -0.045141 -0.080719
v 0.040108 -0.046197 -0.080719
v 0.035036 -0.050689 -0.080719
v 0.040044 -0.046178 -0.080719
v 0.037220 -0.042688 -0.080719
v 0.037220 -0.042007 -0.080719
v 0.039412 -0.045925 -0.080719
v 0.038833 -0.045570 -0.080719
v 0.038321 -0.045121 -0.080719
v 0.037894 -0.044592 -0.080719
v 0.037562 -0.043999 -0.080719
v 0.037335 -0.043357 -0.080719
v 0.037894 -0.040102 -0.080719
v 0.038321 -0.039573 -0.080719
v 0.038833 -0.039125 -0.080719
v 0.039412 -0.038769 -0.080719
v 0.037335 -0.041337 -0.080719
v 0.037562 -0.040696 -0.080719
v 0.039776 -0.039709 -0.080719
v 0.040108 -0.039553 -0.080719
v 0.040108 -0.038497 -0.080719
v 0.040044 -0.038516 -0.080719
v 0.038998 -0.044378 -0.080719
v 0.039361 -0.044715 -0.080719
v 0.039776 -0.044986 -0.080719
v 0.038998 -0.040315 -0.080719
v 0.038694 -0.040707 -0.080719
v 0.038694 -0.043988 -0.080719
v 0.039361 -0.039980 -0.080719
v 0.038459 -0.041142 -0.080719
v 0.038298 -0.041610 -0.080719
v 0.038216 -0.042099 -0.080719
v 0.038216 -0.042594 -0.080719
v 0.038298 -0.043083 -0.080719
v 0.038459 -0.043551 -0.080719
v -0.043189 -0.039508 -0.080719
v -0.036043 -0.050689 -0.080719
v -0.008847 -0.050689 -0.080719
v 0.024524 -0.050689 -0.080719
v -0.050551 0.037160 -0.080719
v -0.050551 0.024445 -0.080719
v -0.050551 -0.008978 -0.080719
v -0.050551 -0.036190 -0.080719
v -0.050551 -0.038435 -0.080719
v -0.050551 -0.050689 -0.080719
v 0.040709 0.045044 -0.076715
v 0.040709 0.044032 -0.076715
v 0.040709 0.045044 -0.077666
v 0.040709 0.044032 -0.077666
v 0.040108 0.037221 -0.077666
v 0.040044 0.044902 -0.076715
v 0.040108 0.044921 -0.077666
v 0.040709 0.037099 -0.077666
v 0.040709 0.037099 -0.076715
v 0.040044 0.037240 -0.076715
v 0.039412 0.037493 -0.076715
v 0.038833 0.037849 -0.076715
v 0.038322 0.038297 -0.076715
v 0.037894 0.038826 -0.076715
v 0.037562 0.039419 -0.076715
v 0.037335 0.040061 -0.076715
v 0.037220 0.040731 -0.076715
v 0.037220 0.041411 -0.076715
v 0.037335 0.042081 -0.076715
v 0.037562 0.042723 -0.076715
v 0.037894 0.043316 -0.076715
v 0.038322 0.043845 -0.076715
v 0.038833 0.044293 -0.076715
v 0.039412 0.044650 -0.076715
v 0.040709 0.038110 -0.076715
v 0.040709 0.038110 -0.077666
v 0.040108 0.038277 -0.077666
v 0.040229 0.038232 -0.076715
v 0.040229 0.038232 -0.077666
v 0.039776 0.038432 -0.076715
v 0.040229 0.043910 -0.077666
v 0.040229 0.043910 -0.076715
v 0.040108 0.043865 -0.077666
v 0.039776 0.043710 -0.076715
v 0.039361 0.038704 -0.076715
v 0.038998 0.039040 -0.076715
v 0.038694 0.039430 -0.076715
v 0.038459 0.039867 -0.076715
v 0.038298 0.040335 -0.076715
v 0.038217 0.040824 -0.076715
v 0.038217 0.041319 -0.076715
v 0.038298 0.041808 -0.076715
v 0.038459 0.042276 -0.076715
v 0.038694 0.042712 -0.076715
v 0.038998 0.043103 -0.076715
v 0.039362 0.043438 -0.076715
v 0.041710 0.037099 -0.076715
v 0.041710 0.038110 -0.076715
v 0.042375 0.037240 -0.076715
v 0.043007 0.037493 -0.076715
v 0.043587 0.037849 -0.076715
v 0.044097 0.038297 -0.076715
v 0.044526 0.038826 -0.076715
v 0.044857 0.039419 -0.076715
v 0.045084 0.040061 -0.076715
v 0.045199 0.040731 -0.076715
v 0.045199 0.041411 -0.076715
v 0.045084 0.042081 -0.076715
v 0.044857 0.042723 -0.076715
v 0.044526 0.043316 -0.076715
v 0.044097 0.043845 -0.076715
v 0.043587 0.044293 -0.076715
v 0.043007 0.044650 -0.076715
v 0.042375 0.044902 -0.076715
v 0.041710 0.045044 -0.076715
v 0.041710 0.044032 -0.076715
v 0.042190 0.043910 -0.076715
v 0.042643 0.043710 -0.076715
v 0.043057 0.043438 -0.076715
v 0.043422 0.043103 -0.076715
v 0.043725 0.042712 -0.076715
v 0.043960 0.042276 -0.076715
v 0.044121 0.041808 -0.076715
v 0.044202 0.041319 -0.076715
v 0.044202 0.040824 -0.076715
v 0.044121 0.040335 -0.076715
v 0.043960 0.039867 -0.076715
v 0.043725 0.039430 -0.076715
v 0.043422 0.039040 -0.076715
v 0.043057 0.038704 -0.076715
v 0.042643 0.038432 -0.076715
v 0.042190 0.038232 -0.076715
v 0.040709 -0.038374 -0.076715
v 0.040709 -0.039386 -0.076715
v 0.040709 -0.038374 -0.077666
v 0.040709 -0.039386 -0.077666
v 0.040108 -0.046197 -0.077666
v 0.040044 -0.038516 -0.076715
v 0.040108 -0.038497 -0.077666
v 0.040709 -0.046319 -0.077666
v 0.040709 -0.046319 -0.076715
v 0.040044 -0.046178 -0.076715
v 0.039412 -0.045925 -0.076715
v 0.038833 -0.045570 -0.076715
v 0.038321 -0.045121 -0.076715
v 0.037894 -0.044592 -0.076715
v 0.037562 -0.043999 -0.076715
v 0.037335 -0.043357 -0.076715
v 0.037220 -0.042688 -0.076715
v 0.037220 -0.042007 -0.076715
v 0.037335 -0.041337 -0.076715
v 0.037562 -0.040696 -0.076715
v 0.037894 -0.040102 -0.076715
v 0.038321 -0.039573 -0.076715
v 0.038833 -0.039125 -0.076715
v 0.039412 -0.038769 -0.076715
v 0.040709 -0.045308 -0.076715
v 0.040709 -0.045308 -0.077666
v 0.040108 -0.045141 -0.077666
v 0.040229 -0.045186 -0.076715
v 0.040229 -0.045186 -0.077666
v 0.039776 -0.044986 -0.076715
v 0.040229 -0.039508 -0.077666
v 0.040229 -0.039508 -0.076715
v 0.040108 -0.039553 -0.077666
v 0.039776 -0.039709 -0.076715
v 0.039361 -0.044715 -0.076715
v 0.038998 -0.044378 -0.076715
v 0.038694 -0.043988 -0.076715
v 0.038459 -0.043551 -0.076715
v 0.038298 -0.043083 -0.076715
v 0.038216 -0.042594 -0.076715
v 0.038216 -0.042099 -0.076715
v 0.038298 -0.041610 -0.076715
v 0.038459 -0.041142 -0.076715
v 0.038694 -0.040707 -0.076715
v 0.038998 -0.040315 -0.076715
v 0.039361 -0.039980 -0.076715
v 0.041710 -0.046319 -0.076715
v 0.041710 -0.045308 -0.076715
v 0.042375 -0.046178 -0.076715
v 0.043006 -0.045925 -0.076715
v 0.043586 -0.045570 -0.076715
v 0.044097 -0.045121 -0.076715
v 0.044525 -0.044592 -0.076715
v 0.044857 -0.043999 -0.076715
v 0.045084 -0.043357 -0.076715
v 0.045199 -0.042688 -0.076715
v 0.045199 -0.042007 -0.076715
v 0.045084 -0.041337 -0.076715
v 0.044857 -0.040696 -0.076715
v 0.044525 -0.040102 -0.076715
v 0.044097 -0.039573 -0.076715
v 0.043586 -0.039125 -0.076715
v 0.043006 -0.038769 -0.076715
v 0.042375 -0.038516 -0.076715
v 0.041710 -0.038374 -0.076715
v 0.041710 -0.039386 -0.076715
v 0.042190 -0.039508 -0.076715
v 0.042643 -0.039709 -0.076715
v 0.043057 -0.039980 -0.076715
v 0.043422 -0.040315 -0.076715
v 0.043725 -0.040707 -0.076715
v 0.043960 -0.041142 -0.076715
v 0.044121 -0.041610 -0.076715
v 0.044202 -0.042099 -0.076715
v 0.044202 -0.042594 -0.076715
v 0.044121 -0.043083 -0.076715
v 0.043960 -0.043551 -0.076715
v 0.043725 -0.043988 -0.076715
v 0.043422 -0.044378 -0.076715
v 0.043057 -0.044715 -0.076715
v 0.042643 -0.044986 -0.076715
v 0.042190 -0.045186 -0.076715
v -0.042710 0.038110 -0.076715
v -0.042710 0.037099 -0.076715
v -0.043189 0.038233 -0.076715
v -0.043642 0.038432 -0.076715
v -0.044057 0.038704 -0.076715
v -0.044420 0.039040 -0.076715
v -0.044725 0.039431 -0.076715
v -0.044960 0.039867 -0.076715
v -0.045120 0.040335 -0.076715
v -0.045201 0.040824 -0.076715
v -0.045201 0.041319 -0.076715
v -0.045120 0.041808 -0.076715
v -0.044960 0.042276 -0.076715
v -0.044725 0.042712 -0.076715
v -0.044420 0.043103 -0.076715
v -0.044056 0.043438 -0.076715
v -0.043642 0.043710 -0.076715
v -0.043189 0.043910 -0.076715
v -0.042710 0.044032 -0.076715
v -0.042710 0.045044 -0.076715
v -0.043374 0.044902 -0.076715
v -0.044006 0.044650 -0.076715
v -0.044585 0.044293 -0.076715
v -0.045096 0.043845 -0.076715
v -0.045524 0.043316 -0.076715
v -0.045857 0.042723 -0.076715
v -0.046083 0.042082 -0.076715
v -0.046198 0.041411 -0.076715
v -0.046198 0.040732 -0.076715
v -0.046083 0.040061 -0.076715
v -0.045857 0.039420 -0.076715
v -0.045524 0.038827 -0.076715
v -0.045096 0.038297 -0.076715
v -0.044585 0.037849 -0.076715
v -0.044006 0.037493 -0.076715
v -0.043374 0.037241 -0.076715
v -0.042710 -0.045308 -0.076715
v -0.042710 -0.046319 -0.076715
v -0.043189 -0.045185 -0.076715
v -0.043642 -0.044986 -0.076715
v -0.044057 -0.044715 -0.076715
v -0.044420 -0.044378 -0.076715
v -0.044725 -0.043987 -0.076715
v -0.044960 -0.043551 -0.076715
v -0.045120 -0.043083 -0.076715
v -0.045202 -0.042594 -0.076715
v -0.045202 -0.042099 -0.076715
v -0.045120 -0.041610 -0.076715
v -0.044960 -0.041142 -0.076715
v -0.044725 -0.040707 -0.076715
v -0.044420 -0.040315 -0.076715
v -0.044057 -0.039980 -0.076715
v -0.043642 -0.039709 -0.076715
v -0.043189 -0.039508 -0.076715
v -0.042710 -0.039386 -0.076715
v -0.042710 -0.038374 -0.076715
v -0.043374 -0.038516 -0.076715
v -0.044006 -0.038769 -0.076715
v -0.044585 -0.039125 -0.076715
v -0.045097 -0.039573 -0.076715
v -0.045524 -0.040102 -0.076715
v -0.045857 -0.040696 -0.076715
v -0.046083 -0.041336 -0.076715
v -0.046198 -0.042007 -0.076715
v -0.046198 -0.042687 -0.076715
v -0.046083 -0.043357 -0.076715
v -0.045857 -0.043998 -0.076715
v -0.045524 -0.044592 -0.076715
v -0.045097 -0.045121 -0.076715
v -0.044585 -0.045570 -0.076715
v -0.044006 -0.045925 -0.076715
v -0.043374 -0.046177 -0.076715
v 0.046170 0.036371 -0.081520
v 0.049505 0.034334 -0.081520
v 0.049505 0.034988 -0.081520
v 0.046774 0.036659 -0.081520
v 0.049505 0.038326 -0.081520
v 0.049505 0.038979 -0.081520
v 0.046170 0.036942 -0.081520
v 0.043148 0.036942 -0.081520
v 0.043148 0.036371 -0.081520
v 0.035696 0.046456 -0.081520
v 0.037847 0.044920 -0.081520
v 0.037847 0.045599 -0.081520
v 0.036171 0.046794 -0.081520
v 0.037847 0.047989 -0.081520
v 0.037847 0.048668 -0.081520
v 0.035696 0.047134 -0.081520
v 0.033202 0.048913 -0.081520
v 0.033202 0.048234 -0.081520
v 0.035220 0.046794 -0.081520
v 0.033202 0.045354 -0.081520
v 0.033202 0.044675 -0.081520
v 0.043148 0.040570 -0.081520
v 0.046063 0.040570 -0.081520
v 0.044507 0.039264 -0.081520
v 0.045149 0.038497 -0.081520
v 0.048217 0.041071 -0.081520
v 0.045149 0.043645 -0.081520
v 0.044507 0.042878 -0.081520
v 0.046063 0.041572 -0.081520
v 0.043148 0.041572 -0.081520
v 0.041711 0.043010 -0.081520
v 0.041998 0.042912 -0.081520
v 0.042268 0.042771 -0.081520
v 0.042514 0.042591 -0.081520
v 0.042729 0.042375 -0.081520
v 0.042909 0.042130 -0.081520
v 0.043050 0.041860 -0.081520
v 0.041711 0.045925 -0.081520
v 0.043017 0.044367 -0.081520
v 0.043784 0.045011 -0.081520
v 0.041210 0.048078 -0.081520
v 0.038636 0.045011 -0.081520
v 0.039402 0.044367 -0.081520
v 0.040710 0.045925 -0.081520
v 0.040710 0.043010 -0.081520
v 0.043037 0.040253 -0.081520
v 0.042874 0.039959 -0.081520
v 0.042665 0.039696 -0.081520
v 0.042413 0.039471 -0.081520
v 0.042128 0.039292 -0.081520
v 0.041818 0.039164 -0.081520
v 0.041490 0.039089 -0.081520
v 0.041153 0.039070 -0.081520
v 0.040819 0.039108 -0.081520
v 0.040496 0.039201 -0.081520
v 0.040192 0.039347 -0.081520
v 0.039918 0.039541 -0.081520
v 0.039680 0.039780 -0.081520
v 0.039486 0.040054 -0.081520
v 0.039339 0.040357 -0.081520
v 0.039246 0.040681 -0.081520
v 0.039208 0.041015 -0.081520
v 0.039227 0.041351 -0.081520
v 0.039302 0.041679 -0.081520
v 0.039431 0.041990 -0.081520
v 0.039610 0.042275 -0.081520
v 0.039834 0.042526 -0.081520
v 0.040097 0.042736 -0.081520
v 0.040392 0.042899 -0.081520
v 0.042211 0.041071 -0.081520
v 0.041853 0.040304 -0.081520
v 0.041977 0.040428 -0.081520
v 0.042077 0.040570 -0.081520
v 0.042150 0.040729 -0.081520
v 0.042195 0.040898 -0.081520
v 0.041210 0.042072 -0.081520
v 0.041036 0.042057 -0.081520
v 0.042195 0.041245 -0.081520
v 0.042150 0.041413 -0.081520
v 0.042077 0.041572 -0.081520
v 0.041977 0.041715 -0.081520
v 0.041853 0.041838 -0.081520
v 0.041711 0.041938 -0.081520
v 0.041553 0.042012 -0.081520
v 0.041383 0.042057 -0.081520
v 0.040868 0.042012 -0.081520
v 0.040710 0.041938 -0.081520
v 0.040567 0.041838 -0.081520
v 0.040443 0.041715 -0.081520
v 0.040343 0.041572 -0.081520
v 0.041553 0.040131 -0.081520
v 0.041711 0.040204 -0.081520
v 0.041383 0.040085 -0.081520
v 0.041210 0.040070 -0.081520
v 0.041036 0.040085 -0.081520
v 0.040868 0.040131 -0.081520
v 0.040710 0.040204 -0.081520
v 0.040567 0.040304 -0.081520
v 0.040443 0.040428 -0.081520
v 0.040343 0.040570 -0.081520
v 0.040269 0.040729 -0.081520
v 0.040224 0.040898 -0.081520
v 0.040209 0.041071 -0.081520
v 0.040224 0.041245 -0.081520
v 0.040269 0.041413 -0.081520
v 0.042211 0.041071 -0.081720
v 0.042195 0.040898 -0.081720
v 0.042150 0.040729 -0.081720
v 0.042077 0.040570 -0.081720
v 0.041977 0.040428 -0.081720
v 0.041853 0.040304 -0.081720
v 0.041711 0.040204 -0.081720
v 0.041553 0.040131 -0.081720
v 0.041383 0.040085 -0.081720
v 0.041210 0.040070 -0.081720
v 0.041036 0.040085 -0.081720
v 0.040868 0.040131 -0.081720
v 0.040710 0.040204 -0.081720
v 0.040567 0.040304 -0.081720
v 0.040443 0.040428 -0.081720
v 0.040343 0.040570 -0.081720
v 0.040269 0.040729 -0.081720
v 0.040224 0.040898 -0.081720
v 0.040209 0.041071 -0.081720
v 0.040224 0.041245 -0.081720
v 0.040269 0.041413 -0.081720
v 0.040343 0.041572 -0.081720
v 0.040443 0.041715 -0.081720
v 0.040567 0.041838 -0.081720
v 0.040710 0.041938 -0.081720
v 0.040868 0.042012 -0.081720
v 0.041036 0.042057 -0.081720
v 0.041210 0.042072 -0.081720
v 0.041383 0.042057 -0.081720
v 0.041553 0.042012 -0.081720
v 0.041711 0.041938 -0.081720
v 0.041853 0.041838 -0.081720
v 0.041977 0.041715 -0.081720
v 0.042077 0.041572 -0.081720
v 0.042150 0.041413 -0.081720
v 0.042195 0.041245 -0.081720
v 0.041210 0.041071 -0.081720
v 0.040496 0.039201 -0.081720
v 0.040819 0.039108 -0.081720
v 0.045084 0.040061 -0.080719
v 0.045199 0.040731 -0.080719
v 0.033035 0.049414 -0.081720
v 0.038241 0.049414 -0.081720
v 0.041490 0.039089 -0.081720
v 0.041818 0.039164 -0.081720
v 0.040192 0.039347 -0.081720
v 0.039246 0.040681 -0.081720
v 0.039339 0.040357 -0.081720
v 0.040392 0.042899 -0.081720
v 0.040097 0.042736 -0.081720
v 0.049552 0.041827 -0.081720
v 0.049552 0.048496 -0.081720
v 0.042514 0.042591 -0.081720
v 0.042268 0.042771 -0.081720
v 0.042909 0.042130 -0.081720
v 0.043050 0.041860 -0.081720
v -0.008847 0.049414 -0.081720
v -0.050551 0.048496 -0.081720
v -0.050551 0.049414 -0.081720
v -0.050551 0.049414 -0.081720
v -0.041108 0.038277 -0.077666
v -0.041108 0.038277 -0.077666
v -0.041108 0.038277 -0.080719
v -0.041108 0.038277 -0.080719
v -0.040776 0.043710 -0.080719
v -0.040361 0.043438 -0.080719
v -0.039693 0.042712 -0.080719
v -0.039458 0.042276 -0.080719
v -0.039216 0.040824 -0.080719
v -0.039297 0.040335 -0.080719
v -0.039997 0.039040 -0.080719
v -0.040361 0.038704 -0.080719
v -0.041108 0.037222 -0.077666
v -0.041108 0.037222 -0.077666
v -0.041043 0.044902 -0.080719
v -0.041108 0.044921 -0.080719
v -0.041108 0.044921 -0.080719
v -0.040411 0.044650 -0.080719
v -0.039321 0.043845 -0.076715
v -0.038893 0.043316 -0.076715
v -0.038219 0.041411 -0.076715
v -0.038219 0.040732 -0.076715
v -0.038893 0.038827 -0.076715
v -0.039321 0.038297 -0.076715
v -0.041043 0.037241 -0.080719
v -0.041108 0.037222 -0.080719
v -0.041108 0.037222 -0.080719
v -0.041108 -0.045141 -0.077666
v -0.041108 -0.045141 -0.077666
v -0.041108 -0.045141 -0.080719
v -0.041108 -0.045141 -0.080719
v -0.040776 -0.039709 -0.080719
v -0.040361 -0.039980 -0.080719
v -0.039693 -0.040707 -0.080719
v -0.039458 -0.041142 -0.080719
v -0.039216 -0.042594 -0.080719
v -0.039297 -0.043083 -0.080719
v -0.039997 -0.044378 -0.080719
v -0.040361 -0.044715 -0.080719
v -0.041108 -0.046196 -0.077666
v -0.041108 -0.046196 -0.077666
v -0.041043 -0.038516 -0.080719
v -0.041108 -0.038497 -0.080719
v -0.041108 -0.038497 -0.080719
v -0.040412 -0.038769 -0.080719
v -0.039321 -0.039573 -0.076715
v -0.038894 -0.040102 -0.076715
v -0.038219 -0.042007 -0.076715
v -0.038219 -0.042687 -0.076715
v -0.038894 -0.044592 -0.076715
v -0.039321 -0.045121 -0.076715
v -0.041043 -0.046177 -0.080719
v -0.041108 -0.046196 -0.080719
v -0.041108 -0.046196 -0.080719
v -0.045202 -0.042099 -0.080719
v -0.045120 -0.041610 -0.080719
v 0.045199 0.041411 -0.080719
v 0.042190 0.043910 -0.080719
v 0.041710 0.044032 -0.080719
v 0.041710 0.044032 -0.080719
v 0.040343 0.041572 -0.081720
v 0.040443 0.041715 -0.081720
v 0.043422 0.039040 -0.080719
v 0.043057 0.038704 -0.080719
v 0.042643 0.043710 -0.080719
v 0.039412 -0.038769 -0.080719
v 0.040044 -0.038516 -0.080719
v 0.045084 -0.041337 -0.080719
v 0.045199 -0.042007 -0.080719
v 0.043586 -0.045570 -0.080719
v 0.043006 -0.045925 -0.080719
v 0.033035 -0.050689 -0.081720
v 0.038241 -0.050689 -0.081720
v 0.041710 -0.038374 -0.080719
v 0.041710 -0.038374 -0.080719
v 0.041710 -0.038436 -0.080719
v -0.045202 -0.042594 -0.080719
v -0.044585 -0.039125 -0.080719
v -0.044006 -0.038769 -0.080719
v -0.043642 -0.039709 -0.080719
v -0.044057 -0.039980 -0.080719
v -0.045201 0.040824 -0.080719
v -0.045120 0.040335 -0.080719
v -0.044057 0.038704 -0.080719
v -0.043642 0.038432 -0.080719
v -0.046198 0.040732 -0.080719
v -0.046198 0.041411 -0.080719
v -0.045524 0.038827 -0.080719
v -0.045857 0.039420 -0.080719
v -0.046083 0.040061 -0.080719
v 0.038322 0.043845 -0.080719
v 0.038833 0.044293 -0.080719
v 0.039361 0.038704 -0.080719
v 0.039776 0.038432 -0.080719
v 0.038217 0.041319 -0.080719
v 0.038217 0.040824 -0.080719
v 0.038833 -0.045570 -0.080719
v 0.038321 -0.045121 -0.080719
v 0.044121 -0.041610 -0.076715
v 0.044202 -0.042099 -0.076715
v 0.039361 -0.044715 -0.080719
v 0.039776 -0.044986 -0.080719
v 0.041710 -0.038374 -0.076715
v 0.041710 -0.038374 -0.076715
v 0.041710 -0.039386 -0.076715
v 0.041710 -0.039386 -0.076715
v 0.038216 -0.042099 -0.080719
v 0.038216 -0.042594 -0.080719
v -0.043189 -0.039508 -0.080719
v -0.050551 0.037160 -0.080719
v -0.050551 0.024445 -0.080719
v 0.040709 0.045044 -0.077666
v 0.040709 0.045044 -0.077666
v 0.040108 0.044921 -0.077666
v 0.040108 0.044921 -0.077666
v 0.039412 0.037493 -0.076715
v 0.038833 0.037849 -0.076715
v 0.040108 0.038277 -0.077666
v 0.040108 0.038277 -0.077666
v 0.040229 0.038232 -0.077666
v 0.039361 0.038704 -0.076715
v 0.038998 0.039040 -0.076715
v 0.038459 0.042276 -0.076715
v 0.038694 0.042712 -0.076715
v 0.043587 0.037849 -0.076715
v 0.044097 0.038297 -0.076715
v 0.044857 0.042723 -0.076715
v 0.044526 0.043316 -0.076715
v 0.042190 0.043910 -0.076715
v 0.042643 0.043710 -0.076715
v 0.044202 0.040824 -0.076715
v 0.044121 0.040335 -0.076715
v 0.040709 -0.038374 -0.076715
v 0.040709 -0.038374 -0.076715
v 0.040709 -0.039386 -0.076715
v 0.040709 -0.039386 -0.076715
v 0.040709 -0.038374 -0.077666
v 0.040709 -0.038374 -0.077666
v 0.040044 -0.038516 -0.076715
v 0.040709 -0.046319 -0.076715
v 0.040709 -0.046319 -0.076715
v 0.040044 -0.046178 -0.076715
v 0.041710 -0.039386 -0.080719
v 0.041710 -0.039386 -0.080719
v 0.037220 -0.042688 -0.076715
v 0.037220 -0.042007 -0.076715
v 0.040709 -0.045308 -0.076715
v 0.040709 -0.045308 -0.076715
v 0.040709 -0.045308 -0.077666
v 0.040709 -0.045308 -0.077666
v 0.040229 -0.045186 -0.076715
v 0.038216 -0.042099 -0.076715
v 0.038298 -0.041610 -0.076715
v 0.042375 -0.046178 -0.076715
v 0.043006 -0.045925 -0.076715
v 0.045199 -0.042007 -0.076715
v 0.045084 -0.041337 -0.076715
v 0.040709 0.044032 -0.077666
v 0.040709 0.044032 -0.077666
v 0.042643 -0.044986 -0.076715
v 0.042190 -0.045186 -0.076715
v -0.044725 0.039431 -0.076715
v -0.044960 0.039867 -0.076715
v -0.044420 0.043103 -0.076715
v -0.044056 0.043438 -0.076715
v -0.044585 0.044293 -0.076715
v -0.045096 0.043845 -0.076715
v -0.045857 0.039420 -0.076715
v -0.045524 0.038827 -0.076715
v -0.043189 -0.045185 -0.076715
v -0.043642 -0.044986 -0.076715
v -0.045202 -0.042099 -0.076715
v -0.045120 -0.041610 -0.076715
v -0.042710 -0.039386 -0.076715
v -0.042710 -0.039386 -0.076715
v -0.042710 -0.038374 -0.076715
v -0.042710 -0.038374 -0.076715
v -0.046083 -0.041336 -0.076715
v -0.046198 -0.042007 -0.076715
v -0.044006 -0.045925 -0.076715
v -0.043374 -0.046177 -0.076715
v 0.046170 0.036942 -0.081520
v 0.046170 0.036942 -0.081520
v 0.043148 0.036942 -0.081520
v 0.043148 0.036942 -0.081520
v 0.037847 0.044920 -0.081720
v 0.037847 0.044920 -0.081720
v 0.037847 0.044920 -0.081520
v 0.037847 0.044920 -0.081520
v 0.036171 0.046794 -0.081720
v 0.036171 0.046794 -0.081720
v 0.036171 0.046794 -0.081520
v 0.036171 0.046794 -0.081520
v 0.037847 0.048668 -0.081520
v 0.037847 0.048668 -0.081520
v 0.035696 0.047134 -0.081520
v 0.035696 0.047134 -0.081520
v 0.046063 0.040570 -0.081520
v 0.046063 0.040570 -0.081520
v 0.044507 0.039264 -0.081520
v 0.044507 0.039264 -0.081520
v 0.041711 0.043010 -0.081520
v 0.041711 0.043010 -0.081520
v 0.041998 0.042912 -0.081520
v 0.041711 0.045925 -0.081520
v 0.041711 0.045925 -0.081520
v 0.043017 0.044367 -0.081520
v 0.043017 0.044367 -0.081520
v 0.043784 0.045011 -0.081520
v 0.043784 0.045011 -0.081520
v 0.042874 0.039959 -0.081520
v 0.042665 0.039696 -0.081520
v 0.040496 0.039201 -0.081520
v 0.040192 0.039347 -0.081520
v 0.039227 0.041351 -0.081520
v 0.039302 0.041679 -0.081520
v 0.041853 0.040304 -0.081520
v 0.041977 0.040428 -0.081520
v 0.042150 0.041413 -0.081520
v 0.042077 0.041572 -0.081520
v 0.040710 0.041938 -0.081520
v 0.040567 0.041838 -0.081520
v 0.041711 0.040204 -0.081520
v 0.041036 0.040085 -0.081520
v 0.040868 0.040131 -0.081520
v 0.040209 0.041071 -0.081520
v 0.040224 0.041245 -0.081520
v 0.041853 0.040304 -0.081720
v 0.041711 0.040204 -0.081720
v 0.040567 0.040304 -0.081720
v 0.040443 0.040428 -0.081720
v 0.037335 0.042081 -0.076715
v 0.037562 0.042723 -0.076715
v 0.041553 0.042012 -0.081720
v 0.041711 0.041938 -0.081720
v -0.040776 -0.044986 -0.076715
v -0.040361 -0.044715 -0.076715
v -0.041108 -0.038497 -0.077666
v -0.041108 -0.038497 -0.077666
v -0.039321 -0.039573 -0.080719
v -0.038894 -0.040102 -0.080719
v -0.038219 -0.042007 -0.080719
v -0.038219 -0.042687 -0.080719
v -0.038894 -0.044592 -0.080719
v -0.039321 -0.045121 -0.080719
v -0.050551 0.049414 -0.080719
v -0.050551 0.049414 -0.080719
v 0.049552 0.044982 -0.080719
v 0.049552 0.049414 -0.080719
v 0.049552 0.049414 -0.080719
v 0.041710 -0.045308 -0.080719
v 0.041710 -0.045308 -0.080719
v 0.041710 -0.046319 -0.080719
v 0.041710 -0.046319 -0.080719
v 0.042190 -0.045186 -0.080719
v 0.042375 -0.038516 -0.080719
v 0.043006 -0.038769 -0.080719
v 0.045084 -0.043357 -0.080719
v 0.045199 -0.042688 -0.080719
v 0.044857 -0.043999 -0.080719
v 0.042375 -0.046178 -0.080719
v 0.043960 -0.043551 -0.080719
v 0.044121 -0.043083 -0.080719
v 0.040108 -0.045141 -0.080719
v 0.040108 -0.045141 -0.080719
v 0.040108 -0.045141 -0.077666
v 0.040108 -0.045141 -0.077666
v -0.046198 -0.042007 -0.080719
v -0.046198 -0.042687 -0.080719
v -0.046083 -0.041336 -0.080719
v -0.045120 -0.043083 -0.080719
v -0.044960 -0.043551 -0.080719
v -0.043374 -0.038516 -0.080719
v -0.044725 0.039431 -0.080719
v -0.044420 0.039040 -0.080719
v -0.044960 0.039867 -0.080719
v -0.046083 0.042082 -0.080719
v -0.044585 0.044293 -0.080719
v -0.044006 0.044650 -0.080719
v -0.000499 0.016055 -0.080719
v -0.000499 0.016055 -0.080719
v -0.000499 -0.000638 -0.080719
v -0.000499 -0.000638 -0.080719
v 0.040108 0.038277 -0.080719
v 0.040108 0.038277 -0.080719
v 0.040108 0.037221 -0.080719
v 0.040108 0.037221 -0.080719
v 0.033787 0.048496 -0.081720
v 0.035696 0.047134 -0.081720
v 0.035696 0.047134 -0.081720
v 0.049505 0.034988 -0.081720
v 0.049505 0.034988 -0.081720
v 0.046774 0.036659 -0.081720
v 0.046774 0.036659 -0.081720
v 0.049505 0.034334 -0.081720
v 0.049505 0.034334 -0.081720
v 0.043148 0.040570 -0.081720
v 0.043148 0.040570 -0.081720
v 0.046063 0.040570 -0.081720
v 0.046063 0.040570 -0.081720
v 0.043037 0.040253 -0.081720
v 0.041153 0.039070 -0.081720
v 0.045149 0.038497 -0.081720
v 0.045149 0.038497 -0.081720
v 0.048217 0.041071 -0.081720
v 0.048217 0.041071 -0.081720
v 0.039486 0.040054 -0.081720
v 0.039680 0.039780 -0.081720
v 0.039834 0.042526 -0.081720
v 0.043017 0.044367 -0.081720
v 0.043017 0.044367 -0.081720
v 0.041711 0.045925 -0.081720
v 0.041711 0.045925 -0.081720
v 0.043148 0.041572 -0.081720
v 0.043148 0.041572 -0.081720
v -0.033881 -0.008978 -0.081720
v -0.033881 -0.034006 -0.081720
v -0.033881 -0.034006 -0.081720
v -0.017193 0.024445 -0.081720
v -0.017193 0.032743 -0.081720
v -0.017193 0.032743 -0.081720
v 0.049552 0.049414 -0.081720
v 0.049552 0.049414 -0.081720
v 0.040892 0.049414 -0.081720
v 0.043784 0.045011 -0.081720
v 0.043784 0.045011 -0.081720
v -0.041228 0.043910 -0.076715
v -0.040776 0.043710 -0.076715
v -0.039458 0.042276 -0.076715
v -0.039297 0.041808 -0.076715
v -0.039297 0.040335 -0.076715
v -0.039458 0.039867 -0.076715
v -0.040776 0.038432 -0.076715
v -0.040361 0.038704 -0.076715
v -0.041108 0.044921 -0.077666
v -0.041108 0.044921 -0.077666
v -0.039321 0.043845 -0.080719
v -0.038893 0.043316 -0.080719
v -0.038219 0.041411 -0.080719
v -0.038219 0.040732 -0.080719
v -0.038893 0.038827 -0.080719
v -0.039321 0.038297 -0.080719
v -0.041228 -0.039508 -0.076715
v -0.040776 -0.039709 -0.076715
v 0.039776 -0.039709 -0.076715
v 0.039361 -0.039980 -0.076715
v -0.039458 -0.041142 -0.076715
v -0.039297 -0.041610 -0.076715
v -0.039297 -0.043083 -0.076715
v -0.039458 -0.043551 -0.076715
v -0.045120 0.040335 -0.076715
v -0.043642 0.043710 -0.076715
v -0.045524 0.043316 -0.076715
v -0.045096 0.038297 -0.076715
v -0.044057 -0.044715 -0.076715
v -0.044960 -0.041142 -0.076715
v -0.043374 -0.038516 -0.076715
v -0.046198 -0.042687 -0.076715
v 0.049505 0.034988 -0.081520
v 0.049505 0.034988 -0.081520
v 0.043148 0.036371 -0.081520
v 0.043148 0.036371 -0.081520
v 0.043148 0.040570 -0.081520
v 0.043148 0.040570 -0.081520
v 0.045149 0.038497 -0.081520
v 0.045149 0.038497 -0.081520
v 0.042268 0.042771 -0.081520
v 0.042413 0.039471 -0.081520
v 0.039918 0.039541 -0.081520
v 0.039431 0.041990 -0.081520
v 0.042077 0.040570 -0.081520
v 0.033202 0.048913 -0.081520
v 0.033202 0.048913 -0.081520
v 0.041977 0.041715 -0.081520
v 0.040443 0.041715 -0.081520
v 0.040710 0.040204 -0.081520
v 0.040269 0.041413 -0.081520
v 0.041553 0.040131 -0.081720
v 0.040343 0.040570 -0.081720
v 0.040567 0.041838 -0.081720
v 0.041853 0.041838 -0.081720
v 0.039412 0.044650 -0.080719
v 0.037335 0.042081 -0.080719
v 0.037562 0.042723 -0.080719
v 0.038298 0.040335 -0.080719
v -0.000499 -0.034006 -0.081720
v -0.000499 -0.034006 -0.081720
v -0.000499 -0.034006 -0.080719
v -0.000499 -0.034006 -0.080719
v -0.000499 -0.017319 -0.080719
v -0.000499 -0.017319 -0.080719
v 0.016181 -0.034006 -0.080719
v 0.016181 -0.034006 -0.080719
v -0.017193 -0.008978 -0.080719
v -0.017193 0.024445 -0.080719
v -0.043374 0.037241 -0.080719
v -0.044006 0.037493 -0.080719
v 0.040108 -0.046197 -0.080719
v 0.040108 -0.046197 -0.080719
v 0.037894 -0.044592 -0.080719
v 0.037335 -0.041337 -0.080719
v 0.037562 -0.040696 -0.080719
v 0.038298 -0.043083 -0.080719
v -0.050551 -0.008978 -0.080719
v 0.038322 0.038297 -0.076715
v 0.037894 0.043316 -0.076715
v 0.040229 0.038232 -0.076715
v 0.039776 0.038432 -0.076715
v 0.040229 0.043910 -0.077666
v 0.038694 0.039430 -0.076715
v 0.038998 0.043103 -0.076715
v 0.044526 0.038826 -0.076715
v 0.044097 0.043845 -0.076715
v 0.041710 0.044032 -0.076715
v 0.041710 0.044032 -0.076715
v 0.043057 0.043438 -0.076715
v 0.043960 0.039867 -0.076715
v 0.040709 -0.039386 -0.077666
v 0.040709 -0.039386 -0.077666
v 0.039412 -0.045925 -0.076715
v 0.037335 -0.041337 -0.076715
v 0.040229 -0.045186 -0.077666
v 0.040229 -0.039508 -0.076715
v 0.038459 -0.041142 -0.076715
v 0.041710 0.044982 -0.080719
v 0.041710 -0.045308 -0.076715
v 0.041710 -0.045308 -0.076715
v 0.043586 -0.045570 -0.076715
v 0.041210 0.048078 -0.081520
v 0.041210 0.048078 -0.081520
v 0.044857 -0.040696 -0.076715
v 0.042190 -0.039508 -0.076715
v 0.044202 -0.042594 -0.076715
v 0.038998 0.043103 -0.080719
v 0.038694 0.042712 -0.080719
v 0.039362 0.043438 -0.080719
v 0.038459 0.039867 -0.080719
v 0.049552 0.024445 -0.080719
v 0.049552 -0.008978 -0.080719
v 0.016181 -0.017319 -0.080719
v 0.016181 -0.017319 -0.080719
v 0.040044 -0.046178 -0.080719
v 0.037562 -0.043999 -0.080719
v 0.040044 0.044902 -0.080719
v 0.038998 -0.040315 -0.080719
v 0.038694 -0.040707 -0.080719
v 0.039361 -0.039980 -0.080719
v 0.038459 -0.043551 -0.080719
v 0.040108 0.037221 -0.077666
v 0.040108 0.037221 -0.077666
v 0.040709 0.037099 -0.077666
v 0.040709 0.037099 -0.077666
v 0.037894 0.038826 -0.076715
v 0.038322 0.043845 -0.076715
v 0.038459 0.039867 -0.076715
v -0.050551 -0.036190 -0.080719
v 0.039362 0.043438 -0.076715
v 0.041710 0.038110 -0.080719
v 0.041710 0.038110 -0.080719
v 0.041710 0.038110 -0.076715
v 0.041710 0.038110 -0.076715
v 0.044857 0.039419 -0.076715
v 0.043587 0.044293 -0.076715
v 0.043422 0.043103 -0.076715
v 0.043725 0.039430 -0.076715
v 0.040108 -0.046197 -0.077666
v 0.040108 -0.046197 -0.077666
v 0.040108 -0.038497 -0.077666
v 0.040108 -0.038497 -0.077666
v 0.038833 -0.045570 -0.076715
v 0.037562 -0.040696 -0.076715
v 0.039361 -0.044715 -0.076715
v 0.038998 -0.044378 -0.076715
v 0.038694 -0.040707 -0.076715
v 0.041710 -0.046319 -0.076715
v 0.041710 -0.046319 -0.076715
v 0.044097 -0.045121 -0.076715
v 0.044525 -0.040102 -0.076715
v 0.042643 -0.039709 -0.076715
v 0.044121 -0.043083 -0.076715
v -0.042710 0.038110 -0.076715
v -0.042710 0.038110 -0.076715
v -0.042710 0.037099 -0.076715
v -0.042710 0.037099 -0.076715
v -0.043189 0.038233 -0.076715
v -0.045201 0.040824 -0.076715
v -0.043189 0.043910 -0.076715
v -0.045857 0.042723 -0.076715
v -0.044585 0.037849 -0.076715
v -0.042710 -0.045308 -0.080719
v -0.042710 -0.045308 -0.080719
v -0.042710 -0.045308 -0.076715
v -0.042710 -0.045308 -0.076715
v -0.044420 -0.044378 -0.076715
v 0.048217 0.041071 -0.081520
v 0.048217 0.041071 -0.081520
v -0.044725 -0.040707 -0.076715
v -0.044006 -0.038769 -0.076715
v -0.046083 -0.043357 -0.076715
v 0.046170 0.036371 -0.081520
v 0.046170 0.036371 -0.081520
v 0.049505 0.034334 -0.081520
v 0.049505 0.034334 -0.081520
v 0.046774 0.036659 -0.081520
v 0.046774 0.036659 -0.081520
v 0.033202 0.048234 -0.081520
v 0.033202 0.048234 -0.081520
v 0.046063 0.041572 -0.081720
v 0.046063 0.041572 -0.081720
v 0.046063 0.041572 -0.081520
v 0.046063 0.041572 -0.081520
v 0.041711 0.043010 -0.081720
v 0.041711 0.043010 -0.081720
v 0.042514 0.042591 -0.081520
v 0.038636 0.045011 -0.081520
v 0.038636 0.045011 -0.081520
v 0.039402 0.044367 -0.081720
v 0.039402 0.044367 -0.081720
v 0.039402 0.044367 -0.081520
v 0.039402 0.044367 -0.081520
v 0.042128 0.039292 -0.081520
v 0.039680 0.039780 -0.081520
v 0.039610 0.042275 -0.081520
v 0.042150 0.040729 -0.081520
v 0.041853 0.041838 -0.081520
v 0.040343 0.041572 -0.081520
v 0.040567 0.040304 -0.081520
v 0.041383 0.040085 -0.081720
v 0.040269 0.040729 -0.081720
v 0.040710 0.041938 -0.081720
v 0.041977 0.041715 -0.081720
v 0.037605 0.048496 -0.081720
v 0.049505 0.038326 -0.081720
v 0.049505 0.038326 -0.081720
v 0.044507 0.039264 -0.081720
v 0.044507 0.039264 -0.081720
v 0.039918 0.039541 -0.081720
v 0.040710 0.045925 -0.081720
v 0.040710 0.045925 -0.081720
v 0.038636 0.045011 -0.081720
v 0.038636 0.045011 -0.081720
v 0.047316 0.041827 -0.081720
v 0.041998 0.042912 -0.081720
v -0.040776 0.038432 -0.080719
v -0.042216 -0.050689 -0.081720
v -0.008847 -0.050689 -0.081720
v -0.040776 -0.044986 -0.080719
v 0.032868 0.016055 -0.081720
v 0.032868 0.016055 -0.081720
v -0.000499 0.016055 -0.081720
v -0.000499 0.016055 -0.081720
v 0.032868 -0.000638 -0.081720
v 0.032868 -0.000638 -0.081720
v -0.050551 -0.050689 -0.081720
v -0.050551 -0.050689 -0.081720
v -0.042216 0.049414 -0.081720
v -0.041709 0.044032 -0.076715
v -0.041709 0.044032 -0.076715
v -0.041709 0.045044 -0.076715
v -0.041709 0.045044 -0.076715
v -0.041709 0.044032 -0.077666
v -0.041709 0.044032 -0.077666
v -0.039297 0.041808 -0.080719
v -0.039458 0.039867 -0.080719
v 0.032868 0.016055 -0.080719
v 0.032868 0.016055 -0.080719
v -0.038561 0.042723 -0.076715
v -0.038334 0.040061 -0.076715
v -0.039832 0.037849 -0.076715
v -0.041709 -0.039386 -0.076715
v -0.041709 -0.039386 -0.076715
v -0.041709 -0.038374 -0.076715
v -0.041709 -0.038374 -0.076715
v -0.041709 -0.039386 -0.077666
v -0.041709 -0.039386 -0.077666
v -0.039297 -0.041610 -0.080719
v -0.039458 -0.043551 -0.080719
v -0.038561 -0.040696 -0.076715
v -0.038334 -0.043357 -0.076715
v -0.039833 -0.045570 -0.076715
v 0.049552 0.037160 -0.080719
v 0.043007 0.044650 -0.080719
v 0.043587 0.044293 -0.080719
v 0.044097 0.038297 -0.080719
v 0.043587 0.037849 -0.080719
v 0.042375 0.044902 -0.080719
v 0.041710 0.037160 -0.080719
v 0.042190 0.038232 -0.080719
v 0.043960 0.039867 -0.080719
v 0.044121 0.040335 -0.080719
v 0.043586 -0.039125 -0.080719
v -0.042710 -0.046319 -0.080719
v -0.042710 -0.046319 -0.080719
v -0.043189 -0.045185 -0.080719
v -0.043374 -0.046177 -0.080719
v -0.044006 -0.045925 -0.080719
v -0.045857 -0.043998 -0.080719
v -0.046083 -0.043357 -0.080719
v -0.042710 0.044983 -0.080719
v -0.042710 0.044032 -0.080719
v -0.042710 0.044032 -0.080719
v -0.044960 0.042276 -0.080719
v -0.045120 0.041808 -0.080719
v -0.042710 0.045044 -0.080719
v -0.042710 0.045044 -0.080719
v -0.045857 0.042723 -0.080719
v 0.040044 0.037240 -0.080719
v -0.045201 0.041319 -0.076715
v -0.042710 0.044032 -0.076715
v -0.042710 0.044032 -0.076715
v -0.046083 0.042082 -0.076715
v -0.044006 0.037493 -0.076715
v -0.043374 0.037241 -0.076715
v -0.042710 -0.046319 -0.076715
v -0.042710 -0.046319 -0.076715
v -0.044725 -0.043987 -0.076715
v -0.044420 -0.040315 -0.076715
v -0.044585 -0.039125 -0.076715
v -0.045857 -0.043998 -0.076715
v 0.049505 0.038326 -0.081520
v 0.049505 0.038326 -0.081520
v 0.046170 0.036942 -0.081720
v 0.046170 0.036942 -0.081720
v 0.035696 0.046456 -0.081520
v 0.035696 0.046456 -0.081520
v 0.033202 0.048234 -0.081720
v 0.033202 0.048234 -0.081720
v 0.035220 0.046794 -0.081520
v 0.035220 0.046794 -0.081520
v 0.033202 0.044675 -0.081520
v 0.033202 0.044675 -0.081520
v 0.045149 0.043645 -0.081520
v 0.045149 0.043645 -0.081520
v 0.043148 0.041572 -0.081520
v 0.043148 0.041572 -0.081520
v 0.042729 0.042375 -0.081520
v 0.040710 0.045925 -0.081520
v 0.040710 0.045925 -0.081520
v 0.041818 0.039164 -0.081520
v 0.039486 0.040054 -0.081520
v 0.039834 0.042526 -0.081520
v 0.042195 0.040898 -0.081520
v 0.041711 0.041938 -0.081520
v 0.040443 0.040428 -0.081520
v 0.042211 0.041071 -0.081720
v 0.042195 0.040898 -0.081720
v 0.041210 0.040070 -0.081720
v 0.040224 0.040898 -0.081720
v 0.040868 0.042012 -0.081720
v 0.042077 0.041572 -0.081720
v 0.042195 0.041245 -0.081720
v 0.039776 0.043710 -0.080719
v 0.040108 0.043865 -0.080719
v 0.040108 0.043865 -0.080719
v 0.038459 0.042276 -0.080719
v 0.039412 0.037493 -0.080719
v 0.038833 0.037849 -0.080719
v -0.017193 0.032743 -0.080719
v -0.017193 0.032743 -0.080719
v 0.040909 -0.050689 -0.080719
v 0.035036 -0.050689 -0.080719
v 0.039776 -0.039709 -0.080719
v 0.040108 -0.039553 -0.080719
v 0.040108 -0.039553 -0.080719
v -0.033881 -0.034006 -0.080719
v -0.033881 -0.034006 -0.080719
v 0.038459 -0.041142 -0.080719
v 0.024524 -0.050689 -0.080719
v -0.050551 -0.038435 -0.080719
v -0.050551 -0.050689 -0.080719
v -0.050551 -0.050689 -0.080719
v 0.037562 0.039419 -0.076715
v 0.038833 0.044293 -0.076715
v 0.040044 0.044902 -0.076715
v 0.039412 0.044650 -0.076715
v 0.038298 0.040335 -0.076715
v 0.045084 0.040061 -0.076715
v 0.043007 0.044650 -0.076715
v 0.043725 0.042712 -0.076715
v 0.043422 0.039040 -0.076715
v 0.038321 -0.045121 -0.076715
v 0.037894 -0.040102 -0.076715
v 0.039776 -0.044986 -0.076715
v 0.040229 -0.039508 -0.077666
v 0.038694 -0.043988 -0.076715
v 0.038998 -0.040315 -0.076715
v 0.044525 -0.044592 -0.076715
v 0.044097 -0.039573 -0.076715
v 0.043057 -0.039980 -0.076715
v 0.043960 -0.043551 -0.076715
v -0.041043 -0.038516 -0.076715
v -0.040412 -0.038769 -0.076715
v -0.038561 -0.040696 -0.080719
v -0.038334 -0.043357 -0.080719
v -0.039833 -0.045570 -0.080719
v -0.048381 0.049414 -0.080719
v -0.041909 0.049414 -0.080719
v 0.042375 0.037240 -0.080719
v 0.043007 0.037493 -0.080719
v 0.044097 0.043845 -0.080719
v 0.044202 0.040824 -0.080719
v 0.044202 0.041319 -0.080719
v 0.041710 0.037099 -0.080719
v 0.041710 0.037099 -0.080719
v 0.049552 -0.038436 -0.080719
v 0.049552 -0.050689 -0.080719
v 0.049552 -0.050689 -0.080719
v 0.043960 -0.041142 -0.080719
v 0.043725 -0.040707 -0.080719
v 0.044121 -0.041610 -0.080719
v 0.049552 -0.036190 -0.080719
v -0.044585 -0.045570 -0.080719
v -0.044057 -0.044715 -0.080719
v -0.043642 -0.044986 -0.080719
v -0.044725 0.042712 -0.080719
v -0.044420 0.043103 -0.080719
v -0.045524 0.043316 -0.080719
v 0.024524 -0.000638 -0.080719
v 0.035037 0.049414 -0.080719
v 0.024524 0.049414 -0.080719
v 0.033202 0.048496 -0.081720
v 0.035220 0.046794 -0.081720
v 0.035220 0.046794 -0.081720
v 0.037847 0.048668 -0.081720
v 0.037847 0.048668 -0.081720
v -0.043189 0.043910 -0.080719
v 0.049505 0.038979 -0.081720
v 0.049505 0.038979 -0.081720
v 0.042874 0.039959 -0.081720
v 0.040710 0.043010 -0.081720
v 0.040710 0.043010 -0.081720
v 0.041210 0.048078 -0.081720
v 0.041210 0.048078 -0.081720
v -0.017193 -0.034006 -0.081720
v -0.017193 -0.034006 -0.081720
v -0.000499 -0.000638 -0.081720
v -0.000499 -0.000638 -0.081720
v -0.050551 -0.008978 -0.081720
v -0.041709 0.045044 -0.077666
v -0.041709 0.045044 -0.077666
v -0.040361 0.043438 -0.076715
v -0.039997 0.043103 -0.076715
v -0.039216 0.041319 -0.076715
v -0.039693 0.039431 -0.076715
v -0.041043 0.044902 -0.076715
v -0.040411 0.044650 -0.076715
v -0.038561 0.042723 -0.080719
v -0.038334 0.040061 -0.080719
v -0.039832 0.037849 -0.080719
v -0.041709 -0.038374 -0.077666
v -0.041709 -0.038374 -0.077666
v -0.040361 -0.039980 -0.076715
v -0.039997 -0.040315 -0.076715
v -0.039216 -0.042099 -0.076715
v 0.037335 -0.043357 -0.080719
v -0.039693 -0.043987 -0.076715
v 0.033202 0.044675 -0.081720
v 0.033202 0.044675 -0.081720
v 0.035696 0.046456 -0.081720
v 0.035696 0.046456 -0.081720
v 0.033202 0.045354 -0.081720
v 0.033202 0.045354 -0.081720
v 0.033202 0.048913 -0.081720
v 0.033202 0.048913 -0.081720
v 0.037847 0.048496 -0.081720
v 0.046170 0.036371 -0.081720
v 0.046170 0.036371 -0.081720
v -0.042710 0.045044 -0.076715
v -0.042710 0.045044 -0.076715
v 0.043148 0.036371 -0.081720
v 0.043148 0.036371 -0.081720
v -0.041709 -0.045308 -0.077666
v -0.041709 -0.045308 -0.077666
v -0.041709 -0.046319 -0.077666
v -0.041709 -0.046319 -0.077666
v -0.000499 -0.017319 -0.081720
v -0.000499 -0.017319 -0.081720
v 0.016181 -0.017319 -0.081720
v 0.016181 -0.017319 -0.081720
v -0.048382 -0.050689 -0.080719
v -0.050551 0.024445 -0.081720
v -0.041228 0.043910 -0.077666
v -0.041709 0.038110 -0.077666
v -0.041709 0.038110 -0.077666
v -0.041709 0.038110 -0.076715
v -0.041709 0.038110 -0.076715
v -0.041228 0.038233 -0.077666
v -0.039997 0.043103 -0.080719
v -0.039216 0.041319 -0.080719
v -0.039693 0.039431 -0.080719
v -0.041709 0.037099 -0.076715
v -0.041709 0.037099 -0.076715
v -0.041709 0.037099 -0.077666
v -0.041709 0.037099 -0.077666
v -0.041043 0.037241 -0.076715
v -0.039832 0.044293 -0.076715
v -0.038334 0.042082 -0.076715
v -0.038561 0.039420 -0.076715
v -0.040411 0.037493 -0.076715
v -0.041228 -0.039508 -0.077666
v -0.041709 -0.045308 -0.076715
v -0.041709 -0.045308 -0.076715
v -0.041228 -0.045185 -0.077666
v 0.040108 0.043865 -0.077666
v 0.040108 0.043865 -0.077666
v -0.039997 -0.040315 -0.080719
v -0.039216 -0.042099 -0.080719
v -0.039693 -0.043987 -0.080719
v -0.041709 -0.046319 -0.076715
v -0.041709 -0.046319 -0.076715
v -0.041043 -0.046177 -0.076715
v -0.039833 -0.039125 -0.076715
v -0.038334 -0.041336 -0.076715
v -0.038561 -0.043998 -0.076715
v -0.040412 -0.045925 -0.076715
v -0.050551 0.044983 -0.080719
v 0.044526 0.043316 -0.080719
v 0.040909 0.049414 -0.080719
v 0.043960 0.042276 -0.080719
v 0.043725 0.042712 -0.080719
v 0.044121 0.041808 -0.080719
v -0.045097 -0.045121 -0.080719
v 0.044097 -0.039573 -0.080719
v 0.043422 -0.040315 -0.080719
v 0.043057 -0.039980 -0.080719
v 0.042643 -0.039709 -0.080719
v -0.041909 -0.050689 -0.080719
v -0.044725 -0.043987 -0.080719
v -0.044420 -0.044378 -0.080719
v -0.043189 0.038233 -0.080719
v -0.042710 0.038110 -0.080719
v -0.042710 0.038110 -0.080719
v -0.044056 0.043438 -0.080719
v -0.043374 0.044902 -0.080719
v -0.045096 0.043845 -0.080719
v 0.024524 0.016055 -0.080719
v 0.032868 -0.000638 -0.080719
v 0.032868 -0.000638 -0.080719
v -0.033881 -0.008978 -0.080719
v 0.038322 0.038297 -0.080719
v 0.040108 0.044921 -0.080719
v 0.040108 0.044921 -0.080719
v 0.038694 0.039430 -0.080719
v 0.039412 -0.045925 -0.080719
v 0.040108 -0.038497 -0.080719
v 0.040108 -0.038497 -0.080719
v 0.038694 -0.043988 -0.080719
v -0.036043 -0.050689 -0.080719
v 0.037335 0.040061 -0.076715
v 0.038217 0.040824 -0.076715
v 0.041710 0.037099 -0.076715
v 0.041710 0.037099 -0.076715
v 0.042375 0.037240 -0.076715
v 0.045199 0.040731 -0.076715
v 0.042375 0.044902 -0.076715
v 0.043960 0.042276 -0.076715
v 0.043057 0.038704 -0.076715
v 0.040709 -0.046319 -0.077666
v 0.040709 -0.046319 -0.077666
v 0.037894 -0.044592 -0.076715
v 0.038321 -0.039573 -0.076715
v 0.040108 -0.039553 -0.077666
v 0.040108 -0.039553 -0.077666
v 0.038459 -0.043551 -0.076715
v 0.044857 -0.043999 -0.076715
v 0.043586 -0.039125 -0.076715
v 0.043422 -0.040315 -0.076715
v 0.043725 -0.043988 -0.076715
v -0.043642 0.038432 -0.076715
v -0.045120 0.041808 -0.076715
v -0.046198 0.041411 -0.076715
v -0.044960 -0.043551 -0.076715
v -0.044057 -0.039980 -0.076715
v -0.045097 -0.039573 -0.076715
v -0.045524 -0.044592 -0.076715
v 0.037847 0.045599 -0.081520
v 0.037847 0.045599 -0.081520
v 0.033202 0.045354 -0.081520
v 0.033202 0.045354 -0.081520
v 0.044507 0.042878 -0.081520
v 0.044507 0.042878 -0.081520
v 0.042909 0.042130 -0.081520
v 0.040710 0.043010 -0.081520
v 0.040710 0.043010 -0.081520
v 0.041490 0.039089 -0.081520
v 0.039339 0.040357 -0.081520
v 0.040097 0.042736 -0.081520
v 0.041553 0.042012 -0.081520
v 0.041553 0.040131 -0.081520
v 0.041383 0.040085 -0.081520
v 0.040343 0.040570 -0.081520
v 0.042150 0.040729 -0.081720
v 0.041036 0.040085 -0.081720
v 0.040209 0.041071 -0.081720
v 0.041036 0.042057 -0.081720
v 0.042150 0.041413 -0.081720
v -0.039833 -0.039125 -0.080719
v -0.038334 -0.041336 -0.080719
v -0.038561 -0.043998 -0.080719
v -0.040412 -0.045925 -0.080719
v 0.044857 0.042723 -0.080719
v 0.041710 0.045044 -0.080719
v 0.041710 0.045044 -0.080719
v 0.042643 0.038432 -0.080719
v 0.043422 0.043103 -0.080719
v 0.043057 0.043438 -0.080719
v 0.044202 -0.042594 -0.080719
v 0.044202 -0.042099 -0.080719
v 0.044525 -0.040102 -0.080719
v 0.049552 -0.050689 -0.081720
v 0.049552 -0.050689 -0.081720
v 0.044525 -0.044592 -0.080719
v -0.042710 -0.038435 -0.080719
v -0.042710 -0.039386 -0.080719
v -0.042710 -0.039386 -0.080719
v -0.045857 -0.040696 -0.080719
v -0.045524 -0.044592 -0.080719
v -0.044960 -0.041142 -0.080719
v -0.042710 -0.038374 -0.080719
v -0.042710 -0.038374 -0.080719
v -0.042710 0.037160 -0.080719
v -0.042710 0.037099 -0.080719
v -0.042710 0.037099 -0.080719
v -0.033881 0.032835 -0.081720
v -0.033881 0.032835 -0.081720
v -0.033881 0.032835 -0.080719
v -0.033881 0.032835 -0.080719
v -0.017193 -0.034006 -0.080719
v -0.017193 -0.034006 -0.080719
v -0.008847 0.049414 -0.080719
v 0.037220 0.040731 -0.080719
v 0.037220 0.041411 -0.080719
v 0.042128 0.039292 -0.081720
v 0.042665 0.039696 -0.081720
v 0.039610 0.042275 -0.081720
v 0.039431 0.041990 -0.081720
v 0.045149 0.043645 -0.081720
v 0.045149 0.043645 -0.081720
v -0.033881 0.024445 -0.081720
v -0.017193 -0.008978 -0.081720
v 0.016181 -0.034006 -0.081720
v 0.016181 -0.034006 -0.081720
v 0.040892 -0.050689 -0.081720
v 0.049552 -0.008978 -0.081720
v -0.050551 0.033584 -0.081720
v -0.041228 0.038233 -0.076715
v -0.039693 0.042712 -0.076715
v -0.039216 0.040824 -0.076715
v -0.039997 0.039040 -0.076715
v -0.039832 0.044293 -0.080719
v -0.038334 0.042082 -0.080719
v 0.041210 0.042072 -0.081520
v 0.041383 0.042057 -0.081520
v -0.038561 0.039420 -0.080719
v -0.040411 0.037493 -0.080719
v -0.041228 -0.045185 -0.076715
v -0.039693 -0.040707 -0.076715
v 0.041710 0.045044 -0.076715
v 0.041710 0.045044 -0.076715
v -0.039216 -0.042594 -0.076715
v -0.039997 -0.044378 -0.076715
v -0.044057 0.038704 -0.076715
v -0.044960 0.042276 -0.076715
v -0.043374 0.044902 -0.076715
v -0.046198 0.040732 -0.076715
v -0.045120 -0.043083 -0.076715
v -0.043642 -0.039709 -0.076715
v -0.045524 -0.040102 -0.076715
v -0.045097 -0.045121 -0.076715
v 0.043050 0.041860 -0.081520
v 0.041153 0.039070 -0.081520
v 0.039246 0.040681 -0.081520
v 0.040392 0.042899 -0.081520
v 0.041036 0.042057 -0.081520
v 0.040269 0.040729 -0.081520
v 0.042077 0.040570 -0.081720
v 0.040868 0.040131 -0.081720
v 0.040224 0.041245 -0.081720
v 0.041210 0.042072 -0.081720
v 0.042190 0.038232 -0.076715
v 0.037894 0.038826 -0.080719
v 0.037335 0.040061 -0.080719
v 0.037220 -0.042688 -0.080719
v 0.037220 -0.042007 -0.080719
v 0.037894 -0.040102 -0.080719
v 0.038321 -0.039573 -0.080719
v -0.008847 -0.050689 -0.080719
v 0.040709 0.037099 -0.076715
v 0.040709 0.037099 -0.076715
v 0.037220 0.040731 -0.076715
v 0.040709 0.038110 -0.077666
v 0.040709 0.038110 -0.077666
v 0.040229 0.043910 -0.076715
v 0.039776 0.043710 -0.076715
v 0.038217 0.041319 -0.076715
v 0.045199 0.041411 -0.076715
v 0.044121 0.041808 -0.076715
v 0.042643 0.038432 -0.076715
v 0.037562 -0.043999 -0.076715
v 0.038833 -0.039125 -0.076715
v 0.039412 -0.038769 -0.076715
v 0.038298 -0.043083 -0.076715
v 0.045084 -0.043357 -0.076715
v 0.043006 -0.038769 -0.076715
v 0.043725 -0.040707 -0.076715
v 0.043422 -0.044378 -0.076715
v 0.037562 0.039419 -0.080719
v 0.038298 0.041808 -0.080719
v -0.043642 0.043710 -0.080719
v -0.044585 0.037849 -0.080719
v 0.038833 -0.039125 -0.080719
v 0.038298 -0.041610 -0.080719
v 0.042413 0.039471 -0.081720
v 0.040709 0.045044 -0.076715
v 0.040709 0.045044 -0.076715
v 0.040709 0.044032 -0.076715
v 0.040709 0.044032 -0.076715
v 0.040044 0.037240 -0.076715
v 0.037220 0.041411 -0.076715
v 0.040709 0.038110 -0.076715
v 0.040709 0.038110 -0.076715
v 0.038298 0.041808 -0.076715
v 0.043007 0.037493 -0.076715
v 0.045084 0.042081 -0.076715
v 0.044202 0.041319 -0.076715
v 0.037335 -0.043357 -0.076715
v 0.038216 -0.042594 -0.076715
v 0.045199 -0.042688 -0.076715
v 0.039227 0.041351 -0.081720
v 0.039302 0.041679 -0.081720
v 0.042375 -0.038516 -0.076715
v 0.043960 -0.041142 -0.076715
v 0.043057 -0.044715 -0.076715
v -0.044420 0.039040 -0.076715
v -0.044725 0.042712 -0.076715
v -0.044006 0.044650 -0.076715
v -0.046083 0.040061 -0.076715
v -0.045202 -0.042594 -0.076715
v -0.043189 -0.039508 -0.076715
v -0.045857 -0.040696 -0.076715
v -0.044585 -0.045570 -0.076715
v 0.049505 0.038979 -0.081520
v 0.049505 0.038979 -0.081520
v 0.043148 0.036942 -0.081720
v 0.043148 0.036942 -0.081720
v -0.036043 0.049414 -0.080719
v 0.037847 0.045599 -0.081720
v 0.037847 0.045599 -0.081720
v 0.037847 0.047989 -0.081520
v 0.037847 0.047989 -0.081520
v 0.040819 0.039108 -0.081520
v 0.039208 0.041015 -0.081520
v 0.040868 0.042012 -0.081520
v 0.041210 0.040070 -0.081520
v 0.040224 0.040898 -0.081520
v 0.040710 0.040204 -0.081720
v 0.040269 0.041413 -0.081720
v 0.041383 0.042057 -0.081720
v 0.037847 0.047989 -0.081720
v 0.037847 0.047989 -0.081720
v 0.049552 0.033584 -0.081720
v 0.039208 0.041015 -0.081720
v 0.041977 0.040428 -0.081720
v 0.044507 0.042878 -0.081720
v 0.044507 0.042878 -0.081720
v 0.049552 0.024445 -0.081720
v -0.050551 0.041828 -0.081720
v -0.041108 0.043865 -0.077666
v -0.041108 0.043865 -0.077666
v -0.041108 0.043865 -0.080719
v -0.041108 0.043865 -0.080719
v -0.041108 -0.039553 -0.077666
v -0.041108 -0.039553 -0.077666
v -0.041108 -0.039553 -0.080719
v -0.041108 -0.039553 -0.080719
v 0.044526 0.038826 -0.080719
v 0.044857 0.039419 -0.080719
v 0.045084 0.042081 -0.080719
v 0.044857 -0.040696 -0.080719
v 0.044097 -0.045121 -0.080719
v 0.043725 -0.043988 -0.080719
v 0.043422 -0.044378 -0.080719
v -0.045524 -0.040102 -0.080719
v -0.044725 -0.040707 -0.080719
v -0.044420 -0.040315 -0.080719
v -0.045096 0.038297 -0.080719
v -0.033881 0.024445 -0.080719
v 0.043037 0.040253 -0.081520
v 0.042211 0.041071 -0.081520
v 0.042195 0.041245 -0.081520
v 0.037894 0.043316 -0.080719
v 0.038998 0.039040 -0.080719
v 0.038998 -0.044378 -0.080719
v 0.043725 0.039430 -0.080719
v 0.042190 -0.039508 -0.080719
v 0.042643 -0.044986 -0.080719
v 0.043057 -0.044715 -0.080719
v -0.045097 -0.039573 -0.080719
v -0.045201 0.041319 -0.080719
v 0.042729 0.042375 -0.081720
vn 0.3566 0.9342 -0.0000
vn 0.1956 0.9807 -0.0000
vn -0.0000 -0.0000 -1.0000
vn 1.0000 -0.0000 -0.0000
vn -0.5812 0.8138 -0.0000
vn -1.0000 -0.0000 -0.0000
vn 0.5809 0.8139 -0.0000
vn 0.5809 -0.8139 -0.0000
vn -0.0000 1.0000 -0.0000
vn -0.5808 -0.8141 0.0015
vn -0.5806 -0.8142 -0.0000
vn 0.5804 -0.8144 -0.0020
vn 0.5793 -0.8151 -0.0000
vn -0.5219 -0.8530 -0.0000
vn -0.5212 0.8535 -0.0000
vn 0.5213 -0.8534 -0.0000
vn -0.9438 0.3304 -0.0000
vn 0.6428 -0.7660 -0.0000
vn -0.9125 0.4091 -0.0000
vn 0.7665 0.6423 -0.0000
vn -0.8316 0.5553 -0.0000
vn 0.0285 0.9996 -0.0000
vn -0.1401 0.9901 -0.0000
vn -0.6427 -0.7661 -0.0000
vn -0.0000 -1.0000 -0.0000
vn -0.3032 0.9529 -0.0000
vn -0.4585 0.8887 -0.0000
vn -0.6009 0.7993 -0.0000
vn 0.8616 0.5077 -0.0000
vn 0.7644 0.6448 -0.0000
vn 0.6446 0.7645 -0.0000
vn 0.5078 0.8615 -0.0000
vn 0.9901 -0.1406 -0.0000
vn 0.9996 0.0285 -0.0000
vn 0.9807 0.1955 -0.0000
vn 0.9342 0.3567 -0.0000
vn -0.7659 0.6429 -0.0000
vn 0.3292 -0.9442 -0.0000
vn 0.7993 -0.6009 -0.0000
vn 0.8889 -0.4580 -0.0000
vn 0.9525 -0.3045 -0.0000
vn 0.4086 -0.9127 -0.0000
vn 0.5565 -0.8308 -0.0000
vn 0.6868 -0.7269 -0.0000
vn 0.6430 0.7659 -0.0000
vn 0.7659 -0.6430 -0.0000
vn -0.6515 -0.7586 -0.0000
vn -0.6430 0.7659 -0.0000
vn 0.7662 0.6426 -0.0000
vn -0.3941 -0.9191 -0.0000
vn -0.5288 -0.8487 -0.0000
vn 0.7665 -0.6423 -0.0000
vn 0.6429 0.7660 -0.0000
vn -0.8485 -0.5292 -0.0000
vn -0.9192 -0.3937 -0.0000
vn -0.9468 -0.3219 -0.0000
vn -0.0055 -1.0000 -0.0000
vn -0.7660 -0.6428 -0.0000
vn -0.2462 -0.9692 -0.0000
vn -0.0000 -0.0000 1.0000
vn 0.2006 0.9797 -0.0000
vn -0.4867 -0.8736 -0.0000
vn -0.7364 -0.6766 -0.0000
vn -0.8380 -0.5457 -0.0000
vn -0.9694 -0.2454 -0.0000
vn -0.9966 -0.0821 -0.0000
vn -0.9966 0.0821 -0.0000
vn -0.9158 0.4017 -0.0000
vn -0.8379 0.5458 -0.0000
vn -0.7369 0.6760 -0.0000
vn -0.6152 0.7884 -0.0000
vn -0.4867 0.8736 -0.0000
vn 0.2912 -0.9567 0.0010
vn 0.2537 -0.9673 0.0021
vn 0.5940 0.8045 -0.0000
vn 0.9111 0.4123 -0.0000
vn 0.9676 0.2526 -0.0000
vn 0.9675 -0.2527 -0.0000
vn 0.9111 -0.4123 -0.0000
vn 0.5934 -0.8049 -0.0000
vn 0.4484 -0.8939 -0.0000
vn -0.4866 -0.8736 -0.0000
vn -0.3266 -0.9452 -0.0000
vn -0.8379 -0.5458 -0.0000
vn -0.9158 0.4016 -0.0000
vn -0.6151 0.7885 -0.0000
vn -0.4866 0.8736 -0.0000
vn 0.2914 -0.9566 0.0010
vn 0.2527 -0.9675 0.0020
vn 0.5936 0.8047 -0.0000
vn 0.9108 0.4129 -0.0000
vn 0.9676 0.2527 -0.0000
vn 0.9107 -0.4130 -0.0000
vn 0.5931 -0.8051 -0.0000
vn 0.4487 -0.8937 -0.0000
vn 0.2909 -0.9568 -0.0000
vn 0.4490 -0.8935 -0.0000
vn 0.8281 -0.5607 -0.0000
vn 0.9111 -0.4121 -0.0000
vn 0.9676 -0.2525 -0.0000
vn 0.4489 0.8936 -0.0000
vn 0.5941 0.8044 -0.0000
vn 0.7210 0.6930 -0.0000
vn 0.8280 0.5607 -0.0000
vn 0.9111 0.4121 -0.0000
vn 0.9676 0.2525 -0.0000
vn 0.9964 0.0850 -0.0000
vn 0.9964 -0.0849 -0.0000
vn 0.5935 -0.8049 -0.0000
vn 0.2908 0.9568 -0.0000
vn -0.3267 -0.9451 -0.0000
vn -0.2464 0.9692 -0.0000
vn -0.9966 -0.0823 -0.0000
vn -0.4778 0.8785 -0.0000
vn 0.2074 -0.9783 -0.0000
vn -0.3267 0.9451 -0.0000
vn -0.9158 -0.4016 -0.0000
vn -0.8380 -0.5456 -0.0000
vn -0.8379 0.5459 -0.0000
vn -0.7365 0.6765 -0.0000
vn -0.6151 0.7884 -0.0000
vn -0.9694 0.2455 -0.0000
vn -0.9694 -0.2455 -0.0000
vn -0.6144 -0.7890 -0.0000
vn -0.4779 -0.8784 -0.0000
vn -0.9966 0.0822 -0.0000
vn -0.9966 -0.0822 -0.0000
vn -0.4777 0.8785 -0.0000
vn 0.2911 0.9567 -0.0000
vn 0.4492 0.8934 -0.0000
vn 0.5937 0.8047 -0.0000
vn 0.7210 0.6929 -0.0000
vn 0.9109 0.4127 -0.0000
vn 0.9964 0.0849 -0.0000
vn 0.9108 -0.4128 -0.0000
vn 0.8280 -0.5607 -0.0000
vn 0.7211 -0.6929 -0.0000
vn 0.4493 -0.8934 -0.0000
vn 0.2911 -0.9567 -0.0000
vn -0.7365 0.6764 -0.0000
vn -0.9160 0.4012 -0.0000
vn -0.4778 -0.8785 -0.0000
vn 0.2488 0.9685 -0.0000
vn -0.2093 -0.9779 -0.0000
vn 0.3266 0.9452 -0.0000
vn 0.4773 -0.8787 -0.0000
vn -0.9964 0.0849 -0.0000
vn -0.9964 -0.0849 -0.0000
vn -0.9677 0.2520 -0.0000
vn -0.9111 0.4123 -0.0000
vn -0.8280 0.5607 -0.0000
vn 0.9965 0.0832 -0.0000
vn -0.4484 -0.8938 -0.0000
vn -0.5931 -0.8051 -0.0000
vn -0.7213 -0.6926 -0.0000
vn -0.8283 -0.5603 -0.0000
vn -0.7210 0.6930 -0.0000
vn -0.5936 0.8047 -0.0000
vn -0.4490 0.8935 -0.0000
vn -0.9677 -0.2520 -0.0000
vn 0.8375 0.5464 -0.0000
vn 0.7368 0.6761 -0.0000
vn 0.8375 -0.5464 -0.0000
vn 0.7363 -0.6767 -0.0000
vn 0.9694 0.2455 -0.0000
vn 0.9162 0.4008 -0.0000
vn 0.6156 0.7881 -0.0000
vn 0.4765 0.8792 -0.0000
vn 0.9162 -0.4008 -0.0000
vn 0.9694 -0.2455 -0.0000
vn -0.2091 0.9779 -0.0000
vn -0.2910 0.9567 -0.0000
vn 0.4779 -0.8784 -0.0000
vn 0.9966 -0.0820 -0.0000
vn 0.9966 0.0820 -0.0000
vn 0.8375 0.5465 -0.0000
vn 0.7358 -0.6771 -0.0000
vn 0.6149 -0.7886 -0.0000
vn 0.9697 0.2444 -0.0000
vn 0.4766 0.8791 -0.0000
vn 0.9697 -0.2444 -0.0000
vn -0.8277 0.5612 -0.0000
vn -0.5934 -0.8049 -0.0000
vn -0.5940 0.8045 -0.0000
vn -0.4490 0.8936 -0.0000
vn -0.9111 -0.4123 -0.0000
vn -0.9677 -0.2521 -0.0000
vn -0.2911 -0.9567 -0.0000
vn -0.3284 -0.9445 -0.0000
vn -0.9964 -0.0850 -0.0000
vn -0.9964 0.0850 -0.0000
vn -0.7210 0.6929 -0.0000
vn -0.5941 0.8044 -0.0000
vn -0.4489 0.8936 -0.0000
vn -0.4490 -0.8935 -0.0000
vn -0.5935 -0.8049 -0.0000
vn -0.7210 -0.6929 -0.0000
vn -0.8277 -0.5612 -0.0000
vn -0.9111 -0.4121 -0.0000
vn -0.9678 0.2519 -0.0000
vn -0.9111 0.4121 -0.0000
vn 0.4872 -0.8733 -0.0000
vn -0.2855 0.9584 -0.0000
vn -0.3285 0.9445 -0.0000
vn 0.7364 0.6766 -0.0000
vn 0.4867 0.8736 -0.0000
vn 0.7359 -0.6771 -0.0000
vn 0.8376 -0.5463 -0.0000
vn 0.8374 0.5465 -0.0000
vn 0.9697 -0.2445 -0.0000
vn 0.9966 -0.0821 -0.0000
vn 0.9966 0.0821 -0.0000
vn 0.9697 0.2445 -0.0000
vn 0.9164 0.4004 -0.0000
vn 0.3265 -0.9452 -0.0000
vn -0.4484 -0.8939 -0.0000
vn -0.7211 -0.6929 -0.0000
vn -0.8280 -0.5607 -0.0000
vn -0.9111 -0.4122 -0.0000
vn -0.9678 -0.2519 -0.0000
vn 0.4866 -0.8736 -0.0000
vn 0.7364 0.6765 -0.0000
vn 0.4866 0.8736 -0.0000
vn 0.7363 -0.6766 -0.0000
vn 0.6150 -0.7886 -0.0000
vn 0.2467 -0.9691 -0.0000
vn 0.3265 0.9452 -0.0000
vn 0.3241 -0.9460 -0.0037
vn -0.9158 -0.4017 -0.0000
vn 0.7358 -0.6772 -0.0000
vn 0.9965 -0.0832 -0.0000
vn -0.5807 0.8141 -0.0000
vn 1.0000 -0.0003 -0.0000
vn 0.6438 -0.7652 -0.0000
vn 0.7651 -0.6439 -0.0000
vn 0.8663 -0.4995 -0.0000
vn 0.9405 -0.3399 -0.0000
vn 0.9845 -0.1755 -0.0000
vn 0.0003 1.0000 -0.0000
vn -0.1727 0.9850 -0.0000
vn 0.9844 0.1761 -0.0000
vn 0.9402 0.3407 -0.0000
vn 0.8672 0.4980 -0.0000
vn 0.7648 0.6442 -0.0000
vn 0.6421 0.7666 -0.0000
vn 0.5022 0.8648 -0.0000
vn 0.3420 0.9397 -0.0000
vn 0.1723 0.9851 -0.0000
vn -0.3428 0.9394 -0.0000
vn -0.5008 0.8656 -0.0000
vn -0.6424 0.7664 -0.0000
vn -0.7661 0.6428 -0.0000
vn -0.8658 0.5004 -0.0000
vn 0.3421 -0.9397 -0.0000
vn 0.4997 -0.8662 -0.0000
vn 0.1752 -0.9845 -0.0000
vn 0.0003 -1.0000 -0.0000
vn -0.1756 -0.9845 -0.0000
vn -0.3429 -0.9394 -0.0000
vn -0.4983 -0.8670 -0.0000
vn -0.6441 -0.7650 -0.0000
vn -0.7663 -0.6425 -0.0000
vn -0.8649 -0.5019 -0.0000
vn -0.9399 -0.3416 -0.0000
vn -0.9850 -0.1725 -0.0000
vn -0.9849 0.1731 -0.0000
vn -0.9396 0.3424 -0.0000
vn -0.3972 0.9177 -0.0009
vn -0.4233 0.9060 -0.0000
vn -0.6145 -0.7889 -0.0000
vn -0.9694 0.2454 -0.0000
vn 0.2817 0.9595 -0.0000
vn 0.4490 0.8936 -0.0000
vn 0.7209 0.6930 -0.0000
vn 0.8284 -0.5602 -0.0000
vn 0.7213 -0.6927 -0.0000
vn 0.3267 -0.9451 -0.0000
vn 0.2817 -0.9595 -0.0000
vn 0.3269 0.9451 -0.0000
vn 0.4493 0.8934 -0.0000
vn 0.8283 -0.5603 -0.0000
vn 0.7214 -0.6925 -0.0000
vn 0.3261 -0.9453 -0.0000
vn 0.2801 -0.9600 -0.0000
vn 0.2088 0.9780 -0.0000
vn 0.6150 -0.7885 -0.0000
vn 0.6157 0.7880 -0.0000
vn -0.2040 0.9790 0.0037
vn -0.2562 0.9666 0.0021
vn 0.3925 0.9197 -0.0129
vn 0.3066 0.9518 -0.0109
vn 0.7210 -0.6930 -0.0000
vn 0.8281 0.5607 -0.0000
vn -0.2912 0.9566 0.0011
vn -0.2047 -0.9788 0.0035
vn -0.2927 -0.9562 0.0026
vn 0.2470 0.9690 -0.0000
vn 0.9161 0.4008 -0.0000
vn 0.2468 -0.9691 -0.0000
vn 0.5810 0.8139 -0.0000
vn -0.5807 -0.8141 -0.0000
vn 0.5798 -0.8148 -0.0008
vn 0.5805 -0.8143 -0.0000
vn -0.5806 -0.8142 0.0001
vn -0.3232 -0.9463 -0.0000
vn -0.7270 0.6867 -0.0000
vn -1.0000 -0.0003 -0.0000
vn -0.4792 0.8777 -0.0033
vn 0.2547 0.9670 0.0007
vn 0.4231 0.9061 -0.0000
vn -0.2839 -0.9589 -0.0000
vn 0.5805 -0.8143 -0.0001
vn 0.5213 0.8533 -0.0000
vn -0.6427 0.7662 -0.0000
vn -0.4781 -0.8783 -0.0011
vn -0.4780 -0.8784 -0.0011
vn 0.4796 -0.8775 -0.0031
vn -0.5811 -0.8138 0.0003
vn 0.4777 0.8785 -0.0011
vn 0.2981 -0.9545 -0.0000
vn -0.2558 -0.9667 0.0008
vn -0.1994 -0.9799 -0.0000
vn 0.5213 0.8534 -0.0000
vn 0.2058 0.9786 0.0034
vn -0.7589 -0.6512 -0.0000
vn 0.4231 -0.9061 -0.0000
vn -0.2912 0.9567 0.0011
vn 0.4776 0.8786 -0.0011
vn 0.2927 0.9562 0.0026
vn 0.8376 -0.5464 -0.0000
vn 0.2924 0.9563 0.0026
vn 0.9111 0.4122 -0.0000
vn -0.5811 -0.8138 -0.0000
vn -0.2482 0.9687 -0.0000
vn 0.2041 -0.9789 0.0035
vn -0.3075 -0.9515 -0.0105
vn -0.2964 0.9551 -0.0000
vn 0.2089 -0.9779 -0.0000
vn 0.2040 -0.9790 0.0036
vn 0.3987 -0.9171 -0.0009
vn 0.9964 -0.0850 -0.0000
vn -0.3241 0.9460 -0.0039
vn 0.4774 -0.8787 -0.0000
vn 0.4801 -0.8772 -0.0031
vn -0.6150 0.7885 -0.0000
vn -0.3939 -0.9191 -0.0124
vn -0.4233 -0.9060 -0.0000
s 1
f 985//3 986//3 3//3
f 4//3 1764//3 1766//3
f 7//3 8//3 1193//3
f 1193//3 8//3 10//3
f 4//3 11//3 1633//3
f 1633//3 11//3 1728//3
f 1764//3 4//3 1768//3
f 1768//3 4//3 1633//3
f 1768//3 1633//3 1729//3
f 1728//3 11//3 1770//3
f 1770//3 11//3 989//3
f 1770//3 989//3 1295//3
f 1296//3 1295//3 1539//3
f 1539//3 1295//3 989//3
f 1539//3 989//3 1731//3
f 1731//3 989//3 990//3
f 1731//3 990//3 1772//3
f 1772//3 990//3 8//3
f 1772//3 8//3 2066//3
f 2066//3 8//3 7//3
f 2066//3 7//3 25//3
f 1298//3 1300//3 1540//3
f 1773//3 1302//3 2068//3
f 1734//3 998//3 1540//3
f 1540//3 998//3 2068//3
f 1540//3 2068//3 1298//3
f 1298//3 2068//3 1302//3
f 1304//3 1306//3 1308//3
f 1308//3 1306//3 1542//3
f 1308//3 1542//3 1736//3
f 2051//3 1309//3 991//3
f 1310//3 1312//3 1629//3
f 1629//3 1312//3 1734//3
f 1309//3 2051//3 986//3
f 986//3 2051//3 1777//3
f 986//3 1777//3 3//3
f 991//3 992//3 2051//3
f 2051//3 992//3 1940//3
f 2051//3 1940//3 2020//3
f 1629//3 2051//3 1310//3
f 1310//3 2051//3 2020//3
f 1310//3 2020//3 1542//3
f 1542//3 2020//3 49//3
f 1542//3 49//3 1736//3
f 1314//3 1315//3 52//3
f 52//3 1315//3 1544//3
f 52//3 1544//3 993//3
f 2036//3 2069//3 10//3
f 10//3 2069//3 994//3
f 10//3 994//3 52//3
f 52//3 994//3 995//3
f 52//3 995//3 1314//3
f 1524//3 1545//3 1737//3
f 1942//3 1943//3 10//3
f 10//3 1943//3 2037//3
f 10//3 2037//3 2036//3
f 1737//3 996//3 1524//3
f 1524//3 996//3 997//3
f 1524//3 997//3 1316//3
f 1316//3 1942//3 1524//3
f 1524//3 1942//3 10//3
f 1524//3 10//3 1547//3
f 1547//3 10//3 8//3
f 1547//3 8//3 1739//3
f 1734//3 1312//3 998//3
f 998//3 1312//3 1549//3
f 998//3 1549//3 999//3
f 72//3 1000//3 1317//3
f 75//3 1319//3 1550//3
f 1550//3 1319//3 1317//3
f 1550//3 1317//3 1001//3
f 1001//3 1317//3 1000//3
f 1944//3 2071//3 1317//3
f 72//3 1317//3 1002//3
f 1002//3 1317//3 2071//3
f 1002//3 2071//3 1003//3
f 1003//3 2071//3 1515//3
f 1003//3 1515//3 1321//3
f 85//3 1931//3 87//3
f 87//3 1931//3 1946//3
f 87//3 1946//3 89//3
f 89//3 1946//3 1323//3
f 89//3 1323//3 1552//3
f 1552//3 1323//3 1324//3
f 1552//3 1324//3 1553//3
f 1553//3 1324//3 1741//3
f 1553//3 1741//3 95//3
f 95//3 1741//3 1947//3
f 95//3 1947//3 97//3
f 97//3 1947//3 1326//3
f 97//3 1326//3 99//3
f 99//3 1326//3 1327//3
f 1783//3 95//3 1785//3
f 1785//3 95//3 103//3
f 1785//3 103//3 1948//3
f 1948//3 103//3 1079//3
f 1948//3 1079//3 1393//3
f 1393//3 1079//3 1553//3
f 1393//3 1553//3 1783//3
f 1783//3 1553//3 95//3
f 1555//3 1557//3 97//3
f 97//3 1557//3 95//3
f 95//3 1557//3 1743//3
f 95//3 1743//3 103//3
f 110//3 1950//3 1951//3
f 1951//3 1950//3 113//3
f 1951//3 113//3 2073//3
f 2073//3 113//3 115//3
f 2073//3 115//3 2068//3
f 2068//3 115//3 3//3
f 2068//3 3//3 1773//3
f 1773//3 3//3 1777//3
f 1950//3 1080//3 113//3
f 113//3 1080//3 117//3
f 113//3 117//3 115//3
f 115//3 117//3 118//3
f 115//3 118//3 3//3
f 3//3 118//3 52//3
f 3//3 52//3 985//3
f 985//3 52//3 993//3
f 1080//3 1079//3 117//3
f 117//3 1079//3 103//3
f 117//3 103//3 118//3
f 118//3 103//3 119//3
f 118//3 119//3 52//3
f 52//3 119//3 120//3
f 52//3 120//3 10//3
f 10//3 120//3 4//3
f 10//3 4//3 1193//3
f 1193//3 4//3 1766//3
f 1549//3 1944//3 999//3
f 999//3 1944//3 121//3
f 999//3 121//3 1329//3
f 1329//3 121//3 1331//3
f 1317//3 1332//3 1944//3
f 1944//3 1332//3 1739//3
f 1944//3 1739//3 121//3
f 121//3 1739//3 8//3
f 121//3 8//3 1331//3
f 1331//3 8//3 990//3
f 1743//3 1559//3 103//3
f 103//3 1559//3 1555//3
f 103//3 1555//3 119//3
f 119//3 1555//3 97//3
f 119//3 97//3 120//3
f 120//3 97//3 99//3
f 120//3 99//3 4//3
f 4//3 99//3 126//3
f 4//3 126//3 11//3
f 11//3 126//3 127//3
f 11//3 127//3 989//3
f 989//3 127//3 1004//3
f 1327//3 1931//3 99//3
f 99//3 1931//3 85//3
f 99//3 85//3 126//3
f 126//3 85//3 129//3
f 126//3 129//3 127//3
f 127//3 129//3 130//3
f 127//3 130//3 1004//3
f 1004//3 130//3 1563//3
f 1552//3 1561//3 89//3
f 89//3 1561//3 1745//3
f 89//3 1745//3 87//3
f 87//3 1745//3 1788//3
f 87//3 1788//3 85//3
f 85//3 1788//3 1952//3
f 85//3 1952//3 129//3
f 129//3 1952//3 2074//3
f 129//3 2074//3 130//3
f 130//3 2074//3 1005//3
f 130//3 1005//3 1563//3
f 1563//3 1005//3 1006//3
f 1565//6 1566//6 1568//6
f 1568//6 1566//6 1746//6
f 2075//346 2077//347 145//62
f 139//59 1569//59 1334//83
f 1334//83 1569//59 1789//336
f 1334//83 1789//336 1335//315
f 1790//334 1792//334 1794//337
f 1794//337 1792//334 1953//342
f 1794//337 1953//342 1008//268
f 1008//268 1953//342 1340//308
f 1008//268 1340//308 1010//269
f 1789//336 2075//346 1335//315
f 1335//315 2075//346 145//62
f 1335//315 145//62 1748//270
f 1748//270 145//62 1013//270
f 1748//270 1013//270 1749//63
f 1749//63 1013//270 159//63
f 1749//63 159//63 1954//64
f 1954//64 159//63 161//64
f 1954//64 161//64 1336//117
f 1336//117 161//64 1015//117
f 1336//117 1015//117 1337//65
f 1337//65 1015//117 165//65
f 1337//65 165//65 1750//66
f 1750//66 165//65 167//66
f 1750//66 167//66 1955//67
f 1955//67 167//66 169//67
f 1955//67 169//67 1338//271
f 1338//271 169//67 1017//271
f 1338//271 1017//271 1339//68
f 1339//68 1017//271 173//68
f 1339//68 173//68 1751//69
f 1751//69 173//68 175//69
f 1751//69 175//69 1956//70
f 1956//70 175//69 177//70
f 1956//70 177//70 1341//71
f 1341//71 177//70 179//71
f 1341//71 179//71 1340//308
f 1340//308 179//71 180//72
f 1340//308 180//72 1010//269
f 1798//6 1793//6 1800//6
f 1800//6 1793//6 149//6
f 1799//338 1801//339 183//73
f 183//73 1801//339 184//74
f 1022//145 1023//272 1342//309
f 142//61 1567//324 1342//309
f 1342//309 1567//324 1752//331
f 1342//309 1752//331 1022//145
f 1022//145 1752//331 1753//101
f 1022//145 1753//101 1025//273
f 1025//273 1753//101 191//75
f 1025//273 191//75 1957//75
f 1957//75 191//75 1026//274
f 1957//75 1026//274 1344//274
f 1344//274 1026//274 1027//104
f 1344//274 1027//104 1345//293
f 1345//293 1027//104 197//76
f 1345//293 197//76 1754//332
f 1754//332 197//76 199//77
f 1754//332 199//77 1958//77
f 1958//77 199//77 1028//134
f 1958//77 1028//134 1346//134
f 1346//134 1028//134 1029//108
f 1346//134 1029//108 1347//108
f 1347//108 1029//108 205//78
f 1347//108 205//78 1755//78
f 1755//78 205//78 207//79
f 1755//78 207//79 1961//79
f 1961//79 207//79 1030//275
f 1961//79 1030//275 1348//275
f 1348//275 1030//275 1031//276
f 1348//275 1031//276 1349//276
f 1349//276 1031//276 213//80
f 1349//276 213//80 1756//80
f 1756//80 213//80 215//81
f 1756//80 215//81 1962//81
f 1962//81 215//81 183//73
f 1962//81 183//73 1032//277
f 1032//277 183//73 184//74
f 1032//277 184//74 1033//278
f 1578//6 1579//6 1581//6
f 1581//6 1579//6 1757//6
f 2079//346 2081//347 225//82
f 219//59 1582//59 226//83
f 226//83 1582//59 1807//336
f 226//83 1807//336 1351//316
f 1780//334 1808//334 1810//337
f 1810//337 1808//334 1963//342
f 1810//337 1963//342 1035//268
f 1035//268 1963//342 1243//308
f 1035//268 1243//308 1037//269
f 1807//336 2079//346 1351//316
f 1351//316 2079//346 225//82
f 1351//316 225//82 1759//270
f 1759//270 225//82 1040//270
f 1759//270 1040//270 1760//63
f 1760//63 1040//270 239//63
f 1760//63 239//63 1964//84
f 1964//84 239//63 241//84
f 1964//84 241//84 1354//229
f 1354//229 241//84 1042//117
f 1354//229 1042//117 1355//65
f 1355//65 1042//117 245//65
f 1355//65 245//65 1761//66
f 1761//66 245//65 247//66
f 1761//66 247//66 1967//67
f 1967//67 247//66 249//67
f 1967//67 249//67 1356//271
f 1356//271 249//67 1044//271
f 1356//271 1044//271 1357//85
f 1357//85 1044//271 253//85
f 1357//85 253//85 1763//69
f 1763//69 253//85 255//69
f 1763//69 255//69 1968//70
f 1968//70 255//69 257//70
f 1968//70 257//70 1244//86
f 1244//86 257//70 259//86
f 1244//86 259//86 1243//308
f 1243//308 259//86 260//87
f 1243//308 260//87 1037//269
f 1816//6 1809//6 1781//6
f 1781//6 1809//6 1779//6
f 1817//338 1782//335 263//88
f 263//88 1782//335 264//89
f 1049//279 1050//272 1245//309
f 1758//61 1580//324 1245//309
f 1245//309 1580//324 1698//329
f 1245//309 1698//329 1049//279
f 1049//279 1698//329 1699//280
f 1049//279 1699//280 1052//280
f 1052//280 1699//280 271//90
f 1052//280 271//90 1904//90
f 1904//90 271//90 1053//132
f 1904//90 1053//132 1247//132
f 1247//132 1053//132 1054//104
f 1247//132 1054//104 1248//104
f 1248//104 1054//104 277//91
f 1248//104 277//91 1700//91
f 1700//91 277//91 279//92
f 1700//91 279//92 1905//92
f 1905//92 279//92 1055//134
f 1905//92 1055//134 1249//134
f 1249//134 1055//134 1056//108
f 1249//134 1056//108 1250//108
f 1250//108 1056//108 285//78
f 1250//108 285//78 1701//78
f 1701//78 285//78 287//93
f 1701//78 287//93 1906//93
f 1906//93 287//93 1057//281
f 1906//93 1057//281 1251//281
f 1251//281 1057//281 1058//282
f 1251//281 1058//282 1252//282
f 1252//282 1058//282 293//94
f 1252//282 293//94 1702//94
f 1702//94 293//94 295//95
f 1702//94 295//95 1907//95
f 1907//95 295//95 263//88
f 1907//95 263//88 1059//283
f 1059//283 263//88 264//89
f 1059//283 264//89 1060//284
f 2082//60 1051//60 299//60
f 300//60 1254//60 302//60
f 303//60 304//60 305//60
f 306//60 1445//60 1705//60
f 1705//60 1445//60 309//60
f 1705//60 309//60 1706//60
f 2083//60 309//60 2084//60
f 2084//60 309//60 987//60
f 314//60 1589//60 1590//60
f 1590//60 1707//60 314//60
f 314//60 1707//60 1824//60
f 314//60 1824//60 1908//60
f 1908//60 2085//60 314//60
f 314//60 2085//60 1064//60
f 314//60 1064//60 309//60
f 309//60 1064//60 988//60
f 309//60 988//60 987//60
f 2083//60 323//60 309//60
f 309//60 323//60 1592//60
f 309//60 1592//60 1706//60
f 325//60 1909//60 1593//60
f 1589//60 314//60 1593//60
f 1593//60 314//60 1256//60
f 1593//60 1256//60 325//60
f 1065//60 1066//60 1465//60
f 332//60 1709//60 1911//60
f 1710//60 1594//60 337//60
f 337//60 1594//60 1465//60
f 337//60 1465//60 338//60
f 338//60 1465//60 1066//60
f 338//60 1066//60 1432//60
f 1911//60 1709//60 1595//60
f 1826//60 1827//60 1465//60
f 1465//60 1827//60 1912//60
f 2101//60 1911//60 1070//60
f 1070//60 1911//60 1071//60
f 2101//60 347//60 1911//60
f 1911//60 347//60 1597//60
f 1911//60 1597//60 332//60
f 1595//60 1709//60 1465//60
f 1465//60 1709//60 1828//60
f 1465//60 1828//60 1826//60
f 1912//60 1913//60 1465//60
f 1465//60 1913//60 1072//60
f 1465//60 1072//60 1065//60
f 352//60 1150//60 1258//60
f 1260//60 1258//60 1667//60
f 1667//60 1258//60 1150//60
f 1667//60 1150//60 357//60
f 1914//60 1915//60 2103//60
f 2103//60 1915//60 361//60
f 1263//60 1264//60 1712//60
f 1712//60 1264//60 1598//60
f 1712//60 1598//60 1830//60
f 1830//60 1916//60 1712//60
f 1712//60 1916//60 2086//60
f 1712//60 2086//60 1075//60
f 1265//60 1713//60 1266//60
f 1266//60 1713//60 1712//60
f 1266//60 1712//60 1076//60
f 1076//60 1712//60 1075//60
f 1265//60 1267//60 1713//60
f 1713//60 1267//60 1919//60
f 1713//60 1919//60 2087//60
f 2087//60 1077//60 1713//60
f 1713//60 1077//60 1078//60
f 1713//60 1078//60 1667//60
f 1667//60 1078//60 1268//60
f 1667//60 1268//60 1260//60
f 1715//60 1716//60 1258//60
f 1258//60 1716//60 1831//60
f 383//60 2103//60 2089//60
f 2089//60 2103//60 385//60
f 383//60 1269//60 2103//60
f 2103//60 1269//60 1270//60
f 2103//60 1270//60 1914//60
f 361//60 1915//60 1258//60
f 1258//60 1915//60 1717//60
f 1258//60 1717//60 1715//60
f 1831//60 1832//60 1258//60
f 1258//60 1832//60 1833//60
f 1258//60 1833//60 352//60
f 1712//60 1718//60 1263//60
f 1263//60 1718//60 392//60
f 1263//60 392//60 1081//60
f 1081//60 392//60 1083//60
f 1497//60 1599//60 1834//60
f 299//60 1920//60 1921//60
f 1601//60 1497//60 1087//60
f 1275//60 403//60 1276//60
f 1276//60 403//60 1787//60
f 1275//60 1277//60 403//60
f 403//60 1277//60 1923//60
f 403//60 1923//60 2090//60
f 409//60 1084//60 1087//60
f 1834//60 1599//60 1787//60
f 1787//60 1599//60 411//60
f 1787//60 411//60 1603//60
f 1603//60 1719//60 1787//60
f 1787//60 1719//60 1829//60
f 1787//60 1829//60 1924//60
f 2090//60 2105//60 403//60
f 403//60 2105//60 1085//60
f 403//60 1085//60 1086//60
f 1924//60 419//60 1787//60
f 1787//60 419//60 1605//60
f 1787//60 1605//60 1276//60
f 1087//60 1835//60 1836//60
f 2091//60 1087//60 2092//60
f 2092//60 1087//60 425//60
f 1084//60 1278//60 1087//60
f 1087//60 1278//60 1279//60
f 1087//60 1279//60 1835//60
f 1836//60 1720//60 1087//60
f 1087//60 1720//60 1721//60
f 1087//60 1721//60 1601//60
f 2091//60 1925//60 1087//60
f 1087//60 1925//60 1063//60
f 1087//60 1063//60 409//60
f 1920//60 299//60 1926//60
f 1926//60 299//60 433//60
f 1926//60 433//60 1280//60
f 305//60 1606//60 1607//60
f 437//60 1838//60 2016//60
f 2106//60 1089//60 2016//60
f 2016//60 1281//60 1282//60
f 444//60 2016//60 1723//60
f 1723//60 2016//60 1840//60
f 1089//60 1090//60 2016//60
f 2016//60 1090//60 1283//60
f 2016//60 1283//60 1281//60
f 1282//60 449//60 2016//60
f 2016//60 449//60 1092//60
f 2016//60 1092//60 437//60
f 444//60 451//60 2016//60
f 2016//60 451//60 1610//60
f 2016//60 1610//60 2106//60
f 1606//60 305//60 1611//60
f 1611//60 305//60 304//60
f 1611//60 304//60 1841//60
f 1841//60 304//60 300//60
f 1841//60 300//60 455//60
f 456//60 1093//60 455//60
f 455//60 1093//60 1094//60
f 455//60 1094//60 1284//60
f 1284//60 1613//60 455//60
f 455//60 1613//60 1724//60
f 455//60 1724//60 1842//60
f 2017//60 2093//60 456//60
f 456//60 2093//60 465//60
f 1842//60 1285//60 455//60
f 455//60 1285//60 1286//60
f 455//60 1286//60 1841//60
f 465//60 1096//60 456//60
f 456//60 1096//60 1097//60
f 456//60 1097//60 1093//60
f 1838//60 470//60 471//60
f 471//60 470//60 1929//60
f 471//60 1929//60 473//60
f 473//60 1929//60 1403//60
f 475//60 476//60 477//60
f 1573//60 479//60 480//60
f 480//60 479//60 481//60
f 477//60 476//60 1287//60
f 1287//60 476//60 483//60
f 1287//60 483//60 1289//60
f 1289//60 483//60 485//60
f 1289//60 485//60 1725//60
f 487//60 1934//60 489//60
f 489//60 1934//60 490//60
f 489//60 491//60 487//60
f 487//60 491//60 492//60
f 487//60 492//60 493//60
f 493//60 492//60 1673//60
f 1673//60 492//60 495//60
f 1673//60 495//60 1935//60
f 1935//60 495//60 497//60
f 1935//60 497//60 1401//60
f 1432//60 1909//60 338//60
f 338//60 1909//60 325//60
f 338//60 325//60 499//60
f 499//60 325//60 500//60
f 499//60 500//60 501//60
f 501//60 500//60 502//60
f 501//60 502//60 503//60
f 503//60 502//60 1937//60
f 503//60 1937//60 505//60
f 338//60 1291//60 337//60
f 337//60 1291//60 1293//60
f 337//60 1293//60 508//60
f 508//60 1293//60 1614//60
f 1938//60 1939//60 499//60
f 2098//60 1098//60 499//60
f 499//60 1098//60 1099//60
f 499//60 1099//60 1389//60
f 1614//60 1663//60 508//60
f 508//60 1663//60 1664//60
f 508//60 1664//60 1847//60
f 1847//60 1988//60 508//60
f 508//60 1988//60 2014//60
f 508//60 2014//60 521//60
f 1939//60 1390//60 499//60
f 499//60 1390//60 1391//60
f 499//60 1391//60 2098//60
f 1659//60 1291//60 1660//60
f 1660//60 1291//60 338//60
f 1660//60 338//60 1848//60
f 1848//60 338//60 499//60
f 1848//60 499//60 1451//60
f 1451//60 499//60 1389//60
f 2099//60 529//60 1659//60
f 1659//60 529//60 1101//60
f 1659//60 1101//60 1291//60
f 1441//60 1442//60 1850//60
f 2099//60 1659//60 1850//60
f 1850//60 1659//60 1443//60
f 1850//60 1443//60 1441//60
f 1442//60 1662//60 1850//60
f 1850//60 1662//60 2015//60
f 1850//60 2015//60 1102//60
f 1102//60 1103//60 1850//60
f 1850//60 1103//60 1392//60
f 1850//60 1392//60 1444//60
f 505//60 489//60 503//60
f 503//60 489//60 490//60
f 503//60 490//60 501//60
f 501//60 490//60 541//60
f 501//60 541//60 499//60
f 499//60 541//60 508//60
f 499//60 508//60 1938//60
f 1938//60 508//60 521//60
f 2078//60 1024//60 305//60
f 305//60 1024//60 505//60
f 305//60 505//60 303//60
f 303//60 505//60 1937//60
f 471//60 1034//60 1011//60
f 1795//60 157//60 1012//60
f 1012//60 2078//60 1011//60
f 1011//60 2078//60 305//60
f 1011//60 305//60 471//60
f 471//60 305//60 1607//60
f 471//60 1607//60 1838//60
f 1838//60 1607//60 1733//60
f 1838//60 1733//60 2016//60
f 206//60 208//60 489//60
f 1024//60 185//60 505//60
f 505//60 185//60 190//60
f 505//60 190//60 192//60
f 208//60 210//60 489//60
f 489//60 210//60 212//60
f 489//60 212//60 214//60
f 192//60 194//60 505//60
f 505//60 194//60 196//60
f 505//60 196//60 198//60
f 1011//60 1551//60 1012//60
f 1012//60 1551//60 1019//60
f 1012//60 1019//60 1018//60
f 198//60 200//60 505//60
f 505//60 200//60 202//60
f 505//60 202//60 489//60
f 489//60 202//60 204//60
f 489//60 204//60 206//60
f 214//60 216//60 489//60
f 489//60 216//60 217//60
f 489//60 217//60 1034//60
f 1018//60 1797//60 1012//60
f 1012//60 1797//60 1571//60
f 1012//60 1571//60 171//60
f 171//60 1016//60 1012//60
f 1012//60 1016//60 1796//60
f 1012//60 1796//60 1570//60
f 1570//60 163//60 1012//60
f 1012//60 163//60 1014//60
f 1012//60 1014//60 1795//60
f 1934//60 1665//60 490//60
f 490//60 1665//60 483//60
f 490//60 483//60 541//60
f 541//60 483//60 476//60
f 541//60 476//60 508//60
f 508//60 476//60 475//60
f 508//60 475//60 337//60
f 337//60 475//60 306//60
f 337//60 306//60 1710//60
f 1710//60 306//60 1705//60
f 477//60 1573//60 475//60
f 475//60 1573//60 480//60
f 475//60 480//60 306//60
f 306//60 480//60 544//60
f 306//60 544//60 1445//60
f 1445//60 544//60 1446//60
f 1395//60 1397//60 485//60
f 485//60 1397//60 481//60
f 485//60 481//60 1725//60
f 1725//60 481//60 479//60
f 1397//60 1447//60 481//60
f 481//60 1447//60 549//60
f 481//60 549//60 480//60
f 480//60 549//60 550//60
f 480//60 550//60 544//60
f 544//60 550//60 392//60
f 544//60 392//60 1446//60
f 1446//60 392//60 1718//60
f 1447//60 1399//60 549//60
f 549//60 1399//60 1395//60
f 549//60 1395//60 497//60
f 497//60 1395//60 485//60
f 497//60 485//60 1401//60
f 1401//60 485//60 483//60
f 1401//60 483//60 552//60
f 552//60 483//60 1665//60
f 1086//60 1280//60 403//60
f 403//60 1280//60 433//60
f 403//60 433//60 553//60
f 553//60 433//60 554//60
f 553//60 554//60 555//60
f 555//60 554//60 473//60
f 555//60 473//60 556//60
f 556//60 473//60 1403//60
f 556//60 1403//60 456//60
f 456//60 1403//60 1404//60
f 456//60 1404//60 2017//60
f 495//60 558//60 497//60
f 497//60 558//60 559//60
f 497//60 559//60 549//60
f 549//60 559//60 560//60
f 549//60 560//60 550//60
f 550//60 560//60 561//60
f 550//60 561//60 392//60
f 392//60 561//60 357//60
f 392//60 357//60 1083//60
f 1083//60 357//60 1150//60
f 357//60 1272//60 1667//60
f 1667//60 1272//60 1405//60
f 1667//60 1405//60 1668//60
f 1668//60 1405//60 1449//60
f 561//60 1990//60 1991//60
f 1449//60 1851//60 1668//60
f 1668//60 1851//60 1104//60
f 1668//60 1104//60 1105//60
f 1105//60 1407//60 1668//60
f 1668//60 1407//60 1450//60
f 1668//60 1450//60 1762//60
f 1992//60 1993//60 561//60
f 561//60 1993//60 2018//60
f 561//60 2018//60 1073//60
f 1991//60 1408//60 561//60
f 561//60 1408//60 1409//60
f 561//60 1409//60 1992//60
f 1669//60 1272//60 1670//60
f 1670//60 1272//60 357//60
f 1670//60 357//60 1852//60
f 1852//60 357//60 561//60
f 1852//60 561//60 1074//60
f 1074//60 561//60 1073//60
f 2100//60 1108//60 1669//60
f 1669//60 1108//60 1109//60
f 1669//60 1109//60 1272//60
f 1452//60 1453//60 1854//60
f 2100//60 1669//60 1854//60
f 1854//60 1669//60 1454//60
f 1854//60 1454//60 1452//60
f 1453//60 1674//60 1854//60
f 1854//60 1674//60 2019//60
f 1854//60 2019//60 593//60
f 593//60 1115//60 1854//60
f 1854//60 1115//60 1410//60
f 1854//60 1410//60 1455//60
f 265//60 270//60 558//60
f 1813//60 237//60 1039//60
f 1039//60 2082//60 1038//60
f 1038//60 2082//60 299//60
f 1038//60 299//60 1834//60
f 1834//60 299//60 1921//60
f 1834//60 1921//60 1497//60
f 1497//60 1921//60 1116//60
f 1497//60 1116//60 1087//60
f 1034//60 471//60 489//60
f 489//60 471//60 473//60
f 489//60 473//60 491//60
f 491//60 473//60 554//60
f 491//60 554//60 492//60
f 492//60 554//60 433//60
f 492//60 433//60 495//60
f 495//60 433//60 299//60
f 495//60 299//60 558//60
f 558//60 299//60 1051//60
f 558//60 1051//60 265//60
f 270//60 272//60 558//60
f 558//60 272//60 274//60
f 558//60 274//60 276//60
f 294//60 1855//60 292//60
f 292//60 1855//60 290//60
f 276//60 278//60 558//60
f 558//60 278//60 280//60
f 558//60 280//60 282//60
f 284//60 286//60 1855//60
f 1855//60 286//60 288//60
f 1855//60 288//60 290//60
f 294//60 296//60 1855//60
f 1855//60 296//60 297//60
f 1855//60 297//60 1834//60
f 1834//60 297//60 1061//60
f 1834//60 1061//60 1038//60
f 1038//60 1554//60 1039//60
f 1039//60 1554//60 1046//60
f 1039//60 1046//60 1045//60
f 282//60 284//60 558//60
f 558//60 284//60 1855//60
f 558//60 1855//60 559//60
f 559//60 1855//60 599//60
f 559//60 599//60 560//60
f 560//60 599//60 1675//60
f 560//60 1675//60 561//60
f 561//60 1675//60 1668//60
f 561//60 1668//60 1990//60
f 1990//60 1668//60 1762//60
f 1045//60 1815//60 1039//60
f 1039//60 1815//60 1584//60
f 1039//60 1584//60 251//60
f 251//60 1043//60 1039//60
f 1039//60 1043//60 1814//60
f 1039//60 1814//60 1583//60
f 1583//60 243//60 1039//60
f 1039//60 243//60 1041//60
f 1039//60 1041//60 1813//60
f 300//60 302//60 455//60
f 455//60 302//60 1117//60
f 455//60 1117//60 456//60
f 456//60 1117//60 1118//60
f 456//60 1118//60 556//60
f 556//60 1118//60 1411//60
f 556//60 1411//60 555//60
f 555//60 1411//60 1463//60
f 555//60 1463//60 553//60
f 553//60 1463//60 1676//60
f 553//60 1676//60 403//60
f 403//60 1676//60 1677//60
f 403//60 1677//60 1787//60
f 1918//25 1714//25 111//25
f 111//25 1714//25 356//25
f 111//25 356//25 116//25
f 116//25 356//25 105//25
f 356//25 564//25 105//25
f 105//25 564//25 600//25
f 105//25 600//25 93//25
f 600//25 1994//25 93//25
f 93//25 1994//25 598//25
f 93//25 598//25 91//25
f 91//25 598//25 397//25
f 91//25 397//25 1562//25
f 1562//25 397//25 405//25
f 1562//25 405//25 1678//25
f 606//6 605//6 132//6
f 132//6 605//6 604//6
f 132//6 604//6 133//6
f 133//6 604//6 603//6
f 133//6 603//6 134//6
f 134//6 603//6 602//6
f 134//6 602//6 135//6
f 135//6 602//6 601//6
f 135//6 601//6 136//6
f 136//6 601//6 1823//6
f 136//6 1823//6 137//6
f 137//6 1823//6 1253//6
f 137//6 1253//6 138//6
f 1825//9 1257//9 1330//9
f 1007//9 301//9 1703//9
f 1007//9 1703//9 131//9
f 1703//9 1704//9 131//9
f 131//9 1704//9 2053//9
f 131//9 2053//9 128//9
f 2053//9 504//9 128//9
f 128//9 504//9 1727//9
f 128//9 1727//9 17//9
f 17//9 1727//9 1726//9
f 17//9 1726//9 22//9
f 22//9 1726//9 1825//9
f 22//9 1825//9 123//9
f 123//9 1825//9 1330//9
f 122//4 328//4 71//4
f 71//4 328//4 1255//4
f 71//4 1255//4 33//4
f 33//4 1255//4 1588//4
f 33//4 1588//4 31//4
f 31//4 1588//4 307//4
f 31//4 307//4 114//4
f 114//4 307//4 112//4
f 307//4 545//4 112//4
f 112//4 545//4 391//4
f 112//4 391//4 1917//4
f 1917//4 391//4 364//4
f 1917//4 364//4 371//4
f 2021//4 2023//4 1120//4
f 1120//4 2023//4 1165//4
f 509//189 1294//311 1457//321
f 2022//171 1119//288 1681//327
f 1681//327 1119//288 1121//289
f 1458//322 1995//295 1457//321
f 1457//321 1995//295 2025//296
f 1457//321 2025//296 509//189
f 509//189 2025//296 1123//195
f 509//189 1123//195 516//195
f 516//195 1123//195 1124//196
f 516//195 1124//196 517//196
f 517//196 1124//196 1412//197
f 517//196 1412//197 518//197
f 518//197 1412//197 1460//198
f 518//197 1460//198 519//198
f 519//198 1460//198 1679//199
f 519//198 1679//199 520//199
f 520//199 1679//199 1856//220
f 520//199 1856//220 1989//220
f 1989//220 1856//220 1997//190
f 1989//220 1997//190 510//190
f 510//190 1997//190 2026//191
f 510//190 2026//191 511//191
f 511//191 2026//191 625//200
f 511//191 625//200 522//200
f 522//200 625//200 1240//201
f 522//200 1240//201 523//201
f 523//201 1240//201 1413//182
f 523//201 1413//182 512//182
f 512//182 1413//182 1461//192
f 512//182 1461//192 513//192
f 513//192 1461//192 1680//193
f 513//192 1680//193 514//193
f 514//193 1680//193 1682//194
f 514//193 1682//194 515//194
f 515//194 1682//194 1681//327
f 515//194 1681//327 527//204
f 527//204 1681//327 1121//289
f 527//204 1121//289 526//203
f 2027//4 1996//4 1998//4
f 1998//4 1996//4 1459//4
f 1125//290 1292//310 530//206
f 2028//297 1999//297 634//227
f 634//227 1999//297 1127//291
f 634//227 1127//291 1415//319
f 610//226 2024//226 1416//320
f 1416//320 2024//226 638//228
f 1416//320 638//228 1811//340
f 1811//340 638//228 2001//344
f 1811//340 2001//344 1661//326
f 1127//291 1125//290 1415//319
f 1415//319 1125//290 530//206
f 1415//319 530//206 1128//287
f 1128//287 530//206 1100//287
f 1128//287 1100//287 1129//205
f 1129//205 1100//287 528//205
f 1129//205 528//205 1417//209
f 1417//209 528//205 533//209
f 1417//209 533//209 1462//214
f 1462//214 533//209 540//214
f 1462//214 540//214 1683//213
f 1683//213 540//214 539//213
f 1683//213 539//213 1857//212
f 1857//212 539//213 538//212
f 1857//212 538//212 647//211
f 647//211 538//212 537//211
f 647//211 537//211 648//210
f 648//210 537//211 536//210
f 648//210 536//210 1130//169
f 1130//169 536//210 535//169
f 1130//169 535//169 1131//208
f 1131//208 535//169 532//208
f 1131//208 532//208 1418//207
f 1418//207 532//208 531//207
f 1418//207 531//207 1464//178
f 1464//178 531//207 534//178
f 1464//178 534//178 2001//344
f 2001//344 534//178 524//202
f 2001//344 524//202 1661//326
f 608//60 607//60 2000//60
f 2000//60 607//60 612//60
f 2000//60 612//60 640//60
f 640//60 612//60 630//60
f 640//60 630//60 652//60
f 652//60 630//60 629//60
f 652//60 629//60 651//60
f 651//60 629//60 628//60
f 651//60 628//60 650//60
f 650//60 628//60 627//60
f 650//60 627//60 649//60
f 649//60 627//60 626//60
f 649//60 626//60 2029//60
f 2029//60 626//60 1239//60
f 2029//60 1239//60 2002//60
f 2002//60 1239//60 624//60
f 2002//60 624//60 646//60
f 646//60 624//60 623//60
f 646//60 623//60 645//60
f 645//60 623//60 622//60
f 645//60 622//60 644//60
f 644//60 622//60 621//60
f 644//60 621//60 643//60
f 643//60 621//60 620//60
f 643//60 620//60 642//60
f 642//60 620//60 619//60
f 642//60 619//60 641//60
f 641//60 619//60 618//60
f 641//60 618//60 636//60
f 636//60 618//60 617//60
f 636//60 617//60 1414//60
f 1414//60 617//60 616//60
f 1414//60 616//60 631//60
f 631//60 616//60 615//60
f 1711//6 1859//6 336//6
f 336//6 1859//6 1467//6
f 336//6 1467//6 1466//6
f 1858//115 335//115 308//96
f 1858//115 308//96 1860//96
f 1860//96 308//96 310//97
f 1860//96 310//97 2030//97
f 2030//97 310//97 324//109
f 2030//97 324//109 657//109
f 657//109 324//109 1591//292
f 657//109 1591//292 1133//292
f 1133//292 1591//292 311//98
f 1133//292 311//98 1419//136
f 1419//136 311//98 312//99
f 1419//136 312//99 1469//99
f 1469//99 312//99 313//100
f 1469//99 313//100 1684//100
f 1684//100 313//100 322//108
f 1684//100 322//108 1861//341
f 1861//341 322//108 321//107
f 1861//341 321//107 2003//134
f 2003//134 321//107 320//106
f 2003//134 320//106 2031//106
f 2031//106 320//106 319//105
f 2031//106 319//105 1134//105
f 1134//105 319//105 318//104
f 1134//105 318//104 1135//293
f 1135//293 318//104 317//103
f 1135//293 317//103 1420//103
f 1420//103 317//103 316//102
f 1420//103 316//102 1470//102
f 1470//102 316//102 315//101
f 1470//102 315//101 1685//101
f 1685//101 315//101 327//110
f 1685//101 327//110 1862//110
f 1862//110 327//110 1910//285
f 1862//110 1910//285 1966//285
f 1067//6 1421//6 339//6
f 339//6 1421//6 1965//6
f 339//6 1965//6 326//6
f 672//59 330//59 1136//111
f 1136//111 330//59 329//111
f 1136//111 329//111 1137//125
f 1137//125 329//111 351//125
f 1137//125 351//125 1423//124
f 1423//124 351//125 350//124
f 1423//124 350//124 676//63
f 676//63 350//124 343//63
f 676//63 343//63 677//118
f 677//118 343//63 342//118
f 677//118 342//118 678//117
f 678//117 342//118 341//117
f 678//117 341//117 2004//123
f 2004//123 341//117 349//123
f 2004//123 349//123 2032//113
f 2032//113 349//123 333//113
f 2032//113 333//113 1138//126
f 1138//126 333//113 1708//126
f 1138//126 1708//126 1139//122
f 1139//122 1708//126 348//122
f 1139//122 348//122 1424//141
f 1424//141 348//122 1596//141
f 1424//141 1596//141 684//119
f 684//119 1596//141 344//119
f 684//119 344//119 685//120
f 685//120 344//119 345//120
f 685//120 345//120 686//121
f 686//121 345//120 346//121
f 686//121 346//121 2005//114
f 2005//114 346//121 334//114
f 2005//114 334//114 1987//116
f 1987//116 334//114 340//116
f 1987//116 340//116 1468//112
f 1468//112 340//116 331//112
f 654//60 653//60 688//60
f 688//60 653//60 655//60
f 688//60 655//60 687//60
f 687//60 655//60 656//60
f 687//60 656//60 1864//60
f 1864//60 656//60 1132//60
f 1864//60 1132//60 1687//60
f 1687//60 1132//60 658//60
f 1687//60 658//60 1472//60
f 1472//60 658//60 659//60
f 1472//60 659//60 683//60
f 683//60 659//60 660//60
f 683//60 660//60 682//60
f 682//60 660//60 661//60
f 682//60 661//60 681//60
f 681//60 661//60 662//60
f 681//60 662//60 680//60
f 680//60 662//60 663//60
f 680//60 663//60 679//60
f 679//60 663//60 664//60
f 679//60 664//60 1863//60
f 1863//60 664//60 665//60
f 1863//60 665//60 1686//60
f 1686//60 665//60 666//60
f 1686//60 666//60 1471//60
f 1471//60 666//60 667//60
f 1471//60 667//60 675//60
f 675//60 667//60 668//60
f 675//60 668//60 674//60
f 674//60 668//60 669//60
f 674//60 669//60 673//60
f 673//60 669//60 670//60
f 673//60 670//60 1422//60
f 1422//60 670//60 671//60
f 525//4 1849//4 1812//4
f 1812//4 1849//4 613//4
f 609//3 1166//3 1122//3
f 1122//3 1166//3 637//3
f 1122//3 637//3 639//3
f 632//3 614//3 635//3
f 635//3 614//3 611//3
f 635//3 611//3 1126//3
f 633//4 1456//4 506//4
f 506//4 1456//4 507//4
f 1140//4 1142//4 1144//4
f 1144//4 1142//4 1425//4
f 565//189 1406//311 1474//321
f 1141//171 1145//288 1146//294
f 1146//294 1145//288 1475//289
f 1865//322 1147//295 1474//321
f 1474//321 1147//295 1149//296
f 1474//321 1149//296 565//189
f 565//189 1149//296 1427//195
f 565//189 1427//195 568//195
f 568//195 1427//195 1477//154
f 568//195 1477//154 569//154
f 569//154 1477//154 1688//217
f 569//154 1688//217 570//217
f 570//217 1688//217 1867//218
f 570//217 1867//218 571//218
f 571//218 1867//218 2006//219
f 571//218 2006//219 572//219
f 572//219 2006//219 2033//220
f 572//219 2033//220 573//220
f 573//220 2033//220 1152//148
f 573//220 1152//148 566//148
f 566//148 1152//148 1153//147
f 566//148 1153//147 567//147
f 567//147 1153//147 1428//200
f 567//147 1428//200 578//200
f 578//200 1428//200 1478//201
f 578//200 1478//201 579//201
f 579//201 1478//201 1689//151
f 579//201 1689//151 574//151
f 574//151 1689//151 1868//192
f 574//151 1868//192 575//192
f 575//192 1868//192 2007//158
f 575//192 2007//158 576//158
f 576//158 2007//158 2008//159
f 576//158 2008//159 577//159
f 577//159 2008//159 1146//294
f 577//159 1146//294 583//204
f 583//204 1146//294 1475//289
f 583//204 1475//289 1853//203
f 1154//4 1148//4 1156//4
f 1156//4 1148//4 1866//4
f 1273//290 1271//310 586//223
f 1155//297 1157//297 1158//227
f 1158//227 1157//297 1429//291
f 1158//227 1429//291 1690//328
f 692//226 1143//226 1691//320
f 1691//320 1143//226 720//228
f 1691//320 720//228 1869//340
f 1869//340 720//228 1352//317
f 1869//340 1352//317 1671//326
f 1429//291 1273//290 1690//328
f 1690//328 1273//290 586//223
f 1690//328 586//223 1479//167
f 1479//167 586//223 585//167
f 1479//167 585//167 1480//222
f 1480//222 585//167 584//222
f 1480//222 584//222 1692//176
f 1692//176 584//222 589//176
f 1692//176 589//176 1871//214
f 1871//214 589//176 596//214
f 1871//214 596//214 727//165
f 727//165 596//214 595//165
f 727//165 595//165 728//152
f 728//152 595//165 594//152
f 728//152 594//152 1159//231
f 1159//231 594//152 1114//231
f 1159//231 1114//231 1160//170
f 1160//170 1114//231 592//170
f 1160//170 592//170 1431//169
f 1431//169 592//170 591//169
f 1431//169 591//169 1481//208
f 1481//208 591//169 588//208
f 1481//208 588//208 1693//164
f 1693//164 588//208 587//224
f 1693//164 587//224 1353//225
f 1353//225 587//224 590//225
f 1353//225 590//225 1352//317
f 1352//317 590//225 580//221
f 1352//317 580//221 1671//326
f 690//60 689//60 1430//60
f 1430//60 689//60 694//60
f 1430//60 694//60 722//60
f 722//60 694//60 712//60
f 722//60 712//60 734//60
f 734//60 712//60 711//60
f 734//60 711//60 733//60
f 733//60 711//60 710//60
f 733//60 710//60 732//60
f 732//60 710//60 709//60
f 732//60 709//60 731//60
f 731//60 709//60 708//60
f 731//60 708//60 730//60
f 730//60 708//60 707//60
f 730//60 707//60 729//60
f 729//60 707//60 706//60
f 729//60 706//60 2034//60
f 2034//60 706//60 705//60
f 2034//60 705//60 2009//60
f 2009//60 705//60 704//60
f 2009//60 704//60 726//60
f 726//60 704//60 703//60
f 726//60 703//60 725//60
f 725//60 703//60 702//60
f 725//60 702//60 724//60
f 724//60 702//60 701//60
f 724//60 701//60 723//60
f 723//60 701//60 700//60
f 723//60 700//60 718//60
f 718//60 700//60 699//60
f 718//60 699//60 716//60
f 716//60 699//60 698//60
f 716//60 698//60 713//60
f 713//60 698//60 697//60
f 1483//6 1434//6 1261//6
f 1261//6 1434//6 1259//6
f 1482//115 355//115 379//139
f 1482//115 379//139 737//139
f 737//139 379//139 378//138
f 737//139 378//138 1162//138
f 1162//138 378//138 377//94
f 1162//138 377//94 1435//94
f 1435//94 377//94 376//137
f 1435//94 376//137 1484//137
f 1484//137 376//137 375//136
f 1484//137 375//136 1694//136
f 1694//136 375//136 374//135
f 1694//136 374//135 1872//135
f 1872//135 374//135 370//100
f 1872//135 370//100 2010//100
f 2010//100 370//100 372//108
f 2010//100 372//108 2035//108
f 2035//108 372//108 373//134
f 2035//108 373//134 745//134
f 745//134 373//134 369//106
f 745//134 369//106 1164//106
f 1164//106 369//106 368//133
f 1164//106 368//133 1438//133
f 1438//133 368//133 367//104
f 1438//133 367//104 1485//104
f 1485//104 367//104 366//132
f 1485//104 366//132 1695//132
f 1695//132 366//132 365//131
f 1695//132 365//131 1873//131
f 1873//131 365//131 363//130
f 1873//131 363//130 2011//130
f 2011//130 363//130 362//129
f 2011//130 362//129 2038//129
f 2038//129 362//129 1082//285
f 2038//129 1082//285 1111//285
f 1151//6 1112//6 394//6
f 394//6 1112//6 1110//6
f 394//6 1110//6 393//6
f 1113//59 353//59 1439//111
f 1439//111 353//59 2102//111
f 1439//111 2102//111 1486//142
f 1486//142 2102//111 390//142
f 1486//142 390//142 1696//124
f 1696//124 390//142 389//124
f 1696//124 389//124 758//63
f 758//63 389//124 382//63
f 758//63 382//63 759//64
f 759//64 382//63 381//64
f 759//64 381//64 760//229
f 760//229 381//64 380//117
f 760//229 380//117 1106//123
f 1106//123 380//117 388//123
f 1106//123 388//123 1107//127
f 1107//127 388//123 359//127
f 1107//127 359//127 1440//126
f 1440//126 359//127 358//126
f 1440//126 358//126 1487//122
f 1487//122 358//126 387//122
f 1487//122 387//122 1697//141
f 1697//141 387//122 386//141
f 1697//141 386//141 1875//69
f 1875//69 386//141 2088//69
f 1875//69 2088//69 767//140
f 767//140 2088//69 384//140
f 767//140 384//140 2040//345
f 2040//345 384//140 2104//345
f 2040//345 2104//345 1167//128
f 1167//128 2104//345 360//128
f 1167//128 360//128 770//116
f 770//116 360//128 1262//116
f 770//116 1262//116 1433//112
f 1433//112 1262//116 354//112
f 736//60 735//60 1168//60
f 1168//60 735//60 1161//60
f 1168//60 1161//60 769//60
f 769//60 1161//60 738//60
f 769//60 738//60 768//60
f 768//60 738//60 739//60
f 768//60 739//60 2013//60
f 2013//60 739//60 740//60
f 2013//60 740//60 766//60
f 766//60 740//60 741//60
f 766//60 741//60 765//60
f 765//60 741//60 742//60
f 765//60 742//60 764//60
f 764//60 742//60 743//60
f 764//60 743//60 763//60
f 763//60 743//60 744//60
f 763//60 744//60 762//60
f 762//60 744//60 1163//60
f 762//60 1163//60 761//60
f 761//60 1163//60 746//60
f 761//60 746//60 2039//60
f 2039//60 746//60 747//60
f 2039//60 747//60 2012//60
f 2012//60 747//60 748//60
f 2012//60 748//60 1874//60
f 1874//60 748//60 749//60
f 1874//60 749//60 757//60
f 757//60 749//60 750//60
f 757//60 750//60 756//60
f 756//60 750//60 751//60
f 756//60 751//60 755//60
f 755//60 751//60 752//60
f 755//60 752//60 754//60
f 754//60 752//60 753//60
f 581//4 582//4 1870//4
f 1870//4 582//4 695//4
f 691//3 1426//3 1476//3
f 1476//3 1426//3 719//3
f 1476//3 719//3 721//3
f 714//3 696//3 717//3
f 717//3 696//3 693//3
f 717//3 693//3 1274//3
f 715//4 1473//4 562//4
f 562//4 1473//4 563//4
f 150//60 181//60 152//60
f 152//60 181//60 1802//60
f 152//60 1802//60 154//60
f 154//60 1802//60 1806//60
f 154//60 1806//60 178//60
f 178//60 1806//60 1576//60
f 178//60 1576//60 176//60
f 176//60 1576//60 211//60
f 176//60 211//60 174//60
f 174//60 211//60 209//60
f 174//60 209//60 172//60
f 172//60 209//60 1805//60
f 172//60 1805//60 170//60
f 170//60 1805//60 1575//60
f 170//60 1575//60 168//60
f 168//60 1575//60 203//60
f 168//60 203//60 166//60
f 166//60 203//60 201//60
f 166//60 201//60 164//60
f 164//60 201//60 1804//60
f 164//60 1804//60 162//60
f 162//60 1804//60 1574//60
f 162//60 1574//60 160//60
f 160//60 1574//60 195//60
f 160//60 195//60 158//60
f 158//60 195//60 193//60
f 158//60 193//60 156//60
f 156//60 193//60 1803//60
f 156//60 1803//60 148//60
f 148//60 1803//60 189//60
f 148//60 189//60 146//60
f 146//60 189//60 188//60
f 146//60 188//60 1564//60
f 1564//60 188//60 140//60
f 1839//4 1488//4 1928//4
f 1928//4 1488//4 1490//4
f 1928//4 1490//4 1930//4
f 1489//143 438//143 1492//145
f 1492//145 438//143 1837//145
f 1492//145 1837//145 1876//180
f 1876//180 1837//145 450//180
f 1876//180 450//180 1969//287
f 1969//287 450//180 1091//287
f 1969//287 1091//287 2041//162
f 2041//162 1091//287 443//162
f 2041//162 443//162 1169//176
f 1169//176 443//162 442//176
f 1169//176 442//176 1170//298
f 1170//298 442//176 448//166
f 1170//298 448//166 1358//179
f 1358//179 448//166 447//179
f 1358//179 447//179 1493//175
f 1493//175 447//179 441//175
f 1493//175 441//175 1615//174
f 1615//174 441//175 440//174
f 1615//174 440//174 1877//181
f 1877//181 440//174 452//181
f 1877//181 452//181 1970//169
f 1970//169 452//181 1609//169
f 1970//169 1609//169 2042//330
f 2042//330 1609//169 1722//330
f 2042//330 1722//330 785//230
f 785//230 1722//330 445//177
f 785//230 445//177 1172//178
f 1172//178 445//177 446//178
f 1172//178 446//178 1359//173
f 1359//173 446//178 439//173
f 1359//173 439//173 1494//215
f 1494//215 439//173 542//215
f 1494//215 542//215 1617//299
f 1617//299 542//215 1608//299
f 1612//4 1775//4 435//4
f 435//4 1775//4 1616//4
f 435//4 1616//4 436//4
f 790//171 453//171 454//172
f 790//171 454//172 1971//172
f 1971//172 454//172 467//185
f 1971//172 467//185 2043//194
f 2043//194 467//185 466//184
f 2043//194 466//184 793//184
f 793//184 466//184 462//157
f 793//184 462//157 794//157
f 794//157 462//157 461//182
f 794//157 461//182 1360//182
f 1360//182 461//182 460//150
f 1360//182 460//150 1495//150
f 1495//150 460//150 459//149
f 1495//150 459//149 1618//149
f 1618//149 459//149 458//147
f 1618//149 458//147 1878//147
f 1878//147 458//147 457//148
f 1878//147 457//148 1972//148
f 1972//148 457//148 469//187
f 1972//148 469//187 800//187
f 800//187 469//187 468//186
f 800//187 468//186 1175//186
f 1175//186 468//186 1095//218
f 1175//186 1095//218 1176//218
f 1176//218 1095//218 464//155
f 1176//218 464//155 1361//155
f 1361//155 464//155 463//183
f 1361//155 463//183 1496//183
f 1496//183 463//183 557//216
f 1496//183 557//216 1619//216
f 1619//216 557//216 474//188
f 1619//216 474//188 1620//188
f 1620//188 474//188 472//144
f 1620//188 472//144 1491//144
f 789//60 1776//60 788//60
f 788//60 1776//60 791//60
f 788//60 791//60 787//60
f 787//60 791//60 792//60
f 787//60 792//60 786//60
f 786//60 792//60 1173//60
f 786//60 1173//60 1171//60
f 1171//60 1173//60 1174//60
f 1171//60 1174//60 784//60
f 784//60 1174//60 795//60
f 784//60 795//60 783//60
f 783//60 795//60 796//60
f 783//60 796//60 782//60
f 782//60 796//60 797//60
f 782//60 797//60 781//60
f 781//60 797//60 798//60
f 781//60 798//60 780//60
f 780//60 798//60 799//60
f 780//60 799//60 779//60
f 779//60 799//60 2044//60
f 779//60 2044//60 778//60
f 778//60 2044//60 801//60
f 778//60 801//60 777//60
f 777//60 801//60 802//60
f 777//60 802//60 776//60
f 776//60 802//60 803//60
f 776//60 803//60 775//60
f 775//60 803//60 804//60
f 775//60 804//60 774//60
f 774//60 804//60 805//60
f 774//60 805//60 773//60
f 773//60 805//60 806//60
f 773//60 806//60 771//60
f 771//60 806//60 772//60
f 230//60 261//60 232//60
f 232//60 261//60 1818//60
f 232//60 1818//60 234//60
f 234//60 1818//60 1822//60
f 234//60 1822//60 258//60
f 258//60 1822//60 1587//60
f 258//60 1587//60 256//60
f 256//60 1587//60 291//60
f 256//60 291//60 254//60
f 254//60 291//60 289//60
f 254//60 289//60 252//60
f 252//60 289//60 1821//60
f 252//60 1821//60 250//60
f 250//60 1821//60 1586//60
f 250//60 1586//60 248//60
f 248//60 1586//60 283//60
f 248//60 283//60 246//60
f 246//60 283//60 281//60
f 246//60 281//60 244//60
f 244//60 281//60 1820//60
f 244//60 1820//60 242//60
f 242//60 1820//60 1585//60
f 242//60 1585//60 240//60
f 240//60 1585//60 275//60
f 240//60 275//60 238//60
f 238//60 275//60 273//60
f 238//60 273//60 236//60
f 236//60 273//60 1819//60
f 236//60 1819//60 228//60
f 228//60 1819//60 269//60
f 228//60 269//60 1350//60
f 1350//60 269//60 268//60
f 1350//60 268//60 1577//60
f 1577//60 268//60 220//60
f 1499//4 1621//4 1498//4
f 1498//4 1621//4 1600//4
f 1500//143 395//143 809//145
f 809//145 395//143 400//145
f 809//145 400//145 1178//168
f 1178//168 400//145 429//168
f 1178//168 429//168 1362//167
f 1362//167 429//168 428//167
f 1362//167 428//167 1501//162
f 1501//162 428//167 422//162
f 1501//162 422//162 1623//161
f 1623//161 422//162 421//161
f 1623//161 421//161 1879//166
f 1879//166 421//161 427//166
f 1879//166 427//166 1973//165
f 1973//165 427//166 426//165
f 1973//165 426//165 2045//152
f 2045//152 426//165 410//152
f 2045//152 410//152 817//231
f 817//231 410//152 1062//231
f 817//231 1062//231 1180//170
f 1180//170 1062//231 431//170
f 1180//170 431//170 1363//169
f 1363//169 431//170 430//169
f 1363//169 430//169 1504//163
f 1504//163 430//169 423//163
f 1504//163 423//163 1624//164
f 1624//164 423//163 424//164
f 1624//164 424//164 1880//286
f 1880//286 424//164 1088//286
f 1880//286 1088//286 1974//343
f 1974//343 1088//286 401//146
f 1974//343 401//146 2046//215
f 2046//215 401//146 597//215
f 2046//215 597//215 1182//299
f 1182//299 597//215 1922//299
f 1927//4 1183//4 398//4
f 398//4 1183//4 1181//4
f 398//4 1181//4 399//4
f 1184//171 432//171 434//172
f 1184//171 434//172 1364//172
f 1364//172 434//172 418//159
f 1364//172 418//159 1505//159
f 1505//159 418//159 417//158
f 1505//159 417//158 1625//158
f 1625//158 417//158 416//157
f 1625//158 416//157 830//157
f 830//157 416//157 408//151
f 830//157 408//151 831//151
f 831//151 408//151 407//150
f 831//151 407//150 832//150
f 832//150 407//150 406//149
f 832//150 406//149 833//149
f 833//149 406//149 402//147
f 833//149 402//147 834//147
f 834//147 402//147 404//148
f 834//147 404//148 1365//148
f 1365//148 404//148 420//160
f 1365//148 420//160 1506//160
f 1506//160 420//160 1604//186
f 1506//160 1604//186 1626//186
f 1626//186 1604//186 415//156
f 1626//186 415//156 838//156
f 838//156 415//156 414//155
f 838//156 414//155 839//155
f 839//155 414//155 413//154
f 839//155 413//154 840//154
f 840//154 413//154 412//153
f 840//154 412//153 841//153
f 841//153 412//153 1602//188
f 841//153 1602//188 842//188
f 842//188 1602//188 396//144
f 842//188 396//144 1622//144
f 825//60 826//60 824//60
f 824//60 826//60 827//60
f 824//60 827//60 823//60
f 823//60 827//60 828//60
f 823//60 828//60 822//60
f 822//60 828//60 829//60
f 822//60 829//60 821//60
f 821//60 829//60 1881//60
f 821//60 1881//60 820//60
f 820//60 1881//60 1975//60
f 820//60 1975//60 819//60
f 819//60 1975//60 2047//60
f 819//60 2047//60 818//60
f 818//60 2047//60 1185//60
f 818//60 1185//60 1179//60
f 1179//60 1185//60 1186//60
f 1179//60 1186//60 816//60
f 816//60 1186//60 835//60
f 816//60 835//60 815//60
f 815//60 835//60 836//60
f 815//60 836//60 814//60
f 814//60 836//60 837//60
f 814//60 837//60 813//60
f 813//60 837//60 1882//60
f 813//60 1882//60 812//60
f 812//60 1882//60 1976//60
f 812//60 1976//60 811//60
f 811//60 1976//60 2048//60
f 811//60 2048//60 810//60
f 810//60 2048//60 1187//60
f 810//60 1187//60 1177//60
f 1177//60 1187//60 1188//60
f 1177//60 1188//60 807//60
f 807//60 1188//60 808//60
f 262//3 229//3 1047//3
f 1047//3 229//3 231//3
f 1047//3 231//3 1036//3
f 298//6 1048//6 235//6
f 235//6 1048//6 233//6
f 221//3 222//3 227//3
f 227//3 222//3 1246//3
f 227//3 1246//3 223//3
f 267//6 266//6 2080//6
f 2080//6 266//6 224//6
f 182//3 1791//3 1020//3
f 1020//3 1791//3 151//3
f 1020//3 151//3 1009//3
f 218//6 1021//6 155//6
f 155//6 1021//6 153//6
f 187//6 186//6 2076//6
f 2076//6 186//6 144//6
f 141//3 1747//3 147//3
f 147//3 1747//3 1343//3
f 147//3 1343//3 143//3
f 1508//323 1509//313 1774//323
f 1774//323 1509//313 1303//313
f 1510//6 1366//6 30//6
f 30//6 1366//6 1299//6
f 1367//14 1511//14 26//14
f 26//14 1511//14 1301//14
f 846//15 1627//15 27//15
f 27//15 1627//15 1541//15
f 1628//6 2049//6 28//6
f 28//6 2049//6 1735//6
f 2050//16 1190//16 32//16
f 32//16 1190//16 1630//16
f 1189//25 1191//25 44//25
f 44//25 1191//25 2052//25
f 1192//4 1368//4 39//4
f 39//4 1368//4 45//4
f 1369//9 843//9 1778//9
f 1778//9 843//9 29//9
f 845//3 844//3 1512//3
f 1512//3 844//3 1507//3
f 848//3 847//3 849//3
f 849//3 847//3 1512//3
f 849//3 1512//3 850//3
f 850//3 1512//3 1507//3
f 850//3 1507//3 851//3
f 1631//300 1195//300 1767//300
f 1767//300 1195//300 1194//300
f 1196//6 1883//6 9//6
f 9//6 1883//6 2054//6
f 1884//301 1199//301 2055//301
f 2055//301 1199//301 1197//301
f 855//232 2056//232 1198//232
f 1198//232 2056//232 2067//232
f 24//6 2057//6 23//6
f 23//6 2057//6 1202//6
f 23//6 1202//6 1732//6
f 1203//303 1297//312 1201//302
f 1201//302 1297//312 20//12
f 1201//302 20//12 21//13
f 19//11 1204//304 18//10
f 18//10 1204//304 1379//318
f 18//10 1379//318 1771//333
f 16//4 1380//4 13//4
f 13//4 1380//4 1513//4
f 13//4 1513//4 1634//4
f 1514//7 1636//7 12//7
f 12//7 1636//7 1730//7
f 861//8 1886//8 15//8
f 15//8 1886//8 14//8
f 862//4 1638//4 1769//4
f 1769//4 1638//4 5//4
f 1637//5 852//5 1765//5
f 1765//5 852//5 6//5
f 854//3 853//3 1200//3
f 1200//3 853//3 1632//3
f 860//3 859//3 1635//3
f 1635//3 859//3 858//3
f 863//3 1885//3 1632//3
f 1632//3 1885//3 1635//3
f 1632//3 1635//3 1200//3
f 1200//3 1635//3 858//3
f 1200//3 858//3 856//3
f 856//3 858//3 857//3
f 1370//9 865//9 1305//9
f 1305//9 865//9 1307//9
f 1205//18 1207//18 35//18
f 35//18 1207//18 1543//18
f 1208//20 1372//20 37//20
f 37//20 1372//20 42//20
f 1373//314 1503//314 1311//314
f 1311//314 1503//314 1313//314
f 43//24 868//24 70//24
f 70//24 868//24 1639//24
f 70//24 1639//24 1945//24
f 1640//52 1887//52 79//52
f 79//52 1887//52 2072//52
f 1888//53 1517//53 80//53
f 80//53 1517//53 1516//53
f 871//25 1642//25 83//25
f 83//25 1642//25 1322//25
f 1210//305 1519//305 1211//50
f 1211//50 1519//305 77//50
f 1211//50 77//50 1374//51
f 1374//51 77//50 78//51
f 1374//51 78//51 1521//47
f 1521//47 78//51 73//47
f 1521//47 73//47 1643//325
f 1643//325 73//47 2107//325
f 1643//325 2107//325 1889//54
f 1889//54 2107//325 81//54
f 1889//54 81//54 1977//55
f 1977//55 81//54 82//55
f 1977//55 82//55 1641//56
f 1641//56 82//55 84//56
f 873//6 1212//6 1520//6
f 1520//6 1212//6 1320//6
f 1213//49 881//49 76//49
f 76//49 881//49 1318//49
f 1214//48 1216//48 74//48
f 74//48 1216//48 1333//48
f 1217//58 1437//58 124//58
f 124//58 1437//58 1740//58
f 883//46 1522//46 69//46
f 69//46 1522//46 1548//46
f 1523//45 1526//45 68//45
f 68//45 1526//45 1525//45
f 1527//37 1644//37 59//37
f 59//37 1644//37 1546//37
f 886//4 887//4 60//4
f 60//4 887//4 1738//4
f 1371//17 34//17 2095//19
f 2095//19 34//17 36//19
f 2095//19 36//19 1218//21
f 1218//21 36//19 38//21
f 1218//21 38//21 1219//306
f 1219//306 38//21 1941//306
f 1219//306 1941//306 1375//28
f 1375//28 1941//306 48//28
f 1375//28 48//28 1528//27
f 1528//27 48//28 47//27
f 1528//27 47//27 1646//26
f 1646//26 47//27 46//26
f 1646//26 46//26 1892//23
f 1892//23 46//26 41//23
f 1892//23 41//23 1978//22
f 1978//22 41//23 40//22
f 1978//22 40//22 2058//2
f 2058//2 40//22 2//2
f 2058//2 2//2 897//1
f 897//1 2//2 1//1
f 897//1 1//1 1221//32
f 1221//32 1//1 54//32
f 1221//32 54//32 1376//31
f 1376//31 54//32 53//31
f 1376//31 53//31 1529//30
f 1529//30 53//31 51//30
f 1529//30 51//30 1647//29
f 1647//29 51//30 50//29
f 1647//29 50//29 1893//36
f 1893//36 50//29 58//36
f 1893//36 58//36 1979//35
f 1979//35 58//36 57//35
f 1979//35 57//35 2059//34
f 2059//34 57//35 56//34
f 2059//34 56//34 905//33
f 905//33 56//34 55//33
f 905//33 55//33 906//41
f 906//41 55//33 64//41
f 906//41 64//41 907//40
f 907//40 64//41 63//40
f 907//40 63//40 908//39
f 908//39 63//40 62//39
f 908//39 62//39 909//44
f 909//44 62//39 67//44
f 909//44 67//44 910//43
f 910//43 67//44 66//43
f 910//43 66//43 911//42
f 911//42 66//43 65//42
f 911//42 65//42 1891//38
f 1891//38 65//42 61//38
f 1518//3 870//3 869//3
f 882//3 1215//3 1436//3
f 1436//3 1215//3 880//3
f 1645//3 885//3 884//3
f 867//3 866//3 1502//3
f 1502//3 866//3 1206//3
f 1502//3 1206//3 2096//3
f 1648//3 1894//3 1209//3
f 1209//3 1222//3 1223//3
f 1894//3 1980//3 1209//3
f 1209//3 1980//3 1890//3
f 1209//3 1890//3 880//3
f 880//3 1890//3 1645//3
f 880//3 1645//3 1436//3
f 1436//3 1645//3 884//3
f 864//3 1224//3 1225//3
f 1225//3 1378//3 864//3
f 864//3 1378//3 1531//3
f 864//3 1531//3 1206//3
f 1206//3 1531//3 1649//3
f 1206//3 1649//3 2096//3
f 1209//3 1959//3 1981//3
f 1223//3 1377//3 1209//3
f 1209//3 1377//3 1530//3
f 1209//3 1530//3 1648//3
f 869//3 1502//3 1518//3
f 1518//3 1502//3 2096//3
f 1518//3 2096//3 872//3
f 872//3 2096//3 2097//3
f 872//3 2097//3 879//3
f 879//3 2097//3 1226//3
f 879//3 1226//3 878//3
f 878//3 1226//3 1227//3
f 878//3 1227//3 877//3
f 877//3 1227//3 1381//3
f 877//3 1381//3 876//3
f 876//3 1381//3 1532//3
f 876//3 1532//3 875//3
f 875//3 1532//3 1650//3
f 875//3 1650//3 874//3
f 874//3 1650//3 1895//3
f 874//3 1895//3 1209//3
f 1209//3 1895//3 1960//3
f 1209//3 1960//3 1959//3
f 1981//3 2060//3 1209//3
f 1209//3 2060//3 1228//3
f 1209//3 1228//3 1222//3
f 1228//3 1229//3 1222//3
f 1222//3 1229//3 1382//3
f 1222//3 1382//3 1533//3
f 888//3 1896//3 864//3
f 864//3 1896//3 1230//3
f 864//3 1230//3 1224//3
f 888//3 889//3 1896//3
f 1896//3 889//3 890//3
f 1896//3 890//3 891//3
f 891//3 892//3 1896//3
f 1896//3 892//3 893//3
f 1896//3 893//3 1897//3
f 1897//3 893//3 894//3
f 1897//3 894//3 2061//3
f 2061//3 894//3 895//3
f 2061//3 895//3 1231//3
f 1231//3 895//3 896//3
f 1231//3 896//3 1232//3
f 1232//3 896//3 1220//3
f 1232//3 1220//3 1383//3
f 1383//3 1220//3 898//3
f 1383//3 898//3 1534//3
f 1534//3 898//3 899//3
f 1534//3 899//3 1651//3
f 1651//3 899//3 900//3
f 1651//3 900//3 1898//3
f 1898//3 900//3 901//3
f 1898//3 901//3 1982//3
f 1982//3 901//3 902//3
f 1982//3 902//3 2062//3
f 2062//3 902//3 903//3
f 2062//3 903//3 945//3
f 945//3 903//3 904//3
f 945//3 904//3 1234//3
f 1234//3 904//3 1222//3
f 1234//3 1222//3 1384//3
f 1384//3 1222//3 1533//3
f 1652//233 917//238 1653//238
f 1653//238 917//238 916//237
f 1653//238 916//237 1899//237
f 1899//237 916//237 915//236
f 1899//237 915//236 1983//236
f 1983//236 915//236 914//235
f 1983//236 914//235 2070//235
f 2070//235 914//235 913//234
f 2070//235 913//234 953//234
f 953//234 913//234 934//255
f 953//234 934//255 1236//255
f 1236//255 934//255 933//254
f 1236//255 933//254 1385//254
f 1385//254 933//254 935//256
f 1385//254 935//256 1535//256
f 1535//256 935//256 936//257
f 1535//256 936//257 1654//257
f 1654//257 936//257 937//258
f 1654//257 937//258 1900//258
f 1900//258 937//258 938//259
f 1900//258 938//259 1984//259
f 1984//259 938//259 939//260
f 1984//259 939//260 2063//260
f 2063//260 939//260 940//261
f 2063//260 940//261 961//261
f 961//261 940//261 941//262
f 961//261 941//262 1238//262
f 1238//262 941//262 942//263
f 1238//262 942//263 1386//263
f 1386//263 942//263 943//264
f 1386//263 943//264 1536//264
f 1536//264 943//264 944//265
f 1536//264 944//265 1655//265
f 1655//265 944//265 1233//307
f 1655//265 1233//307 1901//307
f 1901//307 1233//307 946//266
f 1901//307 946//266 1985//266
f 1985//266 946//266 947//267
f 1985//266 947//267 2064//267
f 2064//267 947//267 932//253
f 2064//267 932//253 1068//253
f 1068//253 932//253 931//252
f 1068//253 931//252 1069//252
f 1069//252 931//252 930//251
f 1069//252 930//251 1387//251
f 1387//251 930//251 929//250
f 1387//251 929//250 1537//250
f 1537//250 929//250 928//249
f 1537//250 928//249 1656//249
f 1656//249 928//249 919//240
f 1656//249 919//240 1902//240
f 1902//240 919//240 918//239
f 1902//240 918//239 1986//239
f 1986//239 918//239 927//248
f 1986//239 927//248 2065//248
f 2065//248 927//248 926//247
f 2065//248 926//247 1241//247
f 1241//247 926//247 925//246
f 1241//247 925//246 1242//246
f 1242//246 925//246 924//245
f 1242//246 924//245 1388//245
f 1388//245 924//245 923//244
f 1388//245 923//244 1538//244
f 1538//244 923//244 922//243
f 1538//244 922//243 1657//243
f 1657//243 922//243 921//242
f 1657//243 921//242 1903//242
f 1903//242 921//242 920//241
f 1903//242 920//241 1658//241
f 1658//241 920//241 912//233
f 1658//241 912//233 1652//233
f 1652//233 912//233 917//238
f 982//3 983//3 984//3
f 984//3 983//3 948//3
f 984//3 948//3 949//3
f 979//3 980//3 984//3
f 984//3 980//3 981//3
f 984//3 981//3 982//3
f 976//3 977//3 984//3
f 984//3 977//3 978//3
f 984//3 978//3 979//3
f 973//3 974//3 984//3
f 984//3 974//3 975//3
f 984//3 975//3 976//3
f 970//3 971//3 984//3
f 984//3 971//3 972//3
f 984//3 972//3 973//3
f 967//3 968//3 984//3
f 984//3 968//3 969//3
f 984//3 969//3 970//3
f 964//3 965//3 984//3
f 984//3 965//3 966//3
f 984//3 966//3 967//3
f 1237//3 962//3 984//3
f 984//3 962//3 963//3
f 984//3 963//3 964//3
f 958//3 959//3 984//3
f 984//3 959//3 960//3
f 984//3 960//3 1237//3
f 955//3 956//3 984//3
f 984//3 956//3 957//3
f 984//3 957//3 958//3
f 952//3 1235//3 984//3
f 984//3 1235//3 954//3
f 984//3 954//3 955//3
f 949//3 950//3 984//3
f 984//3 950//3 951//3
f 984//3 951//3 952//3
f 1845//9 1560//9 486//9
f 486//9 1560//9 109//9
f 486//9 109//9 1290//9
f 125//6 1844//6 107//6
f 107//6 1844//6 1572//6
f 1288//25 1558//25 1843//25
f 1843//25 1558//25 1556//25
f 1843//25 1556//25 478//25
f 108//4 482//4 1744//4
f 1744//4 482//4 484//4
f 1394//9 1396//9 1949//9
f 1949//9 1396//9 551//9
f 104//6 1400//6 1786//6
f 1786//6 1400//6 548//6
f 102//25 1448//25 1784//25
f 1784//25 1448//25 547//25
f 101//4 1398//4 106//4
f 106//4 1398//4 546//4
f 94//6 1936//6 96//6
f 96//6 1936//6 498//6
f 96//6 498//6 98//6
f 98//6 498//6 1402//6
f 98//6 1402//6 1328//6
f 1328//6 1402//6 1666//6
f 100//57 543//57 1932//57
f 1932//57 543//57 1933//57
f 86//4 488//4 88//4
f 88//4 488//4 2094//4
f 88//4 2094//4 90//4
f 90//4 2094//4 1846//4
f 90//4 1846//4 1325//4
f 1325//4 1846//4 1672//4
f 92//9 494//9 1742//9
f 1742//9 494//9 496//9
